y_true,y_pred,error
0.16956467926502228,0.2752056121826172,-0.10564093291759491
0.12336822599172592,0.207977294921875,-0.08460906893014908
0.13521775603294373,0.17945289611816406,-0.04423514008522034
0.09020553529262543,0.3106098175048828,-0.22040428221225739
0.15104147791862488,0.3228473663330078,-0.17180588841438293
0.16512371599674225,0.2823829650878906,-0.11725924909114838
0.1148206815123558,0.20646095275878906,-0.09164027124643326
0.16636718809604645,0.22058486938476562,-0.05421768128871918
0.18698368966579437,0.21845054626464844,-0.031466856598854065
0.19961515069007874,0.3188190460205078,-0.11920389533042908
0.1143086701631546,0.27031898498535156,-0.15601031482219696
0.13548943400382996,0.1999187469482422,-0.06442931294441223
0.1099199503660202,0.2400684356689453,-0.1301484853029251
0.13408923149108887,0.2145214080810547,-0.08043217658996582
0.12838537991046906,0.3119220733642578,-0.18353669345378876
0.08658287674188614,0.19112014770507812,-0.10453727096319199
0.11509384214878082,0.20296859741210938,-0.08787475526332855
0.08851077407598495,0.11652946472167969,-0.028018690645694733
0.212638258934021,0.24463462829589844,-0.03199636936187744
0.11482738703489304,0.2015857696533203,-0.08675838261842728
0.07210534065961838,0.14378929138183594,-0.07168395072221756
0.5489311218261719,0.3000049591064453,0.24892616271972656
0.14946100115776062,0.2434864044189453,-0.09402540326118469
0.04874303936958313,0.19258689880371094,-0.1438438594341278
0.020317841321229935,0.1478252410888672,-0.12750739976763725
0.0026271420065313578,0.1939716339111328,-0.19134449190460145
0.49439308047294617,0.1976795196533203,0.29671356081962585
0.012282314710319042,0.17345619201660156,-0.16117387730628252
0.46485066413879395,0.3616619110107422,0.10318875312805176
0.2499290406703949,0.26751708984375,-0.017588049173355103
0.1704723984003067,0.24018096923828125,-0.06970857083797455
0.5742676854133606,0.22194862365722656,0.35231906175613403
0.7095319628715515,0.30184364318847656,0.40768831968307495
0.4447095990180969,0.30321311950683594,0.141496479511261
0.18752047419548035,0.26271820068359375,-0.0751977264881134
0.15996038913726807,0.2499217987060547,-0.08996140956878662
0.2886072099208832,0.27829933166503906,0.010307878255844116
0.40404605865478516,0.2060718536376953,0.19797420501708984
0.07891545444726944,0.2085247039794922,-0.12960924953222275
0.2802216112613678,0.27028465270996094,0.00993695855140686
0.13350488245487213,0.21615982055664062,-0.0826549381017685
0.373163104057312,0.3823566436767578,-0.0091935396194458
0.40310782194137573,0.30127906799316406,0.10182875394821167
0.4000544250011444,0.3614521026611328,0.0386023223400116
0.4018852412700653,0.35598182678222656,0.045903414487838745
0.2248319536447525,0.24537086486816406,-0.02053891122341156
0.27453938126564026,0.3741474151611328,-0.09960803389549255
0.4357493221759796,0.31188201904296875,0.12386730313301086
0.5280585885047913,0.24252891540527344,0.2855296730995178
0.006900914013385773,0.31015777587890625,-0.3032568618655205
0.4939228594303131,0.26671409606933594,0.22720876336097717
0.28188827633857727,0.307281494140625,-0.02539321780204773
0.0218434426933527,0.2588615417480469,-0.23701809905469418
0.4994170069694519,0.33792686462402344,0.16149014234542847
0.4154619574546814,0.28780174255371094,0.12766021490097046
0.0454380102455616,0.2266674041748047,-0.1812293939292431
0.3937273621559143,0.21470069885253906,0.17902666330337524
0.05151733383536339,0.30408668518066406,-0.2525693513453007
0.2429436594247818,0.3284473419189453,-0.08550368249416351
0.6363605856895447,0.21544456481933594,0.42091602087020874
0.3947722911834717,0.3747711181640625,0.02000117301940918
0.13844741880893707,0.23541259765625,-0.09696517884731293
0.243408665060997,0.1970653533935547,0.04634331166744232
0.5456709265708923,0.29496002197265625,0.2507109045982361
0.27483195066452026,0.23044395446777344,0.044387996196746826
0.014058698900043964,0.18657493591308594,-0.17251623701304197
0.033345963805913925,0.2090587615966797,-0.17571279779076576
0.30667930841445923,0.2776641845703125,0.02901512384414673
0.462679386138916,0.2842235565185547,0.17845582962036133
0.3135257959365845,0.1937427520751953,0.11978304386138916
0.20819662511348724,0.35756492614746094,-0.1493683010339737
0.12286747992038727,0.2473735809326172,-0.12450610101222992
0.7322927713394165,0.31846046447753906,0.41383230686187744
0.08042538166046143,0.34494590759277344,-0.264520525932312
0.38156434893608093,0.22475624084472656,0.15680810809135437
0.2236616313457489,0.2278461456298828,-0.004184514284133911
0.30109935998916626,0.2890491485595703,0.012050211429595947
0.31448712944984436,0.2138385772705078,0.10064855217933655
0.025981374084949493,0.15224266052246094,-0.12626128643751144
0.06948189437389374,0.3621501922607422,-0.29266829788684845
0.7093752026557922,0.27597618103027344,0.4333990216255188
0.4363919496536255,0.2378406524658203,0.19855129718780518
0.18512235581874847,0.17588233947753906,0.009240016341209412
0.2963157594203949,0.2355937957763672,0.06072196364402771
0.09795629233121872,0.24950790405273438,-0.15155161172151566
0.07810258865356445,0.08691978454589844,-0.008817195892333984
0.3986563980579376,0.26025390625,0.13840249180793762
0.14124564826488495,0.2635211944580078,-0.12227554619312286
0.40347352623939514,0.1812458038330078,0.22222772240638733
0.2981966435909271,0.280670166015625,0.017526477575302124
0.4638684391975403,0.21709632873535156,0.24677211046218872
0.1461799144744873,0.23331260681152344,-0.08713269233703613
0.20402516424655914,0.2926044464111328,-0.08857928216457367
0.15713079273700714,0.3056907653808594,-0.14855997264385223
0.41352578997612,0.17375564575195312,0.23977014422416687
0.32399600744247437,0.2659931182861328,0.05800288915634155
0.26766154170036316,0.18803977966308594,0.07962176203727722
0.06758838891983032,0.21186256408691406,-0.14427417516708374
0.10334814339876175,0.15445518493652344,-0.05110704153776169
0.05601054057478905,0.2612628936767578,-0.20525235310196877
0.07469610869884491,0.25576019287109375,-0.18106408417224884
0.03615901246666908,0.2406330108642578,-0.20447399839758873
0.28426551818847656,0.3208465576171875,-0.03658103942871094
0.7941213846206665,0.3361492156982422,0.4579721689224243
0.7629197239875793,0.26197242736816406,0.5009472966194153
0.4425988495349884,0.2910499572753906,0.15154889225959778
0.11184344440698624,0.28925514221191406,-0.17741169780492783
0.22017982602119446,0.2143993377685547,0.0057804882526397705
0.3529510796070099,0.20382118225097656,0.14912989735603333
0.18172632157802582,0.3280200958251953,-0.1462937742471695
0.5176010131835938,0.3174152374267578,0.20018577575683594
0.23096570372581482,0.19067764282226562,0.040288060903549194
0.2548193037509918,0.25437355041503906,0.0004457533359527588
0.26963645219802856,0.2118549346923828,0.05778151750564575
0.03558211773633957,0.28989601135253906,-0.2543138936161995
0.19604407250881195,0.26154327392578125,-0.0654992014169693
0.3164306879043579,0.2575817108154297,0.05884897708892822
0.5421987175941467,0.2669506072998047,0.27524811029434204
0.286073237657547,0.2913684844970703,-0.005295246839523315
0.288039892911911,0.2974815368652344,-0.009441643953323364
0.16134105622768402,0.1712360382080078,-0.009894981980323792
0.19267964363098145,0.25743675231933594,-0.06475710868835449
0.12483980506658554,0.1855449676513672,-0.06070516258478165
0.14366081357002258,0.1974163055419922,-0.053755491971969604
0.13510911166667938,0.16837692260742188,-0.03326781094074249
0.12878097593784332,0.12349891662597656,0.00528205931186676
0.07981368899345398,0.31792259216308594,-0.23810890316963196
0.23597010970115662,0.15689659118652344,0.07907351851463318
0.08962559700012207,0.2924785614013672,-0.20285296440124512
0.162784144282341,0.16830062866210938,-0.005516484379768372
0.1866893321275711,0.1964397430419922,-0.009750410914421082
0.13616448640823364,0.1874256134033203,-0.05126112699508667
0.2335667610168457,0.30149078369140625,-0.06792402267456055
0.10531525313854218,0.1892261505126953,-0.08391089737415314
0.13446541130542755,0.20148849487304688,-0.06702308356761932
0.1741320937871933,0.3570213317871094,-0.18288923799991608
0.0858742892742157,0.1784229278564453,-0.09254863858222961
0.13198891282081604,0.1808605194091797,-0.04887160658836365
0.11014284193515778,0.2656421661376953,-0.15549932420253754
0.12230062484741211,0.2085132598876953,-0.0862126350402832
0.13606759905815125,0.29828834533691406,-0.16222074627876282
0.11863468587398529,0.21130943298339844,-0.09267474710941315
0.22461169958114624,0.17691421508789062,0.047697484493255615
0.144684836268425,0.25287818908691406,-0.10819335281848907
0.13836300373077393,0.17074966430664062,-0.0323866605758667
0.18574021756649017,0.19266319274902344,-0.006922975182533264
0.1660432517528534,0.22782325744628906,-0.06178000569343567
0.2487374097108841,0.2314739227294922,0.017263486981391907
0.15425749123096466,0.2693939208984375,-0.11513642966747284
0.15566815435886383,0.28057289123535156,-0.12490473687648773
0.12227972596883774,0.37694740295410156,-0.2546676769852638
0.13906417787075043,0.22788047790527344,-0.08881630003452301
0.09154827147722244,0.2310657501220703,-0.13951747864484787
0.11281441152095795,0.20163536071777344,-0.08882094919681549
0.1397068202495575,0.2354602813720703,-0.09575346112251282
0.17202027142047882,0.2080059051513672,-0.03598563373088837
0.06338735669851303,0.21654319763183594,-0.1531558409333229
0.11606415361166,0.2641944885253906,-0.14813033491373062
0.13605192303657532,0.26366615295410156,-0.12761422991752625
0.06511671841144562,0.2376270294189453,-0.1725103110074997
0.166116401553154,0.23770713806152344,-0.07159073650836945
0.09230584651231766,0.29593849182128906,-0.2036326453089714
0.1598886102437973,0.23300743103027344,-0.07311882078647614
0.062384217977523804,0.22078895568847656,-0.15840473771095276
0.1780216246843338,0.2398204803466797,-0.061798855662345886
0.13827940821647644,0.2658252716064453,-0.12754586338996887
0.1486242413520813,0.2799644470214844,-0.13134020566940308
0.20293043553829193,0.26567649841308594,-0.062746062874794
0.22442467510700226,0.2651081085205078,-0.040683433413505554
0.20175902545452118,0.2707195281982422,-0.06896050274372101
0.09508536756038666,0.3087043762207031,-0.21361900866031647
0.15233375132083893,0.17966651916503906,-0.027332767844200134
0.20973186194896698,0.2151165008544922,-0.0053846389055252075
0.1367206871509552,0.26292991638183594,-0.12620922923088074
0.15756992995738983,0.17855262756347656,-0.02098269760608673
0.08675725758075714,0.18358993530273438,-0.09683267772197723
0.13326196372509003,0.1734752655029297,-0.04021330177783966
0.17965872585773468,0.2904949188232422,-0.11083619296550751
0.24073322117328644,0.27680015563964844,-0.036066934466362
0.14317956566810608,0.2848396301269531,-0.14166006445884705
0.24391266703605652,0.29990577697753906,-0.055993109941482544
0.0896046981215477,0.21805191040039062,-0.12844721227884293
0.24027523398399353,0.3173999786376953,-0.07712474465370178
0.12332465499639511,0.22759246826171875,-0.10426781326532364
0.23546676337718964,0.2187480926513672,0.01671867072582245
0.3743434548377991,0.2883167266845703,0.08602672815322876
0.23878204822540283,0.2254505157470703,0.01333153247833252
0.18051141500473022,0.1942310333251953,-0.013719618320465088
0.10131316632032394,0.31211280822753906,-0.21079964190721512
0.15633583068847656,0.1709308624267578,-0.01459503173828125
0.13126416504383087,0.1936817169189453,-0.06241755187511444
0.11157242208719254,0.28766822814941406,-0.17609580606222153
0.06518266350030899,0.1850109100341797,-0.1198282465338707
0.07578349858522415,0.17841529846191406,-0.10263179987668991
0.12028715759515762,0.2640972137451172,-0.14381005614995956
0.12550659477710724,0.1920642852783203,-0.06655769050121307
0.0794094130396843,0.2286224365234375,-0.1492130234837532
0.09232477843761444,0.16725540161132812,-0.07493062317371368
0.0992683470249176,0.18565750122070312,-0.08638915419578552
0.08331223577260971,0.1740703582763672,-0.09075812250375748
0.10091934353113174,0.2665863037109375,-0.16566696017980576
0.14196427166461945,0.24982261657714844,-0.10785834491252899
0.16265392303466797,0.31710243225097656,-0.1544485092163086
0.1709611415863037,0.25127601623535156,-0.08031487464904785
0.1312432736158371,0.22873306274414062,-0.09748978912830353
0.1416560262441635,0.2777442932128906,-0.1360882669687271
0.0912955179810524,0.2854938507080078,-0.1941983327269554
0.1104961410164833,0.20601272583007812,-0.09551658481359482
0.1559297889471054,0.22666358947753906,-0.07073380053043365
0.1462850719690323,0.2495746612548828,-0.10328958928585052
0.255130410194397,0.2482471466064453,0.00688326358795166
0.1237093135714531,0.2852916717529297,-0.1615823581814766
0.14461840689182281,0.19906044006347656,-0.05444203317165375
0.08508339524269104,0.1983013153076172,-0.11321792006492615
0.09551704674959183,0.26992225646972656,-0.17440520972013474
0.10278976708650589,0.2209300994873047,-0.1181403324007988
0.13434672355651855,0.3417644500732422,-0.20741772651672363
0.20153585076332092,0.16020774841308594,0.041328102350234985
0.1583174616098404,0.2628459930419922,-0.1045285314321518
0.1923770159482956,0.28397560119628906,-0.09159858524799347
0.5146994590759277,0.33819007873535156,0.17650938034057617
0.26093655824661255,0.2802467346191406,-0.019310176372528076
0.6031317710876465,0.2297229766845703,0.37340879440307617
0.28282350301742554,0.2465038299560547,0.03631967306137085
0.7600356936454773,0.32219886779785156,0.43783682584762573
0.24249957501888275,0.27963829040527344,-0.037138715386390686
0.24830111861228943,0.2748374938964844,-0.026536375284194946
0.33624565601348877,0.2156658172607422,0.12057983875274658
0.4884191155433655,0.29492759704589844,0.19349151849746704
0.5368360280990601,0.26329803466796875,0.2735379934310913
0.5447797179222107,0.3132038116455078,0.23157590627670288
0.011355368420481682,0.21694374084472656,-0.20558837242424488
0.346232146024704,0.3657379150390625,-0.01950576901435852
0.33713385462760925,0.22098350524902344,0.11615034937858582
0.0699133649468422,0.2372875213623047,-0.1673741564154625
0.06548807770013809,0.20672607421875,-0.1412379965186119
0.37359675765037537,0.217987060546875,0.15560969710350037
0.3011672794818878,0.3195152282714844,-0.018347948789596558
0.28471481800079346,0.24092674255371094,0.04378807544708252
0.27484020590782166,0.2649860382080078,0.009854167699813843
0.4546416699886322,0.2748851776123047,0.17975649237632751
0.03212861716747284,0.2195606231689453,-0.18743200600147247
0.25714126229286194,0.26980018615722656,-0.012658923864364624
0.6035780310630798,0.2752819061279297,0.32829612493515015
0.08725619316101074,0.21598243713378906,-0.12872624397277832
0.061470311135053635,0.1986408233642578,-0.13717051222920418
0.11963645368814468,0.27881622314453125,-0.15917976945638657
0.2772331237792969,0.2399158477783203,0.03731727600097656
0.3940199315547943,0.2710075378417969,0.12301239371299744
0.4846782386302948,0.3101215362548828,0.174556702375412
0.0667315423488617,0.3821907043457031,-0.31545916199684143
0.27073362469673157,0.2552299499511719,0.015503674745559692
0.15055817365646362,0.2774181365966797,-0.12685996294021606
0.050620872527360916,0.1492137908935547,-0.09859291836619377
0.10929162800312042,0.25492286682128906,-0.14563123881816864
0.14220917224884033,0.2049732208251953,-0.06276404857635498
0.3344975709915161,0.2650566101074219,0.06944096088409424
0.018625052645802498,0.23629188537597656,-0.21766683273017406
0.17184647917747498,0.2774543762207031,-0.10560789704322815
0.06493426114320755,0.2280139923095703,-0.16307973116636276
0.4045393764972687,0.18839454650878906,0.21614482998847961
0.14975358545780182,0.21489524841308594,-0.06514166295528412
0.3494923412799835,0.24735069274902344,0.10214164853096008
0.3820241391658783,0.2002277374267578,0.18179640173912048
0.39994993805885315,0.23881149291992188,0.16113844513893127
0.045770205557346344,0.34999847412109375,-0.3042282685637474
0.20717564225196838,0.33026695251464844,-0.12309131026268005
0.27091649174690247,0.16943931579589844,0.10147717595100403
0.34004920721054077,0.2260417938232422,0.11400741338729858
0.24741074442863464,0.28183937072753906,-0.03442862629890442
0.4016135632991791,0.2872905731201172,0.11432299017906189
0.7728152275085449,0.2327423095703125,0.5400729179382324
0.4347722828388214,0.32775306701660156,0.10701921582221985
0.11515369266271591,0.1797924041748047,-0.06463871151208878
0.01932515576481819,0.23710250854492188,-0.21777735278010368
0.08877134323120117,0.25597381591796875,-0.16720247268676758
0.20212557911872864,0.20354652404785156,-0.0014209449291229248
0.47429904341697693,0.19506263732910156,0.27923640608787537
0.05196142941713333,0.2498645782470703,-0.19790314882993698
0.3203074038028717,0.3141040802001953,0.006203323602676392
0.1700357049703598,0.26469993591308594,-0.09466423094272614
0.1984504610300064,0.2988910675048828,-0.1004406064748764
0.05941179394721985,0.24686622619628906,-0.1874544322490692
0.37266895174980164,0.17178916931152344,0.2008797824382782
0.551906168460846,0.1772937774658203,0.37461239099502563
0.004748354200273752,0.16390419006347656,-0.1591558358632028
0.700296938419342,0.25627708435058594,0.4440198540687561
0.5518121123313904,0.28817176818847656,0.2636403441429138
0.17226141691207886,0.17644119262695312,-0.004179775714874268
0.10484239459037781,0.2235431671142578,-0.11870077252388
0.03950061276555061,0.23681259155273438,-0.19731197878718376
0.0427316352725029,0.27333641052246094,-0.23060477524995804
0.023557132109999657,0.2271747589111328,-0.20361762680113316
0.2738475203514099,0.2634468078613281,0.010400712490081787
0.05344000831246376,0.2510814666748047,-0.19764145836234093
0.11133142560720444,0.1885051727294922,-0.07717374712228775
0.38611504435539246,0.288116455078125,0.09799858927726746
0.11346612870693207,0.28138160705566406,-0.167915478348732
0.47340866923332214,0.2595176696777344,0.21389099955558777
0.12699495255947113,0.3352699279785156,-0.2082749754190445
0.2043408304452896,0.2644004821777344,-0.06005965173244476
0.6898715496063232,0.24407386779785156,0.4457976818084717
0.06426768749952316,0.2479877471923828,-0.18372005969285965
0.1951327919960022,0.3237953186035156,-0.12866252660751343
0.07005660980939865,0.22960853576660156,-0.1595519259572029
0.1252843141555786,0.331298828125,-0.2060145139694214
0.09903562068939209,0.23238182067871094,-0.13334619998931885
0.32004398107528687,0.22325706481933594,0.09678691625595093
0.3055873513221741,0.2826824188232422,0.022904932498931885
0.5827764868736267,0.28012657165527344,0.30264991521835327
0.16098660230636597,0.16944313049316406,-0.008456528186798096
0.293912410736084,0.23443031311035156,0.05948209762573242
0.0978204533457756,0.24399185180664062,-0.14617139846086502
0.2825047969818115,0.35155677795410156,-0.06905198097229004
0.3291192054748535,0.19945716857910156,0.12966203689575195
0.2487504482269287,0.24692153930664062,0.001828908920288086
0.04364072531461716,0.1552867889404297,-0.11164606362581253
0.263149619102478,0.30166053771972656,-0.038510918617248535
0.2562426030635834,0.15300941467285156,0.10323318839073181
0.139241561293602,0.1945037841796875,-0.05526222288608551
0.14975358545780182,0.33159446716308594,-0.18184088170528412
0.437865287065506,0.33339500427246094,0.10447028279304504
0.11307428032159805,0.258941650390625,-0.14586737006902695
0.12495733797550201,0.18906593322753906,-0.06410859525203705
0.4314807653427124,0.25928497314453125,0.17219579219818115
0.5759291052818298,0.34885597229003906,0.22707313299179077
0.35891762375831604,0.24238204956054688,0.11653557419776917
0.048645950853824615,0.2843170166015625,-0.23567106574773788
0.06341911107301712,0.2285137176513672,-0.16509460657835007
0.3562321662902832,0.22766685485839844,0.12856531143188477
0.18458116054534912,0.23909568786621094,-0.054514527320861816
0.3748036324977875,0.27569007873535156,0.09911355376243591
0.2693251669406891,0.18523597717285156,0.08408918976783752
0.14258535206317902,0.3148784637451172,-0.17229311168193817
0.3331077992916107,0.23076438903808594,0.10234341025352478
0.5453522205352783,0.27492713928222656,0.27042508125305176
0.0800461620092392,0.1743793487548828,-0.09433318674564362
0.18030521273612976,0.19593429565429688,-0.015629082918167114
0.013055563904345036,0.17444801330566406,-0.16139244940131903
0.4507075250148773,0.2352466583251953,0.215460866689682
0.05885493755340576,0.23409271240234375,-0.175237774848938
0.2613523304462433,0.3480548858642578,-0.08670255541801453
0.2438214123249054,0.2640876770019531,-0.02026626467704773
0.13856540620326996,0.19753074645996094,-0.05896534025669098
0.35767415165901184,0.2763080596923828,0.08136609196662903
0.14550070464611053,0.247283935546875,-0.10178323090076447
0.4235549569129944,0.20779800415039062,0.21575695276260376
0.3013000786304474,0.1842975616455078,0.11700251698493958
0.07208681851625443,0.22154808044433594,-0.1494612619280815
0.07173895090818405,0.2445964813232422,-0.17285753041505814
0.2864494025707245,0.31327247619628906,-0.026823073625564575
0.05391240864992142,0.2127666473388672,-0.15885423868894577
0.667151689529419,0.2952098846435547,0.37194180488586426
0.04414229467511177,0.266021728515625,-0.22187943384051323
0.1764829456806183,0.2665557861328125,-0.09007284045219421
0.2452394664287567,0.2841510772705078,-0.0389116108417511
0.680550754070282,0.2092609405517578,0.47128981351852417
0.0429510697722435,0.1903533935546875,-0.147402323782444
0.023481804877519608,0.2149639129638672,-0.19148210808634758
0.20520594716072083,0.2503223419189453,-0.04511639475822449
0.23657479882240295,0.27308082580566406,-0.03650602698326111
0.07471700757741928,0.20405006408691406,-0.12933305650949478
0.5252372622489929,0.2826194763183594,0.24261778593063354
0.0238915104418993,0.2418384552001953,-0.217946944758296
0.2819688320159912,0.15583229064941406,0.12613654136657715
0.05505138263106346,0.2915363311767578,-0.23648494854569435
0.2747096121311188,0.30100440979003906,-0.026294797658920288
0.6114254593849182,0.2791614532470703,0.3322640061378479
0.14322274923324585,0.29488182067871094,-0.1516590714454651
0.31392067670822144,0.2599773406982422,0.05394333600997925
0.2225622683763504,0.2974872589111328,-0.07492499053478241
0.18807950615882874,0.3132915496826172,-0.12521204352378845
0.009607288055121899,0.23320388793945312,-0.22359659988433123
0.39160093665122986,0.2965373992919922,0.09506353735923767
0.35210466384887695,0.2834587097167969,0.06864595413208008
0.1642572432756424,0.21714210510253906,-0.05288486182689667
0.23949016630649567,0.2913646697998047,-0.05187450349330902
0.04822579771280289,0.1968708038330078,-0.14864500612020493
0.4684138894081116,0.33620262145996094,0.13221126794815063
0.31511190533638,0.2747173309326172,0.04039457440376282
0.5522905588150024,0.22974014282226562,0.3225504159927368
0.451663613319397,0.25118255615234375,0.20048105716705322
0.27799808979034424,0.2582969665527344,0.019701123237609863
0.6277055144309998,0.3057384490966797,0.32196706533432007
0.09040970355272293,0.1877422332763672,-0.09733252972364426
0.36675766110420227,0.32079505920410156,0.04596260190010071
0.14396464824676514,0.2142772674560547,-0.07031261920928955
0.37688305974006653,0.2050037384033203,0.17187932133674622
0.199302077293396,0.26605224609375,-0.066750168800354
0.03371691331267357,0.21037864685058594,-0.17666173353791237
0.5764620304107666,0.31128501892089844,0.26517701148986816
0.5295550227165222,0.20270729064941406,0.32684773206710815
0.21467825770378113,0.2812061309814453,-0.06652787327766418
0.04889673367142677,0.27912330627441406,-0.2302265726029873
0.06363854557275772,0.24633216857910156,-0.18269362300634384
0.07060302048921585,0.28030967712402344,-0.2097066566348076
0.062407705932855606,0.1512737274169922,-0.08886602148413658
0.29276299476623535,0.2782459259033203,0.014517068862915039
0.20911921560764313,0.2329692840576172,-0.02385006844997406
0.17236372828483582,0.2009410858154297,-0.028577357530593872
0.4326876699924469,0.299591064453125,0.1330966055393219
0.6525958180427551,0.24452781677246094,0.4080680012702942
0.12126132100820541,0.2072124481201172,-0.08595112711191177
0.5653887987136841,0.23009300231933594,0.33529579639434814
0.2632623612880707,0.2601757049560547,0.003086656332015991
0.16185693442821503,0.27649879455566406,-0.11464186012744904
0.29939088225364685,0.16786766052246094,0.1315232217311859
0.41178378462791443,0.34487342834472656,0.06691035628318787
0.1816374957561493,0.26152801513671875,-0.07989051938056946
0.5952529907226562,0.22181129455566406,0.3734416961669922
0.520247757434845,0.20673370361328125,0.3135140538215637
0.3783773183822632,0.2401447296142578,0.13823258876800537
0.756203830242157,0.3456554412841797,0.4105483889579773
0.200717955827713,0.32541656494140625,-0.12469860911369324
0.2224995642900467,0.31163978576660156,-0.08914022147655487
0.3302268385887146,0.2549877166748047,0.07523912191390991
0.4191087782382965,0.4034080505371094,0.015700727701187134
0.0376846119761467,0.25208473205566406,-0.21440012007951736
0.12016414850950241,0.2192363739013672,-0.09907222539186478
0.046047113835811615,0.22699928283691406,-0.18095216900110245
0.16187478601932526,0.2857990264892578,-0.12392424046993256
0.2470293492078781,0.3355579376220703,-0.0885285884141922
0.12355712801218033,0.21587562561035156,-0.09231849759817123
0.3327398896217346,0.4139270782470703,-0.0811871886253357
0.4258328974246979,0.3085498809814453,0.11728301644325256
0.4223763644695282,0.30000877380371094,0.12236759066581726
0.22560520470142365,0.20844078063964844,0.017164424061775208
0.21194052696228027,0.24204063415527344,-0.030100107192993164
0.21887584030628204,0.2380390167236328,-0.01916317641735077
0.2708612084388733,0.24811744689941406,0.02274376153945923
0.37296977639198303,0.20487403869628906,0.16809573769569397
0.19787269830703735,0.24191856384277344,-0.044045865535736084
0.17688001692295074,0.23493385314941406,-0.05805383622646332
0.16464167833328247,0.2143096923828125,-0.04966801404953003
0.2986668348312378,0.22235679626464844,0.07631003856658936
0.06638889759778976,0.3135986328125,-0.24720973521471024
0.09794366359710693,0.2891273498535156,-0.1911836862564087
0.06583290547132492,0.26354217529296875,-0.19770926982164383
0.624225914478302,0.3566627502441406,0.2675631642341614
0.01650688424706459,0.3576641082763672,-0.3411572240293026
0.31450802087783813,0.22891807556152344,0.0855899453163147
0.12380791455507278,0.2606029510498047,-0.1367950364947319
0.28152257204055786,0.24827003479003906,0.0332525372505188
0.03450801968574524,0.27060508728027344,-0.2360970675945282
0.8741840720176697,0.2679119110107422,0.6062721610069275
0.383450448513031,0.3875694274902344,-0.004118978977203369
0.18965953588485718,0.24385643005371094,-0.05419689416885376
0.39496779441833496,0.2424640655517578,0.15250372886657715
0.14487679302692413,0.2787799835205078,-0.13390319049358368
0.07954458892345428,0.16675186157226562,-0.08720727264881134
0.03141501918435097,0.19753074645996094,-0.16611572727560997
0.21281827986240387,0.28405189514160156,-0.07123361527919769
0.38791754841804504,0.3166370391845703,0.07128050923347473
0.2142154425382614,0.24199485778808594,-0.027779415249824524
0.5786250233650208,0.3322715759277344,0.24635344743728638
0.0787273645401001,0.2294464111328125,-0.1507190465927124
0.42630311846733093,0.2540855407714844,0.17221757769584656
0.2919061481952667,0.27602195739746094,0.015884190797805786
0.3890460729598999,0.32019996643066406,0.06884610652923584
0.3288004994392395,0.2877788543701172,0.041021645069122314
0.13724574446678162,0.3299388885498047,-0.19269314408302307
0.7231287360191345,0.3263111114501953,0.3968176245689392
0.1058015525341034,0.21415328979492188,-0.10835173726081848
0.4242049753665924,0.29439735412597656,0.12980762124061584
0.2342781275510788,0.2907848358154297,-0.05650670826435089
0.3983638286590576,0.27086830139160156,0.12749552726745605
0.4043826162815094,0.22775840759277344,0.17662420868873596
0.4328444004058838,0.2448902130126953,0.18795418739318848
0.1326563060283661,0.22113609313964844,-0.08847978711128235
0.19262714684009552,0.24875640869140625,-0.05612926185131073
0.47076717019081116,0.20081520080566406,0.2699519693851471
0.3580115735530853,0.2054615020751953,0.15255007147789001
0.3516322672367096,0.2095203399658203,0.14211192727088928
0.40781304240226746,0.2374095916748047,0.17040345072746277
0.08625305444002151,0.32991790771484375,-0.24366485327482224
0.022658489644527435,0.24295997619628906,-0.22030148655176163
0.12801899015903473,0.35359764099121094,-0.2255786508321762
0.19745254516601562,0.22849464416503906,-0.031042098999023438
0.19731147587299347,0.21911239624023438,-0.021800920367240906
0.3232153356075287,0.30170440673828125,0.021510928869247437
0.1889520287513733,0.20817184448242188,-0.019219815731048584
0.4214859902858734,0.3589801788330078,0.0625058114528656
0.07238680869340897,0.23571014404296875,-0.16332333534955978
0.20738157629966736,0.3010692596435547,-0.09368768334388733
0.08135232329368591,0.21073341369628906,-0.12938109040260315
0.8997327089309692,0.33318519592285156,0.5665475130081177
0.11879528313875198,0.16042137145996094,-0.041626088321208954
0.3029070794582367,0.2830219268798828,0.019885152578353882
0.5594170093536377,0.2890625,0.2703545093536377
0.06960728764533997,0.1767253875732422,-0.10711809992790222
0.3170994520187378,0.1846904754638672,0.1324089765548706
0.2468099147081375,0.2604637145996094,-0.013653799891471863
0.7077264189720154,0.373748779296875,0.3339776396751404
0.6545811891555786,0.26842498779296875,0.38615620136260986
0.44606801867485046,0.3619251251220703,0.08414289355278015
0.6938706040382385,0.26180267333984375,0.4320679306983948
0.3896207809448242,0.24460411071777344,0.14501667022705078
0.17620080709457397,0.14250755310058594,0.03369325399398804
0.3639938235282898,0.23375511169433594,0.13023871183395386
0.17553205788135529,0.28156089782714844,-0.10602883994579315
0.18073581159114838,0.18590354919433594,-0.005167737603187561
0.2096072882413864,0.2315349578857422,-0.021927669644355774
0.4686773121356964,0.28571128845214844,0.18296602368354797
0.13997605443000793,0.24495887756347656,-0.10498282313346863
0.47036269307136536,0.2833423614501953,0.18702033162117004
0.34426549077033997,0.3466358184814453,-0.0023703277111053467
0.2879144847393036,0.3205089569091797,-0.0325944721698761
0.2219897359609604,0.23591232299804688,-0.013922587037086487
0.7081652879714966,0.31390953063964844,0.39425575733184814
0.39951324462890625,0.19445228576660156,0.2050609588623047
0.4162299633026123,0.2401103973388672,0.17611956596374512
0.07927072793245316,0.1990985870361328,-0.11982785910367966
0.3328883647918701,0.29642295837402344,0.03646540641784668
0.19189873337745667,0.27500343322753906,-0.0831046998500824
0.5101611018180847,0.2643241882324219,0.24583691358566284
0.3421233892440796,0.27910804748535156,0.06301534175872803
0.4367733299732208,0.2903156280517578,0.146457701921463
0.28983718156814575,0.24004173278808594,0.049795448780059814
0.40686216950416565,0.18144798278808594,0.2254141867160797
0.17864899337291718,0.2659740447998047,-0.08732505142688751
0.1688997745513916,0.18317604064941406,-0.014276266098022461
0.32694053649902344,0.3844108581542969,-0.05747032165527344
0.024312525987625122,0.25481224060058594,-0.23049971461296082
0.22787052392959595,0.2720775604248047,-0.04420703649520874
0.3086041510105133,0.3377094268798828,-0.029105275869369507
0.15952369570732117,0.2861003875732422,-0.12657669186592102
0.045208122581243515,0.2683887481689453,-0.2231806255877018
0.3209478557109833,0.2259807586669922,0.09496709704399109
0.06918713450431824,0.16828346252441406,-0.09909632802009583
0.155686616897583,0.24942970275878906,-0.09374308586120605
0.09907218813896179,0.2031536102294922,-0.1040814220905304
0.3558873236179352,0.22772789001464844,0.12815943360328674
0.5133899450302124,0.20027542114257812,0.3131145238876343
0.5602529644966125,0.24801254272460938,0.3122404217720032
0.1533459573984146,0.3202018737792969,-0.16685591638088226
0.17224878072738647,0.1856822967529297,-0.013433516025543213
0.17833247780799866,0.2780323028564453,-0.09969982504844666
0.3600910007953644,0.2721271514892578,0.08796384930610657
0.37761449813842773,0.2500591278076172,0.12755537033081055
0.08200322836637497,0.2815074920654297,-0.19950426369905472
0.0010597438085824251,0.23595046997070312,-0.2348907261621207
0.5589938163757324,0.34095191955566406,0.21804189682006836
0.10743165016174316,0.36481666564941406,-0.2573850154876709
0.2736855745315552,0.1841888427734375,0.08949673175811768
0.22133968770503998,0.30268287658691406,-0.08134318888187408
0.24133969843387604,0.2927265167236328,-0.051386818289756775
0.4071233868598938,0.2750434875488281,0.13207989931106567
0.06342433393001556,0.2713909149169922,-0.20796658098697662
0.21139411628246307,0.24161338806152344,-0.030219271779060364
0.42091649770736694,0.3014507293701172,0.11946576833724976
0.22160311043262482,0.27427101135253906,-0.052667900919914246
0.2516971528530121,0.30773353576660156,-0.05603638291358948
0.17176289856433868,0.38321876525878906,-0.21145586669445038
0.1718643456697464,0.2142047882080078,-0.042340442538261414
0.6246469020843506,0.34771156311035156,0.276935338973999
0.21083290874958038,0.20592689514160156,0.004906013607978821
0.1868673861026764,0.23522377014160156,-0.04835638403892517
0.16063132882118225,0.15130996704101562,0.009321361780166626
0.33331984281539917,0.30448341369628906,0.028836429119110107
0.015388806350529194,0.16838836669921875,-0.15299956034868956
0.1808329075574875,0.1810760498046875,-0.0002431422472000122
0.1490408480167389,0.20728492736816406,-0.05824407935142517
0.017818273976445198,0.3004436492919922,-0.282625375315547
0.13501262664794922,0.3159141540527344,-0.18090152740478516
0.4906552731990814,0.3536720275878906,0.1369832456111908
0.33411094546318054,0.2940387725830078,0.04007217288017273
0.5098820328712463,0.23084068298339844,0.2790413498878479
0.04896987974643707,0.26798439025878906,-0.219014510512352
0.4162822365760803,0.19302749633789062,0.2232547402381897
0.13497605919837952,0.2412281036376953,-0.1062520444393158
0.5298998951911926,0.25832176208496094,0.2715781331062317
0.4894692599773407,0.2513904571533203,0.23807880282402039
0.1477242261171341,0.2498149871826172,-0.1020907610654831
0.1251954883337021,0.2459545135498047,-0.1207590252161026
0.0820188969373703,0.2425060272216797,-0.1604871302843094
0.7429197430610657,0.3153953552246094,0.4275243878364563
0.08229580521583557,0.2500629425048828,-0.16776713728904724
0.17715473473072052,0.30669593811035156,-0.12954120337963104
0.4233720898628235,0.3693714141845703,0.054000675678253174
0.0631004050374031,0.25596046447753906,-0.19286005944013596
0.07307950407266617,0.2792682647705078,-0.20618876069784164
0.32231149077415466,0.30048561096191406,0.0218258798122406
0.3018956780433655,0.2909278869628906,0.010967791080474854
0.10217782109975815,0.3475208282470703,-0.24534300714731216
0.21758316457271576,0.2599773406982422,-0.04239417612552643
0.1985727995634079,0.2057819366455078,-0.0072091370820999146
0.4123898446559906,0.2297344207763672,0.1826554238796234
0.22217564284801483,0.2598857879638672,-0.037710145115852356
0.46000435948371887,0.2745208740234375,0.18548348546028137
0.10024469345808029,0.24303245544433594,-0.14278776198625565
0.5952999591827393,0.25800323486328125,0.337296724319458
0.46220698952674866,0.2180004119873047,0.24420657753944397
0.06941919773817062,0.1973724365234375,-0.12795323878526688
0.0818016454577446,0.3394298553466797,-0.2576282098889351
0.22606800496578217,0.2367382049560547,-0.010670199990272522
0.16786529123783112,0.3158740997314453,-0.1480088084936142
0.18692485988140106,0.21654319763183594,-0.029618337750434875
0.2845184803009033,0.33298683166503906,-0.04846835136413574
0.4670293629169464,0.30687904357910156,0.16015031933784485
0.12332506477832794,0.23061561584472656,-0.10729055106639862
0.2182571440935135,0.19548606872558594,0.02277107536792755
0.5536855459213257,0.3701286315917969,0.1835569143295288
0.23789142072200775,0.20583534240722656,0.03205607831478119
0.5109343528747559,0.3850440979003906,0.12589025497436523
0.4440169036388397,0.1852245330810547,0.25879237055778503
0.06034700945019722,0.26767921447753906,-0.20733220502734184
0.3906104266643524,0.2591552734375,0.13145515322685242
0.2958873212337494,0.29196739196777344,0.003919929265975952
0.3201850354671478,0.25431251525878906,0.06587252020835876
0.19104188680648804,0.1895427703857422,0.0014991164207458496
0.33061346411705017,0.23674964904785156,0.09386381506919861
0.2946573495864868,0.2867565155029297,0.007900834083557129
0.22590823471546173,0.21134376525878906,0.014564469456672668
0.5149677991867065,0.24166297912597656,0.27330482006073
0.051059745252132416,0.2124004364013672,-0.16134069114923477
0.18271073698997498,0.2515525817871094,-0.0688418447971344
0.28628745675086975,0.2714672088623047,0.014820247888565063
0.41538575291633606,0.2584495544433594,0.15693619847297668
0.09882359206676483,0.2670307159423828,-0.16820712387561798
0.07427813112735748,0.18847084045410156,-0.11419270932674408
0.15172849595546722,0.2917499542236328,-0.1400214582681656
0.5159687399864197,0.3066539764404297,0.20931476354599
0.013504885137081146,0.18105125427246094,-0.1675463691353798
0.48495733737945557,0.25226783752441406,0.2326894998550415
0.4326898455619812,0.2345256805419922,0.198164165019989
0.18592913448810577,0.2520256042480469,-0.0660964697599411
0.5032123327255249,0.2946796417236328,0.2085326910018921
0.18426768481731415,0.21924972534179688,-0.03498204052448273
0.10303466767072678,0.1886425018310547,-0.08560783416032791
0.41978493332862854,0.2390308380126953,0.18075409531593323
0.42921021580696106,0.33483123779296875,0.09437897801399231
0.058165282011032104,0.24855804443359375,-0.19039276242256165
0.13850897550582886,0.24657630920410156,-0.1080673336982727
0.3229745626449585,0.32057762145996094,0.0023969411849975586
0.21186162531375885,0.3148841857910156,-0.10302256047725677
0.4477975368499756,0.1416778564453125,0.3061196804046631
0.19674432277679443,0.33592796325683594,-0.1391836404800415
0.24617032706737518,0.2488269805908203,-0.0026566535234451294
0.2761688828468323,0.24341773986816406,0.03275114297866821
0.15466946363449097,0.32857322692871094,-0.17390376329421997
0.2259465754032135,0.21907997131347656,0.0068666040897369385
0.23847688734531403,0.1858234405517578,0.05265344679355621
0.1918632835149765,0.32503700256347656,-0.13317371904850006
0.14528021216392517,0.1663227081298828,-0.02104249596595764
0.4694329500198364,0.10754203796386719,0.36189091205596924
0.08489929884672165,0.2151470184326172,-0.13024771958589554
0.06906769424676895,0.23479270935058594,-0.16572501510381699
0.15766146779060364,0.20032691955566406,-0.042665451765060425
0.036909542977809906,0.2814769744873047,-0.24456743150949478
0.41757071018218994,0.28539085388183594,0.132179856300354
0.09685345739126205,0.23770904541015625,-0.1408555880188942
0.5155402421951294,0.16486549377441406,0.35067474842071533
0.0763564184308052,0.1937732696533203,-0.1174168512225151
0.07698038220405579,0.244537353515625,-0.1675569713115692
0.16364265978336334,0.2692127227783203,-0.10557006299495697
0.06760498881340027,0.2573699951171875,-0.18976500630378723
0.4347865879535675,0.14863014221191406,0.28615644574165344
0.4205262064933777,0.2427234649658203,0.17780274152755737
0.49460315704345703,0.22738075256347656,0.26722240447998047
0.4725967049598694,0.17256546020507812,0.30003124475479126
0.3908809423446655,0.12079048156738281,0.2700904607772827
0.22972902655601501,0.19057655334472656,0.03915247321128845
0.09677360951900482,0.3012981414794922,-0.20452453196048737
0.19452506303787231,0.2605419158935547,-0.06601685285568237
0.09889916330575943,0.2463397979736328,-0.14744063466787338
0.29863375425338745,0.12423896789550781,0.17439478635787964
0.11444148421287537,0.2460155487060547,-0.13157406449317932
0.0895165354013443,0.24258041381835938,-0.15306387841701508
0.3923512399196625,0.15669822692871094,0.23565301299095154
0.18953578174114227,0.17299652099609375,0.016539260745048523
0.1101604551076889,0.2786273956298828,-0.1684669405221939
0.48673710227012634,0.28856468200683594,0.1981724202632904
0.21356996893882751,0.3528881072998047,-0.13931813836097717
0.2555943429470062,0.2004566192626953,0.05513772368431091
0.2042827010154724,0.3365001678466797,-0.13221746683120728
0.2139284312725067,0.22191429138183594,-0.007985860109329224
0.15477490425109863,0.27015113830566406,-0.11537623405456543
0.2501069903373718,0.2522716522216797,-0.0021646618843078613
0.21359506249427795,0.3168487548828125,-0.10325369238853455
0.14696690440177917,0.28821754455566406,-0.1412506401538849
0.22666582465171814,0.2924518585205078,-0.06578603386878967
0.22712409496307373,0.2675151824951172,-0.04039108753204346
0.37116706371307373,0.2961006164550781,0.0750664472579956
0.2661430239677429,0.17571449279785156,0.09042853116989136
0.3620128035545349,0.24474525451660156,0.11726754903793335
0.23246130347251892,0.22321319580078125,0.009248107671737671
0.29953718185424805,0.1421051025390625,0.15743207931518555
0.1457710564136505,0.2322406768798828,-0.0864696204662323
0.4759514629840851,0.1438579559326172,0.3320935070514679
0.13384249806404114,0.3041820526123047,-0.17033955454826355
0.21190927922725677,0.1811351776123047,0.030774101614952087
0.22501803934574127,0.2386608123779297,-0.013642773032188416
0.45893004536628723,0.1486530303955078,0.3102770149707794
0.138766810297966,0.21109771728515625,-0.07233090698719025
0.13604652881622314,0.2681865692138672,-0.13214004039764404
0.29410621523857117,0.17664337158203125,0.11746284365653992
0.14030517637729645,0.2554283142089844,-0.11512313783168793
0.11696553975343704,0.16111183166503906,-0.04414629191160202
0.1596115529537201,0.31272315979003906,-0.15311160683631897
0.16852092742919922,0.29376792907714844,-0.12524700164794922
0.3395196199417114,0.14401817321777344,0.195501446723938
0.17801156640052795,0.18936729431152344,-0.011355727910995483
0.2544461488723755,0.26683616638183594,-0.01239001750946045
0.27345073223114014,0.2179393768310547,0.05551135540008545
0.3071579337120056,0.32525062561035156,-0.018092691898345947
0.5175241827964783,0.20635032653808594,0.31117385625839233
0.39221227169036865,0.1944446563720703,0.19776761531829834
0.4610331058502197,0.1487445831298828,0.3122885227203369
0.36009353399276733,0.22678375244140625,0.13330978155136108
0.18870170414447784,0.22229957580566406,-0.03359787166118622
0.11695706099271774,0.1932811737060547,-0.07632411271333694
0.2023712694644928,0.21489906311035156,-0.012527793645858765
0.16164220869541168,0.3299999237060547,-0.168357715010643
0.11514255404472351,0.2339305877685547,-0.11878803372383118
0.11147207021713257,0.24427223205566406,-0.1328001618385315
0.19199354946613312,0.21280479431152344,-0.02081124484539032
0.1510101705789566,0.22696876525878906,-0.07595859467983246
0.11579231917858124,0.3038158416748047,-0.18802352249622345
0.26517245173454285,0.19388961791992188,0.07128283381462097
0.10716713964939117,0.1771831512451172,-0.07001601159572601
0.23699568212032318,0.2012958526611328,0.03569982945919037
0.17897146940231323,0.3344688415527344,-0.15549737215042114
0.24612626433372498,0.17259597778320312,0.07353028655052185
0.2961385250091553,0.2899799346923828,0.006158590316772461
0.17572741210460663,0.2174968719482422,-0.04176945984363556
0.31575247645378113,0.16236305236816406,0.15338942408561707
0.2530767023563385,0.1782398223876953,0.07483687996864319
0.34602826833724976,0.22475624084472656,0.1212720274925232
0.1781332939863205,0.2427654266357422,-0.06463213264942169
0.36286309361457825,0.2500419616699219,0.11282113194465637
0.22632911801338196,0.2572002410888672,-0.03087112307548523
0.22476379573345184,0.32700538635253906,-0.10224159061908722
0.24852538108825684,0.2637042999267578,-0.015178918838500977
0.18344715237617493,0.3190345764160156,-0.1355874240398407
0.2024790197610855,0.2593097686767578,-0.0568307489156723
0.2699752151966095,0.23162078857421875,0.03835442662239075
0.436087042093277,0.22979164123535156,0.20629540085792542
0.3003047704696655,0.29219627380371094,0.00810849666595459
0.2656961977481842,0.22895240783691406,0.03674378991127014
0.44541043043136597,0.2360363006591797,0.20937412977218628
0.23476384580135345,0.24155235290527344,-0.006788507103919983
0.24557358026504517,0.2614421844482422,-0.01586860418319702
0.30548980832099915,0.2667369842529297,0.03875282406806946
0.18584135174751282,0.34156036376953125,-0.15571901202201843
0.14806032180786133,0.26537132263183594,-0.11731100082397461
0.2953904867172241,0.23798561096191406,0.05740487575531006
0.2668759822845459,0.2888011932373047,-0.02192521095275879
0.4602142870426178,0.2450275421142578,0.21518674492835999
0.4783303737640381,0.18201637268066406,0.296314001083374
0.42158350348472595,0.15340805053710938,0.2681754529476166
0.2540002763271332,0.1884746551513672,0.06552562117576599
0.26530852913856506,0.23931121826171875,0.025997310876846313
0.21046648919582367,0.2103862762451172,8.021295070648193e-05
0.22877880930900574,0.21603965759277344,0.0127391517162323
0.16857722401618958,0.2423572540283203,-0.07378003001213074
0.23140715062618256,0.19036102294921875,0.041046127676963806
0.5620844960212708,0.18831825256347656,0.3737662434577942
0.2039894461631775,0.3137531280517578,-0.10976368188858032
0.2125895768404007,0.2637901306152344,-0.05120055377483368
0.22363978624343872,0.28263282775878906,-0.05899304151535034
0.46982768177986145,0.1828136444091797,0.28701403737068176
0.20939873158931732,0.2280101776123047,-0.018611446022987366
0.4431150257587433,0.14044189453125,0.3026731312274933
0.5031903386116028,0.27956581115722656,0.22362452745437622
0.4355323910713196,0.1815319061279297,0.2540004849433899
0.09338992834091187,0.22486305236816406,-0.1314731240272522
0.48036277294158936,0.21695899963378906,0.2634037733078003
0.11711903661489487,0.1481037139892578,-0.030984677374362946
0.0702698826789856,0.1969738006591797,-0.1267039179801941
0.41244107484817505,0.1580066680908203,0.25443440675735474
0.4017603397369385,0.16542816162109375,0.23633217811584473
0.07045543938875198,0.3274402618408203,-0.25698482245206833
0.10516413301229477,0.20717430114746094,-0.10201016813516617
0.49155229330062866,0.22867965698242188,0.2628726363182068
0.12525393068790436,0.3344097137451172,-0.20915578305721283
0.40440693497657776,0.2315082550048828,0.17289867997169495
0.10406360030174255,0.13363075256347656,-0.02956715226173401
0.07785162329673767,0.13744163513183594,-0.05959001183509827
0.3377060890197754,0.1880970001220703,0.14960908889770508
0.09718810021877289,0.1820354461669922,-0.0848473459482193
0.13489727675914764,0.20839881896972656,-0.07350154221057892
0.18602235615253448,0.18151283264160156,0.004509523510932922
0.09093870967626572,0.1362171173095703,-0.045278407633304596
0.08975771069526672,0.2669048309326172,-0.17714712023735046
0.25646746158599854,0.19795989990234375,0.058507561683654785
0.05473676696419716,0.33832740783691406,-0.2835906408727169
0.09451563656330109,0.22759056091308594,-0.13307492434978485
0.058388322591781616,0.30837059020996094,-0.24998226761817932
0.16284692287445068,0.1747589111328125,-0.011911988258361816
0.14000308513641357,0.2718677520751953,-0.13186466693878174
0.40148070454597473,0.24636459350585938,0.15511611104011536
0.14383693039417267,0.21300315856933594,-0.06916622817516327
0.08549750596284866,0.2977752685546875,-0.21227776259183884
0.09411182254552841,0.2220020294189453,-0.1278902068734169
0.3925155699253082,0.1978282928466797,0.19468727707862854
0.19389434158802032,0.14508628845214844,0.04880805313587189
0.3887380361557007,0.1685028076171875,0.22023522853851318
0.07667315751314163,0.2772026062011719,-0.20052944868803024
0.26601436734199524,0.2084636688232422,0.05755069851875305
0.417183518409729,0.13646316528320312,0.2807203531265259
0.0826561227440834,0.2450885772705078,-0.1624324545264244
0.20548948645591736,0.17662620544433594,0.02886328101158142
0.147483691573143,0.26868629455566406,-0.12120260298252106
0.43778178095817566,0.21599388122558594,0.22178789973258972
0.09934504330158234,0.20842933654785156,-0.10908429324626923
0.13759377598762512,0.33636474609375,-0.19877097010612488
0.18757200241088867,0.21878623962402344,-0.031214237213134766
0.20394153892993927,0.1908550262451172,0.013086512684822083
0.5131813883781433,0.2556114196777344,0.25756996870040894
0.43607592582702637,0.1836261749267578,0.25244975090026855
0.27496063709259033,0.17750930786132812,0.09745132923126221
0.1575758457183838,0.25395774841308594,-0.09638190269470215
0.09684475511312485,0.35375213623046875,-0.2569073811173439
0.45033422112464905,0.21835899353027344,0.2319752275943756
0.09072031080722809,0.27858924865722656,-0.18786893784999847
0.1880524605512619,0.25632667541503906,-0.06827421486377716
0.24874061346054077,0.25428199768066406,-0.005541384220123291
0.4378546178340912,0.1453838348388672,0.292470782995224
0.5113717317581177,0.1630268096923828,0.34834492206573486
0.40477368235588074,0.1593799591064453,0.24539372324943542
0.10430990904569626,0.2027111053466797,-0.09840119630098343
0.15249748528003693,0.2484874725341797,-0.09598998725414276
0.17806069552898407,0.15210342407226562,0.025957271456718445
0.2332800328731537,0.2047252655029297,0.028554767370224
0.3038579225540161,0.250244140625,0.05361378192901611
0.0751601904630661,0.3042774200439453,-0.2291172295808792
0.05171336606144905,0.20879554748535156,-0.1570821814239025
0.12510515749454498,0.20567893981933594,-0.08057378232479095
0.2828074097633362,0.1758441925048828,0.10696321725845337
0.12526696920394897,0.26025962829589844,-0.13499265909194946
0.45657920837402344,0.32106971740722656,0.13550949096679688
0.12258071452379227,0.2948417663574219,-0.1722610518336296
0.08561933785676956,0.19958114624023438,-0.11396180838346481
0.180447518825531,0.33741188049316406,-0.15696436166763306
0.20932941138744354,0.2724933624267578,-0.06316395103931427
0.3902864158153534,0.2852191925048828,0.10506722331047058
0.08867383748292923,0.24907493591308594,-0.1604010984301567
0.4304511547088623,0.2632770538330078,0.1671741008758545
0.3240477442741394,0.33058929443359375,-0.006541550159454346
0.3878350257873535,0.2523174285888672,0.13551759719848633
0.24034740030765533,0.1918811798095703,0.04846622049808502
0.18555238842964172,0.2320690155029297,-0.046516627073287964
0.2514362037181854,0.1959686279296875,0.055467575788497925
0.17037388682365417,0.1765613555908203,-0.006187468767166138
0.22356265783309937,0.33465003967285156,-0.1110873818397522
0.25739651918411255,0.26640892028808594,-0.009012401103973389
0.21823115646839142,0.2479076385498047,-0.02967648208141327
0.36908093094825745,0.28568458557128906,0.08339634537696838
0.18572477996349335,0.2908000946044922,-0.10507531464099884
0.170238196849823,0.2321147918701172,-0.06187659502029419
0.48394206166267395,0.2035961151123047,0.28034594655036926
0.20247407257556915,0.29152870178222656,-0.08905462920665741
0.1563483625650406,0.25908470153808594,-0.10273633897304535
0.1509828269481659,0.23266220092773438,-0.08167937397956848
0.15155115723609924,0.2494373321533203,-0.09788617491722107
0.2729409337043762,0.21990394592285156,0.05303698778152466
0.12528342008590698,0.2735576629638672,-0.1482742428779602
0.14728392660617828,0.1338348388671875,0.013449087738990784
0.1432691067457199,0.17536354064941406,-0.03209443390369415
0.17064033448696136,0.1818828582763672,-0.011242523789405823
0.17336788773536682,0.1860332489013672,-0.012665361166000366
0.46320196986198425,0.25787353515625,0.20532843470573425
0.15050558745861053,0.2825584411621094,-0.13205285370349884
0.14821757376194,0.2922401428222656,-0.14402256906032562
0.1434723436832428,0.2073993682861328,-0.06392702460289001
0.16176125407218933,0.2025432586669922,-0.040782004594802856
0.06717248260974884,0.2643909454345703,-0.19721846282482147
0.14525562524795532,0.35777854919433594,-0.21252292394638062
0.17420300841331482,0.1910533905029297,-0.016850382089614868
0.32999327778816223,0.21983909606933594,0.1101541817188263
0.27752208709716797,0.2427959442138672,0.03472614288330078
0.1279270499944687,0.3204936981201172,-0.1925666481256485
0.18618781864643097,0.26762962341308594,-0.08144180476665497
0.14394238591194153,0.24986839294433594,-0.10592600703239441
0.14006517827510834,0.27012062072753906,-0.13005544245243073
0.47133776545524597,0.213958740234375,0.25737902522087097
0.14543811976909637,0.2265644073486328,-0.08112628757953644
0.184452086687088,0.2247028350830078,-0.0402507483959198
0.20432302355766296,0.25200462341308594,-0.047681599855422974
0.12208206206560135,0.2460651397705078,-0.12398307770490646
0.4880509674549103,0.27843284606933594,0.20961812138557434
0.1562759280204773,0.22320556640625,-0.0669296383857727
0.16130076348781586,0.32094383239746094,-0.15964306890964508
0.14831387996673584,0.3375587463378906,-0.18924486637115479
0.11161712557077408,0.20280075073242188,-0.0911836251616478
0.3188018202781677,0.1967334747314453,0.12206834554672241
0.4502820372581482,0.1670856475830078,0.2831963896751404
0.1460053026676178,0.2440948486328125,-0.0980895459651947
0.15734484791755676,0.2089824676513672,-0.051637619733810425
0.13672976195812225,0.27347755432128906,-0.1367477923631668
0.1548791378736496,0.27449989318847656,-0.11962075531482697
0.22521737217903137,0.3058910369873047,-0.08067366480827332
0.1648014634847641,0.25377845764160156,-0.08897699415683746
0.1569567769765854,0.26909446716308594,-0.11213769018650055
0.15089644491672516,0.3130683898925781,-0.16217194497585297
0.13091427087783813,0.307342529296875,-0.17642825841903687
0.16853803396224976,0.20718955993652344,-0.03865152597427368
0.16758450865745544,0.1999340057373047,-0.03234949707984924
0.1515631228685379,0.2795391082763672,-0.12797598540782928
0.30104392766952515,0.23770713806152344,0.06333678960800171
0.16498687863349915,0.21487045288085938,-0.04988357424736023
0.16998860239982605,0.23093032836914062,-0.060941725969314575
0.14963166415691376,0.21816253662109375,-0.06853087246417999
0.1998519003391266,0.21296310424804688,-0.013111203908920288
0.22964943945407867,0.24178504943847656,-0.012135609984397888
0.23351053893566132,0.26239013671875,-0.028879597783088684
0.2368285208940506,0.31442832946777344,-0.07759980857372284
0.2827824354171753,0.2022228240966797,0.0805596113204956
0.1613936573266983,0.28073692321777344,-0.11934326589107513
0.4112033247947693,0.2811260223388672,0.1300773024559021
0.4474637806415558,0.2441272735595703,0.20333650708198547
0.5282155871391296,0.2964820861816406,0.231733500957489
0.538612961769104,0.1891803741455078,0.3494325876235962
0.5307753086090088,0.20236968994140625,0.32840561866760254
0.5229679346084595,0.27959632873535156,0.2433716058731079
0.14916671812534332,0.2846050262451172,-0.13543830811977386
0.15642835199832916,0.3414497375488281,-0.18502138555049896
0.16031259298324585,0.18605422973632812,-0.025741636753082275
0.32083791494369507,0.24741554260253906,0.073422372341156
0.4322963058948517,0.2363414764404297,0.195954829454422
0.45492637157440186,0.21746063232421875,0.2374657392501831
0.2797173857688904,0.2799396514892578,-0.00022226572036743164
0.1653013974428177,0.1644153594970703,0.0008860379457473755
0.2411547154188156,0.2438201904296875,-0.002665475010871887
0.16902294754981995,0.20824623107910156,-0.039223283529281616
0.1059027686715126,0.25557899475097656,-0.14967622607946396
0.18339663743972778,0.29282188415527344,-0.10942524671554565
0.13843362033367157,0.15537452697753906,-0.016940906643867493
0.1355070173740387,0.2465839385986328,-0.11107692122459412
0.11220195889472961,0.2262134552001953,-0.1140114963054657
0.22143666446208954,0.2556285858154297,-0.03419192135334015
0.17229779064655304,0.20845985412597656,-0.03616206347942352
0.16808132827281952,0.1982860565185547,-0.03020472824573517
0.24613718688488007,0.34885597229003906,-0.102718785405159
0.18100197613239288,0.1667804718017578,0.01422150433063507
0.16385920345783234,0.2089099884033203,-0.045050784945487976
0.23981338739395142,0.29198265075683594,-0.05216926336288452
0.11059118062257767,0.21605300903320312,-0.10546182841062546
0.1286933422088623,0.2914752960205078,-0.1627819538116455
0.16610267758369446,0.22269821166992188,-0.05659553408622742
0.3284186124801636,0.22562217712402344,0.10279643535614014
0.1615942418575287,0.21068382263183594,-0.04908958077430725
0.22380027174949646,0.18593406677246094,0.03786620497703552
0.19916701316833496,0.3114757537841797,-0.11230874061584473
0.26864591240882874,0.23729515075683594,0.0313507616519928
0.27081939578056335,0.26152992248535156,0.009289473295211792
0.41746658086776733,0.3089599609375,0.10850661993026733
0.33002862334251404,0.3033313751220703,0.026697248220443726
0.1774134337902069,0.3090953826904297,-0.13168194890022278
0.4346405565738678,0.25849342346191406,0.17614713311195374
0.2939223349094391,0.1782398223876953,0.11568251252174377
0.3830781579017639,0.2121753692626953,0.1709027886390686
0.33596453070640564,0.29650306701660156,0.03946146368980408
0.4004824459552765,0.3023719787597656,0.09811046719551086
0.33986377716064453,0.23077392578125,0.10908985137939453
0.34692975878715515,0.2635173797607422,0.08341237902641296
0.3677000403404236,0.2762279510498047,0.0914720892906189
0.21807006001472473,0.2521228790283203,-0.03405281901359558
0.39606595039367676,0.2407054901123047,0.15536046028137207
0.41795626282691956,0.23711204528808594,0.18084421753883362
0.28148043155670166,0.2260589599609375,0.05542147159576416
0.3450635075569153,0.17905616760253906,0.16600733995437622
0.3192776143550873,0.26592445373535156,0.05335316061973572
0.24120330810546875,0.2653465270996094,-0.024143218994140625
0.2100091278553009,0.3772869110107422,-0.16727778315544128
0.2882544994354248,0.2420501708984375,0.046204328536987305
0.19116000831127167,0.3435802459716797,-0.15242023766040802
0.2945808470249176,0.3781299591064453,-0.08354911208152771
0.2611502707004547,0.23875808715820312,0.022392183542251587
0.3703908622264862,0.3353137969970703,0.035077065229415894
0.18911902606487274,0.22934532165527344,-0.040226295590400696
0.39835450053215027,0.2960643768310547,0.10229012370109558
0.16424331068992615,0.25760459899902344,-0.09336128830909729
0.16266319155693054,0.2850379943847656,-0.12237480282783508
0.3072081506252289,0.2357006072998047,0.0715075433254242
0.18485794961452484,0.23002052307128906,-0.04516257345676422
0.2664440870285034,0.2373828887939453,0.029061198234558105
0.2534558176994324,0.2056598663330078,0.04779595136642456
0.19729866087436676,0.2686176300048828,-0.07131896913051605
0.19330666959285736,0.27495765686035156,-0.0816509872674942
0.162784144282341,0.16830062866210938,-0.005516484379768372
0.1866893321275711,0.1964397430419922,-0.009750410914421082
0.1741320937871933,0.3570213317871094,-0.18288923799991608
0.2487374097108841,0.2314739227294922,0.017263486981391907
0.09020553529262543,0.3106098175048828,-0.22040428221225739
0.062384217977523804,0.22078895568847656,-0.15840473771095276
0.22442467510700226,0.2651081085205078,-0.040683433413505554
0.09508536756038666,0.3087043762207031,-0.21361900866031647
0.3743434548377991,0.2883167266845703,0.08602672815322876
0.18051141500473022,0.1942310333251953,-0.013719618320465088
0.22027736902236938,0.14328765869140625,0.07698971033096313
0.1257423609495163,0.23267173767089844,-0.10692937672138214
0.20674550533294678,0.1798686981201172,0.02687680721282959
0.15579462051391602,0.16920852661132812,-0.01341390609741211
0.13960862159729004,0.23629188537597656,-0.09668326377868652
0.11919064074754715,0.17498016357421875,-0.0557895228266716
0.14692313969135284,0.26938438415527344,-0.1224612444639206
0.12028715759515762,0.2640972137451172,-0.14381005614995956
0.2363588809967041,0.17772865295410156,0.05863022804260254
0.18972356617450714,0.21489334106445312,-0.025169774889945984
0.12394508719444275,0.21175193786621094,-0.08780685067176819
0.1383965015411377,0.1779651641845703,-0.03956866264343262
0.12941007316112518,0.2558917999267578,-0.12648172676563263
0.21723662316799164,0.21690750122070312,0.0003291219472885132
0.2876336872577667,0.17891502380371094,0.10871866345405579
0.1824299395084381,0.1934375762939453,-0.011007636785507202
0.12287925183773041,0.28721046447753906,-0.16433121263980865
0.1312432736158371,0.22873306274414062,-0.09748978912830353
0.17829200625419617,0.25768089294433594,-0.07938888669013977
0.12978625297546387,0.19946861267089844,-0.06968235969543457
0.11509384214878082,0.20296859741210938,-0.08787475526332855
0.10640067607164383,0.1266956329345703,-0.020294956862926483
0.14782178401947021,0.20900535583496094,-0.06118357181549072
0.212638258934021,0.24463462829589844,-0.03199636936187744
0.1733703762292862,0.20920372009277344,-0.035833343863487244
0.2057110220193863,0.1792469024658203,0.02646411955356598
0.23257622122764587,0.1881999969482422,0.044376224279403687
0.2314581423997879,0.29106712341308594,-0.059608981013298035
0.15268070995807648,0.18087196350097656,-0.028191253542900085
0.11580506712198257,0.20467376708984375,-0.08886869996786118
0.14511540532112122,0.2259235382080078,-0.0808081328868866
0.20897120237350464,0.1593914031982422,0.04957979917526245
0.08508339524269104,0.1983013153076172,-0.11321792006492615
0.13892941176891327,0.2670269012451172,-0.12809748947620392
0.20231498777866364,0.1958904266357422,0.006424561142921448
0.26093655824661255,0.2802467346191406,-0.019310176372528076
0.26344817876815796,0.30985069274902344,-0.04640251398086548
0.24249957501888275,0.27963829040527344,-0.037138715386390686
0.4884191155433655,0.29492759704589844,0.19349151849746704
0.011355368420481682,0.21694374084472656,-0.20558837242424488
0.33713385462760925,0.22098350524902344,0.11615034937858582
0.3011672794818878,0.3195152282714844,-0.018347948789596558
0.0667315423488617,0.3821907043457031,-0.31545916199684143
0.3820241391658783,0.2002277374267578,0.18179640173912048
0.045770205557346344,0.34999847412109375,-0.3042282685637474
0.34004920721054077,0.2260417938232422,0.11400741338729858
0.2499290406703949,0.26751708984375,-0.017588049173355103
0.2738475203514099,0.2634468078613281,0.010400712490081787
0.4447095990180969,0.30321311950683594,0.141496479511261
0.18752047419548035,0.26271820068359375,-0.0751977264881134
0.1951327919960022,0.3237953186035156,-0.12866252660751343
0.1252843141555786,0.331298828125,-0.2060145139694214
0.3291192054748535,0.19945716857910156,0.12966203689575195
0.40404605865478516,0.2060718536376953,0.19797420501708984
0.2802216112613678,0.27028465270996094,0.00993695855140686
0.06341911107301712,0.2285137176513672,-0.16509460657835007
0.2864494025707245,0.31327247619628906,-0.026823073625564575
0.31392067670822144,0.2599773406982422,0.05394333600997925
0.39160093665122986,0.2965373992919922,0.09506353735923767
0.23949016630649567,0.2913646697998047,-0.05187450349330902
0.04822579771280289,0.1968708038330078,-0.14864500612020493
0.199302077293396,0.26605224609375,-0.066750168800354
0.16185693442821503,0.27649879455566406,-0.11464186012744904
0.046047113835811615,0.22699928283691406,-0.18095216900110245
0.6363605856895447,0.21544456481933594,0.42091602087020874
0.4258328974246979,0.3085498809814453,0.11728301644325256
0.06583290547132492,0.26354217529296875,-0.19770926982164383
0.08042538166046143,0.34494590759277344,-0.264520525932312
0.38156434893608093,0.22475624084472656,0.15680810809135437
0.3288004994392395,0.2877788543701172,0.041021645069122314
0.30109935998916626,0.2890491485595703,0.012050211429595947
0.1058015525341034,0.21415328979492188,-0.10835173726081848
0.3580115735530853,0.2054615020751953,0.15255007147789001
0.3516322672367096,0.2095203399658203,0.14211192727088928
0.19731147587299347,0.21911239624023438,-0.021800920367240906
0.4214859902858734,0.3589801788330078,0.0625058114528656
0.11879528313875198,0.16042137145996094,-0.041626088321208954
0.3639938235282898,0.23375511169433594,0.13023871183395386
0.13997605443000793,0.24495887756347656,-0.10498282313346863
0.20402516424655914,0.2926044464111328,-0.08857928216457367
0.1533459573984146,0.3202018737792969,-0.16685591638088226
0.08200322836637497,0.2815074920654297,-0.19950426369905472
0.2736855745315552,0.1841888427734375,0.08949673175811768
0.24133969843387604,0.2927265167236328,-0.051386818289756775
0.017818273976445198,0.3004436492919922,-0.282625375315547
0.13497605919837952,0.2412281036376953,-0.1062520444393158
0.22017982602119446,0.2143993377685547,0.0057804882526397705
0.08229580521583557,0.2500629425048828,-0.16776713728904724
0.4233720898628235,0.3693714141845703,0.054000675678253174
0.2548193037509918,0.25437355041503906,0.0004457533359527588
0.21758316457271576,0.2599773406982422,-0.04239417612552643
0.5952999591827393,0.25800323486328125,0.337296724319458
0.12332506477832794,0.23061561584472656,-0.10729055106639862
0.5536855459213257,0.3701286315917969,0.1835569143295288
0.23789142072200775,0.20583534240722656,0.03205607831478119
0.43462905287742615,0.30653953552246094,0.1280895173549652
0.45495298504829407,0.1882953643798828,0.26665762066841125
0.14263322949409485,0.2274322509765625,-0.08479902148246765
0.32841169834136963,0.2445964813232422,0.08381521701812744
0.040104493498802185,0.27469825744628906,-0.23459376394748688
0.742058515548706,0.32753562927246094,0.4145228862762451
0.285715788602829,0.1976795196533203,0.08803626894950867
0.4732810854911804,0.19896888732910156,0.27431219816207886
0.35422152280807495,0.25614356994628906,0.09807795286178589
0.01929989643394947,0.19725418090820312,-0.17795428447425365
0.11249738931655884,0.23336219787597656,-0.12086480855941772
0.48168233036994934,0.2867279052734375,0.19495442509651184
0.35464996099472046,0.20561790466308594,0.14903205633163452
0.21273772418498993,0.29299354553222656,-0.08025582134723663
0.1113584116101265,0.24448394775390625,-0.13312553614377975
0.28521421551704407,0.37519264221191406,-0.08997842669487
0.04240334406495094,0.17178916931152344,-0.1293858252465725
0.1415778547525406,0.29691123962402344,-0.15533338487148285
0.26855799555778503,0.2410564422607422,0.027501553297042847
0.1950574666261673,0.18803977966308594,0.00701768696308136
0.07990595698356628,0.1490154266357422,-0.0691094696521759
0.02909090928733349,0.16944313049316406,-0.14035222120583057
0.018192267045378685,0.24840927124023438,-0.2302170041948557
0.0853814035654068,0.24265098571777344,-0.15726958215236664
0.2325914353132248,0.3194599151611328,-0.08686847984790802
0.30426332354545593,0.22745323181152344,0.0768100917339325
0.2598746120929718,0.25267982482910156,0.007194787263870239
0.6645768284797668,0.2124309539794922,0.45214587450027466
0.029728317633271217,0.23470687866210938,-0.20497856102883816
0.06974921375513077,0.2672863006591797,-0.19753708690404892
0.2671368718147278,0.2841510772705078,-0.01701420545578003
0.040104493498802185,0.23648643493652344,-0.19638194143772125
0.08832810819149017,0.2623882293701172,-0.17406012117862701
0.432246595621109,0.2418384552001953,0.1904081404209137
0.10523510724306107,0.2915363311767578,-0.18630122393369675
0.4829362630844116,0.31371307373046875,0.16922318935394287
0.025120167061686516,0.2230548858642578,-0.1979347188025713
0.43602925539016724,0.2727165222167969,0.16331273317337036
0.5455381274223328,0.1923999786376953,0.35313814878463745
0.028349006548523903,0.25287818908691406,-0.22452918253839016
0.03772204741835594,0.199371337890625,-0.16164929047226906
0.37838035821914673,0.2300434112548828,0.14833694696426392
0.568432629108429,0.36055564880371094,0.20787698030471802
0.1725182831287384,0.2142772674560547,-0.041758984327316284
0.497001051902771,0.31128501892089844,0.18571603298187256
0.020553814247250557,0.2052154541015625,-0.18466163985431194
0.0032183907460421324,0.2615776062011719,-0.25835921545512974
0.43739810585975647,0.24452781677246094,0.19287028908729553
0.7462382316589355,0.22464561462402344,0.5215926170349121
0.5573249459266663,0.2460155487060547,0.3113093972206116
0.5741170048713684,0.24132919311523438,0.33278781175613403
0.5943364500999451,0.2920684814453125,0.30226796865463257
0.37718912959098816,0.2502937316894531,0.12689539790153503
0.033343784511089325,0.18568992614746094,-0.1523461416363716
0.658328115940094,0.37160682678222656,0.28672128915786743
0.5764681100845337,0.27643775939941406,0.30003035068511963
0.11058516055345535,0.2925090789794922,-0.18192391842603683
0.21469174325466156,0.29259300231933594,-0.07790125906467438
0.4613688588142395,0.3226966857910156,0.13867217302322388
0.0695088803768158,0.23493385314941406,-0.16542497277259827
0.2679101228713989,0.25337791442871094,0.014532208442687988
0.2822570502758026,0.24938392639160156,0.03287312388420105
0.1625705361366272,0.20325851440429688,-0.04068797826766968
0.04373040795326233,0.16097450256347656,-0.11724409461021423
0.25443050265312195,0.20956039428710938,0.04487010836601257
0.2735632061958313,0.3553600311279297,-0.08179682493209839
0.11875653266906738,0.2306957244873047,-0.1119391918182373
0.21508881449699402,0.27060508728027344,-0.05551627278327942
0.07438871264457703,0.24385643005371094,-0.1694677174091339
0.4609404504299164,0.24783897399902344,0.21310147643089294
0.13961337506771088,0.30327796936035156,-0.16366459429264069
0.18141065537929535,0.35756492614746094,-0.1761542707681656
0.24205851554870605,0.2641944885253906,-0.02213597297668457
0.6585893630981445,0.26381874084472656,0.39477062225341797
0.44809821248054504,0.32485008239746094,0.1232481300830841
0.6782758831977844,0.34115028381347656,0.33712559938430786
0.6557680368423462,0.3127117156982422,0.343056321144104
0.3490073084831238,0.1874237060546875,0.16158360242843628
0.35955068469047546,0.23139381408691406,0.1281568706035614
0.4853500425815582,0.25060272216796875,0.23474732041358948
0.4553605020046234,0.28615760803222656,0.16920289397239685
0.06589341908693314,0.1736164093017578,-0.10772299021482468
0.7894148230552673,0.25441932678222656,0.5349954962730408
0.041546501219272614,0.2450428009033203,-0.2034962996840477
0.1792580932378769,0.33817291259765625,-0.15891481935977936
0.3289341628551483,0.21143341064453125,0.11750075221061707
0.4987669885158539,0.3238544464111328,0.17491254210472107
0.17426332831382751,0.29898643493652344,-0.12472310662269592
0.6640125513076782,0.33318519592285156,0.33082735538482666
0.5533751249313354,0.279541015625,0.27383410930633545
0.32289445400238037,0.234588623046875,0.08830583095550537
0.32276907563209534,0.29936981201171875,0.023399263620376587
0.7260919809341431,0.22623634338378906,0.499855637550354
0.4464472234249115,0.30519676208496094,0.14125046133995056
0.7167606949806213,0.15598106384277344,0.5607796311378479
0.327899694442749,0.14870452880859375,0.17919516563415527
0.46954023838043213,0.2980060577392578,0.17153418064117432
0.09403343498706818,0.2491779327392578,-0.15514449775218964
0.41463950276374817,0.2214374542236328,0.19320204854011536
0.24222570657730103,0.2663707733154297,-0.024145066738128662
0.18542319536209106,0.17604637145996094,0.009376823902130127
0.37017762660980225,0.24432945251464844,0.1258481740951538
0.19104492664337158,0.26021766662597656,-0.06917273998260498
0.12597700953483582,0.3229808807373047,-0.19700387120246887
0.35978055000305176,0.23096847534179688,0.12881207466125488
0.3421003222465515,0.3626689910888672,-0.020568668842315674
0.03696969524025917,0.32837867736816406,-0.2914089821279049
0.32721003890037537,0.2670764923095703,0.060133546590805054
0.011452456004917622,0.21738624572753906,-0.20593378972262144
0.5872204899787903,0.28130149841308594,0.30591899156570435
0.17952978610992432,0.29164886474609375,-0.11211907863616943
0.19868338108062744,0.27844810485839844,-0.079764723777771
0.27732497453689575,0.3223552703857422,-0.045030295848846436
0.4543364644050598,0.35375022888183594,0.10058623552322388
0.06293626129627228,0.22948265075683594,-0.16654638946056366
0.532957136631012,0.2375774383544922,0.2953796982765198
0.010010449215769768,0.23409461975097656,-0.2240841705352068
0.48760709166526794,0.28101158142089844,0.2065955102443695
0.09473354369401932,0.20163917541503906,-0.10690563172101974
0.22006270289421082,0.2066516876220703,0.013411015272140503
0.47889238595962524,0.36290740966796875,0.1159849762916565
0.05542319640517235,0.23682594299316406,-0.18140274658799171
0.1780041754245758,0.298736572265625,-0.1207323968410492
0.4342319667339325,0.23253631591796875,0.20169565081596375
0.6649425029754639,0.3272552490234375,0.33768725395202637
0.13049112260341644,0.26169395446777344,-0.131202831864357
0.32384535670280457,0.28568458557128906,0.0381607711315155
0.02137931063771248,0.24747848510742188,-0.2260991744697094
0.5531243681907654,0.2584495544433594,0.294674813747406
0.054649949073791504,0.3107166290283203,-0.2560666799545288
0.14365726709365845,0.35751914978027344,-0.213861882686615
0.19267964363098145,0.25743675231933594,-0.06475710868835449
0.12483980506658554,0.1855449676513672,-0.06070516258478165
0.13510911166667938,0.16837692260742188,-0.03326781094074249
0.07981368899345398,0.31792259216308594,-0.23810890316963196
0.08962559700012207,0.2924785614013672,-0.20285296440124512
0.13616448640823364,0.1874256134033203,-0.05126112699508667
0.10531525313854218,0.1892261505126953,-0.08391089737415314
0.0858742892742157,0.1784229278564453,-0.09254863858222961
0.11014284193515778,0.2656421661376953,-0.15549932420253754
0.12230062484741211,0.2085132598876953,-0.0862126350402832
0.13606759905815125,0.29828834533691406,-0.16222074627876282
0.15425749123096466,0.2693939208984375,-0.11513642966747284
0.15566815435886383,0.28057289123535156,-0.12490473687648773
0.12227972596883774,0.37694740295410156,-0.2546676769852638
0.13906417787075043,0.22788047790527344,-0.08881630003452301
0.09154827147722244,0.2310657501220703,-0.13951747864484787
0.1397068202495575,0.2354602813720703,-0.09575346112251282
0.06338735669851303,0.21654319763183594,-0.1531558409333229
0.13605192303657532,0.26366615295410156,-0.12761422991752625
0.06511671841144562,0.2376270294189453,-0.1725103110074997
0.09230584651231766,0.29593849182128906,-0.2036326453089714
0.1780216246843338,0.2398204803466797,-0.061798855662345886
0.15104147791862488,0.3228473663330078,-0.17180588841438293
0.20293043553829193,0.26567649841308594,-0.062746062874794
0.1367206871509552,0.26292991638183594,-0.12620922923088074
0.15756992995738983,0.17855262756347656,-0.02098269760608673
0.08675725758075714,0.18358993530273438,-0.09683267772197723
0.13326196372509003,0.1734752655029297,-0.04021330177783966
0.19961515069007874,0.3188190460205078,-0.11920389533042908
0.24073322117328644,0.27680015563964844,-0.036066934466362
0.14317956566810608,0.2848396301269531,-0.14166006445884705
0.24391266703605652,0.29990577697753906,-0.055993109941482544
0.0896046981215477,0.21805191040039062,-0.12844721227884293
0.12332465499639511,0.22759246826171875,-0.10426781326532364
0.23546676337718964,0.2187480926513672,0.01671867072582245
0.23878204822540283,0.2254505157470703,0.01333153247833252
0.10131316632032394,0.31211280822753906,-0.21079964190721512
0.21977581083774567,0.2243022918701172,-0.004526481032371521
0.20670370757579803,0.1712360382080078,0.03546766936779022
0.13149994611740112,0.16040611267089844,-0.028906166553497314
0.13390327990055084,0.24958419799804688,-0.11568091809749603
0.11270161718130112,0.22676467895507812,-0.11406306177377701
0.13126416504383087,0.1936817169189453,-0.06241755187511444
0.12051770836114883,0.1974163055419922,-0.07689859718084335
0.12838537991046906,0.3119220733642578,-0.18353669345378876
0.2558886706829071,0.1977100372314453,0.05817863345146179
0.11157242208719254,0.28766822814941406,-0.17609580606222153
0.11018332839012146,0.18046188354492188,-0.07027855515480042
0.12912794947624207,0.1808929443359375,-0.051764994859695435
0.06518266350030899,0.1850109100341797,-0.1198282465338707
0.23544979095458984,0.17958450317382812,0.05586528778076172
0.186390221118927,0.2477703094482422,-0.061380088329315186
0.15550203621387482,0.18004608154296875,-0.024544045329093933
0.10951457172632217,0.19896697998046875,-0.08945240825414658
0.07578349858522415,0.17841529846191406,-0.10263179987668991
0.27070578932762146,0.17061424255371094,0.10009154677391052
0.10957726836204529,0.25385475158691406,-0.14427748322486877
0.2059931457042694,0.2976264953613281,-0.09163334965705872
0.17386148869991302,0.2807445526123047,-0.10688306391239166
0.12550659477710724,0.1920642852783203,-0.06655769050121307
0.2842899262905121,0.20148849487304688,0.08280143141746521
0.13113421201705933,0.3132801055908203,-0.182145893573761
0.0794094130396843,0.2286224365234375,-0.1492130234837532
0.13974446058273315,0.20115089416503906,-0.06140643358230591
0.08658287674188614,0.19112014770507812,-0.10453727096319199
0.09232477843761444,0.16725540161132812,-0.07493062317371368
0.15116555988788605,0.25437355041503906,-0.10320799052715302
0.2351154088973999,0.22384071350097656,0.01127469539642334
0.17113421857357025,0.1954669952392578,-0.02433277666568756
0.13023558259010315,0.1808605194091797,-0.05062493681907654
0.0992683470249176,0.18565750122070312,-0.08638915419578552
0.1525866687297821,0.2015972137451172,-0.04901054501533508
0.08331223577260971,0.1740703582763672,-0.09075812250375748
0.18161489069461823,0.34713172912597656,-0.16551683843135834
0.10736200958490372,0.1979198455810547,-0.09055783599615097
0.10091934353113174,0.2665863037109375,-0.16566696017980576
0.14196427166461945,0.24982261657714844,-0.10785834491252899
0.1594623327255249,0.20717239379882812,-0.04771006107330322
0.11918019503355026,0.247283935546875,-0.12810374051332474
0.13866817951202393,0.23128890991210938,-0.09262073040008545
0.13015198707580566,0.23081398010253906,-0.1006619930267334
0.2100265920162201,0.1581401824951172,0.051886409521102905
0.25746649503707886,0.1726398468017578,0.08482664823532104
0.14814570546150208,0.2174854278564453,-0.06933972239494324
0.2596295177936554,0.23399925231933594,0.025630265474319458
0.16039231419563293,0.20731544494628906,-0.04692313075065613
0.19094613194465637,0.23130416870117188,-0.0403580367565155
0.3112178146839142,0.19686508178710938,0.11435273289680481
0.12044455856084824,0.22491073608398438,-0.10446617752313614
0.12043411284685135,0.23231124877929688,-0.11187713593244553
0.1463693231344223,0.2225971221923828,-0.07622779905796051
0.18686044216156006,0.21002769470214844,-0.02316725254058838
0.17437350749969482,0.14919471740722656,0.02517879009246826
0.12333902716636658,0.2627086639404297,-0.1393696367740631
0.2764424681663513,0.25051307678222656,0.025929391384124756
0.19062219560146332,0.23536109924316406,-0.044738903641700745
0.16953547298908234,0.2464122772216797,-0.07687680423259735
0.16265392303466797,0.31710243225097656,-0.1544485092163086
0.1709611415863037,0.25127601623535156,-0.08031487464904785
0.14341217279434204,0.25126075744628906,-0.10784858465194702
0.1143944039940834,0.27912330627441406,-0.16472890228033066
0.23425856232643127,0.14208412170410156,0.09217444062232971
0.22146859765052795,0.2039775848388672,0.017491012811660767
0.190193772315979,0.2304553985595703,-0.04026162624359131
0.1416560262441635,0.2777442932128906,-0.1360882669687271
0.11657831072807312,0.2594928741455078,-0.1429145634174347
0.18044456839561462,0.1550273895263672,0.025417178869247437
0.0912955179810524,0.2854938507080078,-0.1941983327269554
0.2362961769104004,0.27080726623535156,-0.03451108932495117
0.1501728743314743,0.20268821716308594,-0.05251534283161163
0.11651561409235,0.24993133544921875,-0.13341572135686874
0.127853125333786,0.2601737976074219,-0.13232067227363586
0.17741425335407257,0.20977210998535156,-0.03235785663127899
0.1511237621307373,0.23924827575683594,-0.08812451362609863
0.18546023964881897,0.21451377868652344,-0.029053539037704468
0.1940704733133316,0.2206554412841797,-0.026584967970848083
0.1104961410164833,0.20601272583007812,-0.09551658481359482
0.2695145606994629,0.1894397735595703,0.08007478713989258
0.2081875056028366,0.1347522735595703,0.0734352320432663
0.1147601306438446,0.1552448272705078,-0.04048469662666321
0.2234121710062027,0.1901226043701172,0.03328956663608551
0.3061080873012543,0.23538780212402344,0.07072028517723083
0.08851077407598495,0.11652946472167969,-0.028018690645694733
0.1699325442314148,0.28190040588378906,-0.11196786165237427
0.10250307619571686,0.18593406677246094,-0.08343099057674408
0.1559297889471054,0.22666358947753906,-0.07073380053043365
0.24137455224990845,0.2279376983642578,0.013436853885650635
0.20771728456020355,0.2659931182861328,-0.05827583372592926
0.18945187330245972,0.2464580535888672,-0.05700618028640747
0.14560653269290924,0.15224266052246094,-0.006636127829551697
0.11858458071947098,0.3621501922607422,-0.2435656115412712
0.15750829875469208,0.1826496124267578,-0.025141313672065735
0.12612898647785187,0.16817665100097656,-0.042047664523124695
0.12332857400178909,0.20526695251464844,-0.08193837851285934
0.21076849102973938,0.14644432067871094,0.06432417035102844
0.107957623898983,0.10960578918457031,-0.0016481652855873108
0.10808301717042923,0.21640968322753906,-0.10832666605710983
0.1958991140127182,0.22893524169921875,-0.03303612768650055
0.10423766821622849,0.2514209747314453,-0.14718330651521683
0.17443619668483734,0.174560546875,-0.0001243501901626587
0.1462850719690323,0.2495746612548828,-0.10328958928585052
0.15099836885929108,0.2823829650878906,-0.13138459622859955
0.255130410194397,0.2482471466064453,0.00688326358795166
0.10807256400585175,0.27678489685058594,-0.1687123328447342
0.1237093135714531,0.2852916717529297,-0.1615823581814766
0.24841739237308502,0.2068653106689453,0.04155208170413971
0.17589910328388214,0.20516014099121094,-0.029261037707328796
0.11482738703489304,0.2015857696533203,-0.08675838261842728
0.1716044396162033,0.18996620178222656,-0.018361762166023254
0.15531393885612488,0.17939186096191406,-0.024077922105789185
0.3018970191478729,0.2151165008544922,0.08678051829338074
0.1091279461979866,0.17906761169433594,-0.06993966549634933
0.21049681305885315,0.2589702606201172,-0.04847344756126404
0.10632752627134323,0.18602371215820312,-0.0796961858868599
0.1283755898475647,0.25998687744140625,-0.13161128759384155
0.16325542330741882,0.2523670196533203,-0.08911159634590149
0.14503180980682373,0.23688316345214844,-0.09185135364532471
0.17418542504310608,0.27899742126464844,-0.10481199622154236
0.12482282519340515,0.1910839080810547,-0.06626108288764954
0.16974446177482605,0.1550579071044922,0.014686554670333862
0.1691906452178955,0.19171905517578125,-0.022528409957885742
0.20157308876514435,0.1785106658935547,0.02306242287158966
0.07210534065961838,0.14378929138183594,-0.07168395072221756
0.3145197927951813,0.22447586059570312,0.09004393219947815
0.23004749417304993,0.2781238555908203,-0.048076361417770386
0.14461840689182281,0.19906044006347656,-0.05444203317165375
0.1480516642332077,0.19664382934570312,-0.04859216511249542
0.09551704674959183,0.26992225646972656,-0.17440520972013474
0.10278976708650589,0.2209300994873047,-0.1181403324007988
0.13434672355651855,0.3417644500732422,-0.20741772651672363
0.1531091332435608,0.23746109008789062,-0.08435195684432983
0.20153585076332092,0.16020774841308594,0.041328102350234985
0.16484372317790985,0.1733245849609375,-0.008480861783027649
0.26301509141921997,0.1999187469482422,0.06309634447097778
0.16841739416122437,0.2446269989013672,-0.07620960474014282
0.1937883496284485,0.3157768249511719,-0.12198847532272339
0.1583174616098404,0.2628459930419922,-0.1045285314321518
0.1923770159482956,0.28397560119628906,-0.09159858524799347
0.2037256509065628,0.14890098571777344,0.05482466518878937
0.15978625416755676,0.3128070831298828,-0.15302082896232605
0.11325542628765106,0.15038490295410156,-0.0371294766664505
0.15035051107406616,0.16636276245117188,-0.016012251377105713
0.24584686756134033,0.23459434509277344,0.011252522468566895
0.36004748940467834,0.27224159240722656,0.08780589699745178
0.18048636615276337,0.21134376525878906,-0.030857399106025696
0.12188656628131866,0.2605571746826172,-0.13867060840129852
0.1462230384349823,0.2172069549560547,-0.07098391652107239
0.22252397239208221,0.2013683319091797,0.021155640482902527
0.1859513521194458,0.2098846435546875,-0.0239332914352417
0.12700673937797546,0.3766613006591797,-0.24965456128120422
0.13709032535552979,0.2113323211669922,-0.0742419958114624
0.11111331731081009,0.2796001434326172,-0.1684868261218071
0.1903400719165802,0.2186870574951172,-0.028346985578536987
0.17974445223808289,0.2338275909423828,-0.05408313870429993
0.5146994590759277,0.33819007873535156,0.17650938034057617
0.6031317710876465,0.2297229766845703,0.37340879440307617
0.28282350301742554,0.2465038299560547,0.03631967306137085
0.33624565601348877,0.2156658172607422,0.12057983875274658
0.5489311218261719,0.3000049591064453,0.24892616271972656
0.5368360280990601,0.26329803466796875,0.2735379934310913
0.04874303936958313,0.19258689880371094,-0.1438438594341278
0.0699133649468422,0.2372875213623047,-0.1673741564154625
0.06548807770013809,0.20672607421875,-0.1412379965186119
0.37359675765037537,0.217987060546875,0.15560969710350037
0.28471481800079346,0.24092674255371094,0.04378807544708252
0.27484020590782166,0.2649860382080078,0.009854167699813843
0.4546416699886322,0.2748851776123047,0.17975649237632751
0.03212861716747284,0.2195606231689453,-0.18743200600147247
0.061470311135053635,0.1986408233642578,-0.13717051222920418
0.11963645368814468,0.27881622314453125,-0.15917976945638657
0.2772331237792969,0.2399158477783203,0.03731727600097656
0.3940199315547943,0.2710075378417969,0.12301239371299744
0.4846782386302948,0.3101215362548828,0.174556702375412
0.27073362469673157,0.2552299499511719,0.015503674745559692
0.10929162800312042,0.25492286682128906,-0.14563123881816864
0.17184647917747498,0.2774543762207031,-0.10560789704322815
0.06493426114320755,0.2280139923095703,-0.16307973116636276
0.39994993805885315,0.23881149291992188,0.16113844513893127
0.46485066413879395,0.3616619110107422,0.10318875312805176
0.20717564225196838,0.33026695251464844,-0.12309131026268005
0.27091649174690247,0.16943931579589844,0.10147717595100403
0.24741074442863464,0.28183937072753906,-0.03442862629890442
0.4347722828388214,0.32775306701660156,0.10701921582221985
0.11515369266271591,0.1797924041748047,-0.06463871151208878
0.1704723984003067,0.24018096923828125,-0.06970857083797455
0.05196142941713333,0.2498645782470703,-0.19790314882993698
0.1984504610300064,0.2988910675048828,-0.1004406064748764
0.05941179394721985,0.24686622619628906,-0.1874544322490692
0.7095319628715515,0.30184364318847656,0.40768831968307495
0.03950061276555061,0.23681259155273438,-0.19731197878718376
0.05344000831246376,0.2510814666748047,-0.19764145836234093
0.38611504435539246,0.288116455078125,0.09799858927726746
0.11346612870693207,0.28138160705566406,-0.167915478348732
0.47340866923332214,0.2595176696777344,0.21389099955558777
0.6898715496063232,0.24407386779785156,0.4457976818084717
0.15996038913726807,0.2499217987060547,-0.08996140956878662
0.2886072099208832,0.27829933166503906,0.010307878255844116
0.09903562068939209,0.23238182067871094,-0.13334619998931885
0.32004398107528687,0.22325706481933594,0.09678691625595093
0.3055873513221741,0.2826824188232422,0.022904932498931885
0.5827764868736267,0.28012657165527344,0.30264991521835327
0.2825047969818115,0.35155677795410156,-0.06905198097229004
0.07891545444726944,0.2085247039794922,-0.12960924953222275
0.437865287065506,0.33339500427246094,0.10447028279304504
0.11307428032159805,0.258941650390625,-0.14586737006902695
0.4314807653427124,0.25928497314453125,0.17219579219818115
0.373163104057312,0.3823566436767578,-0.0091935396194458
0.3748036324977875,0.27569007873535156,0.09911355376243591
0.5453522205352783,0.27492713928222656,0.27042508125305176
0.18030521273612976,0.19593429565429688,-0.015629082918167114
0.4000544250011444,0.3614521026611328,0.0386023223400116
0.4507075250148773,0.2352466583251953,0.215460866689682
0.2438214123249054,0.2640876770019531,-0.02026626467704773
0.13856540620326996,0.19753074645996094,-0.05896534025669098
0.4235549569129944,0.20779800415039062,0.21575695276260376
0.07208681851625443,0.22154808044433594,-0.1494612619280815
0.680550754070282,0.2092609405517578,0.47128981351852417
0.023481804877519608,0.2149639129638672,-0.19148210808634758
0.20520594716072083,0.2503223419189453,-0.04511639475822449
0.23657479882240295,0.27308082580566406,-0.03650602698326111
0.4357493221759796,0.31188201904296875,0.12386730313301086
0.5252372622489929,0.2826194763183594,0.24261778593063354
0.5280585885047913,0.24252891540527344,0.2855296730995178
0.2747096121311188,0.30100440979003906,-0.026294797658920288
0.2225622683763504,0.2974872589111328,-0.07492499053478241
0.18807950615882874,0.3132915496826172,-0.12521204352378845
0.4684138894081116,0.33620262145996094,0.13221126794815063
0.31511190533638,0.2747173309326172,0.04039457440376282
0.5522905588150024,0.22974014282226562,0.3225504159927368
0.451663613319397,0.25118255615234375,0.20048105716705322
0.09040970355272293,0.1877422332763672,-0.09733252972364426
0.36675766110420227,0.32079505920410156,0.04596260190010071
0.37688305974006653,0.2050037384033203,0.17187932133674622
0.03371691331267357,0.21037864685058594,-0.17666173353791237
0.21467825770378113,0.2812061309814453,-0.06652787327766418
0.06363854557275772,0.24633216857910156,-0.18269362300634384
0.07060302048921585,0.28030967712402344,-0.2097066566348076
0.28188827633857727,0.307281494140625,-0.02539321780204773
0.20911921560764313,0.2329692840576172,-0.02385006844997406
0.17236372828483582,0.2009410858154297,-0.028577357530593872
0.4326876699924469,0.299591064453125,0.1330966055393219
0.4994170069694519,0.33792686462402344,0.16149014234542847
0.12126132100820541,0.2072124481201172,-0.08595112711191177
0.5653887987136841,0.23009300231933594,0.33529579639434814
0.4154619574546814,0.28780174255371094,0.12766021490097046
0.2632623612880707,0.2601757049560547,0.003086656332015991
0.29939088225364685,0.16786766052246094,0.1315232217311859
0.41178378462791443,0.34487342834472656,0.06691035628318787
0.3937273621559143,0.21470069885253906,0.17902666330337524
0.1816374957561493,0.26152801513671875,-0.07989051938056946
0.5952529907226562,0.22181129455566406,0.3734416961669922
0.520247757434845,0.20673370361328125,0.3135140538215637
0.3783773183822632,0.2401447296142578,0.13823258876800537
0.756203830242157,0.3456554412841797,0.4105483889579773
0.200717955827713,0.32541656494140625,-0.12469860911369324
0.2224995642900467,0.31163978576660156,-0.08914022147655487
0.3302268385887146,0.2549877166748047,0.07523912191390991
0.4191087782382965,0.4034080505371094,0.015700727701187134
0.12016414850950241,0.2192363739013672,-0.09907222539186478
0.05151733383536339,0.30408668518066406,-0.2525693513453007
0.2470293492078781,0.3355579376220703,-0.0885285884141922
0.3327398896217346,0.4139270782470703,-0.0811871886253357
0.2429436594247818,0.3284473419189453,-0.08550368249416351
0.21194052696228027,0.24204063415527344,-0.030100107192993164
0.3947722911834717,0.3747711181640625,0.02000117301940918
0.37296977639198303,0.20487403869628906,0.16809573769569397
0.16464167833328247,0.2143096923828125,-0.04966801404953003
0.09794366359710693,0.2891273498535156,-0.1911836862564087
0.243408665060997,0.1970653533935547,0.04634331166744232
0.5456709265708923,0.29496002197265625,0.2507109045982361
0.01650688424706459,0.3576641082763672,-0.3411572240293026
0.033345963805913925,0.2090587615966797,-0.17571279779076576
0.30667930841445923,0.2776641845703125,0.02901512384414673
0.28152257204055786,0.24827003479003906,0.0332525372505188
0.383450448513031,0.3875694274902344,-0.004118978977203369
0.14487679302692413,0.2787799835205078,-0.13390319049358368
0.21281827986240387,0.28405189514160156,-0.07123361527919769
0.38791754841804504,0.3166370391845703,0.07128050923347473
0.0787273645401001,0.2294464111328125,-0.1507190465927124
0.42630311846733093,0.2540855407714844,0.17221757769584656
0.3890460729598999,0.32019996643066406,0.06884610652923584
0.4328444004058838,0.2448902130126953,0.18795418739318848
0.7093752026557922,0.27597618103027344,0.4333990216255188
0.1326563060283661,0.22113609313964844,-0.08847978711128235
0.4363919496536255,0.2378406524658203,0.19855129718780518
0.18512235581874847,0.17588233947753906,0.009240016341209412
0.40781304240226746,0.2374095916748047,0.17040345072746277
0.19745254516601562,0.22849464416503906,-0.031042098999023438
0.3232153356075287,0.30170440673828125,0.021510928869247437
0.1889520287513733,0.20817184448242188,-0.019219815731048584
0.3029070794582367,0.2830219268798828,0.019885152578353882
0.5594170093536377,0.2890625,0.2703545093536377
0.2468099147081375,0.2604637145996094,-0.013653799891471863
0.14124564826488495,0.2635211944580078,-0.12227554619312286
0.44606801867485046,0.3619251251220703,0.08414289355278015
0.3896207809448242,0.24460411071777344,0.14501667022705078
0.47036269307136536,0.2833423614501953,0.18702033162117004
0.34426549077033997,0.3466358184814453,-0.0023703277111053467
0.4162299633026123,0.2401103973388672,0.17611956596374512
0.07927072793245316,0.1990985870361328,-0.11982785910367966
0.19189873337745667,0.27500343322753906,-0.0831046998500824
0.4638684391975403,0.21709632873535156,0.24677211046218872
0.3421233892440796,0.27910804748535156,0.06301534175872803
0.4367733299732208,0.2903156280517578,0.146457701921463
0.40686216950416565,0.18144798278808594,0.2254141867160797
0.17864899337291718,0.2659740447998047,-0.08732505142688751
0.1688997745513916,0.18317604064941406,-0.014276266098022461
0.32694053649902344,0.3844108581542969,-0.05747032165527344
0.024312525987625122,0.25481224060058594,-0.23049971461296082
0.22787052392959595,0.2720775604248047,-0.04420703649520874
0.26766154170036316,0.18803977966308594,0.07962176203727722
0.3209478557109833,0.2259807586669922,0.09496709704399109
0.06918713450431824,0.16828346252441406,-0.09909632802009583
0.155686616897583,0.24942970275878906,-0.09374308586120605
0.09907218813896179,0.2031536102294922,-0.1040814220905304
0.06758838891983032,0.21186256408691406,-0.14427417516708374
0.5602529644966125,0.24801254272460938,0.3122404217720032
0.17224878072738647,0.1856822967529297,-0.013433516025543213
0.3600910007953644,0.2721271514892578,0.08796384930610657
0.37761449813842773,0.2500591278076172,0.12755537033081055
0.5589938163757324,0.34095191955566406,0.21804189682006836
0.10743165016174316,0.36481666564941406,-0.2573850154876709
0.22133968770503998,0.30268287658691406,-0.08134318888187408
0.4071233868598938,0.2750434875488281,0.13207989931106567
0.06342433393001556,0.2713909149169922,-0.20796658098697662
0.05601054057478905,0.2612628936767578,-0.20525235310196877
0.42091649770736694,0.3014507293701172,0.11946576833724976
0.17176289856433868,0.38321876525878906,-0.21145586669445038
0.28426551818847656,0.3208465576171875,-0.03658103942871094
0.6246469020843506,0.34771156311035156,0.276935338973999
0.21083290874958038,0.20592689514160156,0.004906013607978821
0.1868673861026764,0.23522377014160156,-0.04835638403892517
0.33331984281539917,0.30448341369628906,0.028836429119110107
0.015388806350529194,0.16838836669921875,-0.15299956034868956
0.1808329075574875,0.1810760498046875,-0.0002431422472000122
0.1490408480167389,0.20728492736816406,-0.05824407935142517
0.13501262664794922,0.3159141540527344,-0.18090152740478516
0.4906552731990814,0.3536720275878906,0.1369832456111908
0.5098820328712463,0.23084068298339844,0.2790413498878479
0.4425988495349884,0.2910499572753906,0.15154889225959778
0.4162822365760803,0.19302749633789062,0.2232547402381897
0.4894692599773407,0.2513904571533203,0.23807880282402039
0.18172632157802582,0.3280200958251953,-0.1462937742471695
0.1477242261171341,0.2498149871826172,-0.1020907610654831
0.1251954883337021,0.2459545135498047,-0.1207590252161026
0.0820188969373703,0.2425060272216797,-0.1604871302843094
0.17715473473072052,0.30669593811035156,-0.12954120337963104
0.0631004050374031,0.25596046447753906,-0.19286005944013596
0.07307950407266617,0.2792682647705078,-0.20618876069784164
0.32231149077415466,0.30048561096191406,0.0218258798122406
0.26963645219802856,0.2118549346923828,0.05778151750564575
0.4123898446559906,0.2297344207763672,0.1826554238796234
0.22217564284801483,0.2598857879638672,-0.037710145115852356
0.03558211773633957,0.28989601135253906,-0.2543138936161995
0.46220698952674866,0.2180004119873047,0.24420657753944397
0.22606800496578217,0.2367382049560547,-0.010670199990272522
0.16786529123783112,0.3158740997314453,-0.1480088084936142
0.18692485988140106,0.21654319763183594,-0.029618337750434875
0.4670293629169464,0.30687904357910156,0.16015031933784485
0.2182571440935135,0.19548606872558594,0.02277107536792755
0.06034700945019722,0.26767921447753906,-0.20733220502734184
0.3201850354671478,0.25431251525878906,0.06587252020835876
0.19104188680648804,0.1895427703857422,0.0014991164207458496
0.33061346411705017,0.23674964904785156,0.09386381506919861
0.2946573495864868,0.2867565155029297,0.007900834083557129
0.28628745675086975,0.2714672088623047,0.014820247888565063
0.5159687399864197,0.3066539764404297,0.20931476354599
0.286073237657547,0.2913684844970703,-0.005295246839523315
0.30285266041755676,0.2815380096435547,0.021314650774002075
0.6836677193641663,0.30307579040527344,0.3805919289588928
0.46536049246788025,0.32219886779785156,0.1431616246700287
0.44120165705680847,0.23989105224609375,0.20131060481071472
0.06828631460666656,0.29752540588378906,-0.2292390912771225
0.11950888484716415,0.16553306579589844,-0.04602418094873428
0.08592476695775986,0.22769737243652344,-0.14177260547876358
0.3888819217681885,0.2326488494873047,0.1562330722808838
0.6315464973449707,0.3514080047607422,0.2801384925842285
0.31376174092292786,0.26634788513183594,0.04741385579109192
0.060501568019390106,0.2061481475830078,-0.1456465795636177
0.6861441731452942,0.2519702911376953,0.4341738820075989
0.4670114815235138,0.3132038116455078,0.15380766987800598
0.14871473610401154,0.2375164031982422,-0.08880166709423065
0.47422152757644653,0.23685455322265625,0.23736697435379028
0.35357367992401123,0.26617431640625,0.08739936351776123
0.3506792187690735,0.3657379150390625,-0.015058696269989014
0.1573040783405304,0.3347606658935547,-0.1774565875530243
0.620240330696106,0.2767772674560547,0.34346306324005127
0.05747126415371895,0.1478252410888672,-0.09035397693514824
0.060386624187231064,0.19899940490722656,-0.1386127807199955
0.07692790031433105,0.36115074157714844,-0.2842228412628174
0.2870115041732788,0.2980365753173828,-0.011025071144104004
0.23877742886543274,0.3240203857421875,-0.08524295687675476
0.006457680370658636,0.21451377868652344,-0.2080560983158648
0.5116405487060547,0.24814796447753906,0.2634925842285156
0.1791118085384369,0.21620750427246094,-0.03709569573402405
0.5179101228713989,0.3203773498535156,0.1975327730178833
0.42840126156806946,0.2648906707763672,0.16351059079170227
0.12959247827529907,0.29849815368652344,-0.16890567541122437
0.6383281350135803,0.20130348205566406,0.43702465295791626
0.7721211910247803,0.14496803283691406,0.6271531581878662
0.18577846884727478,0.30219268798828125,-0.11641421914100647
0.485078364610672,0.3672771453857422,0.11780121922492981
0.0965726226568222,0.2110919952392578,-0.11451937258243561
0.49287354946136475,0.3036212921142578,0.18925225734710693
0.1104075238108635,0.1588268280029297,-0.04841930419206619
0.011556948535144329,0.18860435485839844,-0.1770474063232541
0.29905956983566284,0.2979717254638672,0.0010878443717956543
0.3669905960559845,0.32215309143066406,0.044837504625320435
0.30893418192863464,0.29543113708496094,0.013503044843673706
0.321556955575943,0.21598243713378906,0.10557451844215393
0.14547544717788696,0.3237743377685547,-0.17829889059066772
0.6351932883262634,0.24481201171875,0.3903812766075134
0.16958202421665192,0.30686378479003906,-0.13728176057338715
0.501274824142456,0.2771778106689453,0.22409701347351074
0.08559038490056992,0.26839447021484375,-0.18280408531427383
0.12821316719055176,0.26347923278808594,-0.13526606559753418
0.822319746017456,0.27764129638671875,0.5446784496307373
0.12383490055799484,0.2774181365966797,-0.15358323603868484
0.08869383484125137,0.19492340087890625,-0.10622956603765488
0.3680668771266937,0.21332740783691406,0.15473946928977966
0.2382131665945053,0.2276611328125,0.01055203378200531
0.25092998147010803,0.29023170471191406,-0.03930172324180603
0.44112852215766907,0.2650566101074219,0.1760719120502472
0.08202716708183289,0.23781394958496094,-0.15578678250312805
0.21492162346839905,0.1866931915283203,0.028228431940078735
0.03721003234386444,0.1995697021484375,-0.16235966980457306
0.6609926819801331,0.2593860626220703,0.40160661935806274
0.45752352476119995,0.18839454650878906,0.2691289782524109
0.08661442250013351,0.1674938201904297,-0.08087939769029617
0.16844305396080017,0.2642402648925781,-0.09579721093177795
0.888505756855011,0.3214569091796875,0.5670488476753235
0.30797281861305237,0.2275981903076172,0.08037462830543518
0.6980146169662476,0.36920166015625,0.32881295680999756
0.01933124288916588,0.1439380645751953,-0.12460682168602943
0.20350052416324615,0.33286476135253906,-0.1293642371892929
0.2794044017791748,0.2514934539794922,0.027910947799682617
0.25991639494895935,0.2592601776123047,0.0006562173366546631
0.0493103452026844,0.17717933654785156,-0.12786899134516716
0.07246603816747665,0.21686172485351562,-0.14439568668603897
0.27916404604911804,0.20779991149902344,0.0713641345500946
0.06573667377233505,0.2727203369140625,-0.20698366314172745
0.15974920988082886,0.3421649932861328,-0.18241578340530396
0.474012553691864,0.19588279724121094,0.2781297564506531
0.1497596651315689,0.2239360809326172,-0.07417641580104828
0.24606060981750488,0.2872905731201172,-0.041229963302612305
0.36439916491508484,0.2886638641357422,0.07573530077934265
0.6437408328056335,0.24231910705566406,0.4014217257499695
0.16341692209243774,0.2623577117919922,-0.09894078969955444
0.3655276894569397,0.22694969177246094,0.13857799768447876
0.3214001953601837,0.2447032928466797,0.07669690251350403
0.5337513089179993,0.31816864013671875,0.21558266878128052
0.2936677038669586,0.25979042053222656,0.033877283334732056
0.02020898647606373,0.2061023712158203,-0.18589338473975658
0.320407509803772,0.22623634338378906,0.09417116641998291
0.43666666746139526,0.19506263732910156,0.2416040301322937
0.41259142756462097,0.2387714385986328,0.17381998896598816
0.4146812856197357,0.26839447021484375,0.14628681540489197
0.6236363649368286,0.2563819885253906,0.367254376411438
0.07687564939260483,0.1949481964111328,-0.11807254701852798
0.5028004050254822,0.3141040802001953,0.18869632482528687
0.5442319512367249,0.2090167999267578,0.33521515130996704
0.3718704283237457,0.2667560577392578,0.10511437058448792
0.08631139248609543,0.2315349578857422,-0.14522356539964676
0.1742737740278244,0.26469993591308594,-0.09042616188526154
0.08854754269123077,0.25278663635253906,-0.1642390936613083
0.1355067938566208,0.3155345916748047,-0.1800277978181839
0.5452873706817627,0.24463653564453125,0.30065083503723145
0.49264368414878845,0.2928791046142578,0.19976457953453064
0.46557992696762085,0.18776702880859375,0.2778128981590271
0.47053292393684387,0.25516510009765625,0.21536782383918762
0.6106478571891785,0.31247520446777344,0.29817265272140503
0.4427899718284607,0.25627708435058594,0.18651288747787476
0.3565830588340759,0.2485504150390625,0.10803264379501343
0.2990386486053467,0.29488182067871094,0.004156827926635742
0.540501594543457,0.24069786071777344,0.2998037338256836
0.08642633259296417,0.2561359405517578,-0.16970960795879364
0.15589341521263123,0.2235431671142578,-0.06764975190162659
0.054137930274009705,0.1748180389404297,-0.12068010866641998
0.13642632961273193,0.24146080017089844,-0.1050344705581665
0.11637408286333084,0.2386760711669922,-0.12230198830366135
0.07059561461210251,0.33725929260253906,-0.26666367799043655
0.15951932966709137,0.20842933654785156,-0.04891000688076019
0.04838035628199577,0.2238636016845703,-0.17548324540257454
0.1521839052438736,0.3024425506591797,-0.1502586454153061
0.5520375967025757,0.3577556610107422,0.1942819356918335
0.01573667675256729,0.2502002716064453,-0.23446359485387802
0.370585173368454,0.31795310974121094,0.05263206362724304
0.4543364644050598,0.3352699279785156,0.11906653642654419
0.3658725321292877,0.28708839416503906,0.07878413796424866
0.7019122242927551,0.31946754455566406,0.38244467973709106
0.07768025249242783,0.22529983520507812,-0.1476195827126503
0.03938348963856697,0.19041061401367188,-0.1510271243751049
0.1123824417591095,0.25774192810058594,-0.14535948634147644
0.7643051147460938,0.2363262176513672,0.5279788970947266
0.49507835507392883,0.3124847412109375,0.18259361386299133
0.6452351212501526,0.28494834899902344,0.36028677225112915
0.058066874742507935,0.2572002410888672,-0.19913336634635925
0.24096134305000305,0.17689895629882812,0.06406238675117493
0.06655172258615494,0.3591327667236328,-0.2925810441374779
0.43878787755966187,0.23443031311035156,0.2043575644493103
0.6458516120910645,0.22002601623535156,0.4258255958557129
0.19606061279773712,0.2666797637939453,-0.07061915099620819
0.07286311686038971,0.27446746826171875,-0.20160435140132904
0.12358411401510239,0.1972217559814453,-0.07363764196634293
0.6500731706619263,0.24923133850097656,0.4008418321609497
0.19515150785446167,0.27573585510253906,-0.08058434724807739
0.1273772269487381,0.2572040557861328,-0.12982682883739471
0.6303343772888184,0.2637805938720703,0.36655378341674805
0.07583072036504745,0.27596473693847656,-0.2001340165734291
0.1344723105430603,0.21237754821777344,-0.07790523767471313
0.7430093884468079,0.26729774475097656,0.4757116436958313
0.04050156846642494,0.17797470092773438,-0.13747313246130943
0.18750260770320892,0.2858867645263672,-0.09838415682315826
0.07552769035100937,0.17569923400878906,-0.1001715436577797
0.352152556180954,0.3490772247314453,0.003075331449508667
0.0365099273622036,0.1945037841796875,-0.1579938568174839
0.2434169352054596,0.3055858612060547,-0.06216892600059509
0.2306791990995407,0.35428428649902344,-0.12360508739948273
0.13216300308704376,0.26293182373046875,-0.130768820643425
0.13588297367095947,0.2334461212158203,-0.09756314754486084
0.1565621793270111,0.2290363311767578,-0.0724741518497467
0.2473772168159485,0.3341045379638672,-0.0867273211479187
0.12001045048236847,0.2207622528076172,-0.10075180232524872
0.16307209432125092,0.23668289184570312,-0.07361079752445221
0.26496341824531555,0.34885597229003906,-0.08389255404472351
0.10318703949451447,0.2185039520263672,-0.11531691253185272
0.1327272653579712,0.3640117645263672,-0.231284499168396
0.2800627052783966,0.14797019958496094,0.13209250569343567
0.1389446258544922,0.23909568786621094,-0.10015106201171875
0.3616405427455902,0.2049846649169922,0.15665587782859802
0.3880668878555298,0.3148784637451172,0.0731884241104126
0.12596656382083893,0.23076438903808594,-0.10479782521724701
0.072727270424366,0.26583290100097656,-0.19310563057661057
0.5764158964157104,0.30127906799316406,0.2751368284225464
0.3583489954471588,0.20015716552734375,0.15819182991981506
0.02847439981997013,0.1970691680908203,-0.16859476827085018
0.039592474699020386,0.30240440368652344,-0.26281192898750305
0.19020898640155792,0.2561321258544922,-0.06592313945293427
0.39198535680770874,0.2612190246582031,0.13076633214950562
0.0787983313202858,0.17444801330566406,-0.09564968198537827
0.02821316570043564,0.2028217315673828,-0.17460856586694717
0.27096134424209595,0.24161720275878906,0.029344141483306885
0.041055381298065186,0.2166156768798828,-0.17556029558181763
0.17541274428367615,0.27231788635253906,-0.09690514206886292
0.04800418019294739,0.35598182678222656,-0.3079776465892792
0.47751307487487793,0.2858448028564453,0.19166827201843262
0.03323929011821747,0.23409271240234375,-0.20085342228412628
0.06690700352191925,0.34851837158203125,-0.281611368060112
0.15800417959690094,0.2209644317626953,-0.06296025216579437
0.274890273809433,0.1829700469970703,0.09192022681236267
0.07919540256261826,0.21722984313964844,-0.13803444057703018
0.467157781124115,0.24165916442871094,0.22549861669540405
0.26978057622909546,0.2763080596923828,-0.0065274834632873535
0.0023093000054359436,0.1978626251220703,-0.19555332511663437
0.4071682393550873,0.26433753967285156,0.14283069968223572
0.5749843120574951,0.1842975616455078,0.3906867504119873
0.46236154437065125,0.2707691192626953,0.19159242510795593
0.01737722009420395,0.25007057189941406,-0.2326933518052101
0.07269592583179474,0.2348613739013672,-0.16216544806957245
0.14196446537971497,0.25232887268066406,-0.1103644073009491
0.027220480144023895,0.2127666473388672,-0.1855461671948433
0.42695924639701843,0.3178997039794922,0.10905954241752625
0.05660397186875343,0.266021728515625,-0.20941775664687157
0.14381399750709534,0.2892436981201172,-0.14542970061302185
0.374973863363266,0.3741474151611328,0.0008264482021331787
0.005057471338659525,0.2577857971191406,-0.2527283257804811
0.28056424856185913,0.3039417266845703,-0.02337747812271118
0.04351097345352173,0.23538780212402344,-0.1918768286705017
0.013908046297729015,0.17691421508789062,-0.1630061687901616
0.11578892171382904,0.17852210998535156,-0.06273318827152252
0.14811912178993225,0.31015777587890625,-0.162038654088974
0.3005015552043915,0.2315387725830078,0.06896278262138367
0.20978055894374847,0.2858715057373047,-0.07609094679355621
0.17153604328632355,0.29488182067871094,-0.12334577739238739
0.02457680180668831,0.29349517822265625,-0.26891837641596794
0.14115987718105316,0.2911396026611328,-0.14997972548007965
0.6194043755531311,0.29735565185546875,0.32204872369766235
0.24652037024497986,0.31831932067871094,-0.07179895043373108
0.4218808710575104,0.2270526885986328,0.19482818245887756
0.09563218057155609,0.1924114227294922,-0.0967792421579361
0.10818181931972504,0.2842826843261719,-0.17610086500644684
0.2619853615760803,0.2724590301513672,-0.010473668575286865
0.05847439914941788,0.22015762329101562,-0.16168322414159775
0.3006165027618408,0.2663383483886719,0.034278154373168945
0.605830729007721,0.2656879425048828,0.34014278650283813
0.2003866285085678,0.33364295959472656,-0.13325633108615875
0.36949843168258667,0.25958251953125,0.10991591215133667
0.3749007284641266,0.3429985046386719,0.03190222382545471
0.3699686527252197,0.27147674560546875,0.09849190711975098
0.19532915949821472,0.2713756561279297,-0.07604649662971497
0.086698018014431,0.2135791778564453,-0.1268811598420143
0.9366039633750916,0.2774639129638672,0.6591400504112244
0.09820272028446198,0.1830730438232422,-0.08487032353878021
0.347084641456604,0.2609996795654297,0.08608496189117432
0.4243364632129669,0.27945709228515625,0.14487937092781067
0.10752350836992264,0.3447685241699219,-0.23724501579999924
0.6350365877151489,0.20696067810058594,0.428075909614563
0.4643051326274872,0.23421669006347656,0.23008844256401062
0.5629571676254272,0.3057384490966797,0.25721871852874756
0.655966579914093,0.3299274444580078,0.3260391354560852
0.2846603989601135,0.196136474609375,0.08852392435073853
0.48152559995651245,0.29100990295410156,0.1905156970024109
0.43944618105888367,0.33188438415527344,0.10756179690361023
0.26108673214912415,0.22983932495117188,0.03124740719795227
0.1524033397436142,0.16041183471679688,-0.008008494973182678
0.4938453435897827,0.26671409606933594,0.22713124752044678
0.23992685973644257,0.33839988708496094,-0.09847302734851837
0.04121212288737297,0.2068157196044922,-0.16560359671711922
0.13885056972503662,0.33452796936035156,-0.19567739963531494
0.06029257923364639,0.1739635467529297,-0.1136709675192833
0.060334376990795135,0.26129722595214844,-0.2009628489613533
0.007419017609208822,0.17496299743652344,-0.16754397982731462
0.020125390961766243,0.3122882843017578,-0.29216289333999157
0.13583071529865265,0.24260711669921875,-0.1067764014005661
0.28748172521591187,0.1928730010986328,0.09460872411727905
0.0940125361084938,0.20604896545410156,-0.11203642934560776
0.11310344934463501,0.25913047790527344,-0.14602702856063843
0.09356322139501572,0.2670307159423828,-0.1734674945473671
0.022748172283172607,0.2289409637451172,-0.20619279146194458
0.5949843525886536,0.2457447052001953,0.34923964738845825
0.19143155217170715,0.2005481719970703,-0.00911661982536316
0.060626957565546036,0.18319320678710938,-0.12256624922156334
0.6513375043869019,0.3625316619873047,0.28880584239959717
0.414326012134552,0.2975902557373047,0.11673575639724731
0.0763113871216774,0.35411643981933594,-0.27780505269765854
0.06922674924135208,0.2383289337158203,-0.16910218447446823
0.2892058491706848,0.27765464782714844,0.011551201343536377
0.24328108131885529,0.30908775329589844,-0.06580667197704315
0.5193939208984375,0.3321514129638672,0.1872425079345703
0.23366771638393402,0.3496513366699219,-0.11598362028598785
0.4547857940196991,0.288787841796875,0.1659979522228241
0.0192789975553751,0.2779884338378906,-0.2587094362825155
0.028787879273295403,0.2680187225341797,-0.23923084326088428
0.12297805398702621,0.22319602966308594,-0.10021797567605972
0.03141065686941147,0.2651805877685547,-0.23376993089914322
0.022361546754837036,0.2686634063720703,-0.24630185961723328
0.35861024260520935,0.2542400360107422,0.10437020659446716
0.6706165075302124,0.302764892578125,0.3678516149520874
0.9279937148094177,0.2185497283935547,0.709443986415863
0.18593521416187286,0.28658103942871094,-0.10064582526683807
0.5407000780105591,0.32232666015625,0.21837341785430908
0.13409613072872162,0.3524799346923828,-0.2183838039636612
0.17028212547302246,0.1961650848388672,-0.025882959365844727
0.20897597074508667,0.27857398986816406,-0.06959801912307739
0.48414838314056396,0.3296337127685547,0.15451467037200928
0.6035945415496826,0.26215553283691406,0.34143900871276855
0.2678578794002533,0.2306652069091797,0.03719267249107361
0.21637408435344696,0.21587562561035156,0.000498458743095398
0.2760501503944397,0.20844078063964844,0.06760936975479126
0.7304911017417908,0.28414154052734375,0.446349561214447
0.6577116250991821,0.2607288360595703,0.3969827890396118
0.6459143161773682,0.2648029327392578,0.38111138343811035
0.5288819074630737,0.32094764709472656,0.20793426036834717
0.2475757598876953,0.2802753448486328,-0.0326995849609375
0.02044932171702385,0.22432327270507812,-0.20387395098805428
0.2925914227962494,0.23541259765625,0.05717882513999939
0.2102716863155365,0.29775047302246094,-0.08747878670692444
0.20615464448928833,0.35164833068847656,-0.14549368619918823
0.22705328464508057,0.24155426025390625,-0.014500975608825684
0.0418495312333107,0.2279682159423828,-0.1861186847090721
0.1415673941373825,0.25081634521484375,-0.10924895107746124
0.16378265619277954,0.3135986328125,-0.14981597661972046
0.2932497262954712,0.31105995178222656,-0.01781022548675537
0.7419226765632629,0.3640918731689453,0.3778308033943176
0.005506792105734348,0.18178558349609375,-0.1762787913903594
0.2664054334163666,0.25313377380371094,0.01327165961265564
0.37427377700805664,0.24947166442871094,0.1248021125793457
0.0648275837302208,0.2440814971923828,-0.17925391346216202
0.3767920732498169,0.1777782440185547,0.1990138292312622
0.11323928833007812,0.24955177307128906,-0.13631248474121094
0.636562168598175,0.3793506622314453,0.25721150636672974
0.4071368873119354,0.24081993103027344,0.166316956281662
0.23029257357120514,0.20421791076660156,0.026074662804603577
0.12338557839393616,0.27924537658691406,-0.1558597981929779
0.07728317379951477,0.31163978576660156,-0.2343566119670868
0.2343469113111496,0.22891807556152344,0.00542883574962616
0.04102403298020363,0.2606029510498047,-0.21957891806960106
0.1413584053516388,0.2932453155517578,-0.15188691020011902
0.40608149766921997,0.3069114685058594,0.0991700291633606
0.49821317195892334,0.27034759521484375,0.2278655767440796
0.11155694723129272,0.18717002868652344,-0.07561308145523071
0.5834691524505615,0.3136768341064453,0.2697923183441162
0.20330198109149933,0.2391529083251953,-0.035850927233695984
0.03631138801574707,0.20213890075683594,-0.16582751274108887
0.6564890146255493,0.2679119110107422,0.38857710361480713
0.5078056454658508,0.26627349853515625,0.24153214693069458
0.3733646869659424,0.2188434600830078,0.15452122688293457
0.4580773115158081,0.2385845184326172,0.21949279308319092
0.5520585179328918,0.27628517150878906,0.2757733464241028
0.6018913388252258,0.2797431945800781,0.3221481442451477
0.5985370874404907,0.32921409606933594,0.2693229913711548
0.48950886726379395,0.2767601013183594,0.21274876594543457
0.3566562235355377,0.22925758361816406,0.12739863991737366
0.46404388546943665,0.2779560089111328,0.18608787655830383
0.1254754513502121,0.23187637329101562,-0.10640092194080353
0.35296761989593506,0.3322715759277344,0.020696043968200684
0.03157784789800644,0.2808399200439453,-0.24926207214593887
0.5099477767944336,0.21319580078125,0.2967519760131836
0.4785057604312897,0.2987098693847656,0.17979589104652405
0.0054231975227594376,0.24272537231445312,-0.2373021747916937
0.6335422992706299,0.25484275817871094,0.37869954109191895
0.330720990896225,0.2490100860595703,0.08171090483665466
0.13523511588573456,0.28032875061035156,-0.145093634724617
0.711327075958252,0.2084636688232422,0.5028634071350098
0.4517345726490021,0.2969036102294922,0.1548309624195099
0.12497387826442719,0.3107471466064453,-0.18577326834201813
0.06010449305176735,0.3299388885498047,-0.26983439549803734
0.09256008267402649,0.3168926239013672,-0.2243325412273407
0.3882654011249542,0.3263111114501953,0.06195428967475891
0.1540125459432602,0.2345561981201172,-0.080543652176857
0.030344827100634575,0.19343185424804688,-0.1630870271474123
0.13793103396892548,0.2755775451660156,-0.13764651119709015
0.3667502701282501,0.29439735412597656,0.07235291600227356
0.13772204518318176,0.2907848358154297,-0.15306279063224792
0.22874608635902405,0.2138385772705078,0.014907509088516235
0.14495298266410828,0.21755218505859375,-0.07259920239448547
0.3248589336872101,0.27086830139160156,0.05399063229560852
0.32526645064353943,0.24875640869140625,0.07651004195213318
0.3012016713619232,0.2280597686767578,0.0731419026851654
0.01178683340549469,0.23300743103027344,-0.22122059762477875
0.19280041754245758,0.20081520080566406,-0.008014783263206482
0.008808777667582035,0.14793777465820312,-0.1391289969906211
0.21073144674301147,0.20680618286132812,0.00392526388168335
0.4615151584148407,0.2954425811767578,0.16607257723808289
0.10041797161102295,0.3539295196533203,-0.25351154804229736
0.29020899534225464,0.30200767517089844,-0.011798679828643799
0.05802507698535919,0.24295997619628906,-0.18493489921092987
0.11463949829339981,0.2063922882080078,-0.091752789914608
0.40251827239990234,0.2414226531982422,0.16109561920166016
0.055820271372795105,0.2431354522705078,-0.1873151808977127
0.5975235104560852,0.24663734436035156,0.35088616609573364
0.7577115893363953,0.2004108428955078,0.5573007464408875
0.0869905948638916,0.2579364776611328,-0.1709458827972412
0.07151515036821365,0.20487022399902344,-0.13335507363080978
0.3130511939525604,0.3681774139404297,-0.05512621998786926
0.10753396153450012,0.24187660217285156,-0.13434264063835144
0.08971786499023438,0.20778846740722656,-0.11807060241699219
0.16735632717609406,0.2171001434326172,-0.04974381625652313
0.1751619577407837,0.22295761108398438,-0.047795653343200684
0.6343991756439209,0.23571014404296875,0.39868903160095215
0.7360501289367676,0.26041221618652344,0.47563791275024414
0.4742319881916046,0.25008583068847656,0.22414615750312805
0.5717659592628479,0.27553367614746094,0.29623228311538696
0.09212121367454529,0.19816970825195312,-0.10604849457740784
0.20600835978984833,0.24175071716308594,-0.03574235737323761
0.19924764335155487,0.26270103454589844,-0.06345339119434357
0.14490072429180145,0.22486305236816406,-0.07996232807636261
0.07714733481407166,0.1983470916748047,-0.12119975686073303
0.3431974947452545,0.2950458526611328,0.048151642084121704
0.057115986943244934,0.22897911071777344,-0.1718631237745285
0.02064785733819008,0.22589683532714844,-0.20524897798895836
0.7260083556175232,0.34247779846191406,0.38353055715560913
0.10636363923549652,0.2366046905517578,-0.1302410513162613
0.5341170430183411,0.25949668884277344,0.2746203541755676
0.1227690726518631,0.2707195281982422,-0.1479504555463791
0.18138976395130157,0.1994152069091797,-0.018025442957878113
0.2929989695549011,0.2551994323730469,0.03779953718185425
0.6995924711227417,0.373748779296875,0.3258436918258667
0.7546708583831787,0.21976089477539062,0.5349099636077881
0.5575653314590454,0.27128028869628906,0.28628504276275635
0.516990602016449,0.3133106231689453,0.20367997884750366
0.40220481157302856,0.23911476135253906,0.1630900502204895
0.006154649890959263,0.15032005310058594,-0.14416540320962667
0.09972831606864929,0.2554950714111328,-0.15576675534248352
0.47911182045936584,0.2742328643798828,0.20487895607948303
0.1698954999446869,0.14250755310058594,0.027387946844100952
0.2612643539905548,0.28148651123046875,-0.02022215723991394
0.20738767087459564,0.2548542022705078,-0.04746653139591217
0.7316405177116394,0.3542671203613281,0.3773733973503113
0.1362382471561432,0.26611328125,-0.1298750340938568
0.6354649662971497,0.2970561981201172,0.33840876817703247
0.27045977115631104,0.27596473693847656,-0.005504965782165527
0.2734691798686981,0.2456798553466797,0.027789324522018433
0.23892371356487274,0.20859336853027344,0.030330345034599304
0.400041788816452,0.20447540283203125,0.19556638598442078
0.1263636350631714,0.2315349578857422,-0.1051713228225708
0.6644514203071594,0.30867958068847656,0.35577183961868286
0.06571577489376068,0.19983673095703125,-0.13412095606327057
0.22620689868927002,0.20646095275878906,0.019745945930480957
0.44290491938591003,0.280670166015625,0.16223475337028503
0.4336467981338501,0.2930164337158203,0.14063036441802979
0.2921316623687744,0.30260658264160156,-0.010474920272827148
0.17300941050052643,0.2629413604736328,-0.08993194997310638
0.28172412514686584,0.2920513153076172,-0.010327190160751343
0.19832810759544373,0.23591232299804688,-0.03758421540260315
0.41641587018966675,0.31390953063964844,0.10250633955001831
0.16274817287921906,0.27782630920410156,-0.11507813632488251
0.3400000035762787,0.2475738525390625,0.09242615103721619
0.2583281099796295,0.2103424072265625,0.04798570275306702
0.297126442193985,0.3444499969482422,-0.0473235547542572
0.20909090340137482,0.2826042175292969,-0.07351331412792206
0.4237826466560364,0.26923561096191406,0.15454703569412231
0.09530825167894363,0.27252769470214844,-0.1772194430232048
0.16482758522033691,0.2725391387939453,-0.1077115535736084
0.2118913233280182,0.28701210021972656,-0.07512077689170837
0.12937304377555847,0.26798248291015625,-0.13860943913459778
0.32028213143348694,0.20514869689941406,0.11513343453407288
0.35056427121162415,0.2093334197998047,0.14123085141181946
0.06005224585533142,0.2652568817138672,-0.20520463585853577
0.1818077266216278,0.23331260681152344,-0.05150488018989563
0.32853710651397705,0.3057422637939453,0.02279484272003174
0.544587254524231,0.1964435577392578,0.34814369678497314
0.048986416310071945,0.2395801544189453,-0.19059373810887337
0.09888192266225815,0.19731712341308594,-0.09843520075082779
0.47926855087280273,0.1630268096923828,0.3162417411804199
0.09845349937677383,0.22298622131347656,-0.12453272193670273
0.22632184624671936,0.1906414031982422,0.03568044304847717
0.20001044869422913,0.3377094268798828,-0.1376989781856537
0.0027795194182544947,0.1933155059814453,-0.19053598656319082
0.10414838045835495,0.24476051330566406,-0.1406121328473091
0.2524033486843109,0.2368755340576172,0.015527814626693726
0.10779519379138947,0.3114662170410156,-0.20367102324962616
0.050741903483867645,0.2957019805908203,-0.24496007710695267
0.2055172473192215,0.31737327575683594,-0.11185602843761444
0.5965830683708191,0.25699806213378906,0.33958500623703003
0.5100626945495605,0.22772789001464844,0.2823348045349121
0.345475435256958,0.26844215393066406,0.07703328132629395
0.16259142756462097,0.25807762145996094,-0.09548619389533997
0.4473876655101776,0.1823577880859375,0.2650298774242401
0.19961337745189667,0.2904949188232422,-0.09088154137134552
0.5043782591819763,0.2754249572753906,0.2289533019065857
0.4342110753059387,0.2856407165527344,0.14857035875320435
0.22990596294403076,0.25546836853027344,-0.025562405586242676
0.006206896621733904,0.17819595336914062,-0.17198905674740672
0.10036572813987732,0.27243614196777344,-0.17207041382789612
0.22705328464508057,0.2760944366455078,-0.049041152000427246
0.12962383031845093,0.3624153137207031,-0.2327914834022522
0.2036154717206955,0.2613086700439453,-0.05769319832324982
0.13284221291542053,0.25391197204589844,-0.1210697591304779
0.18650992214679718,0.20818519592285156,-0.021675273776054382
0.08249738812446594,0.20427894592285156,-0.12178155779838562
0.19355276226997375,0.1912860870361328,0.0022666752338409424
0.1699582040309906,0.2975635528564453,-0.1276053488254547
0.23008359968662262,0.24161338806152344,-0.011529788374900818
0.21902821958065033,0.27427101135253906,-0.05524279177188873
0.49793103337287903,0.30773353576660156,0.19019749760627747
0.3953813910484314,0.3320026397705078,0.06337875127792358
0.019749216735363007,0.2698993682861328,-0.2501501515507698
0.03818181902170181,0.23665428161621094,-0.19847246259450912
0.16010449826717377,0.2326488494873047,-0.07254435122013092
0.8363741040229797,0.3361492156982422,0.5002248883247375
0.0929153636097908,0.28080177307128906,-0.18788640946149826
0.1272309273481369,0.1739978790283203,-0.04676695168018341
0.2336154580116272,0.34711647033691406,-0.11350101232528687
0.7386834025382996,0.38182830810546875,0.3568550944328308
0.4471891224384308,0.2803478240966797,0.1668412983417511
0.03137930855154991,0.27031898498535156,-0.23893967643380165
0.9206269383430481,0.34284019470214844,0.5777867436408997
0.19982236623764038,0.23108482360839844,-0.03126245737075806
0.5909822583198547,0.22194671630859375,0.369035542011261
0.6819958090782166,0.3280658721923828,0.35392993688583374
0.3005015552043915,0.26197242736816406,0.03852912783622742
0.18045976758003235,0.26798439025878906,-0.08752462267875671
0.0202298853546381,0.24415016174316406,-0.22392027638852596
0.5741901993751526,0.2934837341308594,0.2807064652442932
0.45584118366241455,0.30882835388183594,0.1470128297805786
0.06615465134382248,0.1974353790283203,-0.13128072768449783
0.30316615104675293,0.25579261779785156,0.04737353324890137
0.1414211094379425,0.22650909423828125,-0.08508798480033875
0.07668756693601608,0.2255725860595703,-0.14888501912355423
0.5495924949645996,0.2329273223876953,0.3166651725769043
0.584817111492157,0.35241127014160156,0.23240584135055542
0.11810867488384247,0.3174724578857422,-0.19936378300189972
0.7573458552360535,0.2670917510986328,0.49025410413742065
0.2920898497104645,0.2067737579345703,0.08531609177589417
0.6150888204574585,0.3153953552246094,0.2996934652328491
0.10574712604284286,0.1958332061767578,-0.09008608013391495
0.11949843168258667,0.2149658203125,-0.09546738862991333
0.22211076319217682,0.2103862762451172,0.011724486947059631
0.7630720734596252,0.2873516082763672,0.47572046518325806
0.6927168369293213,0.35661888122558594,0.33609795570373535
0.5061546564102173,0.24554824829101562,0.26060640811920166
0.02366771176457405,0.16663551330566406,-0.14296780154109
0.22012539207935333,0.3173999786376953,-0.09727458655834198
0.06785789132118225,0.16454696655273438,-0.09668907523155212
0.5157262086868286,0.2903308868408203,0.2253953218460083
0.4308463931083679,0.2641124725341797,0.16673392057418823
0.25384536385536194,0.26449012756347656,-0.010644763708114624
0.37823405861854553,0.2958965301513672,0.08233752846717834
0.36490073800086975,0.27713584899902344,0.08776488900184631
0.13036572933197021,0.2023754119873047,-0.07200968265533447
0.21544410288333893,0.25539588928222656,-0.039951786398887634
0.06233019754290581,0.2116107940673828,-0.149280596524477
0.12699060142040253,0.3111152648925781,-0.1841246634721756
0.766133725643158,0.33060646057128906,0.4355272650718689
0.09106583148241043,0.2987709045410156,-0.2077050730586052
0.025882966816425323,0.20863723754882812,-0.1827542707324028
0.29780563712120056,0.2603588104248047,0.037446826696395874
0.5275862216949463,0.3222522735595703,0.20533394813537598
0.7289655208587646,0.3533763885498047,0.37558913230895996
0.13773249089717865,0.18332672119140625,-0.0455942302942276
0.568160891532898,0.22713851928710938,0.3410223722457886
0.08644723147153854,0.2504119873046875,-0.16396475583314896
0.026050155982375145,0.2240428924560547,-0.19799273647367954
0.017680250108242035,0.25002098083496094,-0.2323407307267189
0.06344827264547348,0.1973724365234375,-0.13392416387796402
0.30878788232803345,0.2770557403564453,0.031732141971588135
0.2052142173051834,0.3167400360107422,-0.11152581870555878
0.5489237308502197,0.25162315368652344,0.2973005771636963
0.6629049181938171,0.2744407653808594,0.38846415281295776
0.5673563480377197,0.30657958984375,0.2607767581939697
0.6498537063598633,0.2308635711669922,0.4189901351928711
0.5845767855644226,0.33298683166503906,0.25158995389938354
0.3463740944862366,0.25043678283691406,0.09593731164932251
0.6280355453491211,0.24757957458496094,0.38045597076416016
0.013740857131779194,0.2418956756591797,-0.2281548185274005
0.16086728870868683,0.27396583557128906,-0.11309854686260223
0.382800430059433,0.23743629455566406,0.14536413550376892
0.21230930089950562,0.2158069610595703,-0.0034976601600646973
0.5700209140777588,0.2273235321044922,0.3426973819732666
0.47656217217445374,0.19231605529785156,0.2842461168766022
0.020386625081300735,0.23736190795898438,-0.21697528287768364
0.03894461691379547,0.3665943145751953,-0.32764969766139984
0.5729989409446716,0.37372398376464844,0.1992749571800232
0.356760710477829,0.2591552734375,0.09760543704032898
0.0412643663585186,0.2349872589111328,-0.1937228925526142
0.36499476432800293,0.29196739196777344,0.07302737236022949
0.5277220606803894,0.29436683654785156,0.23335522413253784
0.2824764847755432,0.31973838806152344,-0.037261903285980225
0.4634064733982086,0.28933143615722656,0.17407503724098206
0.6523929238319397,0.2270221710205078,0.4253707528114319
0.07403343915939331,0.23720741271972656,-0.16317397356033325
0.006175548769533634,0.28083038330078125,-0.2746548345312476
0.37718912959098816,0.24166297912597656,0.1355261504650116
0.10215256363153458,0.24980926513671875,-0.14765670150518417
0.170689657330513,0.2515525817871094,-0.08086292445659637
0.3672204911708832,0.25589942932128906,0.11132106184959412
0.7315883040428162,0.2896385192871094,0.4419497847557068
0.07383490353822708,0.21115875244140625,-0.13732384890317917
0.03818181902170181,0.18105125427246094,-0.14286943525075912
0.769404411315918,0.27495765686035156,0.4944467544555664
0.13490073382854462,0.2039966583251953,-0.0690959244966507
0.1769070029258728,0.1762828826904297,0.0006241202354431152
0.06740856915712357,0.2520256042480469,-0.1846170350909233
0.5482653975486755,0.28354644775390625,0.2647189497947693
0.44493207335472107,0.24193763732910156,0.2029944360256195
0.41427376866340637,0.20402908325195312,0.21024468541145325
0.4064994752407074,0.27285194396972656,0.13364753127098083
0.08798328042030334,0.24411582946777344,-0.1561325490474701
0.10895507037639618,0.1936206817626953,-0.08466561138629913
0.40227794647216797,0.32016944885253906,0.0821084976196289
0.1904701590538025,0.2538642883300781,-0.06339412927627563
0.2355363667011261,0.2022418975830078,0.033294469118118286
0.3159278333187103,0.2366962432861328,0.07923159003257751
0.22579805552959442,0.2553577423095703,-0.02955968677997589
0.23235203325748444,0.2554454803466797,-0.02309344708919525
0.1948269009590149,0.2715644836425781,-0.07673758268356323
0.21870426833629608,0.22854042053222656,-0.009836152195930481
0.37235894799232483,0.24448585510253906,0.12787309288978577
0.16654865443706512,0.2142810821533203,-0.04773242771625519
0.29711291193962097,0.2534503936767578,0.04366251826286316
0.26823920011520386,0.2956523895263672,-0.02741318941116333
0.054101381450891495,0.1416339874267578,-0.08753260597586632
0.049893856048583984,0.30954551696777344,-0.25965166091918945
0.3052375614643097,0.32421302795410156,-0.01897546648979187
0.38987141847610474,0.3006916046142578,0.08917981386184692
0.18392382562160492,0.24450111389160156,-0.06057728826999664
0.2482862025499344,0.215911865234375,0.03237433731555939
0.2583555579185486,0.2679290771484375,-0.009573519229888916
0.03420846536755562,0.109832763671875,-0.07562429830431938
0.15521761775016785,0.2742290496826172,-0.11901143193244934
0.03069385699927807,0.215972900390625,-0.18527904339134693
0.3379111588001251,0.17893028259277344,0.15898087620735168
0.28575992584228516,0.2545185089111328,0.031241416931152344
0.1767791211605072,0.2300243377685547,-0.053245216608047485
0.21126864850521088,0.26047515869140625,-0.049206510186195374
0.17798952758312225,0.2843914031982422,-0.10640187561511993
0.24934501945972443,0.3027515411376953,-0.053406521677970886
0.2948164939880371,0.23281288146972656,0.06200361251831055
0.04197849705815315,0.2330341339111328,-0.19105563685297966
0.17786401510238647,0.2828330993652344,-0.1049690842628479
0.21168294548988342,0.23241233825683594,-0.020729392766952515
0.04552394896745682,0.2487621307373047,-0.20323818176984787
0.2661114037036896,0.35140419006347656,-0.08529278635978699
0.07872044295072556,0.2733287811279297,-0.19460833817720413
0.5343535542488098,0.34484100341796875,0.18951255083084106
0.3019798696041107,0.30132102966308594,0.0006588399410247803
0.46929022669792175,0.3360881805419922,0.13320204615592957
0.20031115412712097,0.2510108947753906,-0.05069974064826965
0.1714107245206833,0.21686744689941406,-0.045456722378730774
0.17084671556949615,0.2568798065185547,-0.08603309094905853
0.17764495313167572,0.2383556365966797,-0.06071068346500397
0.1942819505929947,0.2479267120361328,-0.05364476144313812
0.3754766881465912,0.29776763916015625,0.07770904898643494
0.26276445388793945,0.24100685119628906,0.02175760269165039
0.2715308368206024,0.31767845153808594,-0.04614761471748352
0.2900448143482208,0.2590961456298828,0.030948668718338013
0.39889422059059143,0.19736671447753906,0.20152750611305237
0.3782636523246765,0.1451091766357422,0.23315447568893433
0.2326291799545288,0.16095924377441406,0.07166993618011475
0.14354979991912842,0.22638320922851562,-0.08283340930938721
0.12645700573921204,0.18215560913085938,-0.05569860339164734
0.18986427783966064,0.1578540802001953,0.03201019763946533
0.15386967360973358,0.25157737731933594,-0.09770770370960236
0.10545450448989868,0.16577911376953125,-0.06032460927963257
0.31063857674598694,0.23508262634277344,0.0755559504032135
0.2085019052028656,0.11340141296386719,0.09510049223899841
0.23577839136123657,0.1324901580810547,0.10328823328018188
0.256594181060791,0.23229408264160156,0.024300098419189453
0.16111443936824799,0.2167072296142578,-0.05559279024600983
0.1531076729297638,0.29192352294921875,-0.13881585001945496
0.177384153008461,0.13543128967285156,0.041952863335609436
0.1865793913602829,0.1322460174560547,0.05433337390422821
0.21751131117343903,0.21398162841796875,0.003529682755470276
0.14317956566810608,0.2848396301269531,-0.14166006445884705
0.249912291765213,0.24900245666503906,0.0009098351001739502
0.2086404412984848,0.21465110778808594,-0.006010666489601135
0.219786137342453,0.2107830047607422,0.009003132581710815
0.31006714701652527,0.26154327392578125,0.04852387309074402
0.2921611964702606,0.3259906768798828,-0.03382948040962219
0.22393448650836945,0.2151508331298828,0.008783653378486633
0.22520947456359863,0.21109962463378906,0.01410984992980957
0.30977848172187805,0.24829673767089844,0.061481744050979614
0.030476301908493042,0.21872901916503906,-0.18825271725654602
0.15775743126869202,0.2802600860595703,-0.1225026547908783
0.536530613899231,0.28578948974609375,0.2507411241531372
0.22297297418117523,0.31400299072265625,-0.09103001654148102
0.2039852738380432,0.2064990997314453,-0.0025138258934020996
0.048256613314151764,0.1282806396484375,-0.08002402633428574
0.15465937554836273,0.21851158142089844,-0.0638522058725357
0.04073260352015495,0.10626792907714844,-0.06553532555699348
0.42767366766929626,0.2659759521484375,0.16169771552085876
0.240941122174263,0.24538612365722656,-0.004445001482963562
0.4213695824146271,0.2665290832519531,0.15484049916267395
0.17675216495990753,0.1990489959716797,-0.022296831011772156
0.08768131583929062,0.2634391784667969,-0.17575786262750626
0.49222174286842346,0.22473716735839844,0.267484575510025
0.28955328464508057,0.3153514862060547,-0.02579820156097412
0.1822686493396759,0.258026123046875,-0.0757574737071991
0.046941254287958145,0.2056560516357422,-0.15871479734778404
0.19715029001235962,0.2809772491455078,-0.0838269591331482
0.405330091714859,0.2881126403808594,0.11721745133399963
0.06420131772756577,0.12816238403320312,-0.06396106630563736
0.1617288440465927,0.33066368103027344,-0.16893483698368073
0.22646664083003998,0.3244590759277344,-0.0979924350976944
0.5194820761680603,0.2337360382080078,0.2857460379600525
0.3093244433403015,0.1734790802001953,0.1358453631401062
0.22970226407051086,0.27156829833984375,-0.041866034269332886
0.32875052094459534,0.3554096221923828,-0.026659101247787476
0.07339053601026535,0.3073558807373047,-0.23396534472703934
0.06451642513275146,0.2407817840576172,-0.17626535892486572
0.32541975378990173,0.2834587097167969,0.04196104407310486
0.3260194957256317,0.2598552703857422,0.06616422533988953
0.04144921526312828,0.1828937530517578,-0.14144453778862953
0.18577171862125397,0.31931495666503906,-0.1335432380437851
0.17064645886421204,0.27710533142089844,-0.1064588725566864
0.23171116411685944,0.27367591857910156,-0.041964754462242126
0.25049373507499695,0.296173095703125,-0.04567936062812805
0.3324846923351288,0.33648109436035156,-0.003996402025222778
0.0714508444070816,0.28985023498535156,-0.21839939057826996
0.32681986689567566,0.1970844268798828,0.12973544001579285
0.24686488509178162,0.2973651885986328,-0.050500303506851196
0.4060942232608795,0.24724578857421875,0.15884843468666077
0.2632894814014435,0.14108657836914062,0.12220290303230286
0.08661047369241714,0.27973175048828125,-0.1931212767958641
0.23742714524269104,0.24311256408691406,-0.0056854188442230225
0.2134511023759842,0.289764404296875,-0.07631330192089081
0.18589134514331818,0.2023792266845703,-0.016487881541252136
0.34076908230781555,0.2291851043701172,0.11158397793769836
0.3277551829814911,0.2500286102294922,0.0777265727519989
0.033634670078754425,0.22716331481933594,-0.1935286447405815
0.20910577476024628,0.3141345977783203,-0.10502882301807404
0.08592219650745392,0.24559593200683594,-0.15967373549938202
0.1905263364315033,0.2057361602783203,-0.015209823846817017
0.5727818608283997,0.18121910095214844,0.3915627598762512
0.18788056075572968,0.2307567596435547,-0.04287619888782501
0.5273129343986511,0.21541786193847656,0.31189507246017456
0.42182037234306335,0.2052440643310547,0.21657630801200867
0.16578514873981476,0.2416839599609375,-0.07589881122112274
0.4626384377479553,0.3127174377441406,0.1499210000038147
0.3074977397918701,0.2543468475341797,0.05315089225769043
0.38431039452552795,0.20390892028808594,0.18040147423744202
0.2161400020122528,0.25850868225097656,-0.042368680238723755
0.15617147088050842,0.3530292510986328,-0.1968577802181244
0.1595648229122162,0.23804664611816406,-0.07848182320594788
0.17110225558280945,0.29319190979003906,-0.12208965420722961
0.3714706599712372,0.25621604919433594,0.11525461077690125
0.3551035225391388,0.3115425109863281,0.04356101155281067
0.40082037448883057,0.20748329162597656,0.193337082862854
0.24783667922019958,0.2987499237060547,-0.0509132444858551
0.030876802280545235,0.19672393798828125,-0.16584713570773602
0.15549448132514954,0.17946434020996094,-0.0239698588848114
0.2930923402309418,0.25512123107910156,0.03797110915184021
0.30019015073776245,0.16944313049316406,0.1307470202445984
0.33869674801826477,0.23130226135253906,0.10739448666572571
0.17882977426052094,0.2250385284423828,-0.04620875418186188
0.20677585899829865,0.18735504150390625,0.019420817494392395
0.19455015659332275,0.2240619659423828,-0.02951180934906006
0.33072182536125183,0.33585166931152344,-0.0051298439502716064
0.3980238735675812,0.268402099609375,0.12962177395820618
0.4167391359806061,0.33977699279785156,0.07696214318275452
0.17298652231693268,0.29715538024902344,-0.12416885793209076
0.18177348375320435,0.32057762145996094,-0.1388041377067566
0.34985047578811646,0.3199138641357422,0.029936611652374268
0.3138289153575897,0.29491233825683594,0.018916577100753784
0.3119491636753082,0.2270069122314453,0.08494225144386292
0.05524307116866112,0.26198387145996094,-0.20674080029129982
0.18235129117965698,0.1945953369140625,-0.012244045734405518
0.2723196744918823,0.2481250762939453,0.02419459819793701
0.285786896944046,0.2594470977783203,0.026339799165725708
0.24667178094387054,0.30610084533691406,-0.05942906439304352
0.3332512378692627,0.23370742797851562,0.09954380989074707
0.07744457572698593,0.20629501342773438,-0.12885043770074844
0.2630438208580017,0.21870994567871094,0.04433387517929077
0.03730978071689606,0.25461578369140625,-0.2173060029745102
0.028914043679833412,0.17351531982421875,-0.14460127614438534
0.18041573464870453,0.1649150848388672,0.015500649809837341
0.05361147224903107,0.17275428771972656,-0.1191428154706955
0.31633636355400085,0.2534465789794922,0.06288978457450867
0.2198542356491089,0.2036876678466797,0.0161665678024292
0.07318025082349777,0.1629161834716797,-0.08973593264818192
0.1535033881664276,0.2754173278808594,-0.12191393971443176
0.2055119127035141,0.2030048370361328,0.0025070756673812866
0.2823137938976288,0.3221549987792969,-0.03984120488166809
0.21218514442443848,0.30470848083496094,-0.09252333641052246
0.22729021310806274,0.22828292846679688,-0.0009927153587341309
0.28170615434646606,0.3664569854736328,-0.08475083112716675
0.24289372563362122,0.3010997772216797,-0.05820605158805847
0.15525411069393158,0.35928916931152344,-0.20403505861759186
0.2608088552951813,0.15898895263671875,0.10181990265846252
0.20225360989570618,0.33416748046875,-0.13191387057304382
0.1889621913433075,0.2046527862548828,-0.015690594911575317
0.5146994590759277,0.33819007873535156,0.17650938034057617
0.21858251094818115,0.3445262908935547,-0.12594377994537354
0.16998952627182007,0.2617778778076172,-0.09178835153579712
0.1583525389432907,0.19193649291992188,-0.033583953976631165
0.2665875256061554,0.28371238708496094,-0.017124861478805542
0.397646963596344,0.23696517944335938,0.16068178415298462
0.21456144750118256,0.24810218811035156,-0.033540740609169006
0.3313586711883545,0.24842262268066406,0.08293604850769043
0.26093655824661255,0.2802467346191406,-0.019310176372528076
0.3341640830039978,0.23107337951660156,0.10309070348739624
0.45741158723831177,0.19330406188964844,0.26410752534866333
0.3351164162158966,0.2861003875732422,0.04901602864265442
0.4532785713672638,0.3290290832519531,0.12424948811531067
0.2464139759540558,0.16161155700683594,0.08480241894721985
0.6042279005050659,0.252593994140625,0.3516339063644409
0.16747717559337616,0.23859596252441406,-0.0711187869310379
0.18304245173931122,0.2723407745361328,-0.0892983227968216
0.39141523838043213,0.2246685028076172,0.16674673557281494
0.366038054227829,0.31392669677734375,0.05211135745048523
0.21397598087787628,0.1893749237060547,0.024601057171821594
0.5150430798530579,0.2979106903076172,0.21713238954544067
0.21968871355056763,0.21647071838378906,0.0032179951667785645
0.3325902819633484,0.2275829315185547,0.1050073504447937
0.33591052889823914,0.24095726013183594,0.0949532687664032
0.5418646335601807,0.29676246643066406,0.2451021671295166
0.07207893580198288,0.17243576049804688,-0.100356824696064
0.25426438450813293,0.2423686981201172,0.011895686388015747
0.06076858937740326,0.18058204650878906,-0.1198134571313858
0.16813912987709045,0.2376117706298828,-0.06947264075279236
0.23151467740535736,0.24924278259277344,-0.017728105187416077
0.22521774470806122,0.23296737670898438,-0.007749632000923157
0.3761315941810608,0.25612449645996094,0.12000709772109985
0.045202694833278656,0.2861347198486328,-0.24093202501535416
0.16126589477062225,0.2182140350341797,-0.056948140263557434
0.45931655168533325,0.1671924591064453,0.29212409257888794
0.26787054538726807,0.1769428253173828,0.09092772006988525
0.555778980255127,0.28972434997558594,0.266054630279541
0.43759629130363464,0.2175006866455078,0.22009560465812683
0.26537248492240906,0.30463218688964844,-0.03925970196723938
0.4369303584098816,0.24550628662109375,0.19142407178878784
0.1848490983247757,0.2012958526611328,-0.016446754336357117
0.18497297167778015,0.2997303009033203,-0.11475732922554016
0.3333515226840973,0.29352760314941406,0.03982391953468323
0.08579366654157639,0.1826648712158203,-0.09687120467424393
0.2247273325920105,0.22017860412597656,0.0045487284660339355
0.29166024923324585,0.31429100036621094,-0.022630751132965088
0.16880470514297485,0.18396377563476562,-0.015159070491790771
0.4893539249897003,0.26102638244628906,0.22832754254341125
0.33091065287590027,0.21683883666992188,0.1140718162059784
0.15436846017837524,0.2287006378173828,-0.07433217763900757
0.3968300223350525,0.2300281524658203,0.16680186986923218
0.25643405318260193,0.2270030975341797,0.02943095564842224
0.17635592818260193,0.2232646942138672,-0.04690876603126526
0.26344817876815796,0.30985069274902344,-0.04640251398086548
0.27188006043434143,0.1582164764404297,0.11366358399391174
0.17636220157146454,0.2746753692626953,-0.09831316769123077
0.07586953043937683,0.2310199737548828,-0.15515044331550598
0.3376113474369049,0.2918415069580078,0.045769840478897095
0.22251178324222565,0.3381786346435547,-0.11566685140132904
0.33985260128974915,0.2905864715576172,0.04926612973213196
0.25629109144210815,0.2181835174560547,0.03810757398605347
0.21437247097492218,0.2374248504638672,-0.023052379488945007
0.4693865180015564,0.3259754180908203,0.14341109991073608
0.2738608717918396,0.2323780059814453,0.04148286581039429
0.30942589044570923,0.2747783660888672,0.03464752435684204
0.2813552916049957,0.2544422149658203,0.026913076639175415
0.4798632562160492,0.32996177673339844,0.14990147948265076
0.22139041125774384,0.24462890625,-0.023238494992256165
0.24363216757774353,0.2381420135498047,0.005490154027938843
0.08872871845960617,0.13638877868652344,-0.04766006022691727
0.04578514024615288,0.2302989959716797,-0.1845138557255268
0.3162077069282532,0.3417243957519531,-0.02551668882369995
0.38375353813171387,0.3474407196044922,0.03631281852722168
0.21424470841884613,0.25930213928222656,-0.04505743086338043
0.28111129999160767,0.24085426330566406,0.040257036685943604
0.15894263982772827,0.17067527770996094,-0.011732637882232666
0.32140985131263733,0.1864185333251953,0.13499131798744202
0.30783918499946594,0.2562732696533203,0.05156591534614563
0.19691993296146393,0.24942970275878906,-0.052509769797325134
0.20495906472206116,0.27040863037109375,-0.06544956564903259
0.24294163286685944,0.25579261779785156,-0.012850984930992126
0.04023793339729309,0.16446876525878906,-0.12423083186149597
0.29597198963165283,0.23944664001464844,0.056525349617004395
0.42536431550979614,0.2257709503173828,0.19959336519241333
0.20358553528785706,0.1675434112548828,0.03604212403297424
0.2360275387763977,0.24669456481933594,-0.010667026042938232
0.134780153632164,0.21985816955566406,-0.08507801592350006
0.2620045840740204,0.20052528381347656,0.06147930026054382
0.1700039654970169,0.19254493713378906,-0.022540971636772156
0.19118578732013702,0.25820159912109375,-0.06701581180095673
0.2287783920764923,0.1612529754638672,0.06752541661262512
0.11039293557405472,0.2228565216064453,-0.1124635860323906
0.1909572035074234,0.16907691955566406,0.02188028395175934
0.27103331685066223,0.17807579040527344,0.0929575264453888
0.13892033696174622,0.21146774291992188,-0.07254740595817566
0.10942979902029037,0.2133197784423828,-0.10388997942209244
0.11365726590156555,0.11689949035644531,-0.0032422244548797607
0.17843694984912872,0.15264511108398438,0.025791838765144348
0.20333124697208405,0.15730667114257812,0.04602457582950592
0.16924698650836945,0.14398765563964844,0.02525933086872101
0.14554353058338165,0.13599777221679688,0.009545758366584778
0.1493370085954666,0.18735694885253906,-0.03801994025707245
0.28734615445137024,0.1492443084716797,0.13810184597969055
0.18584346771240234,0.2334766387939453,-0.04763317108154297
0.2489292323589325,0.2751903533935547,-0.026261121034622192
0.19826415181159973,0.23555564880371094,-0.037291496992111206
0.17858941853046417,0.18227577209472656,-0.00368635356426239
0.1756960153579712,0.18457794189453125,-0.008881926536560059
0.18334390223026276,0.13920021057128906,0.044143691658973694
0.11909350007772446,0.2560462951660156,-0.13695279508829117
0.17197513580322266,0.22311973571777344,-0.05114459991455078
0.18726816773414612,0.29792022705078125,-0.11065205931663513
0.1672939956188202,0.29561424255371094,-0.12832024693489075
0.13587795197963715,0.26630210876464844,-0.1304241567850113
0.198746919631958,0.29737281799316406,-0.09862589836120605
0.15156471729278564,0.3039379119873047,-0.15237319469451904
0.19334453344345093,0.1677417755126953,0.025602757930755615
0.15584233403205872,0.17913246154785156,-0.023290127515792847
0.20074240863323212,0.1980609893798828,0.002681419253349304
0.14625726640224457,0.16161155700683594,-0.01535429060459137
0.2280144989490509,0.2217998504638672,0.006214648485183716
0.3055918216705322,0.2701129913330078,0.035478830337524414
0.1015210896730423,0.2250194549560547,-0.12349836528301239
0.1553293615579605,0.22905540466308594,-0.07372604310512543
0.14914943277835846,0.2274322509765625,-0.07828281819820404
