y_true,y_pred,error
0.1980140209197998,0.26778022926967043,-0.06976620834987063
0.19588758051395416,0.21405932352817952,-0.01817174301422536
0.12316969037055969,0.28912269715975353,-0.16595300678919384
0.16956467926502228,0.2725011953460802,-0.10293651608105792
0.2567642629146576,0.24664979909282148,0.010114463821836117
0.12420417368412018,0.27881450569902144,-0.15461033201490126
0.11611462384462357,0.2200872101920929,-0.10397258634746934
0.26752811670303345,0.2290473128946799,0.03848080380835356
0.19082903861999512,0.26915747352253466,-0.07832843490253955
0.14334732294082642,0.29555807137378326,-0.15221074843295684
0.2302020788192749,0.24977631778488402,-0.019574238965609114
0.16584472358226776,0.1793926438715559,-0.01354792028928814
0.11944557726383209,0.16969826196691407,-0.05025268470308197
0.13037794828414917,0.24065053991660734,-0.11027259163245817
0.1162400171160698,0.20160053120580812,-0.08536051408973833
0.1143086701631546,0.27464276469975735,-0.16033409453660274
0.11499831825494766,0.2341466717199467,-0.11914835346499902
0.1342773139476776,0.16288071354135256,-0.028603399593674944
0.13548943400382996,0.20706114564746864,-0.07157171164363868
0.10688067972660065,0.20173221275930284,-0.09485153303270219
0.212638258934021,0.24170289317398513,-0.029064634239964138
0.10008861869573593,0.1806944744845163,-0.08060585578878038
0.13961318135261536,0.15905725968120532,-0.019444078328589964
0.09030739217996597,0.2590054030946221,-0.16869801091465614
0.32433342933654785,0.2618048563531524,0.06252857298339543
0.2589489817619324,0.24147784685742663,0.017471134904505747
0.3597305119037628,0.28262915861431265,0.07710135328945017
0.341968834400177,0.29690130636832845,0.04506752803184855
0.6053000092506409,0.26948021100855646,0.3358197982420844
0.4388579726219177,0.2443679686725326,0.19449000394938512
0.061728499829769135,0.2004734647942989,-0.13874496496452976
0.15484239161014557,0.22183479168219522,-0.06699240007204965
0.32817572355270386,0.4477030277632554,-0.11952730421055152
0.0026271420065313578,0.18505005029292176,-0.1824229082863904
0.5329645872116089,0.3600880294809588,0.17287655773065008
0.3113105297088623,0.4073306656646863,-0.09602013595582398
0.2499290406703949,0.2877875281549995,-0.037858487484604575
0.7381861805915833,0.31742436702037563,0.4207618135712076
0.2838161885738373,0.24050911776939282,0.04330707080444446
0.24602317810058594,0.18158832876637981,0.06443484933420612
0.23450802266597748,0.20100849565178974,0.033499527014187735
0.7095319628715515,0.29426869074475687,0.41526327212679465
0.27000218629837036,0.2352851097092675,0.03471707658910286
0.32772642374038696,0.2801536437146757,0.04757278002571125
0.31896987557411194,0.26607578062933285,0.05289409494477909
0.07347658276557922,0.22573404156270133,-0.1522574587971221
0.7027555704116821,0.33107719337123914,0.371678377040443
0.09874825924634933,0.15415622548059685,-0.05540796623424751
0.10207332670688629,0.21439189047702106,-0.11231856377013477
0.09885798394680023,0.25320005720166183,-0.1543420732548616
0.07608368247747421,0.2372269300168944,-0.1611432475394202
0.03721439465880394,0.3016584405208505,-0.26444404586204656
0.4018852412700653,0.35042324234395245,0.05146199892611286
0.1811537891626358,0.1004454854514733,0.0807083037111625
0.12970437109470367,0.2988061192157545,-0.16910174812105083
0.1162247508764267,0.22544902918287052,-0.10922427830644382
0.48865944147109985,0.2730260792986619,0.21563336217243795
0.2992415726184845,0.20850737786407664,0.09073419475440786
0.19884753227233887,0.19962943344536427,-0.0007819011730254011
0.44484543800354004,0.28141922847917117,0.16342620952436887
0.19039925932884216,0.27110770379068144,-0.08070844446183928
0.4939228594303131,0.27727018685417176,0.21665267257614135
0.6556395888328552,0.2380643352117937,0.4175752536210615
0.2443334311246872,0.34862548331455306,-0.10429205218986587
0.4154619574546814,0.28746116115063164,0.12800079630404976
0.3120524287223816,0.3536667263603465,-0.041614297637964925
0.0454380102455616,0.21589415043829172,-0.17045614019273012
0.2878204584121704,0.23751371439204327,0.050306744020127137
0.15808995068073273,0.29562690783528545,-0.13753695715455272
0.3170263171195984,0.21629949840438206,0.10072681871521633
0.12210467457771301,0.23102306633089661,-0.1089183917531836
0.15567615628242493,0.35680689197551824,-0.2011307356930933
0.394761860370636,0.27395067766112813,0.12081118270950786
0.243408665060997,0.1755013273807267,0.0679073376802703
0.27483195066452026,0.22869710742201393,0.04613484324250633
0.12112244218587875,0.14875355479110902,-0.027631112605230268
0.3135257959365845,0.21252218330217634,0.10100361263440813
0.507865309715271,0.2772671767884928,0.23059813292677822
0.12286747992038727,0.26557497765881605,-0.14270749773842878
0.38156434893608093,0.2242689176154892,0.15729543132059173
0.30109935998916626,0.2853886158725201,0.015710744116646136
0.11653300374746323,0.3036463903672805,-0.1871133866198173
0.2633899450302124,0.20474688919402245,0.05864305583618995
0.31448712944984436,0.22548540051238466,0.0890017289374597
0.7093752026557922,0.24788606139582434,0.46148914125996787
0.4285915195941925,0.21667842056657832,0.21191309902761418
0.30459466576576233,0.30352454027150905,0.0010701254942532823
0.46297502517700195,0.23780189565981474,0.2251731295171872
0.4052425026893616,0.33769937368883357,0.067543129000528
0.013369043357670307,0.15823247613582486,-0.14486343277815455
0.097601018846035,0.1863306843616348,-0.0887296655155998
0.02113288827240467,0.17260392713469336,-0.1514710388622887
0.28348180651664734,0.2869953766950768,-0.0035135701784294593
0.17562609910964966,0.3684599620957946,-0.19283386298614497
0.40347352623939514,0.19638858636338735,0.2070849398760078
0.28005659580230713,0.28868165114947836,-0.008625055347171229
0.450464129447937,0.33087985648573687,0.11958427296220014
0.050892554223537445,0.1986897993269974,-0.14779724510345996
0.39223310351371765,0.252218589110181,0.14001451440353663
0.32399600744247437,0.299063636966066,0.02493237047640834
0.02266893908381462,0.2183234896976598,-0.19565455061384518
0.2044953852891922,0.28551964222366694,-0.08102425693447474
0.027423379942774773,0.15460015774522523,-0.12717677780245046
0.10964908450841904,0.2532176781522128,-0.14356859364379376
0.05601054057478905,0.2494584361542823,-0.19344789557949324
0.7941213846206665,0.5078722009223143,0.28624918369835217
0.2847379148006439,0.2898811431073301,-0.005143228306686176
0.7629197239875793,0.2856877981556362,0.4772319258319431
0.4425988495349884,0.2738781689079012,0.16872068062708723
0.11184344440698624,0.3345079898031444,-0.22266454539615815
0.22017982602119446,0.22815924911216223,-0.007979423090967774
0.1636698991060257,0.29462193566153944,-0.13095203655551374
0.23096570372581482,0.1987705229638692,0.03219518076194561
0.4184609055519104,0.22285280962483214,0.19560809592707826
0.19606278836727142,0.3040280801676409,-0.10796529180036946
0.08208159357309341,0.24570674587186403,-0.16362515229877062
0.46764281392097473,0.339156394866937,0.12848641905403774
0.4598454535007477,0.2568542687827947,0.20299118471795297
0.5381526350975037,0.32197655189860336,0.2161760831989003
0.2704567313194275,0.2656468175421709,0.004809913777256591
0.10907219350337982,0.21657328647759305,-0.10750109297421323
0.045427560806274414,0.2128746128206769,-0.1674470520144025
0.43837428092956543,0.34001964622862674,0.09835463470093869
0.05709945037961006,0.1598774914490254,-0.10277804106941535
0.145788311958313,0.25689327666475964,-0.11110496470644665
0.2048938274383545,0.14834013936757112,0.05655368807078337
0.12483980506658554,0.17803437985579848,-0.05319457478921294
0.1317903846502304,0.1974966430947852,-0.0657062584445548
0.1594322919845581,0.20446158045314408,-0.045029288468585976
0.16704224050045013,0.22892319575694098,-0.061880955256490844
0.15351451933383942,0.20999694094173466,-0.05648242160789524
0.11215610802173615,0.25219621535501097,-0.14004010733327482
0.18636302649974823,0.3008645981056492,-0.11450157160590096
0.08855976909399033,0.27679316949145183,-0.1882334003974615
0.2335667610168457,0.34668387218215463,-0.11311711116530893
0.07012194395065308,0.16967460326691736,-0.09955265931626428
0.16994191706180573,0.16982538991885004,0.00011652714295568023
0.14477889239788055,0.24126540366442495,-0.0964865112665444
0.18650124967098236,0.23000396558847921,-0.043502715917496854
0.08288578689098358,0.27857723007173363,-0.19569144318075005
0.14351274073123932,0.24344194550002257,-0.09992920476878325
0.17807042598724365,0.16030730598773374,0.017763119999509913
0.13198891282081604,0.17646145250003656,-0.04447253967922052
0.18972770869731903,0.3101733190434954,-0.12044561034617635
0.2443254142999649,0.21555755167438057,0.02876786262558434
0.16349361836910248,0.23007016189394452,-0.06657654352484205
0.1782282292842865,0.24380589389146787,-0.06557766460718137
0.1563212275505066,0.18846895316083767,-0.03214772561033108
0.1854267418384552,0.3140404340491125,-0.12861369221065733
0.16649258136749268,0.3722065062251412,-0.2057139248576485
0.24472664296627045,0.29027934403333444,-0.045552701067063994
0.1495019793510437,0.18060390999607856,-0.03110193064503486
0.144684836268425,0.25071306246434083,-0.10602822619591584
0.18888653814792633,0.1885669162043163,0.00031962194361004337
0.1440850794315338,0.23442874844984873,-0.09034366901831492
0.18590563535690308,0.28108916542996637,-0.0951835300730633
0.2439596801996231,0.2654001922500164,-0.021440512050393268
0.13299550116062164,0.2332385239925867,-0.10024302283196507
0.07991817593574524,0.15379678749989745,-0.07387861156415221
0.1360391080379486,0.22375379641796173,-0.08771468838001312
0.2539463937282562,0.1564095608184884,0.09753683290976783
0.11281441152095795,0.20243923730871266,-0.08962482578775471
0.22075696289539337,0.18043611538872545,0.04032084750666792
0.14559738337993622,0.2434907909097534,-0.09789340752981718
0.13881231844425201,0.24178969467758082,-0.10297737623332881
0.10930344462394714,0.1989422766495544,-0.08963883202560727
0.17148734629154205,0.20276127086273305,-0.03127392457119099
0.11606415361166,0.27917669035514864,-0.16311253674348863
0.13635258376598358,0.27556082194385656,-0.13920823817787298
0.10682280361652374,0.18601948172084737,-0.07919667810432363
0.166116401553154,0.2528170155920839,-0.08670061403892992
0.1780216246843338,0.22191425345214916,-0.043892628767815356
0.1454685479402542,0.2915887170956808,-0.14612016915542658
0.2315482795238495,0.19559557153058982,0.03595270799325967
0.13827940821647644,0.27188058533941845,-0.133601177122942
0.1611512005329132,0.20625188227848834,-0.04510068174557513
0.26002445816993713,0.24496064217758012,0.01506381599235701
0.10672590881586075,0.1902856467817654,-0.08355973796590466
0.12401193380355835,0.2865478174708455,-0.16253588366728716
0.20175902545452118,0.2325586054301017,-0.030799579975580527
0.10068097710609436,0.24526718165091432,-0.14458620454481996
0.19794325530529022,0.2574146985685556,-0.05947144326326537
0.11709970980882645,0.2892013995608291,-0.17210168975200263
0.1604301929473877,0.24639292899602097,-0.08596273604863328
0.1703180968761444,0.3726877941124817,-0.2023696972363373
0.15233375132083893,0.22261288062778645,-0.07027912930694752
0.18675488233566284,0.2579490332593748,-0.07119415092371195
0.16104847192764282,0.19382526945579237,-0.03277679752814955
0.1304928958415985,0.18821973112151874,-0.05772683527992023
0.12622089684009552,0.1943751070077651,-0.0681542101676696
0.08675725758075714,0.17290227431321453,-0.08614501673245739
0.13326196372509003,0.19066585565805697,-0.05740389193296694
0.18391159176826477,0.1682045074474042,0.01570708432086057
0.107634998857975,0.1926304270149028,-0.08499542815692779
0.21083949506282806,0.23310353747173113,-0.022264042408903062
0.1343933343887329,0.20422213054255123,-0.06982879615381832
0.26415538787841797,0.24199471265262193,0.02216067522579604
0.16984787583351135,0.3082238425004516,-0.13837596666694024
0.14773604273796082,0.13447905546841732,0.013256987269543496
0.1399652063846588,0.24262547060385894,-0.10266026421920013
0.17349469661712646,0.12645880463008016,0.0470358919870463
0.17845289409160614,0.3000051374934121,-0.12155224340180598
0.10765589773654938,0.20835267846379904,-0.10069678072724966
0.12705683708190918,0.18170484249635074,-0.054648005414441564
0.14830030500888824,0.24822922367188632,-0.09992891866299808
0.3218217194080353,0.2005461994982038,0.12127551990983149
0.1141534075140953,0.271496027618267,-0.15734262010417172
0.13126416504383087,0.1745363793809728,-0.04327221433714193
0.1235995963215828,0.2894993119940543,-0.16589971567247153
0.10750763863325119,0.23118268963604,-0.1236750510027888
0.0794094130396843,0.2337894028154533,-0.154379989775769
0.1771157830953598,0.21874474054112852,-0.04162895744576872
0.08331223577260971,0.17353277680602203,-0.09022054103341232
0.18922655284404755,0.17940167346364902,0.009824879380398527
0.11824431270360947,0.24476792718976412,-0.12652361448615465
0.12497889995574951,0.2255852093935971,-0.1006063094378476
0.11859959363937378,0.2999092071772896,-0.1813096135379158
0.14641568064689636,0.2325780037305399,-0.08616232308364355
0.17409592866897583,0.2336176426654492,-0.05952171399647338
0.06019311398267746,0.23013133964729995,-0.1699382256646225
0.10975424200296402,0.33159371082538686,-0.22183946882242284
0.06349509954452515,0.27307516743411725,-0.2095800678895921
0.09460272639989853,0.31788477640875984,-0.2232820500088613
0.16553793847560883,0.16817226928471274,-0.002634330809103913
0.2028733640909195,0.2683150288740634,-0.0654416647831439
0.09083051979541779,0.24829579993061554,-0.15746528013519775
0.27976468205451965,0.23972257306840472,0.04004210898611493
0.15909071266651154,0.2771572541636912,-0.11806654149717966
0.1577688753604889,0.2529579089255225,-0.09518903356503361
0.08075737953186035,0.18022212445639205,-0.0994647449245317
0.11103428155183792,0.26106760949277846,-0.15003332794094054
0.07874588668346405,0.13675805147067793,-0.05801216478721388
0.1128733679652214,0.29842987608381916,-0.18555650811859775
0.14495277404785156,0.18670092500074895,-0.041748150952897384
0.4353187680244446,0.24587115012807487,0.1894476178963697
0.24249957501888275,0.28058862885676056,-0.038089053837877807
0.4031496047973633,0.28191071805025214,0.12123888674711114
0.3191579580307007,0.2729503758300201,0.04620758220068061
0.3508172333240509,0.24712507447922277,0.10369215884482813
0.1568591147661209,0.2067000474478838,-0.0498409326817629
0.7161799073219299,0.2661639070434991,0.4500160002784308
0.3019479215145111,0.24519209810509596,0.05675582340941515
0.36096352338790894,0.20736513811813653,0.1535983852697724
0.440723180770874,0.17723637228231823,0.26348680848855577
0.27999696135520935,0.32122275001456785,-0.0412257886593585
0.16885493695735931,0.23213339477071343,-0.06327845781335412
0.14388932287693024,0.2379604281568284,-0.09407110527989818
0.27484020590782166,0.2628050702380525,0.01203513566976916
0.03728754073381424,0.16397822063543271,-0.12669067990161847
0.10393330454826355,0.254354430590611,-0.15042112604234747
0.030850756913423538,0.2520244115683612,-0.22117365465493766
0.12054554373025894,0.20590601651741908,-0.08536047278716014
0.2898663282394409,0.276942789139096,0.012923539100344938
0.06509622186422348,0.21706615130869103,-0.15196992944446755
0.16026341915130615,0.21039842443218956,-0.05013500528088341
0.6035780310630798,0.2795282119535439,0.32404981910953595
0.03752046823501587,0.27140890461153805,-0.23388843637652218
0.1638161838054657,0.1873410988251219,-0.0235249150196562
0.20399382710456848,0.33593578578594824,-0.13194195868137976
0.019077416509389877,0.24098127142277845,-0.22190385491338857
0.07330939173698425,0.3011622708542904,-0.22785287911730617
0.7622718811035156,0.2992002684281191,0.46307161267539654
0.17406174540519714,0.2419208065592917,-0.06785906115409457
0.18348398804664612,0.21777487468129642,-0.0342908866346503
0.2144431471824646,0.2106396857514068,0.0038034614310578085
0.1594191938638687,0.32280804048918355,-0.16338884662531483
0.40769505500793457,0.30467703355453835,0.10301802145339622
0.15244950354099274,0.20291684509815702,-0.050467341557164286
0.5611045956611633,0.31935874210462306,0.24174585355654027
0.34159570932388306,0.3072452415091254,0.034350467814757646
0.4244348704814911,0.25985374038152437,0.16458113009996672
0.13545672595500946,0.20979660241353185,-0.07433987645852239
0.22051942348480225,0.23225275608921261,-0.011733332604410368
0.3728600740432739,0.2539701464212038,0.11888992762207012
0.27180469036102295,0.22078336180032815,0.0510213285606948
0.12285702675580978,0.32046774430759917,-0.19761071755178938
0.06493426114320755,0.22315796168087687,-0.15822370053766932
0.1653544157743454,0.16410806330184455,0.0012463524725008501
0.4377921521663666,0.23236715403678035,0.20542499812958623
0.35613593459129333,0.32222021588819766,0.033915718703095676
0.3982488811016083,0.2658535285792325,0.13239535252237578
0.20623520016670227,0.19900172901602436,0.007233471150677906
0.03886538743972778,0.198375693828389,-0.1595103063886612
0.4020397961139679,0.21962059427718705,0.18241920183678084
0.20717564225196838,0.31523344240661816,-0.10805780015464977
0.34004920721054077,0.21211274775818978,0.127936459452351
0.5553365349769592,0.29062309756674426,0.26471343741021497
0.0553126186132431,0.2477484644046576,-0.19243584579141448
0.3986855745315552,0.2613065458183254,0.13737902871322977
0.7329406142234802,0.30632600440214014,0.4266146098213401
0.08386015892028809,0.2664896092442472,-0.1826294503239591
0.6284787654876709,0.23868526304428905,0.38979350244338185
0.10934910178184509,0.30913812469417984,-0.19978902291233475
0.3983198404312134,0.26369066178399386,0.13462917864721952
0.05196142941713333,0.2398682584254492,-0.18790682900831587
0.15207332372665405,0.36917046402096526,-0.2170971402943112
0.34223833680152893,0.2056497133773521,0.13658862342417682
0.6162635087966919,0.2923162430457335,0.3239472657509584
0.31317049264907837,0.20903733441112402,0.10413315823795435
0.41680991649627686,0.28290331780315997,0.13390659869311689
0.5442467927932739,0.22551785782761213,0.3187289349656618
0.03542537987232208,0.1730992556409003,-0.13767387576857823
0.09172631800174713,0.23356978897688715,-0.14184347097514002
0.43557167053222656,0.2526203658034465,0.18295130472878007
0.38176289200782776,0.26791303899227586,0.1138498530155519
0.3799499273300171,0.3222631553952003,0.057686771934816805
0.5224682092666626,0.26094313920418644,0.26152507006247616
0.4427346885204315,0.26764597984326916,0.17508870867716236
0.2446887046098709,0.2402746161553958,0.004414088454475107
0.11346612870693207,0.2779900953690162,-0.16452396666208413
0.3338004946708679,0.3124937306319974,0.021306764038870496
0.12699495255947113,0.3440601918697869,-0.2170652393103158
0.14065003395080566,0.2498352167393589,-0.10918518278855324
0.2823898494243622,0.256129560246738,0.026260289177624185
0.6831496357917786,0.21425432987595996,0.4688953059158186
0.6706082224845886,0.3115828610378462,0.3590253614467424
0.36504921317100525,0.2839113848274541,0.08113782834355115
0.1252843141555786,0.33018759966254224,-0.20490328550696363
0.7880607843399048,0.3862663767215323,0.4017944076183725
0.3055873513221741,0.302921971343502,0.0026653799786720556
0.5827764868736267,0.2970747932548528,0.2857016936187739
0.03853100910782814,0.17006537814143616,-0.13153436903360802
0.21381837129592896,0.2465638786452628,-0.03274550734933385
0.21687260270118713,0.22392545889255652,-0.007052856191369389
0.4933564066886902,0.285716128317854,0.2076402783708362
0.08663967996835709,0.26644793548661566,-0.17980825551825858
0.27349749207496643,0.2631256217575909,0.01037187031737552
0.4184609055519104,0.3238847094305461,0.09457619612136431
0.48887887597084045,0.2400864123777305,0.24879246359310994
0.21746300160884857,0.2875378520807381,-0.07007485047188955
0.14975358545780182,0.33734253713814644,-0.18758895168034462
0.32765108346939087,0.21778968619376743,0.10986139727562344
0.27261972427368164,0.30916160305847634,-0.0365418787847947
0.18286007642745972,0.279273932343395,-0.09641385591593526
0.14949016273021698,0.3126192359595051,-0.1631290732292881
0.12450802326202393,0.26461085032843407,-0.14010282706641014
0.2077055126428604,0.26973743214401796,-0.06203191950115755
0.5253021717071533,0.2474348385181227,0.2778673331890306
0.31331679224967957,0.3498277613725222,-0.03651096912284263
0.3331077992916107,0.24284836070762195,0.09025943858398877
0.1405581831932068,0.3221726183106905,-0.1816144351174837
0.4876928925514221,0.341765571350446,0.14592732120097612
0.0800461620092392,0.19187908734391262,-0.11183292533467343
0.035249922424554825,0.2388423520253557,-0.20359242960080087
0.3950909972190857,0.26895088338982165,0.12614011382926404
0.04384971410036087,0.32865392157626167,-0.2848042074759008
0.11842651665210724,0.27734590104895357,-0.15891938439684633
0.2761799097061157,0.17226859553823456,0.10391131416788116
0.16837731003761292,0.29266403165756044,-0.12428672161994753
0.1453126221895218,0.25113533529729676,-0.10582271310777497
0.48551419377326965,0.2394068521708469,0.24610734160242276
0.15606801211833954,0.3448641957669984,-0.18879618364865886
0.3013000786304474,0.19166763156451658,0.10963244706593081
0.11608891189098358,0.2690618088838636,-0.15297289699288003
0.09519767761230469,0.24591219023924663,-0.15071451262694194
0.5179175138473511,0.2304364211187521,0.287481092728599
0.26468566060066223,0.21751623767416156,0.04716942292650067
0.08142547309398651,0.09396536093939142,-0.012539887845404912
0.43925201892852783,0.26534134299061457,0.17391067593791326
0.38542014360427856,0.18559382014677667,0.1998263234575019
0.5230534076690674,0.24011542287682203,0.28293798479224536
0.2452394664287567,0.2801603615928963,-0.0349208951641396
0.3154515027999878,0.26837781405765565,0.04707368874233214
0.04482150077819824,0.18989840496603444,-0.1450769041878362
0.680550754070282,0.194140394861982,0.4864103592083
0.045082733035087585,0.2687471063698945,-0.22366437333480693
0.023481804877519608,0.21610902763404993,-0.19262722275653033
0.4919792711734772,0.2245490544874581,0.2674302166860191
0.0680481567978859,0.277355413592653,-0.20930725679476708
0.20465430617332458,0.14665911269351056,0.05799519347981402
0.5252372622489929,0.2772620455307095,0.24797521671828343
0.4309583008289337,0.3626494972881618,0.0683088035407719
0.2763606011867523,0.2797834445293335,-0.0034228433425811944
0.2205141931772232,0.2689742809821725,-0.048460087804949314
0.3235466778278351,0.27874043002670973,0.044806247801125354
0.7690408229827881,0.3567961327491694,0.4122446902336187
0.300994873046875,0.2945737641586134,0.006421108888261584
0.11894157528877258,0.2376438971505777,-0.11870232186180513
0.25266677141189575,0.3323795032419356,-0.07971273183003985
0.08863550424575806,0.2764554223441908,-0.18781991809843274
0.4545423984527588,0.2961654352414889,0.15837696321126987
0.12187479436397552,0.23023922771441066,-0.10836443335043514
0.24863550066947937,0.2562403873701729,-0.007604886700693536
0.301287442445755,0.24298719052447926,0.05830025192127575
0.0317210927605629,0.23752424034050545,-0.20580314757994256
0.5894274711608887,0.35609745168340473,0.23333001947748394
0.23255400359630585,0.30201106777286996,-0.06945706417656411
0.35971179604530334,0.2021730323235018,0.15753876372180153
0.08119558542966843,0.2367728171732779,-0.15557723174360946
0.23949016630649567,0.30055865707673396,-0.06106849077023829
0.5833145976066589,0.2556965554283544,0.32761804217830454
0.034079596400260925,0.15781106898804043,-0.1237314725877795
0.2516762614250183,0.2789439283649182,-0.027267666939899904
0.31511190533638,0.28439259824836727,0.030719307088012737
0.34459465742111206,0.22755385204895012,0.11704080537216194
0.4604327976703644,0.3565003346650986,0.10393246300526576
0.26651209592819214,0.3028300642332599,-0.03631796830506778
0.636297881603241,0.283940766350462,0.35235711525277896
0.19057689607143402,0.28073060697719443,-0.09015371090576041
0.08229276537895203,0.15292091403849206,-0.07062814865954004
0.6633407473564148,0.29085095983775033,0.37248978751866446
0.15641283988952637,0.2508540562307016,-0.09444121634117525
0.2414359152317047,0.2739128012241776,-0.03247688599247289
0.3913971781730652,0.29378066070611786,0.09761651746694733
0.02566048875451088,0.1651613446434572,-0.1395008558889463
0.04015369713306427,0.27187769061495753,-0.23172399348189326
0.22634710371494293,0.27287895573411186,-0.04653185201916893
0.3535989224910736,0.29923066155575534,0.05436826093531827
0.39987897872924805,0.21648376094036315,0.1833952177888849
0.041590478271245956,0.22853013719957097,-0.186939658928325
0.4460941255092621,0.29974015342209154,0.14635397208717055
0.08996256440877914,0.2022670867313816,-0.11230452232260246
0.40085381269454956,0.20794333823832473,0.19291047445622483
0.05289141833782196,0.19095774355196263,-0.13806632521414067
0.3624682128429413,0.19343440640710713,0.16903380643583416
0.2979145050048828,0.2751583097707461,0.02275619523413669
0.528478741645813,0.2593076552982723,0.26917108634754067
0.033345963805913925,0.3466359894054441,-0.3132900255995302
0.26146507263183594,0.24328821953065266,0.018176853101183277
0.24486634135246277,0.23912442730077815,0.005741914051684616
0.1560889035463333,0.3237675170107282,-0.1676786134643949
0.24810563027858734,0.24692040162960527,0.001185228648982073
0.12016414850950241,0.2217351215649787,-0.1015709730554763
0.11892589926719666,0.25952252801848685,-0.1405966287512902
0.4001275599002838,0.22313975615239187,0.17698780374789194
0.2470293492078781,0.3184995412652995,-0.07147019205742139
0.2982906699180603,0.14851115751285593,0.14977951240520437
0.37903040647506714,0.25541600482994364,0.1236144016451235
0.7487848401069641,0.23891948770769966,0.5098653523992644
0.21887584030628204,0.24924302370227996,-0.03036718339599792
0.5390952825546265,0.3097923192084943,0.22930296334613215
0.2724704146385193,0.287723876515615,-0.015253461877095698
0.06638889759778976,0.30872856877100446,-0.2423396711732147
0.35900425910949707,0.2983690499699214,0.06063520913957565
0.023748261854052544,0.16262050355470403,-0.1388722417006515
0.35469916462898254,0.28812505604970823,0.06657410857927432
0.13744427263736725,0.18777386635626475,-0.0503295937188975
0.06583290547132492,0.23736803736600245,-0.17153513189467753
0.027998093515634537,0.283614763106232,-0.2556166695905975
0.37674418091773987,0.2896747391528194,0.08706944176492049
0.19733759760856628,0.2327226180456549,-0.035385020437088605
0.1864285171031952,0.16075384801970832,0.025674669083486867
0.08327804505825043,0.2771027031570539,-0.19382465809880345
0.2068099081516266,0.2557100094092885,-0.04890010125766192
0.2124577760696411,0.3517030587300836,-0.1392452826604425
0.44186434149742126,0.21367871850988845,0.2281856229875328
0.15327803790569305,0.223479738546805,-0.07020170064111195
0.18965953588485718,0.23559547037651019,-0.04593593449165301
0.23405128717422485,0.265694959554088,-0.03164367237986315
0.5019405484199524,0.24360396380751034,0.258336584612442
0.10575149208307266,0.19199900455958868,-0.08624751247651602
0.25582462549209595,0.2164715945963938,0.039353030895702135
0.2355925738811493,0.2419065831373082,-0.006314009256158909
0.06246299669146538,0.2975543845041796,-0.23509138781271421
0.4680847227573395,0.24731864689655664,0.22076607586078284
0.6014254689216614,0.34591044232135854,0.25551502660030284
0.19794365763664246,0.22830560216961415,-0.030361944532971696
0.2919061481952667,0.26796243288300536,0.02394371531226136
0.3890460729598999,0.3326051509340547,0.05644092202584522
0.2298058271408081,0.2652899277000264,-0.0354841005592183
0.10971178114414215,0.2375654354057739,-0.12785365426163176
0.06473049521446228,0.22931232815088923,-0.16458183293642695
0.1684609055519104,0.26919556104542564,-0.10073465549351523
0.3198506534099579,0.31309972985556606,0.00675092355439183
0.20684649050235748,0.23568111309661863,-0.028834622594261144
0.3274233937263489,0.27089706766331095,0.056526326063037924
0.2658851444721222,0.24639531439040635,0.019489830081715842
0.7231287360191345,0.32158213371018435,0.4015466023089502
0.2889990508556366,0.266596070376495,0.022402980479141577
0.3470711410045624,0.2818946039952826,0.06517653700927978
0.4242049753665924,0.2811257594203935,0.14307921594619893
0.11495734006166458,0.23730492252286617,-0.12234758246120159
0.18194052577018738,0.1930306355966571,-0.011090109826469713
0.4623114764690399,0.3167408554554612,0.1455706210135787
0.49310562014579773,0.30280174958975165,0.19030387055604608
0.24360938370227814,0.2007232511578374,0.042886132544440736
0.46513497829437256,0.3200055652110721,0.14512941308330046
0.3580115735530853,0.19116132161597948,0.16685025193710584
0.19554249942302704,0.29952802499861136,-0.10398552557558433
0.27610981464385986,0.2796574144812577,-0.00354759983739783
0.5793774127960205,0.4172732689919085,0.16210414380411203
0.1325727105140686,0.27172013062831,-0.13914742011424142
0.4214859902858734,0.3508825817520465,0.0706034085338269
0.30056121945381165,0.2327453561547317,0.06781586329907996
0.179798424243927,0.24280556758491673,-0.06300714334098972
0.17021334171295166,0.16689789626339258,0.0033154454495590846
0.4520210921764374,0.3754788737674936,0.07654221840894376
0.3163784444332123,0.37370843189743325,-0.057329987464220966
0.03762191906571388,0.4217644799363673,-0.3841425608706534
0.08135232329368591,0.2111648331350987,-0.1298125098414128
0.41598963737487793,0.2993551337807386,0.11663450359413935
0.3029070794582367,0.28264224636738206,0.02026483309085464
0.05186434090137482,0.3206535324409649,-0.2687891915395901
0.043745219707489014,0.22893585077506534,-0.18519063106757633
0.1694222390651703,0.23031814213233182,-0.06089590306716153
0.151856929063797,0.28383400615968724,-0.13197707709589024
0.08493643999099731,0.28136851226576065,-0.19643207227476334
0.08268243074417114,0.26577495144962815,-0.183092520705457
0.285040944814682,0.23981678046454807,0.04522416435013393
0.5463052988052368,0.28475436945442384,0.261550929350813
0.6390952467918396,0.21225592243754676,0.42683932435429284
0.06946926563978195,0.28247740625548895,-0.213008140615707
0.4914180636405945,0.23508314369793562,0.2563349199426589
0.18351837992668152,0.23967428640280097,-0.056155906476119455
0.6092341542243958,0.2944361780723317,0.31479797615206406
0.3639938235282898,0.2451807114259298,0.11881311210236001
0.3458067774772644,0.23342542415214496,0.11238135332511945
0.37345263361930847,0.26156126791731227,0.1118913657019962
0.09054772555828094,0.17898214230474263,-0.08843441674646169
0.30074408650398254,0.2715350434414729,0.029209043062509654
0.5599499344825745,0.3697208719731025,0.19022906250947197
0.30223309993743896,0.3910618064433807,-0.08882870650594171
0.4389907717704773,0.3211790218944321,0.1178117498760452
0.07081200182437897,0.2008522540138471,-0.13004025218946813
0.14805860817432404,0.28842361581926823,-0.1403650076449442
0.23611503839492798,0.23371678102668375,0.0023982573682442276
0.16947971284389496,0.26219795872117746,-0.0927182458772825
0.3593878448009491,0.22137284169564653,0.13801500310530257
0.47036269307136536,0.2766160414716509,0.19374665159971444
0.3048349916934967,0.25005394741035775,0.05478104428313896
0.07123738527297974,0.3173389300699783,-0.24610154479699858
0.34426549077033997,0.347950744612401,-0.0036852538420610315
0.2879144847393036,0.28132760207266916,0.0065868826666344304
0.32473790645599365,0.23168995585686017,0.09304795059913348
0.09922893345355988,0.25321940578644025,-0.15399047233288038
0.05645159259438515,0.15159455268282773,-0.09514296008844259
0.2809656858444214,0.25871463849170984,0.02225104735271155
0.5101611018180847,0.26026583881597576,0.24989526300210896
0.39045149087905884,0.20637072711139065,0.1840807637676682
0.1688997745513916,0.17744450405269593,-0.008544729501304332
0.2955006957054138,0.21138054227490433,0.08412015343050949
0.23207637667655945,0.25838320224832106,-0.026306825571761616
0.36438044905662537,0.287065655122548,0.07731479393407736
0.0486176460981369,0.31561682577008215,-0.26699917967194525
0.4273114800453186,0.4023803529009918,0.024931127144326826
0.13095307350158691,0.31481455441289635,-0.18386148091130944
0.19889673590660095,0.23483946563041003,-0.035942729723809075
0.07190395891666412,0.29066563278496166,-0.21876167386829753
0.11800853908061981,0.20170819333657308,-0.08369965425595327
0.18428859114646912,0.17466440810170103,0.009624183044768087
0.3558873236179352,0.2468528934198236,0.10903443019811157
0.35055816173553467,0.1649563115894328,0.18560185014610187
0.5602529644966125,0.19268249939567658,0.36757046510093594
0.09003875404596329,0.2657005738294442,-0.1756618197834809
0.03463122993707657,0.18473674381745459,-0.15010551388037802
0.1836407333612442,0.19368510536407074,-0.01004437200282654
0.08240770548582077,0.1080041638189844,-0.025596458333163624
0.3600910007953644,0.2688910051229888,0.09119999567237558
0.2798580825328827,0.24787406445903684,0.03198401807384585
0.05880269035696983,0.17706950007023628,-0.11826680971326645
0.6246469020843506,0.3623709887638212,0.2622759133205294
0.21083290874958038,0.22161151592824896,-0.010778607178668576
0.5442394018173218,0.261718885084827,0.2825205167324948
0.2928674817085266,0.1955963166846061,0.09727116502392052
0.5251976847648621,0.25096483702565714,0.2742328477392049
0.13501262664794922,0.3165272390412847,-0.1815146123933355
0.29613593220710754,0.3092831891719841,-0.013147256964876564
0.07934605330228806,0.28948748523250484,-0.21014143193021678
0.4040983021259308,0.2530805681412672,0.15101773398466356
0.4101223349571228,0.21768811181433956,0.19243422314278325
0.1779332160949707,0.22981836880108952,-0.05188515270611882
0.13497605919837952,0.2190615585004255,-0.08408549930204598
0.2778204679489136,0.2562618088312167,0.021558659117696888
0.01151951402425766,0.22924671021188983,-0.21772719618763217
0.1004149317741394,0.21809744861632988,-0.11768251684219047
0.41054555773735046,0.3186907076224185,0.09185485011493194
0.18205547332763672,0.23404922433836967,-0.05199375101073295
0.43886321783065796,0.2987634253090646,0.14009979252159338
0.10998650640249252,0.24674801678529876,-0.13676151038280623
0.20813697576522827,0.34545974786373007,-0.1373227720985018
0.7429197430610657,0.3402486299788781,0.40267111308218756
0.4871756434440613,0.28461040495511314,0.20256523848894814
0.30515891313552856,0.2423246163673651,0.06283429676816346
0.46205243468284607,0.3043819142282643,0.15767052045458174
0.4660627841949463,0.22080965200222608,0.2452531321927202
0.2821987271308899,0.3134917879249977,-0.03129306079410782
0.7012770175933838,0.215084497806455,0.4861925197869288
0.36534395813941956,0.2660723652363646,0.09927159290305493
0.07113289088010788,0.2574269143337492,-0.18629402345364132
0.32231149077415466,0.30232798361453667,0.019983507159617997
0.10789360105991364,0.2605945303978942,-0.15270092933798057
0.3588632047176361,0.2690025813905073,0.0898606233271288
0.10217782109975815,0.26369080187934424,-0.1615129807795861
0.08259883522987366,0.31233750956666534,-0.22973867433679168
0.6404306292533875,0.37065644744859455,0.2697741818047929
0.1985727995634079,0.18176855436384726,0.01680424519956064
0.4123898446559906,0.2175492526305194,0.1948405920254712
0.07410354167222977,0.24104258419715396,-0.1669390425249242
0.3249708414077759,0.18034162552222588,0.14462921588555
0.18994992971420288,0.281785500690101,-0.09183557097589812
0.11538880318403244,0.3250991422156951,-0.20971033903166264
0.1851380169391632,0.29626959513562234,-0.11113157819645914
0.5952999591827393,0.2562103147825944,0.3390896444001449
0.29115161299705505,0.2242693601697004,0.06688225282735466
0.7403700947761536,0.25410866099385115,0.4862614337823024
0.630861222743988,0.24673491817757798,0.38412630456641006
0.01107019279152155,0.22724751735213744,-0.2161773245606159
0.14927595853805542,0.18758318040380204,-0.038307221865746616
0.09941179305315018,0.31181926808935306,-0.2124074750362029
0.48965734243392944,0.28242931981436986,0.20722802261955958
0.2845184803009033,0.3368821906435135,-0.05236371034261017
0.21601054072380066,0.2859268085371562,-0.06991626781335553
0.43593958020210266,0.15732574508415903,0.27861383511794363
0.26645463705062866,0.21235557196446433,0.05409906508616433
0.16881617903709412,0.2450162076340272,-0.07620002859693309
0.13755181431770325,0.25992622974325563,-0.12237441542555239
0.048753488808870316,0.2747003434152681,-0.2259468546063978
0.4973606765270233,-0.008108136198721451,0.5054688127257447
0.28347134590148926,0.26420953759808957,0.019261808303399686
0.28011929988861084,0.18865224840819134,0.0914670514804195
0.18411920964717865,0.24414508395504,-0.060025874307861354
0.12396769970655441,0.17767720944280774,-0.053709509736253325
0.33821752667427063,0.2375506227130902,0.10066690396118044
0.09662923216819763,0.26832610303154714,-0.1716968708633495
0.2835048735141754,0.3079474359434036,-0.02444256242922821
0.00776820769533515,0.231368393004117,-0.22360018530878184
0.5159687399864197,0.30089986204938196,0.21506887793703772
0.6165539026260376,0.3951368069243533,0.22141709570168427
0.4326898455619812,0.23309802907445065,0.19959181648753055
0.07209422439336777,0.22153732078329352,-0.14944309638992576
0.4698820114135742,0.33065943443849993,0.13922257697507429
0.21632924675941467,0.2191492095835324,-0.0028199628241177277
0.43771594762802124,0.28309950630170816,0.15461644132631308
0.4746856689453125,0.20307781957180582,0.2716078493735067
0.22788096964359283,0.21092309013417776,0.016957879509415075
0.41978493332862854,0.2028906281651056,0.21689430516352293
0.5321050882339478,0.22850387103035255,0.30360121720359523
0.4348195195198059,0.23287469132477484,0.20194482819503107
0.43815428018569946,0.22471924723339737,0.2134350329523021
0.20869216322898865,0.2671970988066374,-0.05850493557764874
0.23071716725826263,0.34913999024395875,-0.11842282298569612
0.21186162531375885,0.31840362709384423,-0.10654200178008538
0.19674432277679443,0.3491966856892213,-0.15245236291242686
0.08709898591041565,0.2896055550180504,-0.20250656910763476
0.08051621168851852,0.32117181946777235,-0.24065560777925382
0.1918632835149765,0.3321622066682443,-0.1402989231532678
0.11751958727836609,0.20700297005591484,-0.08948338277754875
0.16826613247394562,0.2119281162635358,-0.043661983789590186
0.058007389307022095,0.22605919389225543,-0.16805180458523333
0.20085644721984863,0.27215120036302487,-0.07129475314317624
0.08489929884672165,0.18896742442566916,-0.10406812557894751
0.06906769424676895,0.23835639413377588,-0.16928869988700693
0.14213944971561432,0.21364999325538536,-0.07151054353977104
0.0734996646642685,0.19936860083482255,-0.12586893617055406
0.036909542977809906,0.281616572496667,-0.2447070295188571
0.12625499069690704,0.16653035165757815,-0.04027536096067111
0.06750480085611343,0.20337154050600986,-0.13586673964989643
0.10768678039312363,0.18942357527750892,-0.08173679488438529
0.23490595817565918,0.28580209666728335,-0.050896138491624165
0.47581014037132263,0.24355082572534698,0.23225931464597566
0.12752088904380798,0.16274919170356877,-0.03522830265976079
0.32843899726867676,0.23701309828351513,0.09142589898516162
0.2665567994117737,0.23560075257075952,0.030956046841014162
0.14636555314064026,0.17966733977103105,-0.033301786630390795
0.16175228357315063,0.1978298274381513,-0.03607754386500067
0.1543189138174057,0.2423422656860828,-0.0880233518686771
0.5078566670417786,0.33237508601094506,0.1754815810308335
0.33690714836120605,0.19680738947917198,0.14009975888203408
0.09889916330575943,0.263986792400251,-0.1650876290944916
0.1484927535057068,0.20091180712764806,-0.05241905362194127
0.20433975756168365,0.2717836313529019,-0.06744387379121825
0.3365698456764221,0.27100908963050574,0.06556075604591638
0.3441123068332672,0.3303723320301601,0.013739974803107124
0.09678740054368973,0.20956499955591257,-0.11277759901222284
0.2586580216884613,0.18120597233382968,0.07745204935463162
0.07682198286056519,0.24801242839049376,-0.17119044552992857
0.18439874053001404,0.2531819705633423,-0.06878323003332826
0.11176134645938873,0.2527931841608575,-0.14103183770146877
0.11796144396066666,0.18205604421658605,-0.0640946002559194
0.09493961930274963,0.23804265568901103,-0.1431030363862614
0.5067813396453857,0.23663396883609,0.27014737080929574
0.10589174926280975,0.21043931487658202,-0.10454756561377226
0.14526015520095825,0.2203478660050418,-0.07508771080408355
0.2505738139152527,0.2546737563985048,-0.004099942483252128
0.21209383010864258,0.2552982468466665,-0.04320441673802394
0.2555943429470062,0.19225522180398968,0.06333912114301654
0.3270188868045807,0.2882087791628534,0.038810107641727265
0.35398587584495544,0.30887623569726047,0.045109640147694974
0.24573741853237152,0.36386076864569356,-0.11812335011332203
0.49652600288391113,0.1833103992890569,0.31321560359485423
0.2661430239677429,0.18241635048818403,0.0837266734795589
0.2065916359424591,0.2764086071788741,-0.069816971236415
0.32224076986312866,0.1935343542290835,0.12870641563404517
0.18677978217601776,0.16218528248514963,0.024594499690868132
0.2900124490261078,0.34280650977542,-0.0527940607493122
0.4761885404586792,0.15803621071146146,0.31815232974721774
0.144419863820076,0.327693111436452,-0.18327324761637603
0.3723973333835602,0.2477903439980983,0.12460698938546189
0.11628323048353195,0.3160929993448705,-0.19980976886133855
0.1476132869720459,0.24816461126305306,-0.10055132429100716
0.13206776976585388,0.25860466024663936,-0.12653689048078548
0.32489150762557983,0.23465490774418712,0.09023659988139271
0.13067753612995148,0.2722576623103785,-0.14158012618042704
0.513807475566864,0.16501413260171904,0.34879334296514497
0.3217046856880188,0.3025700033523689,0.01913468233564991
0.11775971204042435,0.25830148685441273,-0.14054177481398838
0.1399569809436798,0.226613051045824,-0.08665607010214418
0.3938463628292084,0.14424864052724803,0.24959772230196034
0.14994503557682037,0.22250026089643196,-0.07255522531961159
0.45893004536628723,0.15875876520961896,0.3001712801566683
0.20120450854301453,0.3407389359142467,-0.13953442737123217
0.19089046120643616,0.24053067383251409,-0.04964021262607793
0.10739373415708542,0.21403277878742855,-0.10663904463034313
0.44466543197631836,0.24013569493714004,0.20452973703917832
0.5289607644081116,0.2513168710990553,0.27764389330905626
0.14254218339920044,0.2730420227177059,-0.13049983931850545
0.11696553975343704,0.14595397356338322,-0.028988433809946174
0.1454504430294037,0.30008356744665077,-0.15463312441724708
0.16926820576190948,0.28228006340286294,-0.11301185764095345
0.14545805752277374,0.1820905336564232,-0.03663247613364945
0.128003790974617,0.2942486164204441,-0.16624482544582708
0.41099393367767334,0.16333340599023974,0.2476605276874336
0.2802475392818451,0.28096802788768777,-0.0007204886058426729
0.4871470332145691,0.21632306030376364,0.27082397291080545
0.3071579337120056,0.3086974596639011,-0.001539525951895493
0.5618061423301697,0.32112771177675725,0.24067843055341243
0.41689255833625793,0.19828502559725622,0.21860753273900171
0.4680306613445282,0.3357344197564364,0.13229624158809178
0.5175241827964783,0.22206132236467024,0.295462860431808
0.26365983486175537,0.2760647997858013,-0.012404964924045914
0.1957101672887802,0.233882221880889,-0.03817205459210879
0.1504858136177063,0.314743796094286,-0.1642579824765797
0.15008537471294403,0.24586408946675642,-0.09577871475381239
0.2174195796251297,0.23460545462888358,-0.017185875003753875
0.11695706099271774,0.18406001753857051,-0.06710295654585277
0.1795903444290161,0.23751026767194927,-0.05791992324293316
0.323356032371521,0.22942087252467397,0.09393515984684703
0.16164220869541168,0.32204403158774647,-0.1604018228923348
0.19683837890625,0.3201130099125838,-0.12327463100633379
0.19199354946613312,0.2267375951549525,-0.03474404568881939
0.1857067495584488,0.19469302052208595,-0.00898627096363716
0.318308562040329,0.3272535962592089,-0.008945034218879933
0.11420198529958725,0.26092295147382827,-0.14672096617424102
0.20942933857440948,0.2917359297489704,-0.0823065911745609
0.1003752052783966,0.2522229242494184,-0.15184771897102178
0.17657913267612457,0.2666039859180484,-0.09002485324192383
0.18101222813129425,0.22180515304006532,-0.04079292490877107
0.12044915556907654,0.33216052367916205,-0.2117113681100855
0.14179226756095886,0.35319732522288777,-0.2114050576619289
0.1714046746492386,0.28999764106314463,-0.11859296641390604
0.24192409217357635,0.21705697611334224,0.024867116060234118
0.27425551414489746,0.21589164864870497,0.05836386549619249
0.33574050664901733,0.2809786982781132,0.05476180837090411
0.2530767023563385,0.1647310405962968,0.08834566176004169
0.34602826833724976,0.22948231439177535,0.1165459539454744
0.36286309361457825,0.24872715053481026,0.11413594307976799
0.21909478306770325,0.24775053204954056,-0.028655748981837315
0.1486663669347763,0.20318667886086933,-0.054520311926093024
0.344836562871933,0.3523183109293286,-0.0074817480573955986
0.25527849793434143,0.2791460422537862,-0.023867544319444767
0.14655639231204987,0.3276971714499218,-0.1811407791378719
0.41127389669418335,0.20455929846889953,0.20671459822528382
0.23575150966644287,0.23574629322187074,5.21644457213144e-06
0.43525534868240356,0.22263034273672147,0.2126250059456821
0.2520066797733307,0.1878824123675723,0.06412426740575838
0.3770650327205658,0.2946037666173027,0.0824612661032631
0.2005673348903656,0.19095462507192423,0.009612709818441367
0.42543065547943115,0.2004850158588889,0.22494563962054226
0.29440391063690186,0.2037131326769587,0.09069077795994315
0.1754145473241806,0.33344304013436205,-0.15802849281018144
0.3003047704696655,0.29831402505838983,0.001990745411275696
0.12238854914903641,0.22418819195641154,-0.10179964280737513
0.23787233233451843,0.22883132072425785,0.00904101161026058
0.23956170678138733,0.29038721693626496,-0.05082551015487763
0.1988840103149414,0.18897507508125932,0.009908935233682081
0.5236981511116028,0.28854170516672545,0.23515644594487733
0.19547006487846375,0.2786898315884782,-0.08321976671001446
0.4287366569042206,0.19297674607760062,0.23575991082661996
0.3499008119106293,0.22921574336352432,0.12068506854710495
0.23511238396167755,0.2687470440840792,-0.03363466012240163
0.19951248168945312,0.25423512979096086,-0.05472264810150773
0.447822630405426,0.17058555932771077,0.2772370710777152
0.27421483397483826,0.26631770550258166,0.007897128472256598
0.20426206290721893,0.3168017966065317,-0.11253973369931275
0.22466199100017548,0.248782509781745,-0.02412051878156951
0.4581218361854553,0.18285572902372366,0.27526610716173167
0.22660517692565918,0.16302951361311838,0.0635756633125408
0.24564778804779053,0.28533699788525807,-0.03968920983746754
0.18771576881408691,0.29093500695514146,-0.10321923814105455
0.18274344503879547,0.2971262175206617,-0.11438277248186624
0.2711067199707031,0.21192806840912287,0.05917865156158025
0.24321173131465912,0.24916197463529868,-0.005950243320639564
0.2067244052886963,0.2582547795678852,-0.051530374279188884
0.3356967270374298,0.19020372249491835,0.14549300454251146
0.23140715062618256,0.1729148206983226,0.058492329927859965
0.2647688686847687,0.30532850006737805,-0.040559631382609374
0.18699580430984497,0.32539066618781753,-0.13839486187797256
0.31317728757858276,0.20607231014189917,0.1071049774366836
0.216372549533844,0.22696198912755017,-0.010589439593706174
0.4431847333908081,0.238984048175784,0.2042006852150241
0.23616619408130646,0.1505591983059592,0.08560699577534725
0.4645719528198242,0.24039062475474426,0.22418132806507995
0.08048319071531296,0.17582711672235446,-0.0953439260070415
0.48036277294158936,0.22719046936810852,0.25317230357348086
0.30686184763908386,0.19022475109949588,0.11663709653958798
0.4920027554035187,0.17590285180903842,0.31609990359448026
0.08509767800569534,0.23858271013329307,-0.15348503212759773
0.24777567386627197,0.18954901589438755,0.05822665797188442
0.08764180541038513,0.23601654722441903,-0.1483747418140339
0.5031368136405945,0.1927621546875744,0.3103746589530201
0.07099497318267822,0.25744732817933264,-0.1864523549966544
0.09053546190261841,0.26374074443986273,-0.17320528253724432
0.49155229330062866,0.22920782568642933,0.26234446761419933
0.2324042171239853,0.26728334311584834,-0.03487912599186305
0.1577063500881195,0.24715706737520654,-0.08945071728708703
0.07785162329673767,0.16730915565893165,-0.08945753236219398
0.505437970161438,0.2534787487107597,0.2519592214506783
0.47187504172325134,0.25699641011392393,0.2148786316093274
0.41756823658943176,0.20303357235702413,0.21453466423240763
0.06563466787338257,0.23246680670990139,-0.16683213883651882
0.1473422646522522,0.2333103702060039,-0.0859681055537517
0.4333154261112213,0.17568930451499082,0.2576261215962305
0.34276092052459717,0.2870690470319814,0.055691873492615784
0.10094510763883591,0.19797092896920387,-0.09702582133036797
0.4632161259651184,0.17947592565888437,0.28374020030623404
0.14383693039417267,0.2175840146871567,-0.07374708429298404
0.19389434158802032,0.13729783196737722,0.05659650962064311
0.43996813893318176,0.22782942276951862,0.21213871616366314
0.4865724742412567,0.1463535366806824,0.3402189375605743
0.13943055272102356,0.11564230806776049,0.02378824465326307
0.29128095507621765,0.22356959922564945,0.0677113558505682
0.1331705003976822,0.21339301634291613,-0.08022251594523394
0.09230393171310425,0.20924838865045842,-0.11694445693735417
0.11839868873357773,0.28615008193995106,-0.16775139320637333
0.1286778450012207,0.22204676383554173,-0.09336891883432102
0.44063252210617065,0.2393938862015244,0.20123863590464625
0.4784568250179291,0.2407594403204118,0.23769738469751728
0.2953876554965973,0.21240129198852092,0.08298636350807637
0.506089448928833,0.17540523214425446,0.33068421678457854
0.4195045232772827,0.3080283479688842,0.11147617530839854
0.3052818179130554,0.17449380059434655,0.13078801731870887
0.348585844039917,0.29751965256125873,0.05106619147865826
0.49704664945602417,0.3395805030886146,0.15746614636740958
0.16186854243278503,0.305004302514201,-0.14313576008141599
0.0887722447514534,0.19084899815633533,-0.10207675340488193
0.08479256927967072,0.1896229851694588,-0.10483041588978809
0.4390655755996704,0.1878300330668828,0.25123554253278757
0.19058577716350555,0.23047719518762358,-0.039891418024118025
0.4378546178340912,0.15808410545864948,0.2797705123754417
0.06333038955926895,0.22910268238959475,-0.1657722928303258
0.09379297494888306,0.20383011422588948,-0.11003713927700642
0.22263270616531372,0.17161538073364274,0.05101732543167098
0.16356679797172546,0.23977263938689392,-0.07620584141516845
0.2550520896911621,0.1978120294040165,0.05724006028714562
0.4706057012081146,0.2382862078762225,0.2323194933318921
0.10293876379728317,0.2814347773828346,-0.17849601358555145
0.3504577577114105,0.2359875576485443,0.11447020006286623
0.3474844992160797,0.21225395631850025,0.13523054289757946
0.09993404895067215,0.241533866052188,-0.14159981710151584
0.11738792061805725,0.1870046862698094,-0.06961676565175215
0.12325147539377213,0.20847598442568455,-0.08522450903191242
0.08294889330863953,0.21709454485354984,-0.13414565154491032
0.2843465805053711,0.17383189514020259,0.11051468536516851
0.19689033925533295,0.17337269931437035,0.023517639940962592
0.12973330914974213,0.19910633349304901,-0.06937302434330689
0.11596028506755829,0.2776020306572043,-0.161641745589646
0.1400826871395111,0.2624966234808671,-0.122413936341356
0.20932941138744354,0.2764497330081646,-0.06712032162072107
0.3902864158153534,0.2762749274941517,0.11401148832120167
0.11577443778514862,0.15744304236062276,-0.04166860457547414
0.3878350257873535,0.2440375255352087,0.14379750025214483
0.43760231137275696,0.23944913743675134,0.19815317393600562
0.21981003880500793,0.2825138509294585,-0.06270381212445059
0.17579934000968933,0.28828303155902696,-0.11248369154933763
0.19003137946128845,0.26093128303783947,-0.07089990357655102
0.3736976385116577,0.30016093967131213,0.07353669884034558
0.46259304881095886,0.3087449678748139,0.15384808093614494
0.17704927921295166,0.3199839744056407,-0.14293469519268903
0.2222522348165512,0.24090573291590683,-0.018653498099355625
0.36908093094825745,0.30067292012686186,0.06840801082139558
0.3392687141895294,0.20322110761248108,0.13604760657704834
0.24303777515888214,0.3074478500766567,-0.06441007491777456
0.21325941383838654,0.26649696363055725,-0.05323754979217071
0.15794330835342407,0.21328268842192605,-0.055339380068501975
0.48394206166267395,0.1998165514570105,0.28412551020566346
0.20247407257556915,0.28884939014330346,-0.08637531756773431
0.3518076241016388,0.24467056518804683,0.10713705891359196
0.23368139564990997,0.15957585851078532,0.07410553713912466
0.1509828269481659,0.25336290005395107,-0.10238007310578517
0.1588759422302246,0.24911356212434554,-0.09023761989412094
0.0981520488858223,0.2445277994149715,-0.1463757505291492
0.13249565660953522,0.17272224695141866,-0.040226590341883445
0.12754495441913605,0.235573449417676,-0.10802849499853995
0.12720587849617004,0.2811757221939081,-0.15396984369773803
0.1360449641942978,0.26302532695999187,-0.12698036276569408
0.15490801632404327,0.28033613800939966,-0.1254281216853564
0.15513306856155396,0.23558208214112963,-0.08044901357957568
0.1967998743057251,0.1948338346050539,0.0019660397006711905
0.3331826329231262,0.15531423079600232,0.1778684021271239
0.17420300841331482,0.17621096563553967,-0.0020079572222248543
0.32999327778816223,0.22957389004552656,0.10041938774263567
0.4024905264377594,0.3047823059262145,0.09770822051154487
0.15871573984622955,0.22926843209718684,-0.07055269225095728
0.2560485005378723,0.30378883133272944,-0.04774033079485712
0.4768865406513214,0.173915151756776,0.30297138889454545
0.45921561121940613,0.1999627157797457,0.25925289543966046
0.4703383147716522,0.2622797374543088,0.2080585773173434
0.1522877961397171,0.2495045822638571,-0.09721678612414
0.1562759280204773,0.2097662859548996,-0.053490357934422306
0.517910361289978,0.2638851368285914,0.25402522446138665
0.1382153481245041,0.2339193982889245,-0.0957040501644204
0.14831387996673584,0.3328970382611421,-0.18458315829440625
0.15734484791755676,0.23129660686939865,-0.07395175895184189
0.13749092817306519,0.3318320911009309,-0.19434116292786574
0.4040094017982483,0.18015211683629856,0.22385728496194973
0.24351078271865845,0.2017609165923707,0.041749866126287755
0.15598829090595245,0.3527790463554363,-0.19679075544948382
0.1569567769765854,0.2606231690536469,-0.10366639207706152
0.14764483273029327,0.30450510899806355,-0.15686027626777027
0.15352420508861542,0.2004021456505839,-0.04687794056196848
0.1355987936258316,0.20487551044535346,-0.06927671681952186
0.14254336059093475,0.24876970239631907,-0.10622634180538432
0.4362585246562958,0.2769893911475839,0.15926913350871186
0.28940245509147644,0.18982893385049332,0.09957352124098312
0.36731380224227905,0.156874934276605,0.21043886796567404
0.14918704330921173,0.2975928357781136,-0.14840579246890184
0.17333272099494934,0.2416085047180273,-0.06827578372307797
0.30104392766952515,0.25165210655099973,0.049391821118525414
0.15938982367515564,0.17431356094492112,-0.01492373726976548
0.136848583817482,0.2653767868296253,-0.1285282030121433
0.16498687863349915,0.23266815353793013,-0.06768127490443099
0.20006799697875977,0.33128320254601185,-0.13121520556725208
0.20393095910549164,0.20755853987995404,-0.0036275807744624022
0.11695148050785065,0.19000921184115088,-0.07305773133330024
0.15062950551509857,0.2640340864735834,-0.11340458095848482
0.14890162646770477,0.2690081661699832,-0.12010653970227841
0.16519057750701904,0.29434845752918026,-0.12915788002216122
0.14963166415691376,0.1982656461850979,-0.04863398202818414
0.1409675031900406,0.2304757097923814,-0.08950820660234082
0.1998519003391266,0.22466371163336318,-0.024811811294236596
0.15145976841449738,0.33045183592235877,-0.1789920675078614
0.3648998439311981,0.2608353335876207,0.10406451034357744
0.34972259402275085,0.1877724750712553,0.16195011895149555
0.2827824354171753,0.21038564799547615,0.07239678742169914
0.15171577036380768,0.17285398081344272,-0.021138210449635042
0.07248694449663162,0.2742065220847098,-0.20171957758807818
0.1976097673177719,0.16523038265890375,0.032379384658868166
0.14032821357250214,0.20779971686054804,-0.06747150328804591
0.52422696352005,0.12342771439336248,0.4007992491266876
0.3491620421409607,0.30092734090621054,0.048234701234750155
0.2264913022518158,0.30370662603133014,-0.07721532377951434
0.15451215207576752,0.24819361966015474,-0.09368146758438722
0.12947386503219604,0.24071578007074462,-0.11124191503854858
0.16902294754981995,0.19244822778020992,-0.023425280230389978
0.08900223672389984,0.22281498302330732,-0.13381274629940748
0.19929239153862,0.29028779018764705,-0.09099539864902706
0.09818735718727112,0.28491822783992726,-0.18673087065265614
0.15621140599250793,0.2724693108183378,-0.11625790482582987
0.14692988991737366,0.22071892699351425,-0.0737890370761406
0.14467602968215942,0.2513584070222949,-0.10668237734013547
0.14898772537708282,0.21098058268223877,-0.06199285730515594
0.1421520859003067,0.36129470507809486,-0.21914261917778816
0.15401606261730194,0.3032559660522573,-0.14923990343495536
0.11198079586029053,0.27732480552336675,-0.16534400966307622
0.13314034044742584,0.2859969641166523,-0.15285662366922648
0.21396274864673615,0.21857316742909588,-0.0046104187823597376
0.13550366461277008,0.18126504738486193,-0.04576138277209185
0.2143142819404602,0.23195605029408195,-0.017641768353621745
0.3203088343143463,0.1498553816550108,0.1704534526593355
0.22033223509788513,0.2655470580811705,-0.045214822983285385
0.18100197613239288,0.1486221504968927,0.03237982563550018
0.2039124071598053,0.210785719449438,-0.006873312289632699
0.11059118062257767,0.19950479224187792,-0.08891361161930025
0.11137954145669937,0.16421566135214827,-0.052836119895448896
0.15950728952884674,0.25634817797932674,-0.09684088845048
0.2066141664981842,0.19319710342181695,0.013417063076367253
0.18171456456184387,0.2756119128964725,-0.09389734833462865
0.1615942418575287,0.21679892428915784,-0.055204682431629154
0.18496282398700714,0.22026503576421744,-0.035302211777210296
0.41855719685554504,0.2136154257799505,0.20494177107559455
0.07190873473882675,0.22830283304362486,-0.1563940983047981
0.34050458669662476,0.3436332464083172,-0.003128659711692461
0.41746658086776733,0.3119777581323832,0.10548882273538412
0.4588429033756256,0.26707233559326304,0.19177056778236257
0.2876632809638977,0.2071092239728442,0.0805540569910535
0.2939223349094391,0.15657694134867414,0.13734539356076494
0.20410193502902985,0.2816348150286707,-0.07753287999964087
0.33845117688179016,0.25088654236645663,0.08756463451533353
0.3312629759311676,0.22621430900755227,0.10504866692361534
0.28607773780822754,0.24278552987280588,0.043292207935421656
0.40678131580352783,0.19763319040794328,0.20914812539558456
0.2604124844074249,0.20985721104252408,0.05055527336490084
0.35176292061805725,0.28672942548309915,0.0650334951349581
0.28944265842437744,0.30396803249694565,-0.014525374072568209
0.2147907316684723,0.2716577061490664,-0.056866974480594135
0.378509521484375,0.20648049456478426,0.17202902691959074
0.4105644226074219,0.31941865181371826,0.09114577079370362
0.4367895722389221,0.223897747521658,0.21289182471726412
0.3677182197570801,0.3225988346780436,0.045119385079036456
0.32092228531837463,0.19951318106975952,0.12140910424861512
0.22271835803985596,0.19080141411845286,0.031916943921403096
0.21561597287654877,0.32164605710235344,-0.10603008422580468
0.25549668073654175,0.28262564532497925,-0.0271289645884375
0.2823692560195923,0.2903273813402533,-0.007958125320661036
0.19311003386974335,0.2362365861487382,-0.04312655227899484
0.22865736484527588,0.33105563620925077,-0.10239827136397489
0.18333575129508972,0.23113350425076193,-0.04779775295567221
0.26820817589759827,0.3365492609066478,-0.06834108500904951
0.18841752409934998,0.1858645896267635,0.0025529344725864767
0.145788311958313,0.25689327666475964,-0.11110496470644665
0.16704224050045013,0.22892319575694098,-0.061880955256490844
0.19588758051395416,0.21405932352817952,-0.01817174301422536
0.14351274073123932,0.24344194550002257,-0.09992920476878325
0.18972770869731903,0.3101733190434954,-0.12044561034617635
0.11611462384462357,0.2200872101920929,-0.10397258634746934
0.1563212275505066,0.18846895316083767,-0.03214772561033108
0.18888653814792633,0.1885669162043163,0.00031962194361004337
0.10682280361652374,0.18601948172084737,-0.07919667810432363
0.2315482795238495,0.19559557153058982,0.03595270799325967
0.19794325530529022,0.2574146985685556,-0.05947144326326537
0.22027736902236938,0.1465715835003554,0.07370578552201398
0.1235995963215828,0.2894993119940543,-0.16589971567247153
0.3573620021343231,0.1955522306604403,0.1618097714738828
0.14006838202476501,0.18280425120062746,-0.042735869175862445
0.21819795668125153,0.22781824252441618,-0.009620285843164655
0.11896076053380966,0.25389611684273644,-0.13493535630892678
0.10672460496425629,0.24848732045116875,-0.14176271548691247
0.1357632726430893,0.17776605188975672,-0.04200277924666743
0.11891896277666092,0.11448635718159642,0.004432605595064504
0.24650517106056213,0.15438713270716697,0.09211803835339516
0.16474968194961548,0.3016584405208505,-0.13690875857123502
0.11756055057048798,0.1686489578948286,-0.05108840732434061
0.16937872767448425,0.20947717169040325,-0.040098444015919
0.2341018170118332,0.20859459286481727,0.025507224147015922
0.11935783177614212,0.2669523934783272,-0.1475945617021851
0.06019311398267746,0.23013133964729995,-0.1699382256646225
0.20938917994499207,0.19821130795047248,0.011177871994519584
0.2788875997066498,0.19717431472437805,0.08171328498227173
0.16412273049354553,0.22569482466378185,-0.06157209417023632
0.17331813275814056,0.2604858825763636,-0.08716774981822306
0.1394205242395401,0.24218917267955836,-0.10276864844001826
0.2028733640909195,0.2683150288740634,-0.0654416647831439
0.12386149168014526,0.18584049409910697,-0.061979002418961704
0.10640067607164383,0.1259943504309528,-0.019593674359308977
0.13089388608932495,0.17241006239005524,-0.04151617630073029
0.13637977838516235,0.20895280160050111,-0.07257302321533876
0.212638258934021,0.24170289317398513,-0.029064634239964138
0.12332857400178909,0.1976783302035255,-0.0743497562017364
0.1733703762292862,0.1973819595526106,-0.024011583323324398
0.15268070995807648,0.16854162276867193,-0.015860912810595457
0.20897120237350464,0.17153722672175448,0.03743397565175016
0.08075737953186035,0.18022212445639205,-0.0994647449245317
0.2073829174041748,0.24406651069026034,-0.03668359328608553
0.26344817876815796,0.2946259409694424,-0.03117776220128443
0.24249957501888275,0.28058862885676056,-0.038089053837877807
0.3508172333240509,0.24712507447922277,0.10369215884482813
0.6053000092506409,0.26948021100855646,0.3358197982420844
0.1638161838054657,0.1873410988251219,-0.0235249150196562
0.13545672595500946,0.20979660241353185,-0.07433987645852239
0.5329645872116089,0.3600880294809588,0.17287655773065008
0.4020397961139679,0.21962059427718705,0.18241920183678084
0.34004920721054077,0.21211274775818978,0.127936459452351
0.3986855745315552,0.2613065458183254,0.13737902871322977
0.2499290406703949,0.2877875281549995,-0.037858487484604575
0.10934910178184509,0.30913812469417984,-0.19978902291233475
0.3983198404312134,0.26369066178399386,0.13462917864721952
0.34223833680152893,0.2056497133773521,0.13658862342417682
0.6706082224845886,0.3115828610378462,0.3590253614467424
0.1252843141555786,0.33018759966254224,-0.20490328550696363
0.4933564066886902,0.285716128317854,0.2076402783708362
0.09885798394680023,0.25320005720166183,-0.1543420732548616
0.3950909972190857,0.26895088338982165,0.12614011382926404
0.15606801211833954,0.3448641957669984,-0.18879618364865886
0.5230534076690674,0.24011542287682203,0.28293798479224536
0.7690408229827881,0.3567961327491694,0.4122446902336187
0.4545423984527588,0.2961654352414889,0.15837696321126987
0.23949016630649567,0.30055865707673396,-0.06106849077023829
0.636297881603241,0.283940766350462,0.35235711525277896
0.19057689607143402,0.28073060697719443,-0.09015371090576041
0.19884753227233887,0.19962943344536427,-0.0007819011730254011
0.6556395888328552,0.2380643352117937,0.4175752536210615
0.02566048875451088,0.1651613446434572,-0.1395008558889463
0.05289141833782196,0.19095774355196263,-0.13806632521414067
0.26146507263183594,0.24328821953065266,0.018176853101183277
0.06583290547132492,0.23736803736600245,-0.17153513189467753
0.2068099081516266,0.2557100094092885,-0.04890010125766192
0.507865309715271,0.2772671767884928,0.23059813292677822
0.38156434893608093,0.2242689176154892,0.15729543132059173
0.06473049521446228,0.22931232815088923,-0.16458183293642695
0.30109935998916626,0.2853886158725201,0.015710744116646136
0.3198506534099579,0.31309972985556606,0.00675092355439183
0.20684649050235748,0.23568111309661863,-0.028834622594261144
0.2658851444721222,0.24639531439040635,0.019489830081715842
0.18194052577018738,0.1930306355966571,-0.011090109826469713
0.49310562014579773,0.30280174958975165,0.19030387055604608
0.3580115735530853,0.19116132161597948,0.16685025193710584
0.1325727105140686,0.27172013062831,-0.13914742011424142
0.4214859902858734,0.3508825817520465,0.0706034085338269
0.179798424243927,0.24280556758491673,-0.06300714334098972
0.3639938235282898,0.2451807114259298,0.11881311210236001
0.3048349916934967,0.25005394741035775,0.05478104428313896
0.4273114800453186,0.4023803529009918,0.024931127144326826
0.07190395891666412,0.29066563278496166,-0.21876167386829753
0.03463122993707657,0.18473674381745459,-0.15010551388037802
0.13497605919837952,0.2190615585004255,-0.08408549930204598
0.22017982602119446,0.22815924911216223,-0.007979423090967774
0.4871756434440613,0.28461040495511314,0.20256523848894814
0.4184609055519104,0.22285280962483214,0.19560809592707826
0.19606278836727142,0.3040280801676409,-0.10796529180036946
0.08259883522987366,0.31233750956666534,-0.22973867433679168
0.5952999591827393,0.2562103147825944,0.3390896444001449
0.21601054072380066,0.2859268085371562,-0.06991626781335553
0.048753488808870316,0.2747003434152681,-0.2259468546063978
0.28347134590148926,0.26420953759808957,0.019261808303399686
0.2704567313194275,0.2656468175421709,0.004809913777256591
0.4698820114135742,0.33065943443849993,0.13922257697507429
0.05512016639113426,0.28415258931802345,-0.2290324229268892
0.07669801265001297,0.24519209810509596,-0.168494085455083
0.4509090781211853,0.2601740347562095,0.19073504336497582
0.028140021488070488,0.18267440853421554,-0.15453438704614506
0.31545454263687134,0.3290345476424928,-0.013580005005621454
0.5585579872131348,0.3022833290322657,0.2562746581808691
0.08244514465332031,0.21777487468129642,-0.1353297300279761
0.24508881568908691,0.25985374038152437,-0.014764924692437453
0.04899686574935913,0.25219621535501097,-0.20319934960565184
0.0342424251139164,0.2891466375221186,-0.2549042124082022
0.5274398922920227,0.35168662504743303,0.17575326724458967
0.09760710597038269,0.24266740757892036,-0.14506030160853767
0.7985475659370422,0.2429607037547879,0.5555868621822544
0.27529779076576233,0.32295944849097197,-0.04766165772520964
0.1113584116101265,0.23957691572970183,-0.12821850411957533
0.22386625409126282,0.29918597120146134,-0.07531971711019853
0.5905642509460449,0.25191039351281774,0.3386538574332272
0.22281086444854736,0.26322550387278515,-0.040414639424237786
0.5485370755195618,0.18836808755124856,0.3601689879683132
0.6347230672836304,0.28114859590983216,0.3535744713737982
0.5882967710494995,0.34109169407302514,0.24720507697647437
0.2737095057964325,0.28752173119322866,-0.013812225396796163
0.6642737984657288,0.3011893492830688,0.36308444918266
0.42891326546669006,0.2501565451757544,0.17875672029093564
0.003761755535379052,0.2279536111940385,-0.22419185565865946
0.255245566368103,0.196950352293916,0.05829521407418703
0.11430512368679047,0.2851441233853986,-0.1708389996986081
0.15982235968112946,0.29664380358215386,-0.1368214439010244
0.31902819871902466,0.30539320095627215,0.01363499776275251
0.1846708506345749,0.259498648324265,-0.07482779768969011
0.5605642795562744,0.28330703822721687,0.27725724132905755
0.13968652486801147,0.2937881918272732,-0.15410166695926175
0.03997910022735596,0.30522107348404554,-0.2652419732566896
0.41142112016677856,0.26389136120778145,0.14752975895899711
0.7269487977027893,0.20904259333341765,0.5179062043693716
0.49815046787261963,0.2536636746561359,0.24448679321648376
0.5046812891960144,0.26367796537411453,0.24100332382189987
0.13135841488838196,0.19096478343701742,-0.05960636854863546
0.45637407898902893,0.2915508944315593,0.16482318455746964
0.5147544145584106,0.2636143461380617,0.25114006842034897
0.2671368718147278,0.2801603615928963,-0.013023489778168529
0.6440543532371521,0.31578961379446185,0.32826473944269025
0.2867293655872345,0.2687471063698945,0.01798225921733998
0.4935632050037384,0.2401595303750339,0.2534036746287045
0.44617554545402527,0.2511583963113361,0.1950171491426892
0.4270741939544678,0.273653377612523,0.15342081634194477
0.10192267596721649,0.3566212495968036,-0.2546985736295871
0.43602925539016724,0.2836422574458261,0.15238699794434113
0.14006268978118896,0.19646427617053636,-0.05640158638934739
0.03956113010644913,0.19369047588109772,-0.1541293457746486
0.07435736805200577,0.2764554223441908,-0.20209805429218503
0.3196342885494232,0.3108369929214229,0.008797295628000301
0.028349006548523903,0.25071306246434083,-0.22236405591581693
0.4697805643081665,0.3195747532635938,0.1502058110445727
0.6418808698654175,0.21462021810569273,0.4272606517597247
0.18564262986183167,0.2708406112253297,-0.08519798136349804
0.4235527813434601,0.29976862799792053,0.12378415334553955
0.2599582076072693,0.21648376094036315,0.04347444666690614
0.07284221798181534,0.23106940822752237,-0.15822719024570703
0.5741170048713684,0.2630448457704864,0.311072159100882
0.23357367515563965,0.30640515398406004,-0.07283147882842039
0.10333333164453506,0.19130828162237387,-0.0879749499778388
0.14192266762256622,0.3059551555927909,-0.16403248797022468
0.033343784511089325,0.19410315640849615,-0.16075937189740683
0.5764681100845337,0.27728393259350254,0.29918417749103116
0.2950783669948578,0.22717563191925438,0.0679027350756034
0.4683176577091217,0.23522878742886827,0.23308887028025344
0.22809822857379913,0.28174338994650183,-0.0536451613727027
0.08505747467279434,0.2341061269350432,-0.14904865226224887
0.09117032587528229,0.31875982581613,-0.2275894999408477
0.2171473354101181,0.27167344372487495,-0.05452610831475685
0.1954963356256485,0.3056964988290091,-0.11020016320336062
0.24592477083206177,0.20647005425504755,0.039454716577014215
0.3432706296443939,0.21133627650830267,0.13193435313609125
0.5738558173179626,0.20682038392525795,0.3670354333927047
0.008808777667582035,0.2031686371842999,-0.19435985951671786
0.2735632061958313,0.3433746491559169,-0.06981144296008562
0.03235109895467758,0.18311889377337479,-0.1507677948186972
0.6438766717910767,0.30641297918284766,0.337463692608229
0.049717869609594345,0.21163764529527776,-0.16191977568568341
0.07438871264457703,0.23559547037651019,-0.16120675773193316
0.2512330114841461,0.32052822940738085,-0.06929521792323473
0.13055381178855896,0.24977631778488402,-0.11922250599632506
0.24205851554870605,0.27917669035514864,-0.03711817480644258
0.3490073084831238,0.16934048371409247,0.1796668247690313
0.4553605020046234,0.2893413017595478,0.1660192002450756
0.4413270652294159,0.26579805897485914,0.17552900625455675
0.24733541905879974,0.24884196610835171,-0.0015065470495519706
0.29385578632354736,0.3315276251199237,-0.03767183879637631
0.04318704456090927,0.2915887170956808,-0.24840167253477152
0.49630093574523926,0.2815549316672621,0.21474600407797717
0.013375130482017994,0.22245825788874923,-0.20908312740673124
0.24505747854709625,0.29422384155916975,-0.0491663630120735
0.5533751249313354,0.28041490659105267,0.2729602183402828
0.23864158987998962,0.3206535324409649,-0.08201194256097527
0.5650679469108582,0.28475436945442384,0.2803135774564343
0.7394880056381226,0.21454897372418774,0.5249390319139349
0.03282131627202034,0.3180199487198399,-0.28519863244781957
0.4663322865962982,0.2205760975904097,0.24575618900588853
0.327899694442749,0.19638858636338735,0.13151110807936167
0.3634064793586731,0.37847227337129824,-0.015065794012625144
0.2880355417728424,0.17022367011373307,0.11781187165910934
0.611713707447052,0.3434744233670301,0.2682392840800219
0.6774085760116577,0.25493286010409455,0.42247571590756317
0.22313480079174042,0.20652047178640634,0.016614329005334078
0.07058516144752502,0.2736400969761734,-0.2030549355286484
0.1935214251279831,0.30295765077652265,-0.10943622564853955
0.3421003222465515,0.36465657289553316,-0.022556250648981646
0.0635109692811966,0.2125564016037648,-0.1490454323225682
0.37996864318847656,0.27367145227659095,0.10629719091188561
0.20326018333435059,0.2624171671599509,-0.05915698382560031
0.5872204899787903,0.2596219346227353,0.327598555356055
0.21453499794006348,0.17329634564400814,0.041238652296055334
0.10961337387561798,0.15870041653244518,-0.0490870426568272
0.27732497453689575,0.3205639588468688,-0.04323898430997303
0.0008150470093823969,0.2145931841225229,-0.2137781371131405
0.1862800419330597,0.260953599858817,-0.0746735579257573
0.42073145508766174,0.3026894280249159,0.11804202706274586
0.027419017627835274,0.2920251765077911,-0.2646061588799558
0.11537095159292221,0.2244406474616089,-0.1090696958686867
0.4868338704109192,0.29385215364775186,0.19298171676316733
0.34309300780296326,0.1741038954214742,0.16898911238148906
0.22006270289421082,0.1904298622751579,0.029632840619052914
0.3399895429611206,0.18779629253966582,0.1521932504214548
0.17455589771270752,0.17785910189941778,-0.0033032041867102624
0.26817137002944946,0.24924163428662258,0.018929735742826886
0.10905956476926804,0.15352441853352278,-0.04446485376425474
0.1176488995552063,0.3491916146161454,-0.2315427150609391
0.4163113832473755,0.19843691148458417,0.21787447176279132
0.004712643567472696,0.24860446288053653,-0.24389181931306383
0.3352455496788025,0.25721076392644965,0.07803478575235284
0.19479623436927795,0.3079474359434036,-0.11315120157412567
0.48819226026535034,0.24129720184553322,0.24689505841981713
0.545475423336029,0.31969993720945816,0.2257754861265709
0.08105538040399551,0.2192423873969866,-0.13818700699299108
0.45458725094795227,0.28658530516106745,0.16800194578688482
0.13195402920246124,0.1598774914490254,-0.027923462246564168
0.12483980506658554,0.17803437985579848,-0.05319457478921294
0.1980140209197998,0.26778022926967043,-0.06976620834987063
0.1594322919845581,0.20446158045314408,-0.045029288468585976
0.18636302649974823,0.3008645981056492,-0.11450157160590096
0.08855976909399033,0.27679316949145183,-0.1882334003974615
0.07012194395065308,0.16967460326691736,-0.09955265931626428
0.16994191706180573,0.16982538991885004,0.00011652714295568023
0.18650124967098236,0.23000396558847921,-0.043502715917496854
0.08288578689098358,0.27857723007173363,-0.19569144318075005
0.2443254142999649,0.21555755167438057,0.02876786262558434
0.1782282292842865,0.24380589389146787,-0.06557766460718137
0.1440850794315338,0.23442874844984873,-0.09034366901831492
0.18590563535690308,0.28108916542996637,-0.0951835300730633
0.2439596801996231,0.2654001922500164,-0.021440512050393268
0.13299550116062164,0.2332385239925867,-0.10024302283196507
0.26752811670303345,0.2290473128946799,0.03848080380835356
0.07991817593574524,0.15379678749989745,-0.07387861156415221
0.1360391080379486,0.22375379641796173,-0.08771468838001312
0.2539463937282562,0.1564095608184884,0.09753683290976783
0.22075696289539337,0.18043611538872545,0.04032084750666792
0.14559738337993622,0.2434907909097534,-0.09789340752981718
0.13635258376598358,0.27556082194385656,-0.13920823817787298
0.1780216246843338,0.22191425345214916,-0.043892628767815356
0.1611512005329132,0.20625188227848834,-0.04510068174557513
0.10672590881586075,0.1902856467817654,-0.08355973796590466
0.12401193380355835,0.2865478174708455,-0.16253588366728716
0.10068097710609436,0.24526718165091432,-0.14458620454481996
0.11709970980882645,0.2892013995608291,-0.17210168975200263
0.1604301929473877,0.24639292899602097,-0.08596273604863328
0.1703180968761444,0.3726877941124817,-0.2023696972363373
0.18675488233566284,0.2579490332593748,-0.07119415092371195
0.1304928958415985,0.18821973112151874,-0.05772683527992023
0.08675725758075714,0.17290227431321453,-0.08614501673245739
0.13326196372509003,0.19066585565805697,-0.05740389193296694
0.107634998857975,0.1926304270149028,-0.08499542815692779
0.11944557726383209,0.16969826196691407,-0.05025268470308197
0.1343933343887329,0.20422213054255123,-0.06982879615381832
0.26415538787841797,0.24199471265262193,0.02216067522579604
0.16984787583351135,0.3082238425004516,-0.13837596666694024
0.13037794828414917,0.24065053991660734,-0.11027259163245817
0.1162400171160698,0.20160053120580812,-0.08536051408973833
0.1399652063846588,0.24262547060385894,-0.10266026421920013
0.17349469661712646,0.12645880463008016,0.0470358919870463
0.17845289409160614,0.3000051374934121,-0.12155224340180598
0.10765589773654938,0.20835267846379904,-0.10069678072724966
0.1141534075140953,0.271496027618267,-0.15734262010417172
0.1529628485441208,0.15399974470758357,-0.0010368961634627805
0.1931927353143692,0.14834013936757112,0.04485259594679808
0.13149994611740112,0.1498745388649452,-0.018374592747544077
0.14659921824932098,0.21347835693911427,-0.06687913868979328
0.12784267961978912,0.2588491997998595,-0.13100652018007036
0.13126416504383087,0.1745363793809728,-0.04327221433714193
0.1401624232530594,0.1911677862944193,-0.051005363041359914
0.15276430547237396,0.19406106783354402,-0.04129676236117005
0.18249262869358063,0.25546087898338216,-0.07296825028980153
0.10936827957630157,0.2628623987856114,-0.15349411920930983
0.24907569587230682,0.20446634792887902,0.0446093479434278
0.12904435396194458,0.2629404380913009,-0.13389608412935633
0.1360558420419693,0.1820395389781202,-0.0459836969361509
0.10750763863325119,0.23118268963604,-0.1236750510027888
0.16175073385238647,0.24126540366442495,-0.07951466981203847
0.2027852088212967,0.2312733904349531,-0.028488181613656405
0.12262847274541855,0.3138811882977626,-0.19125271555234408
0.13113421201705933,0.31177181142220606,-0.18063759940514673
0.0794094130396843,0.2337894028154533,-0.154379989775769
0.1771157830953598,0.21874474054112852,-0.04162895744576872
0.1258155107498169,0.1790034938865166,-0.0531879831366997
0.11138500273227692,0.2341031953102225,-0.12271819257794558
0.13023558259010315,0.17646145250003656,-0.04622586990993341
0.22117601335048676,0.2761066843035251,-0.05493067095303833
0.23506316542625427,0.2149067837798042,0.02015638164645006
0.08331223577260971,0.17353277680602203,-0.09022054103341232
0.18161489069461823,0.32709430975594617,-0.14547941906132794
0.1357632726430893,0.17596574916798718,-0.04020247652489789
0.18922655284404755,0.17940167346364902,0.009824879380398527
0.10688067972660065,0.20173221275930284,-0.09485153303270219
0.1735062152147293,0.223467824474369,-0.04996160925963969
0.26967132091522217,0.3234427312989521,-0.053771410383729956
0.13003703951835632,0.2388423520253557,-0.10880531250699937
0.11824431270360947,0.24476792718976412,-0.12652361448615465
0.12497889995574951,0.2255852093935971,-0.1006063094378476
0.10331812500953674,0.23661036171376032,-0.13329223670422358
0.18779043853282928,0.21336657349585594,-0.02557613496302666
0.1388980597257614,0.3035554904103677,-0.1646574306846063
0.1129314973950386,0.2056364093881163,-0.0927049119930777
0.22197015583515167,0.17115004109677723,0.050820114738374444
0.11859959363937378,0.2999092071772896,-0.1813096135379158
0.10245083272457123,0.111708589757363,-0.009257757032791775
0.13234633207321167,0.3367401198236792,-0.20439378775046751
0.12044455856084824,0.23418911595725617,-0.11374455739640793
0.20575281977653503,0.3089755319321174,-0.10322271215558237
0.14927424490451813,0.18060390999607856,-0.03132966509156043
0.14641568064689636,0.2325780037305399,-0.08616232308364355
0.17409592866897583,0.2336176426654492,-0.05952171399647338
0.13514675199985504,0.23985587777742445,-0.10470912577756941
0.15809346735477448,0.2484263258835384,-0.09033285852876394
0.2046033889055252,0.16437561252042035,0.04022777638510486
0.1637047529220581,0.17161710193727492,-0.007912349015216813
0.16953547298908234,0.2354777300195448,-0.06594225703046247
0.11752919852733612,0.18992412140611226,-0.07239492287877614
0.19453024864196777,0.2326908511458723,-0.03816060250390452
0.15747696161270142,0.20157235178371807,-0.04409539017101666
0.14749784767627716,0.13925944777717575,0.008238399899101412
0.22146859765052795,0.19719796253950883,0.024270635111019123
0.10975424200296402,0.33159371082538686,-0.22183946882242284
0.06349509954452515,0.27307516743411725,-0.2095800678895921
0.11581551283597946,0.2676065338257059,-0.1517910209897264
0.09460272639989853,0.31788477640875984,-0.2232820500088613
0.15517809987068176,0.22272693447993702,-0.06754883460925526
0.12774863839149475,0.2659788971595254,-0.13823025876803063
0.3213222920894623,0.20979938316152047,0.11152290892794181
0.16553793847560883,0.16817226928471274,-0.002634330809103913
0.1181979551911354,0.26106162042040876,-0.14286366522927335
0.25499001145362854,0.21029056537797805,0.04469944607565049
0.1501728743314743,0.19256333477524445,-0.04239046044377015
0.127853125333786,0.2655194807788148,-0.1376663554450288
0.11074759066104889,0.1733773363537208,-0.0626297456926719
0.19251352548599243,0.2534001818285422,-0.06088665634254975
0.14969220757484436,0.1563405713077255,-0.006648363732881135
0.13644246757030487,0.2535685702187377,-0.11712610264843282
0.13139544427394867,0.2179638714540693,-0.08656842718012064
0.1877172887325287,0.164065264060598,0.0236520246719307
0.09083051979541779,0.24829579993061554,-0.15746528013519775
0.1699325442314148,0.29363243606088896,-0.12369989182947416
0.17582596838474274,0.15287520893697637,0.022950759447766367
0.13975490629673004,0.22266390638136022,-0.08290900008463017
0.20771728456020355,0.2687987294364131,-0.061081444876209534
0.2526911795139313,0.1909696938963088,0.061721485617622474
0.257435142993927,0.33521843972713555,-0.07778329673320855
0.15750829875469208,0.17465433630943575,-0.01714603755474367
0.2138196974992752,0.18583934579383593,0.027980351705439277
0.2046765387058258,0.29174050465667123,-0.08706396595084542
0.18849053978919983,0.17692866403460766,0.011561875754592166
0.26396599411964417,0.2666601418046403,-0.002694147684996151
0.10808301717042923,0.22776086101895707,-0.11967784384852784
0.18555428087711334,0.3382903731275318,-0.15273609225041845
0.27976468205451965,0.23972257306840472,0.04004210898611493
0.11303599178791046,0.19328811804963753,-0.08025212626172706
0.23982805013656616,0.30504450443318515,-0.06521645429661899
0.13368384540081024,0.2382264934447078,-0.10454264804389757
0.10423766821622849,0.252943961389066,-0.1487062931728375
0.2677381932735443,0.23689978627447916,0.03083840699906515
0.11947277188301086,0.28421440048799185,-0.16474162860498098
0.17890851199626923,0.2991585453365235,-0.12025003334025425
0.10008861869573593,0.1806944744845163,-0.08060585578878038
0.17713212966918945,0.23205027468293793,-0.054918145013748476
0.15130141377449036,0.18759058942897852,-0.036289175654488165
0.1275710016489029,0.1986897993269974,-0.07111879767809451
0.13552293181419373,0.19102245449965305,-0.055499522685459324
0.1716044396162033,0.20005332029000178,-0.02844888067379847
0.48143723607063293,0.19382526945579237,0.28761196661484056
0.15909071266651154,0.2771572541636912,-0.11806654149717966
0.14011017978191376,0.23573289611310377,-0.09562271633119002
0.25206419825553894,0.24474524499309794,0.0073189532624410025
0.17749784886837006,0.17352573456468817,0.003972114303681884
0.20529304444789886,0.13687515687982105,0.06841788756807782
0.10925333946943283,0.274621687446492,-0.16536834797705918
0.19718436896800995,0.1783364862145787,0.018847882753431244
0.1279262751340866,0.1801525606743828,-0.05222628554029618
0.10828155279159546,0.20567831351616195,-0.09739676072456649
0.14148949086666107,0.15317524336720023,-0.01168575250053916
0.3145197927951813,0.25040105469583385,0.06411873809934743
0.13637977838516235,0.20133678582362063,-0.06495700743845828
0.23004749417304993,0.28890831856214144,-0.058860824389091515
0.11217915266752243,0.2187033788167634,-0.10652422614924098
0.16218960285186768,0.19710669022978156,-0.03491708737791388
0.1577688753604889,0.2529579089255225,-0.09518903356503361
0.40423765778541565,0.2574269143337492,0.14681074345166645
0.26301509141921997,0.20706114564746864,0.055953945771751334
0.11103428155183792,0.26106760949277846,-0.15003332794094054
0.07874588668346405,0.13675805147067793,-0.05801216478721388
0.293150931596756,0.22724751735213744,0.06590341424461854
0.1973724663257599,0.1522563300155502,0.04511613631020969
0.2037256509065628,0.15261928686468249,0.05110636404188032
0.12965041399002075,0.20707234948785075,-0.07742193549783
0.103276327252388,0.24786112593347823,-0.14458479868109023
0.1128733679652214,0.29842987608381916,-0.18555650811859775
0.18438395857810974,0.18478790310049725,-0.00040394452238751155
0.14495277404785156,0.18670092500074895,-0.041748150952897384
0.12231498956680298,0.22962553611871217,-0.10731054655190919
0.13961318135261536,0.15905725968120532,-0.019444078328589964
0.12700673937797546,0.3874142524644331,-0.26040751308645765
0.20659920573234558,0.23465386132360622,-0.028054655591260635
0.11324498057365417,0.27021574027986156,-0.15697075970620739
0.17853233218193054,0.24023350868207638,-0.06170117650014584
0.11111331731081009,0.2961946883685783,-0.18508137105776823
0.1934226155281067,0.2888060448014394,-0.09538342927333271
0.19874131679534912,0.23169164828247524,-0.03295033148712612
0.17974445223808289,0.24034753092000377,-0.060603078681920886
0.4353187680244446,0.24587115012807487,0.1894476178963697
0.3540615439414978,0.13034110300854612,0.22372044093295168
0.06630241125822067,0.19199900455958868,-0.125696593301368
0.36096352338790894,0.20736513811813653,0.1535983852697724
0.440723180770874,0.17723637228231823,0.26348680848855577
0.27999696135520935,0.32122275001456785,-0.0412257886593585
0.32433342933654785,0.2618048563531524,0.06252857298339543
0.14388932287693024,0.2379604281568284,-0.09407110527989818
0.27484020590782166,0.2628050702380525,0.01203513566976916
0.12054554373025894,0.20590601651741908,-0.08536047278716014
0.3597305119037628,0.28262915861431265,0.07710135328945017
0.2898663282394409,0.276942789139096,0.012923539100344938
0.06509622186422348,0.21706615130869103,-0.15196992944446755
0.16026341915130615,0.21039842443218956,-0.05013500528088341
0.03752046823501587,0.27140890461153805,-0.23388843637652218
0.4388579726219177,0.2443679686725326,0.19449000394938512
0.20399382710456848,0.33593578578594824,-0.13194195868137976
0.019077416509389877,0.24098127142277845,-0.22190385491338857
0.07330939173698425,0.3011622708542904,-0.22785287911730617
0.17406174540519714,0.2419208065592917,-0.06785906115409457
0.2144431471824646,0.2106396857514068,0.0038034614310578085
0.5611045956611633,0.31935874210462306,0.24174585355654027
0.34159570932388306,0.3072452415091254,0.034350467814757646
0.22051942348480225,0.23225275608921261,-0.011733332604410368
0.3728600740432739,0.2539701464212038,0.11888992762207012
0.27180469036102295,0.22078336180032815,0.0510213285606948
0.06493426114320755,0.22315796168087687,-0.15822370053766932
0.4377921521663666,0.23236715403678035,0.20542499812958623
0.35613593459129333,0.32222021588819766,0.033915718703095676
0.20623520016670227,0.19900172901602436,0.007233471150677906
0.20717564225196838,0.31523344240661816,-0.10805780015464977
0.5553365349769592,0.29062309756674426,0.26471343741021497
0.2838161885738373,0.24050911776939282,0.04330707080444446
0.05196142941713333,0.2398682584254492,-0.18790682900831587
0.41680991649627686,0.28290331780315997,0.13390659869311689
0.03542537987232208,0.1730992556409003,-0.13767387576857823
0.09172631800174713,0.23356978897688715,-0.14184347097514002
0.43557167053222656,0.2526203658034465,0.18295130472878007
0.38176289200782776,0.26791303899227586,0.1138498530155519
0.7095319628715515,0.29426869074475687,0.41526327212679465
0.3799499273300171,0.3222631553952003,0.057686771934816805
0.5224682092666626,0.26094313920418644,0.26152507006247616
0.4427346885204315,0.26764597984326916,0.17508870867716236
0.2446887046098709,0.2402746161553958,0.004414088454475107
0.11346612870693207,0.2779900953690162,-0.16452396666208413
0.3338004946708679,0.3124937306319974,0.021306764038870496
0.27000218629837036,0.2352851097092675,0.03471707658910286
0.14065003395080566,0.2498352167393589,-0.10918518278855324
0.2823898494243622,0.256129560246738,0.026260289177624185
0.36504921317100525,0.2839113848274541,0.08113782834355115
0.3055873513221741,0.302921971343502,0.0026653799786720556
0.5827764868736267,0.2970747932548528,0.2857016936187739
0.07347658276557922,0.22573404156270133,-0.1522574587971221
0.7027555704116821,0.33107719337123914,0.371678377040443
0.09874825924634933,0.15415622548059685,-0.05540796623424751
0.21687260270118713,0.22392545889255652,-0.007052856191369389
0.27349749207496643,0.2631256217575909,0.01037187031737552
0.4184609055519104,0.3238847094305461,0.09457619612136431
0.48887887597084045,0.2400864123777305,0.24879246359310994
0.21746300160884857,0.2875378520807381,-0.07007485047188955
0.32765108346939087,0.21778968619376743,0.10986139727562344
0.27261972427368164,0.30916160305847634,-0.0365418787847947
0.18286007642745972,0.279273932343395,-0.09641385591593526
0.14949016273021698,0.3126192359595051,-0.1631290732292881
0.07608368247747421,0.2372269300168944,-0.1611432475394202
0.4876928925514221,0.341765571350446,0.14592732120097612
0.16837731003761292,0.29266403165756044,-0.12428672161994753
0.48551419377326965,0.2394068521708469,0.24610734160242276
0.11608891189098358,0.2690618088838636,-0.15297289699288003
0.5179175138473511,0.2304364211187521,0.287481092728599
0.12970437109470367,0.2988061192157545,-0.16910174812105083
0.38542014360427856,0.18559382014677667,0.1998263234575019
0.3154515027999878,0.26837781405765565,0.04707368874233214
0.680550754070282,0.194140394861982,0.4864103592083
0.023481804877519608,0.21610902763404993,-0.19262722275653033
0.0680481567978859,0.277355413592653,-0.20930725679476708
0.5252372622489929,0.2772620455307095,0.24797521671828343
0.4309583008289337,0.3626494972881618,0.0683088035407719
0.2763606011867523,0.2797834445293335,-0.0034228433425811944
0.2205141931772232,0.2689742809821725,-0.048460087804949314
0.1162247508764267,0.22544902918287052,-0.10922427830644382
0.48865944147109985,0.2730260792986619,0.21563336217243795
0.300994873046875,0.2945737641586134,0.006421108888261584
0.11894157528877258,0.2376438971505777,-0.11870232186180513
0.25266677141189575,0.3323795032419356,-0.07971273183003985
0.301287442445755,0.24298719052447926,0.05830025192127575
0.0317210927605629,0.23752424034050545,-0.20580314757994256
0.5894274711608887,0.35609745168340473,0.23333001947748394
0.5833145976066589,0.2556965554283544,0.32761804217830454
0.31511190533638,0.28439259824836727,0.030719307088012737
0.34459465742111206,0.22755385204895012,0.11704080537216194
0.26651209592819214,0.3028300642332599,-0.03631796830506778
0.44484543800354004,0.28141922847917117,0.16342620952436887
0.19039925932884216,0.27110770379068144,-0.08070844446183928
0.6633407473564148,0.29085095983775033,0.37248978751866446
0.15641283988952637,0.2508540562307016,-0.09444121634117525
0.3913971781730652,0.29378066070611786,0.09761651746694733
0.2443334311246872,0.34862548331455306,-0.10429205218986587
0.04015369713306427,0.27187769061495753,-0.23172399348189326
0.041590478271245956,0.22853013719957097,-0.186939658928325
0.4154619574546814,0.28746116115063164,0.12800079630404976
0.4460941255092621,0.29974015342209154,0.14635397208717055
0.40085381269454956,0.20794333823832473,0.19291047445622483
0.3624682128429413,0.19343440640710713,0.16903380643583416
0.033345963805913925,0.3466359894054441,-0.3132900255995302
0.24486634135246277,0.23912442730077815,0.005741914051684616
0.1560889035463333,0.3237675170107282,-0.1676786134643949
0.24810563027858734,0.24692040162960527,0.001185228648982073
0.12016414850950241,0.2217351215649787,-0.1015709730554763
0.11892589926719666,0.25952252801848685,-0.1405966287512902
0.4001275599002838,0.22313975615239187,0.17698780374789194
0.2470293492078781,0.3184995412652995,-0.07147019205742139
0.15808995068073273,0.29562690783528545,-0.13753695715455272
0.37903040647506714,0.25541600482994364,0.1236144016451235
0.7487848401069641,0.23891948770769966,0.5098653523992644
0.15567615628242493,0.35680689197551824,-0.2011307356930933
0.35900425910949707,0.2983690499699214,0.06063520913957565
0.023748261854052544,0.16262050355470403,-0.1388722417006515
0.394761860370636,0.27395067766112813,0.12081118270950786
0.35469916462898254,0.28812505604970823,0.06657410857927432
0.243408665060997,0.1755013273807267,0.0679073376802703
0.19733759760856628,0.2327226180456549,-0.035385020437088605
0.1864285171031952,0.16075384801970832,0.025674669083486867
0.08327804505825043,0.2771027031570539,-0.19382465809880345
0.2124577760696411,0.3517030587300836,-0.1392452826604425
0.15327803790569305,0.223479738546805,-0.07020170064111195
0.23405128717422485,0.265694959554088,-0.03164367237986315
0.5019405484199524,0.24360396380751034,0.258336584612442
0.2355925738811493,0.2419065831373082,-0.006314009256158909
0.06246299669146538,0.2975543845041796,-0.23509138781271421
0.4680847227573395,0.24731864689655664,0.22076607586078284
0.19794365763664246,0.22830560216961415,-0.030361944532971696
0.3890460729598999,0.3326051509340547,0.05644092202584522
0.1684609055519104,0.26919556104542564,-0.10073465549351523
0.2889990508556366,0.266596070376495,0.022402980479141577
0.11653300374746323,0.3036463903672805,-0.1871133866198173
0.3470711410045624,0.2818946039952826,0.06517653700927978
0.4623114764690399,0.3167408554554612,0.1455706210135787
0.7093752026557922,0.24788606139582434,0.46148914125996787
0.4285915195941925,0.21667842056657832,0.21191309902761418
0.27610981464385986,0.2796574144812577,-0.00354759983739783
0.30459466576576233,0.30352454027150905,0.0010701254942532823
0.46297502517700195,0.23780189565981474,0.2251731295171872
0.4052425026893616,0.33769937368883357,0.067543129000528
0.30056121945381165,0.2327453561547317,0.06781586329907996
0.41598963737487793,0.2993551337807386,0.11663450359413935
0.3029070794582367,0.28264224636738206,0.02026483309085464
0.1694222390651703,0.23031814213233182,-0.06089590306716153
0.151856929063797,0.28383400615968724,-0.13197707709589024
0.08268243074417114,0.26577495144962815,-0.183092520705457
0.06946926563978195,0.28247740625548895,-0.213008140615707
0.4914180636405945,0.23508314369793562,0.2563349199426589
0.18351837992668152,0.23967428640280097,-0.056155906476119455
0.28348180651664734,0.2869953766950768,-0.0035135701784294593
0.6092341542243958,0.2944361780723317,0.31479797615206406
0.3458067774772644,0.23342542415214496,0.11238135332511945
0.30074408650398254,0.2715350434414729,0.029209043062509654
0.5599499344825745,0.3697208719731025,0.19022906250947197
0.30223309993743896,0.3910618064433807,-0.08882870650594171
0.07081200182437897,0.2008522540138471,-0.13004025218946813
0.14805860817432404,0.28842361581926823,-0.1403650076449442
0.23611503839492798,0.23371678102668375,0.0023982573682442276
0.16947971284389496,0.26219795872117746,-0.0927182458772825
0.47036269307136536,0.2766160414716509,0.19374665159971444
0.34426549077033997,0.347950744612401,-0.0036852538420610315
0.09922893345355988,0.25321940578644025,-0.15399047233288038
0.39223310351371765,0.252218589110181,0.14001451440353663
0.39045149087905884,0.20637072711139065,0.1840807637676682
0.1688997745513916,0.17744450405269593,-0.008544729501304332
0.23207637667655945,0.25838320224832106,-0.026306825571761616
0.36438044905662537,0.287065655122548,0.07731479393407736
0.0486176460981369,0.31561682577008215,-0.26699917967194525
0.13095307350158691,0.31481455441289635,-0.18386148091130944
0.2044953852891922,0.28551964222366694,-0.08102425693447474
0.5602529644966125,0.19268249939567658,0.36757046510093594
0.09003875404596329,0.2657005738294442,-0.1756618197834809
0.3600910007953644,0.2688910051229888,0.09119999567237558
0.05601054057478905,0.2494584361542823,-0.19344789557949324
0.6246469020843506,0.3623709887638212,0.2622759133205294
0.21083290874958038,0.22161151592824896,-0.010778607178668576
0.5442394018173218,0.261718885084827,0.2825205167324948
0.13501262664794922,0.3165272390412847,-0.1815146123933355
0.29613593220710754,0.3092831891719841,-0.013147256964876564
0.4040983021259308,0.2530805681412672,0.15101773398466356
0.4101223349571228,0.21768811181433956,0.19243422314278325
0.4425988495349884,0.2738781689079012,0.16872068062708723
0.1779332160949707,0.22981836880108952,-0.05188515270611882
0.1004149317741394,0.21809744861632988,-0.11768251684219047
0.1636698991060257,0.29462193566153944,-0.13095203655551374
0.41054555773735046,0.3186907076224185,0.09185485011493194
0.18205547332763672,0.23404922433836967,-0.05199375101073295
0.43886321783065796,0.2987634253090646,0.14009979252159338
0.10998650640249252,0.24674801678529876,-0.13676151038280623
0.20813697576522827,0.34545974786373007,-0.1373227720985018
0.30515891313552856,0.2423246163673651,0.06283429676816346
0.4660627841949463,0.22080965200222608,0.2452531321927202
0.7012770175933838,0.215084497806455,0.4861925197869288
0.32231149077415466,0.30232798361453667,0.019983507159617997
0.3588632047176361,0.2690025813905073,0.0898606233271288
0.08208159357309341,0.24570674587186403,-0.16362515229877062
0.6404306292533875,0.37065644744859455,0.2697741818047929
0.4123898446559906,0.2175492526305194,0.1948405920254712
0.07410354167222977,0.24104258419715396,-0.1669390425249242
0.3249708414077759,0.18034162552222588,0.14462921588555
0.18994992971420288,0.281785500690101,-0.09183557097589812
0.11538880318403244,0.3250991422156951,-0.20971033903166264
0.1851380169391632,0.29626959513562234,-0.11113157819645914
0.29115161299705505,0.2242693601697004,0.06688225282735466
0.14927595853805542,0.18758318040380204,-0.038307221865746616
0.09941179305315018,0.31181926808935306,-0.2124074750362029
0.48965734243392944,0.28242931981436986,0.20722802261955958
0.26645463705062866,0.21235557196446433,0.05409906508616433
0.16881617903709412,0.2450162076340272,-0.07620002859693309
0.4598454535007477,0.2568542687827947,0.20299118471795297
0.13755181431770325,0.25992622974325563,-0.12237441542555239
0.5381526350975037,0.32197655189860336,0.2161760831989003
0.18411920964717865,0.24414508395504,-0.060025874307861354
0.12396769970655441,0.17767720944280774,-0.053709509736253325
0.5159687399864197,0.30089986204938196,0.21506887793703772
0.6165539026260376,0.3951368069243533,0.22141709570168427
0.10907219350337982,0.21657328647759305,-0.10750109297421323
0.21632924675941467,0.2191492095835324,-0.0028199628241177277
0.22788096964359283,0.21092309013417776,0.016957879509415075
0.3197910189628601,0.2142824727829051,0.105508546179955
0.12827585637569427,0.2770254115972463,-0.14874955522155203
0.2062487006187439,0.3006069059490349,-0.09435820533029099
0.23252873122692108,0.2729503758300201,-0.040421644603098994
0.09789968281984329,0.20619173006942493,-0.10829204724958164
0.032445140182971954,0.30012752976634,-0.26768238958336804
0.3631975054740906,0.2067000474478838,0.15649745802620676
0.6688714623451233,0.2661639070434991,0.40270755530162416
0.23992685973644257,0.23998475662426466,-5.7896887822095344e-05
0.31376174092292786,0.26949136338689694,0.044270377536030914
0.14871473610401154,0.23922771260391462,-0.09051297649990309
0.06476488709449768,0.14700547406478656,-0.08224058697028888
0.3033333420753479,0.2996512664663649,0.003682075608982982
0.6443155407905579,0.2675176219814065,0.37679791880915137
0.13603970408439636,0.2180022849368472,-0.08196258085245084
0.16435736417770386,0.23213339477071343,-0.06777603059300957
0.11770115047693253,0.21001373144745167,-0.09231258097051914
0.060386624187231064,0.19022244837963906,-0.129835824192408
0.2553291618824005,0.20430971220387173,0.05101944967852878
0.2870115041732788,0.2866307133108299,0.0003807908624489098
0.20423197746276855,0.2560345245791169,-0.05180254711634835
0.06859979033470154,0.22222359956606255,-0.153623809231361
0.21728317439556122,0.273050618489394,-0.055767444093832774
0.013145245611667633,0.2520244115683612,-0.23887916595669356
0.08051201701164246,0.26788591829148506,-0.1873739012798426
0.3204702138900757,0.27016856284680174,0.05030165104327394
0.2953813970088959,0.22583822383307192,0.06954317317582395
0.6271578073501587,0.27762306729360425,0.34953474005655444
0.28529781103134155,0.3121172078553543,-0.026819396824012742
0.1818181872367859,0.2464113964859996,-0.06459320924921372
0.29905956983566284,0.29822439985232685,0.0008351699833359927
0.3669905960559845,0.31429806595570925,0.05269253010027525
0.30893418192863464,0.2808673950700436,0.028066786858591042
0.17364680767059326,0.21591773527825248,-0.042270927607659214
0.007210031151771545,0.14990706789485317,-0.14269703674308162
0.6235632300376892,0.2965357931716153,0.3270274368660739
0.16862069070339203,0.21916965269308172,-0.050548961989689695
0.020637407898902893,0.23097971368334363,-0.21034230578444074
0.726959228515625,0.2929117151491027,0.4340475133665223
0.3577638566493988,0.22183479168219522,0.13592906496720358
0.08136886358261108,0.22746558738916098,-0.1460967238065499
0.3705642521381378,0.3436791319149491,0.02688512022318873
0.18710553646087646,0.34099609711313367,-0.1538905606522572
0.6166457533836365,0.3233732214533212,0.29327253193031527
0.08451410382986069,0.20291684509815702,-0.11840274126829634
0.21492162346839905,0.19597433134964065,0.018947292118758396
0.03721003234386444,0.18233557623846797,-0.14512554389460353
0.20724138617515564,0.26475423031052553,-0.05751284413536989
0.5140438675880432,0.3322598241257328,0.18178404346231042
0.08800417929887772,0.23966747116910972,-0.151663291870232
0.45840126276016235,0.26968389443030294,0.18871736832985941
0.27008360624313354,0.28454971647801536,-0.014466110234881813
0.6980146169662476,0.371071281735087,0.32694333523116054
0.09272727370262146,0.2041737063297208,-0.11144643262709933
0.19529780745506287,0.25322633419016904,-0.05792852673510618
0.12065830826759338,0.28424666027101786,-0.16358835200342448
0.08482758700847626,0.3801444821768299,-0.29531689516835363
0.15265412628650665,0.2635472393145544,-0.11089311302804777
0.5243887305259705,0.3408537894405968,0.18353494108537366
0.1191118061542511,0.32657965732864896,-0.20746785117439787
0.06879832595586777,0.26644465230344044,-0.19764632634757268
0.3219749331474304,0.31814513836282493,0.003829794784605489
0.4989968538284302,0.23274510820218475,0.26625174562624543
0.43228840827941895,0.30632600440214014,0.1259624038772788
0.24600836634635925,0.20440212146021458,0.04160624488614467
0.6121107339859009,0.23868526304428905,0.3734254709416118
0.054137930274009705,0.21484812099174153,-0.16071019071773182
0.13589341938495636,0.2861353998446346,-0.15024198045967824
0.02020898647606373,0.19891785213111754,-0.1787088656550538
0.2627899646759033,0.20336757726930918,0.05942238740659414
0.0885266438126564,0.14017427297402105,-0.051647629161364644
0.08570533245801926,0.2438136738439989,-0.15810834138597965
0.44434690475463867,0.21287078432210427,0.2314761204325344
0.10036572813987732,0.3722535246251119,-0.2718877964852346
0.08877743035554886,0.3007548010558477,-0.21197737070029882
0.15578892827033997,0.2923162430457335,-0.13652731477539354
0.2589132785797119,0.2283493282849125,0.030563950294799413
0.2321525663137436,0.20903733441112402,0.023115231902619576
0.6226854920387268,0.2777811221670266,0.3449043698717002
0.24218390882015228,0.25277641958979225,-0.010592510769639962
0.1355067938566208,0.30313340461825583,-0.16762661076163504
0.29416927695274353,0.2506650440510136,0.043504232901729945
0.30711600184440613,0.2400538199170858,0.06706218192732033
0.15294671058654785,0.32260287955517225,-0.1696561689686244
0.09369906038045883,0.3286357463028728,-0.23493668592241396
0.20653082430362701,0.21970468355057254,-0.01317385924694553
0.34610241651535034,0.22540770380328262,0.12069471271206772
0.49125391244888306,0.164615145822002,0.32663876662688107
0.40105539560317993,0.27869985893853855,0.12235553666464138
0.3565830588340759,0.25176948142803773,0.1048135774060382
0.4753605127334595,0.3195567689726951,0.1558037437607644
0.19606061279773712,0.20956200160963873,-0.013501388811901605
0.2294461876153946,0.24600840275208652,-0.016562215136691927
0.0760188102722168,0.1666759558736442,-0.0906571456014274
0.2685057520866394,0.30520378140622445,-0.036698029319585046
0.1578892320394516,0.24577103840120423,-0.08788180636175263
0.2451619654893875,0.21396999835735517,0.031191967132032344
0.370585173368454,0.31486456844222505,0.055720604926228934
0.4543364644050598,0.3440601918697869,0.11027627253527289
0.7019122242927551,0.3307380765475219,0.3711741477452332
0.20467084646224976,0.29884983161345846,-0.0941789851512087
0.19894461333751678,0.24650978878266538,-0.0475651754451486
0.07896551489830017,0.12454408622201346,-0.04557857132371329
0.18944618105888367,0.21425432987595996,-0.024808148817076298
0.006259143352508545,0.24025585551765494,-0.2339967121651464
0.1088714748620987,0.18563960092646084,-0.07676812606436215
0.2663949728012085,0.2272934526109068,0.03910152019030169
0.08752351254224777,0.2608924017312346,-0.17336888918898685
0.4790177643299103,0.35908019323367585,0.11993757109623443
0.27016720175743103,0.2873007567404519,-0.017133554983020882
0.517241358757019,0.3254442466658762,0.19179711209114286
0.343448281288147,0.27313986463202167,0.0703084166561253
0.5100104212760925,0.3404426119745206,0.16956780930157195
0.5056217312812805,0.28421685770527405,0.22140487357600647
0.2478056401014328,0.27016741045548204,-0.022361770354049237
0.07757575809955597,0.20766749365988738,-0.1300917355603314
0.21111807227134705,0.24707877194804595,-0.035960699676698904
0.13237199187278748,0.3314770423783357,-0.19910505050554822
0.18750260770320892,0.27577324669376074,-0.08827063899055182
0.3231765925884247,0.21469662732365763,0.10847996526476705
0.10507836937904358,0.17667539990954328,-0.0715970305304997
0.2213270664215088,0.3112955031448276,-0.08996843672331883
0.2306791990995407,0.3560387250369293,-0.12535952593738858
0.09294670820236206,0.21137397399516167,-0.11842726579279961
0.4843469262123108,0.25827604212675165,0.22607088408555914
0.26182863116264343,0.2884336200428009,-0.026604988880157443
0.532957136631012,0.2287386506193398,0.3042184860116722
0.24549634754657745,0.33138981428705866,-0.0858934667404812
0.17519330978393555,0.3211913266968734,-0.14599801691293784
0.22281086444854736,0.2712629951698156,-0.04845213072126825
0.2657993733882904,0.24792295766584427,0.017876415722446137
0.4531765878200531,0.3498277613725222,0.1033488264475309
0.16988505423069,0.27472639373824487,-0.10484133950755486
0.07975966483354568,0.31790099454646387,-0.23814132971291818
0.5704492926597595,0.28561219753601236,0.28483709512374716
0.12596656382083893,0.24284836070762195,-0.11688179688678302
0.16668756306171417,0.2910160766324863,-0.12432851357077213
0.02847439981997013,0.21057527524269548,-0.18210087542272535
0.7028630971908569,0.328715482151735,0.3741476150391219
0.1251097172498703,0.3801623415362247,-0.2550526242863544
0.4106791913509369,0.29437604207363166,0.11630314927730523
0.15359456837177277,0.32865392157626167,-0.1750593532044889
0.39198535680770874,0.24594983404276108,0.14603552276494766
0.24291536211967468,0.2960420889477364,-0.05312672682806174
0.17541274428367615,0.2644767329510616,-0.08906398866738546
0.04800418019294739,0.35042324234395245,-0.30241906215100506
0.1219644695520401,0.2844198167617007,-0.1624553472096606
0.7074817419052124,0.1425162849802873,0.5649654569249252
0.13538140058517456,0.28049214484471013,-0.14511074425953557
0.01783698983490467,0.27023945422726,-0.2524024643923553
0.052037619054317474,0.19340094216121637,-0.1413633231068989
0.4265517294406891,0.32381130872514924,0.10274042071553985
0.4871055483818054,0.2729145838002261,0.21419096458157932
0.5749843120574951,0.19166763156451658,0.3833166804929785
0.5201463103294373,0.25528002775222886,0.2648662825772084
0.30504703521728516,0.2776276265945505,0.027419408622734676
0.08035527914762497,0.16582789064744055,-0.08547261149981558
0.32473355531692505,0.24591219023924663,0.07882136507767842
0.555496335029602,0.263462572864472,0.29203376216513005
0.06915360689163208,0.23621242557294447,-0.1670588186813124
0.6466352939605713,0.26534134299061457,0.3812939509699567
0.3636050224304199,0.29950351538035075,0.06410150705006917
0.8637304306030273,0.2754699199105665,0.5882605106924608
0.18161964416503906,0.3188431467770528,-0.13722350261201371
0.029373040422797203,0.1886618081038567,-0.15928876768105948
0.1160397082567215,0.27048811072337525,-0.15444840246665376
0.32065829634666443,0.2245490544874581,0.09610924185920633
0.07758620381355286,0.2454186200861898,-0.16783241627263695
0.36877742409706116,0.2904223835925161,0.07835504050454506
0.30586206912994385,0.18169145544256227,0.12417061368738158
0.5113061666488647,0.31429783653744386,0.19700833011142088
0.18223614990711212,0.26398436740180525,-0.08174821749469313
0.2299477607011795,0.24158205170379368,-0.011634291002614178
0.46990594267845154,0.2722762761154643,0.19762966656298725
0.5468756556510925,0.2781069849529939,0.2687686706980986
0.2619853615760803,0.27810794670192923,-0.01612258512584891
0.05847439914941788,0.23134051182749601,-0.17286611267807814
0.3006165027618408,0.25482502389638584,0.04579147886545498
0.17100313305854797,0.2623439529301603,-0.0913408198716123
0.2755903899669647,0.25621249872669316,0.01937789124027156
0.08095088601112366,0.2812526069599624,-0.20030172094883875
0.2513793110847473,0.272222101214502,-0.020842790129754707
0.6699895262718201,0.2812570350279796,0.38873249124384046
0.6545663475990295,0.31375387892932943,0.3408124686697001
0.3277847468852997,0.2977412732368889,0.030043473648410757
0.058160919696092606,0.27812644012396165,-0.21996552042786904
0.43718913197517395,0.2272035657628595,0.20998556621231446
0.5181504487991333,0.22086922022228464,0.2972812285768487
0.22419017553329468,0.23289405670953803,-0.00870388117624335
0.39081504940986633,0.29764011626370107,0.09317493314616526
0.3574921488761902,0.3565003346650986,0.0009918142110915684
0.2039080411195755,0.27240052735718207,-0.06849248623760656
0.6716510057449341,0.33440615330153894,0.33724485244339514
0.41786834597587585,0.21046360178843854,0.20740474418743732
0.5959143042564392,0.17777288861240384,0.4181414156440354
0.3512748181819916,0.2734442943897071,0.0778305237922845
0.2338975965976715,0.3311330564097597,-0.0972354598120882
0.43944618105888367,0.34757916471576483,0.09186701634311883
0.3313688635826111,0.2392797664908935,0.09208909709171759
0.4938453435897827,0.27727018685417176,0.21657515673561095
0.34996864199638367,0.21257316965834355,0.13739547233804011
0.26416927576065063,0.2210332021006015,0.04313607366004912
0.27388715744018555,0.23503519343243007,0.03885196400775548
0.17656217515468597,0.28828182717459305,-0.11171965201990708
0.2509613335132599,0.2103911639287915,0.04057016958446838
0.17893417179584503,0.21060524581229056,-0.03167107401644553
0.2687460780143738,0.324583643311714,-0.05583756529734024
0.28748172521591187,0.1885232023215923,0.09895852289431956
0.03765935078263283,0.3117350803316376,-0.2740757295490048
0.14789968729019165,0.3644536044753734,-0.21655391718518174
0.5027481913566589,0.2759620163382584,0.22678617501840054
0.5542006492614746,0.302313722159902,0.2518869271015726
0.19155694544315338,0.2870723306227927,-0.09551538517963931
0.09595610946416855,0.3283122781796543,-0.23235616871548576
0.05054336413741112,0.23988929676587573,-0.1893459326284646
0.6199895739555359,0.2069905372845506,0.41299903667098525
0.4497178792953491,0.33313060642604625,0.11658727286930287
0.04399164021015167,0.28605276445090705,-0.24206112424075538
0.6001149415969849,0.2683122146283761,0.33180272696860874
0.060626957565546036,0.18481225825551315,-0.12418530068996711
0.4735214114189148,0.2842318566563935,0.1892895547625213
0.37455591559410095,0.3197512796557134,0.054804635938387525
0.10082549601793289,0.16680070032991967,-0.06597520431198678
0.2134273797273636,0.22063819705341592,-0.007210817326052332
0.3493730425834656,0.27213694460662785,0.07723609797683773
0.37141066789627075,0.2290822721928102,0.14232839570346056
0.0355590395629406,0.25512957569178984,-0.21957053612884925
0.06922674924135208,0.23141102414962375,-0.16218427490827167
0.7483385801315308,0.32947936749373646,0.4188592126377943
0.722236156463623,0.2866322318396272,0.43560392462399583
0.2706478536128998,0.25146497766051423,0.019182875952385547
0.30159875750541687,0.22722799112934097,0.0743707663760759
0.0742633193731308,0.17348947583637914,-0.09922615646324834
0.05390804633498192,0.17957027876943232,-0.1256622324344504
0.10518286377191544,0.20988980358483797,-0.10470693981292253
0.48730406165122986,0.3858132644012105,0.10149079725001936
0.3127168118953705,0.23751371439204327,0.07520309750332721
0.5325496196746826,0.2700079106558549,0.26254170901882773
0.3497283160686493,0.3117926370940854,0.0379356789745639
0.4783281087875366,0.31402229043888114,0.16430581834865549
0.17028212547302246,0.20488788982677686,-0.0346057643537544
0.03313479572534561,0.31720925680149853,-0.2840744610761529
0.2702716886997223,0.2684862660895864,0.0017854226101358672
0.6035945415496826,0.2443512611767535,0.35924328037292913
0.1915360540151596,0.16720734541163873,0.024328708603520877
0.08989550918340683,0.31755016025593535,-0.22765465107252852
0.09789968281984329,0.25357574996024473,-0.15567606714040144
0.057408567517995834,0.23343184854509008,-0.17602328102709425
0.11256008595228195,0.2349956863031649,-0.12243560035088294
0.19334378838539124,0.3120780419102625,-0.11873425352487127
0.11537095159292221,0.213240166901284,-0.09786921530836179
0.6577116250991821,0.26793921160106277,0.38977241349811936
0.43110764026641846,0.3097923192084943,0.12131532105792414
0.1804911196231842,0.3014604010949466,-0.12096928147176239
0.02044932171702385,0.22113542520749552,-0.20068610349047167
0.2131243497133255,0.21038551157205432,0.0027388381412711826
0.11712643504142761,0.287723876515615,-0.17059744147418737
0.04678161069750786,0.3033831462471483,-0.25660153554964044
0.6983489990234375,0.32592843219089734,0.37242056683254016
0.2657889127731323,0.29391121416255966,-0.02812230138942734
0.2102716863155365,0.311874856861636,-0.10160317054609952
0.14805643260478973,0.3034003214397875,-0.15534388883499778
0.1415673941373825,0.22843141258161317,-0.08686401844423067
0.16378265619277954,0.3118116293751511,-0.14802897318237157
0.6034378409385681,0.28683316144346443,0.3166046794951037
0.06693834811449051,0.183275379747651,-0.1163370316331605
0.011316614225506783,0.32899651899934806,-0.3176799047738413
0.1668756604194641,0.23498849630322494,-0.06811283588376082
0.2664054334163666,0.2473932953207968,0.019012138095569786
0.0335841178894043,0.18344403274264318,-0.14985991485323888
0.03722048178315163,0.22529187948386087,-0.18807139770070924
0.035057470202445984,0.26417285215304626,-0.22911538195060027
0.05236154794692993,0.283614763106232,-0.23125321515930208
0.06096133589744568,0.22141012657690745,-0.16044879067946177
0.07299895584583282,0.2030931799177254,-0.13009422407189258
0.006039707455784082,0.14604573339561266,-0.14000602593982858
0.3636886179447174,0.2908027711479011,0.07288584679681631
0.46277952194213867,0.2896747391528194,0.1731047827893193
0.3645663559436798,0.29042058553819655,0.07414577040548326
0.13021942973136902,0.1493715747894857,-0.019152145058116687
0.5682967901229858,0.23237490640867128,0.33592188371431453
0.1413584053516388,0.28545664969897927,-0.14409824434734048
0.2898537218570709,0.25144273711826887,0.038410984738802056
0.11155694723129272,0.23070347789817602,-0.1191465306668833
0.7126123309135437,0.2647258689694198,0.4478864619441239
0.06500522792339325,0.20312946998403003,-0.13812424206063678
0.1631556898355484,0.22902468852049374,-0.06586899868494533
0.014242424629628658,0.19819608325703475,-0.1839536586274061
0.08124347031116486,0.25494832322043565,-0.1737048529092708
0.058892372995615005,0.2196167505919925,-0.1607243775963775
0.4580773115158081,0.23883005013198216,0.21924726138382594
0.1258516162633896,0.1913888078870631,-0.06553719162367352
0.31947752833366394,0.3018862394967197,0.01759128883694422
0.09631139039993286,0.16233712406866582,-0.06602573366873296
0.049791011959314346,0.324939475763415,-0.27514846380410063
0.3398432731628418,0.2033949874978965,0.1364482856649453
0.10683385282754898,0.2164715945963938,-0.10963774176884483
0.11024033278226852,0.2613223977774443,-0.1510820649951758
0.46404388546943665,0.2774408034544878,0.18660308201494885
0.14280042052268982,0.2513001684976402,-0.10849974797495038
0.5451515316963196,0.34591044232135854,0.19924108937496104
0.4655276834964752,0.21186812618907225,0.25365955730740297
0.5099477767944336,0.19635242894027624,0.3135953478541573
0.2713793218135834,0.30073952278815635,-0.02936020097457298
0.4785057604312897,0.28665862078178816,0.1918471396495015
0.19850574433803558,0.2593446839087032,-0.060838939570667605
0.09316614270210266,0.2903940358227648,-0.19722789312066213
0.6335422992706299,0.2601404217004861,0.37340187757014376
0.330720990896225,0.24884559000416034,0.08187540089206463
0.015987461432814598,0.20659184192149407,-0.19060438048867948
0.38376176357269287,0.27089706766331095,0.11286469590938192
0.09256008267402649,0.3026798639439056,-0.21011978126987912
0.008066875860095024,0.3228492511219117,-0.3147823752618167
0.3882654011249542,0.32158213371018435,0.06668326741476988
0.31017762422561646,0.2784106211912488,0.031767003034367636
0.030344827100634575,0.17779064950582224,-0.14744582240518767
0.2920794188976288,0.22344307709280528,0.0686363418048235
0.3667502701282501,0.2811257594203935,0.08562451070785665
0.32648903131484985,0.3488826667783422,-0.022393635463492323
0.2819853723049164,0.30398813329482405,-0.022002760989907666
0.22874608635902405,0.22548540051238466,0.003260685846639383
0.14495298266410828,0.2156617661860843,-0.07070878352197602
0.30212122201919556,0.22716127986187945,0.0749599421573161
0.23213165998458862,0.256001110421649,-0.023869450437060402
0.10724137723445892,0.2108964787855742,-0.10365510155111526
0.086698018014431,0.24446110877202235,-0.15776309075759135
0.31573668122291565,0.24796142441018992,0.06777525681272573
0.1397387683391571,0.2252016132501975,-0.08546284491104039
0.6258620619773865,0.29174589725899475,0.33411616471839173
0.7142737507820129,0.29539433285331407,0.41887941792869887
0.04283176735043526,0.24517897124279153,-0.20234720389235628
0.1176488995552063,0.2066340897155684,-0.0889851901603621
0.28647857904434204,0.22089071301184032,0.06558786603250172
0.055820271372795105,0.2531843974406356,-0.19736412606784048
0.6624556183815002,0.21386884100046674,0.4485867773810335
0.3472413718700409,0.20463662612125907,0.14260474574878182
0.22545453906059265,0.3212834651540433,-0.09582892609345067
0.17825496196746826,0.24268769846368068,-0.06443273649621242
0.2807210087776184,0.23264817821473951,0.04807283056287889
0.8082967400550842,0.31750915008877784,0.4907875899663064
0.3306165039539337,0.22284715648467374,0.10776934746925998
0.0426541268825531,0.2670716408675761,-0.22441751398502302
0.2522884011268616,0.39454364821596916,-0.14225524708910758
0.024587251245975494,0.1681790329491783,-0.1435917817032028
0.191609188914299,0.31465752348391446,-0.12304833456961545
0.2636154592037201,0.3000705435594809,-0.03645508435576078
0.27470219135284424,0.22535569553399076,0.049346495818853475
0.4236154556274414,0.2403075884950841,0.1833078671323573
0.05217345803976059,0.28572173216750996,-0.23354827412774937
0.17812956869602203,0.20928293915360596,-0.03115337045758393
0.09743991494178772,0.2714321709547235,-0.17399225601293578
0.1227690726518631,0.2325586054301017,-0.10978953277823861
0.15665622055530548,0.2510827524578083,-0.09442653190250283
0.1769801527261734,0.23981678046454807,-0.06283662773837467
0.09981191158294678,0.1863306843616348,-0.08651877277868802
0.1593416929244995,0.22441008005007473,-0.06506838712557522
0.44039708375930786,0.2309521103363296,0.20944497342297827
0.7546708583831787,0.2483276588573768,0.5063431995258019
0.5044618844985962,0.38309171502136935,0.12137016947722684
0.09239289164543152,0.22362423851780128,-0.13123134687236976
0.21535004675388336,0.2613530056433418,-0.046002958889458434
0.1791744977235794,0.2828201301833833,-0.1036456324598039
0.13464994728565216,0.1568330835337712,-0.022183136248119045
0.11065831035375595,0.2822571950804578,-0.17159888472670187
0.6169905662536621,0.31857904151456623,0.2984115247390959
0.4564472436904907,0.3068793754476991,0.1495678682427916
0.38991641998291016,0.26156126791731227,0.1283551520655979
0.07709509134292603,0.32002961876143526,-0.24293452741850924
0.6354649662971497,0.2966066431510125,0.3388583231461372
0.059623826295137405,0.31925634955281773,-0.2596325232576803
0.031494252383708954,0.18640191976981657,-0.15490766738610762
0.4439707398414612,0.3398752097932149,0.10409553004824629
0.16307209432125092,0.27877655579243305,-0.11570446147118213
0.4370114803314209,0.22137284169564653,0.21563863863577437
0.4479101300239563,0.34977342311591314,0.09813670690804316
0.4119958281517029,0.19860831035367615,0.21338751779802673
0.6644304990768433,0.2152891586233979,0.44914134045344534
0.39152559638023376,0.2717392588289755,0.11978633755125828
0.3969697058200836,0.2231806987654495,0.17378900705463413
0.4823615550994873,0.29232758775131523,0.19003396734817207
0.17300941050052643,0.2589721608766533,-0.08596275037612688
0.28172412514686584,0.26499144722240037,0.016732677924465478
0.35056427121162415,0.23168995585686017,0.11887431535476398
0.46213164925575256,0.3373882936310501,0.12474335562470246
0.297126442193985,0.3221587554018634,-0.02503231320787841
0.29086729884147644,0.30737783904826116,-0.01651054020678472
0.6028839945793152,0.3371798099507774,0.2657041846285378
0.24582026898860931,0.33087985648573687,-0.08505958749712755
0.587450385093689,0.25871463849170984,0.32873574660197913
0.12626959383487701,0.2553225705625351,-0.1290529767276581
0.2118913233280182,0.2789620267147586,-0.06707070338674043
0.08474399149417877,0.301434531118789,-0.2166905396246102
0.35056427121162415,0.2107863697010109,0.13977790151061326
0.06005224585533142,0.24460915776032002,-0.1845569119049886
0.06538140028715134,0.15993953643783398,-0.09455813615068265
0.11749216169118881,0.24641288502395597,-0.12892072333276716
0.33007314801216125,0.21392231299931205,0.1161508350128492
0.05632184073328972,0.24106744406387098,-0.18474560333058127
0.015611285343766212,0.17025032033259502,-0.1546390349888288
0.35252872109413147,0.21734551769064495,0.13518320340348652
0.048986416310071945,0.24639988172237415,-0.1974134654123022
0.42130616307258606,0.35924428806227365,0.062061875010312406
0.3608359396457672,0.29299884290764844,0.06783709673811877
0.22632184624671936,0.16644468603369786,0.0598771602130215
0.6459665894508362,0.22415496452695982,0.42181162492387636
0.10796238481998444,0.15955859103134357,-0.05159620621135913
0.24513061344623566,0.2332885259335812,0.011842087512654448
0.10824451595544815,0.17376551702265555,-0.0655210010672074
0.03809822350740433,0.32391166054956094,-0.2858134370421566
0.08241379261016846,0.24255968963183297,-0.1601458970216645
0.5431348085403442,0.26767611401070895,0.2754586945296353
0.0014420063234865665,0.24901688510570827,-0.2475748787822217
0.05503657087683678,0.23701967759644268,-0.1819831067196059
0.20018808543682098,0.2429639415731405,-0.04277585613631951
0.03284221515059471,0.17466440810170103,-0.14182219295110632
0.2442842274904251,0.32839924163213047,-0.08411501414170536
0.137701153755188,0.21247515887047072,-0.07477400511528273
0.6670742034912109,0.29704483263605763,0.3700293708551533
0.31463950872421265,0.33164904980515636,-0.017009541080943713
0.5100626945495605,0.2468528934198236,0.2632098011297369
0.06249738857150078,0.2472944278300906,-0.1847970392585898
0.18140020966529846,0.2669334335297671,-0.08553322386446865
0.35150471329689026,0.1994758823643954,0.15202883093249486
0.002204806776717305,0.23310353747173113,-0.23089873069501382
0.4632706344127655,0.3309443842932794,0.13232625011948612
0.23694880306720734,0.19368510536407074,0.043263697703136594
0.22648902237415314,0.2034662664033906,0.023022755970762532
0.5757367014884949,0.2671339363671816,0.3086027651213133
0.2231452465057373,0.30832958977689034,-0.08518434327115304
0.48649948835372925,0.24787406445903684,0.2386254238946924
0.22705328464508057,0.2680958188279294,-0.04104253418284881
0.13276906311511993,0.17818651444697872,-0.04541745133185879
0.04223615303635597,0.1998200401533363,-0.15758388711698032
0.4517868459224701,0.2626031007863092,0.18918374513616087
0.1699582040309906,0.2794207649669314,-0.10946256093594081
0.03035527653992176,0.22068792182785843,-0.19033264528793667
0.09303030371665955,0.2318566670763201,-0.13882636335966056
0.18995819985866547,0.19245346449881978,-0.0024952646401543155
0.6135945916175842,0.30624275085391756,0.3073518407636667
0.3726332187652588,0.24654789445246034,0.12608532431279845
0.8363741040229797,0.3334098158275601,0.5029642881954197
0.09857889264822006,0.20247701245315985,-0.10389811980493979
0.10098223388195038,0.19450756104523673,-0.09352532716328635
0.2169383466243744,0.2291579189447154,-0.012219572320341016
0.21432602405548096,0.19867937728875262,0.015646646766728334
0.03137930855154991,0.27464276469975735,-0.24326345614820744
0.17814001441001892,0.2795564563141964,-0.10141644190417748
0.10334378480911255,0.1720813936723526,-0.06873760886324004
0.021807732060551643,0.20922427755943182,-0.18741654549888018
0.9206269383430481,0.34931057190637865,0.5713163664366694
0.35458725690841675,0.2164457821113525,0.13814147479706423
0.16543364524841309,0.24453205038390888,-0.07909840513549579
0.5672831535339355,0.3085773310061129,0.25870582252782265
0.6190699934959412,0.3408496895041461,0.27822030399179504
0.08307210355997086,0.28948748523250484,-0.20641538167253398
0.784451425075531,0.31197390385084517,0.47247752122468584
0.3005015552043915,0.2856877981556362,0.01481375704875526
0.2748066782951355,0.2813094474462371,-0.006502769151101595
0.4141065776348114,0.30833934802965585,0.10576722960515555
0.03315569460391998,0.330445067576759,-0.297289372972839
0.1358620673418045,0.2341466717199467,-0.09828460437814218
0.5963218212127686,0.2802979369793628,0.31602388423340577
0.4071473479270935,0.2422004343787201,0.1649469135483734
0.45584118366241455,0.30753089715322895,0.1483102865091856
0.21944618225097656,0.2562618088312167,-0.036815626580240124
0.18989551067352295,0.24874359650298722,-0.05884808582946427
0.09692789614200592,0.2804185625948304,-0.18349066645282447
0.02538139931857586,0.22924671021188983,-0.20386531089331397
0.17118076980113983,0.26553227349954484,-0.094351503698405
0.136750265955925,0.20231296062141577,-0.06556269466549078
0.34567397832870483,0.27367677109684224,0.07199720723186259
0.12330198287963867,0.2541781013567418,-0.13087611847710312
0.025067919865250587,0.22303151578405903,-0.19796359591880844
0.05338557809591293,0.22669823869133487,-0.17331266059542194
0.2920898497104645,0.21746671086265199,0.07462313884781249
0.6150888204574585,0.3402486299788781,0.2748401904785804
0.02764890342950821,0.1415232247553695,-0.11387432132586128
0.40155693888664246,0.2433451280105628,0.15821181087607966
0.04624869301915169,0.2974815624315419,-0.2512328694123902
0.15285266935825348,0.21515400835817763,-0.062301338999924155
0.16904911398887634,0.29742547348288867,-0.12837635949401233
0.5719226598739624,0.3230781021270473,0.2488445577469151
0.10070010274648666,0.1739716495871712,-0.07327154684068454
0.28142109513282776,0.2910645946264383,-0.009643499493610541
0.14565308392047882,0.19660650932983295,-0.05095342540935413
0.5157262086868286,0.28862128126237957,0.22710492742444904
0.25384536385536194,0.26639340376326803,-0.012548039907906094
0.406551718711853,0.16368324226987535,0.24286847644197768
0.19211076200008392,0.2910768094233554,-0.09896604742327147
0.3045036494731903,0.28476855313514743,0.01973509633804288
0.03132706508040428,0.23041583802274002,-0.19908877294233573
0.30300939083099365,0.169525099930364,0.13348429090062966
0.05420062690973282,0.16288071354135256,-0.10868008663161974
0.005715778563171625,0.16212878237141604,-0.1564130038082444
0.36490073800086975,0.26066732796964076,0.10423341003122899
0.06233019754290581,0.22287972076427243,-0.16054952322136662
0.20520375669002533,0.33350734258535836,-0.12830358589533303
0.766133725643158,0.3184627429439078,0.44767098269925015
0.02998954989016056,0.21138703470882664,-0.18139748481866608
0.3143887221813202,0.3104182970949458,0.003970425086374407
0.6563218235969543,0.22770389455774542,0.4286179290392089
0.4475443959236145,0.31536908829703975,0.13217530762657476
0.4151097238063812,0.25410866099385115,0.16100106281253007
0.46965518593788147,0.24673491817757798,0.2229202677603035
0.49520376324653625,0.339156394866937,0.15604736837959926
0.5845767855644226,0.3368821906435135,0.24769459492090912
0.21230930089950562,0.2181448337371723,-0.00583553283766669
0.5570010542869568,0.22326630372570133,0.33373475056125546
0.0412643663585186,0.22501878814874174,-0.18375442179022314
0.1690073162317276,0.2865544966997213,-0.11754718046799367
0.08714733272790909,0.2501350353260161,-0.16298770259810702
0.32636362314224243,0.22023764118014538,0.10612598196209705
0.21225705742835999,0.19687763282282264,0.015379424605537345
0.013542319647967815,0.18865224840819134,-0.17510992876022352
0.07538139820098877,0.21420589418226946,-0.1388244959812807
0.19642633199691772,0.24063368331723672,-0.044207351320319
0.20128527283668518,0.2905908792254042,-0.08930560638871904
0.1927795261144638,0.25255162438416884,-0.05977209826970503
0.018965518102049828,0.24451805563656315,-0.22555253753451332
0.14920584857463837,0.291423610656888,-0.14221776208224962
0.06601881235837936,0.3337685840961953,-0.26774977173781594
0.218766987323761,0.2922979409470713,-0.0735309536233103
0.1398850530385971,0.2622281814918939,-0.12234312845329681
0.38354232907295227,0.2871632379193532,0.09637909115359905
0.13490073382854462,0.23309802907445065,-0.09819729524590604
0.6218181848526001,0.25085952399233225,0.37095866086026785
0.2957889139652252,0.20974348778826052,0.0860454261769647
0.096206896007061,0.27973156858123616,-0.18352467257417515
0.42681294679641724,0.22177400747058867,0.20503893932582856
0.4064994752407074,0.2671864873048913,0.1393129879358161
0.29863113164901733,0.2656036124575264,0.03302751919149094
0.18483804166316986,0.22076126763564832,-0.03592322597247846
0.17016419768333435,0.1498291212348547,0.02033507644847965
0.2713995575904846,0.1697712845446507,0.10162827304583391
0.030645454302430153,0.25732571259849457,-0.22668025829606442
0.3695748448371887,0.26794074149464014,0.10163410334254858
0.36160746216773987,0.3358699667398362,0.025737495427903656
0.3446550965309143,0.281566204995004,0.0630888915359103
0.1981685906648636,0.2928866731390634,-0.09471808247419983
0.2114299088716507,0.19682605920422902,0.014603849667421676
0.614407479763031,0.26718250934804,0.347224970414991
0.054101381450891495,0.1374955498780686,-0.08339416842717712
0.2495417594909668,0.16520661579100368,0.08433514369996312
0.3025481402873993,0.16883047471497412,0.13371766557242518
0.2955496609210968,0.32156143250592967,-0.026011771584832866
0.19343554973602295,0.2580351925038598,-0.06459964276783686
0.18392382562160492,0.3086818719082315,-0.12475804628662657
0.20885811746120453,0.3546013957469092,-0.14574327828570466
0.17332106828689575,0.17409162461686523,-0.000770556329969474
0.19173234701156616,0.29498311819845136,-0.10325077118688519
0.2482862025499344,0.22333954724781524,0.024946655302119147
0.06489824503660202,0.22736930165886687,-0.16247105662226485
0.15740883350372314,0.23106279322953366,-0.07365395972581051
0.3573805093765259,0.2896315850376546,0.06774892433887125
0.35291653871536255,0.257428955020604,0.09548758369475857
0.2263793796300888,0.2622608154182105,-0.035881435788121696
0.497418612241745,0.2587843597377194,0.2386342525040256
0.28575992584228516,0.24789593127953236,0.0378639945627528
0.1767791211605072,0.2377340506592842,-0.06095492949877701
0.3540169894695282,0.2710933311451231,0.08292365832440513
0.26258376240730286,0.24505922948408204,0.017524532923220815
0.21168294548988342,0.226712174773315,-0.015029229283431589
0.2274349182844162,0.2504472063792752,-0.023012288094859
0.29534363746643066,0.23322075121168062,0.06212288625475004
0.4539722204208374,0.27651988263192834,0.17745233778890906
0.05573485791683197,0.27059113972011867,-0.2148562818032867
0.347138375043869,0.32739105645474714,0.019747318589121876
0.19308583438396454,0.2435017708223946,-0.050415936438430065
0.5343535542488098,0.3354440846816279,0.19890946956718192
0.3019798696041107,0.25539880648983493,0.04658106311427579
0.05634501576423645,0.20285509580961703,-0.14651008004538058
0.24299605190753937,0.3155396492756312,-0.07254359736809185
0.20031115412712097,0.26791920646927936,-0.06760805234215839
0.2162182480096817,0.2477358633668702,-0.0315176153571885
0.1707097738981247,0.3041657069179458,-0.13345593301982112
0.039274293929338455,0.23074744022468707,-0.19147314629534862
0.3754766881465912,0.30257489619954,0.07290179194705121
0.2485727220773697,0.20340318049715828,0.045169541580211414
0.02778288535773754,0.16278793758059987,-0.13500505222286233
0.27753961086273193,0.3356555814396133,-0.05811597057688139
0.23341034352779388,0.3543221270120473,-0.12091178348425341
0.5286596417427063,0.29095042319094644,0.23770921855175986
0.2816271483898163,0.14032423946686096,0.14130290892295533
0.1644701510667801,0.2522394382496152,-0.08776928718283511
0.2326291799545288,0.15859839461823277,0.07403078533629603
0.11461914330720901,0.18287976566475633,-0.06826062235754732
0.2836434841156006,0.1795343566176853,0.10410912749791529
0.16111443936824799,0.22690459912035904,-0.06579015975211105
0.130693256855011,0.18764788256880494,-0.05695462571379395
0.14795945584774017,0.22856452557913173,-0.08060506973139156
0.1330672949552536,0.2262519300826658,-0.09318463512741221
0.10981651395559311,0.15468114845493797,-0.04486463449934486
0.16940999031066895,0.28391529845325375,-0.1145053081425848
0.20854365825653076,0.26976721306173507,-0.061223554805204305
0.23071205615997314,0.1569423274748341,0.07376972868513904
0.2019146978855133,0.19039555621576332,0.011519141669749988
0.27179834246635437,0.25670346595262883,0.015094876513725541
0.17725473642349243,0.26527561089809454,-0.0880208744746021
0.43048393726348877,0.337609484671272,0.09287445259221677
0.31006714701652527,0.24099506266501747,0.0690720843515078
0.08797774463891983,0.20239272032141614,-0.11441497568249631
0.42705485224723816,0.23971136721382597,0.1873434850334122
0.3606250286102295,0.30245643554065643,0.05816859306957306
0.28100231289863586,0.2006652314667821,0.08033708143185375
0.2150544822216034,0.286503938358036,-0.07144945613643261
0.25079280138015747,0.2993377262538775,-0.04854492487372003
0.22297297418117523,0.3059839053977328,-0.08301093121655756
0.2039852738380432,0.22630788455401435,-0.022322610715971136
0.24984043836593628,0.2885490536103425,-0.03870861524440622
0.2480980008840561,0.235273958522421,0.01282404236163509
0.15465937554836273,0.20639342473640715,-0.05173404918804442
0.35309913754463196,0.24347889948778934,0.10962023805684262
0.43837448954582214,0.27287521254536007,0.16549927700046208
0.2056819498538971,0.266356457665027,-0.06067450781112993
0.36157360672950745,0.3174918346047868,0.04408177212472064
0.18369247019290924,0.31412987649587243,-0.1304374063029632
0.49222174286842346,0.238372523279765,0.25384921958865847
0.32696646451950073,0.237784241471112,0.08918222304838874
0.19076043367385864,0.16932867558308326,0.021431758090775382
0.19715029001235962,0.2869556738419183,-0.08980538382955866
0.5373150706291199,0.2328173097457758,0.30449776088334407
0.18033799529075623,0.31022868038988105,-0.12989068509912483
0.33125096559524536,0.21586372811986893,0.11538723747537644
0.3093244433403015,0.19750339634243402,0.11182104699786749
0.34490689635276794,0.29188218871568455,0.05302470763708339
0.3912464678287506,0.31238100547245634,0.07886546235629427
0.16417033970355988,0.23301457909168735,-0.06884423938812748
0.21709510684013367,0.1755244164226335,0.04157069041750017
0.18208758533000946,0.3650841914413701,-0.18299660611136065
0.18296895921230316,0.354746201117945,-0.17177724190564186
0.03664407506585121,0.26253335579733716,-0.22588928073148595
0.2026304006576538,0.22203876687919397,-0.019408366221540158
0.30616557598114014,0.2697517349939224,0.03641384098721773
0.25049373507499695,0.31512146541592695,-0.06462773034093
0.3324846923351288,0.3681600003231944,-0.03567530798806562
0.0714508444070816,0.2847437989638671,-0.21329295455678549
0.19491805136203766,0.2728547065327764,-0.07793665517073872
0.24686488509178162,0.3005630704724798,-0.053698185380698205
0.21900369226932526,0.23434942065837822,-0.01534572838905296
0.27670663595199585,0.23576644395217808,0.04094019199981777
0.1905263364315033,0.2147686594768745,-0.024242323045371217
0.39771392941474915,0.2737732343704156,0.12394069504433353
0.38981273770332336,0.27621816394395926,0.1135945737593641
0.18788056075572968,0.21613214103076112,-0.02825158027503144
0.18040232360363007,0.21777253670618296,-0.037370213102552896
0.42389610409736633,0.21845011081770888,0.20544599327965746
0.27256709337234497,0.23606144225354275,0.03650565111880222
0.4687625765800476,0.24694910703490053,0.22181346954514708
0.2590315341949463,0.3624438803142757,-0.10341234611932942
0.3074977397918701,0.2489552418746129,0.058542497917257214
0.18595629930496216,0.15505579458661467,0.030900504718347488
0.1752900928258896,0.22923636406672254,-0.053946271240832955
0.3461521565914154,0.28497611436015513,0.061176042231260275
0.08320996910333633,0.10778060402351125,-0.024570634920174916
0.2701590657234192,0.26655930902902786,0.0035997566943913317
0.4353187680244446,0.24587115012807487,0.1894476178963697
0.37546125054359436,0.3824748871727763,-0.0070136366291819185
0.17133034765720367,0.20086317117883262,-0.029532823521628948
0.19565635919570923,0.27215477193896753,-0.0764984127432583
0.40082037448883057,0.20751180308638306,0.1933085714024475
0.34906890988349915,0.2922870218565748,0.056781888026924354
0.27867141366004944,0.25495834208540324,0.023713071574646194
0.1652984917163849,0.3009069945791725,-0.13560850286278764
0.23415717482566833,0.25301675341431845,-0.018859578588650117
0.3540615439414978,0.13034110300854612,0.22372044093295168
0.5766581296920776,0.2485295593249796,0.328128570367098
0.3223472833633423,0.3229806264992779,-0.0006333431359356045
0.44623079895973206,0.28074443750515937,0.16548636145457268
0.3188363015651703,0.26676601825399593,0.05207028331117436
0.30546462535858154,0.21463616169540548,0.09082846366317607
0.20995190739631653,0.25691868360755815,-0.04696677621124162
0.19562940299510956,0.22810675713834083,-0.032477354143231274
0.19455015659332275,0.23917347450081733,-0.044623317907494575
0.19692671298980713,0.24128967214427588,-0.04436295915446875
0.2706683874130249,0.24691906873022373,0.023749318682801168
0.3536818325519562,0.1552019989682091,0.19847983358374707
0.18177348375320435,0.3285017506472056,-0.14672826689400126
0.3887527883052826,0.19452818462282062,0.19422460368246197
0.1631145477294922,0.2703898468046763,-0.10727529907518413
0.3837515413761139,0.32005451455680184,0.06369702681931205
0.05524307116866112,0.23104628782992392,-0.1758032166612628
0.2449398785829544,0.26592645345477145,-0.020986574871817043
0.19516846537590027,0.18703062095500222,0.008137844420898044
0.27363455295562744,0.19112699618645224,0.0825075567691752
0.4724344313144684,0.20678267458410454,0.26565175673036384
0.3953852653503418,0.3031565357433382,0.09222872960700362
0.2881473898887634,0.2562169076827751,0.03193048220598832
0.22999843955039978,0.2501414764574051,-0.020143036907005307
0.32375064492225647,0.29268853411522605,0.03106211080703042
0.16545623540878296,0.25194903749429476,-0.0864928020855118
0.23914074897766113,0.2975975938387652,-0.058456844861104085
0.2890355587005615,0.224439791294661,0.06459576740590053
0.6926994919776917,0.3087142342128874,0.38398525776480424
0.08143191039562225,0.20496873255605425,-0.12353682216043199
0.3173646926879883,0.3109628425728807,0.006401850115107577
0.2055119127035141,0.19669430164973212,0.008817611053781982
0.18487203121185303,0.23748177650267732,-0.052609745290824295
0.16590538620948792,0.2525188573895307,-0.08661347118004281
0.2882484793663025,0.24094336975393854,0.04730510961236395
0.18383467197418213,0.2674342017392307,-0.08359952976504859
0.1670038253068924,0.29159088368800257,-0.12458705838111017
0.2232404351234436,0.21803353521211333,0.005206899911330276
0.1773802489042282,0.27105587032622563,-0.09367562142199742
0.06630241125822067,0.19199900455958868,-0.125696593301368
0.2811618149280548,0.21155031974557362,0.06961149518248119
0.38891029357910156,0.23146333022113869,0.15744696335796288
0.032512664794921875,0.21190156381065328,-0.1793888990157314
0.22687767446041107,0.3223753596658057,-0.09549768520539464
0.16793861985206604,0.22446520405014003,-0.05652658419807399
0.1627708524465561,0.2478998824777121,-0.08512903003115602
0.38409173488616943,0.29559632761492494,0.0884954072712445
0.43534526228904724,0.16124388703441683,0.2741013752546304
0.21873849630355835,0.2070135632381953,0.011724933065363041
0.15525925159454346,0.25294772078556266,-0.0976884691910192
0.39082789421081543,0.23559526117280577,0.15523263303800966
0.3341640830039978,0.21424794732141192,0.11991613568258588
0.26650863885879517,0.24578699278355004,0.020721646075245126
0.1698528528213501,0.1882298459715374,-0.018376993150187315
0.16747717559337616,0.2561193839079978,-0.08864220831462166
0.39141523838043213,0.2367053603757566,0.15470987800467553
0.15367868542671204,0.21133054388270645,-0.05765185845599441
0.18235240876674652,0.23639941463206815,-0.05404700586532163
0.07537360489368439,0.2944713390408374,-0.219097734147153
0.29619166254997253,0.22655067505444387,0.06964098749552866
0.2853388786315918,0.34006872176881503,-0.05472984313722323
0.23569786548614502,0.3372586919362283,-0.1015608264500833
0.4639861583709717,0.25273249846663537,0.2112536599043363
0.2512592375278473,0.23246705820669195,0.018792179321155345
0.04715680330991745,0.19079840765792377,-0.14364160434800632
0.21397598087787628,0.19096375456796405,0.02301222630991223
0.16105210781097412,0.2464320916822083,-0.08537998387123419
0.08194839954376221,0.22420180283627333,-0.14225340329251113
0.19681648910045624,0.3186921057322672,-0.12187561663181096
0.31454914808273315,0.28798883518209323,0.026560312900639926
0.07207893580198288,0.17845569627420277,-0.10637676047221989
0.22762338817119598,0.3083482288250671,-0.08072484065387114
0.20988331735134125,0.2305187469659319,-0.02063542961459064
0.25426438450813293,0.22009737532050094,0.03416700918763199
0.05891793221235275,0.12481065013562098,-0.06589271792326823
0.08662426471710205,0.15775653318657917,-0.07113226846947712
0.19832809269428253,0.22945444449573138,-0.03112635180144885
0.24465836584568024,0.244117011227878,0.0005413546178022477
0.17338827252388,0.31340109638621005,-0.14001282386233005
0.33690840005874634,0.22157791436525687,0.11533048569348947
0.3761315941810608,0.2523490707258956,0.12378252345516522
0.555778980255127,0.2931833543149642,0.2625956259401628
0.4369303584098816,0.23358897082906246,0.20334138758081913
0.1848490983247757,0.19946050018183847,-0.014611401857062778
0.25177010893821716,0.2084136891255333,0.04335641981268387
0.1529914140701294,0.2839049463491899,-0.1309135322790605
0.1656762957572937,0.24246073692274125,-0.07678444116544755
0.05896821245551109,0.13033886522041938,-0.07137065276490828
0.282116174697876,0.26431702335162255,0.017799151346253428
0.16548307240009308,0.18924207118421277,-0.02375899878411969
0.2656223773956299,0.19783707441958884,0.06778530297604105
0.2911221981048584,0.21087080217613802,0.08025139592872038
0.28340795636177063,0.34152532764468757,-0.05811737128291694
0.45127367973327637,0.22634590955532008,0.2249277701779563
0.16880470514297485,0.17173367437637507,-0.0029289692334002193
0.4893539249897003,0.25616299730352743,0.2331909276861729
0.17609460651874542,0.25113872128310805,-0.07504411476436262
0.25968432426452637,0.2571117228931203,0.0025726013714060803
0.30496445298194885,0.2151545986034838,0.08980985437846506
0.0695437639951706,0.20000719091798058,-0.13046342692281
0.26344817876815796,0.2946259409694424,-0.03117776220128443
0.27188006043434143,0.17737367489644995,0.09450638553789148
0.4306046962738037,0.3100801240239914,0.12052457224981233
0.3568613827228546,0.266740374055114,0.09012100866774059
0.24122124910354614,0.20668224253723677,0.03453900656630937
0.040997929871082306,0.272849165808501,-0.2318512359374187
0.25629109144210815,0.2157182911920532,0.04057280025005494
0.21437247097492218,0.23994391218801786,-0.02557144121309568
0.06810827553272247,0.2302474535947755,-0.16213917806205302
0.21937787532806396,0.27559807005597037,-0.0562201947279064
0.05324997007846832,0.22681440196771724,-0.17356443188924892
0.25236672163009644,0.212591249981679,0.03977547164841744
0.06497950106859207,0.22561681150888685,-0.16063731044029478
0.2480727881193161,0.2861717399435959,-0.0380989518242798
0.36127907037734985,0.28553895693861814,0.07574011343873172
0.2480980008840561,0.3204602069681541,-0.07236220608409799
0.2418869584798813,0.21567669924672742,0.02621025923315387
0.34162089228630066,0.2229153894061513,0.11870550288014936
0.26931002736091614,0.25301230699212934,0.016297720368786794
0.3713401257991791,0.29999033026442296,0.07134979553475612
0.21424470841884613,0.260991697160693,-0.04674698874184685
0.30783918499946594,0.2553386231834358,0.052500561816030133
0.17034414410591125,0.22870012600583656,-0.0583559818999253
0.25988897681236267,0.2939376895091158,-0.034048712696753136
0.2754337787628174,0.22562793793092528,0.0498058408318921
0.26393234729766846,0.17792531429241987,0.08600703300524859
0.0817687138915062,0.16963107449616185,-0.08786236060465566
0.04023793339729309,0.1580979590258641,-0.11786002562857101
0.047583889216184616,0.22144919522502815,-0.17386530600884353
0.26457512378692627,0.19773340909882725,0.06684171468809902
0.26664143800735474,0.28761057206723084,-0.020969134059876104
0.5546092391014099,0.20542791438168978,0.34918132471972013
0.1615806519985199,0.1584936716332267,0.0030869803652932015
0.17469650506973267,0.24311622095066376,-0.0684197158809311
0.20358553528785706,0.16365121111624223,0.03993432417161483
0.29927971959114075,0.19944430536883195,0.0998354142223088
0.11295042932033539,0.20092154240322163,-0.08797111308288624
0.11878052353858948,0.25590422666517587,-0.1371237031265864
0.23857098817825317,0.19427959818232576,0.04429138999592741
0.13029725849628448,0.1617053705863165,-0.031408112090032025
0.09955669939517975,0.22649865728239438,-0.12694195788721463
0.30253174901008606,0.25071053521439424,0.05182121379569182
0.11750992387533188,0.18354732907391735,-0.06603740519858547
0.150172621011734,0.17075528308051244,-0.02058266206877843
0.26154956221580505,0.22326896661765178,0.03828059559815328
0.10340221226215363,0.1393498654459735,-0.03594765318381987
0.14895005524158478,0.22680297688904894,-0.07785292164746416
0.16116070747375488,0.21787294891092512,-0.05671224143717024
0.10456522554159164,0.14602343796809497,-0.04145821242650333
0.2165903002023697,0.23080841149156012,-0.014218111289190427
0.1466863602399826,0.22236013518085324,-0.07567377494087063
0.18515431880950928,0.19622872172859535,-0.011074402919086068
0.2184012085199356,0.18482644331864373,0.03357476520129188
0.21986879408359528,0.20495713730041448,0.014911656783180793
0.1493370085954666,0.1862019715351473,-0.036864962939680695
0.1282992660999298,0.19688158613005718,-0.06858232003012737
0.10976497083902359,0.10863503854357737,0.0011299322954462232
0.3191518187522888,0.18563775291546097,0.13351406583682784
0.20091907680034637,0.23321403641458727,-0.03229495961424089
0.28734615445137024,0.16014448697768094,0.1272016674736893
0.18121939897537231,0.16855887550812754,0.012660523467244778
0.1949288547039032,0.21383849673666339,-0.018909642032760188
0.2120409607887268,0.1353722704575036,0.0766686903312232
0.2489292323589325,0.28148558139009877,-0.032556349031166276
0.1328551322221756,0.2534301208909075,-0.1205749886687319
0.224442720413208,0.24236187205215493,-0.017919151638946917
0.2323140650987625,0.15403982708843417,0.07827423801032835
0.11909350007772446,0.2244103798024106,-0.10531687972468615
0.12947595119476318,0.2567792666221858,-0.12730331542742263
0.12995117902755737,0.10385798386138312,0.026093195166174254
0.1155262291431427,0.15779461361164432,-0.04226838446850162
0.1076725572347641,0.28900927492407136,-0.18133671768930726
0.17465625703334808,0.22028146353881983,-0.04562520650547175
0.10358403623104095,0.22740981979288144,-0.12382578356184049
0.16752171516418457,0.1598116615157681,0.007710053648416482
0.15599243342876434,0.18921705425195212,-0.03322462082318778
0.20074240863323212,0.18879981417777078,0.011942594455461336
0.22384309768676758,0.21312618907708855,0.010716908609679027
0.13009826838970184,0.127081215464397,0.003017052925304853
0.16731920838356018,0.25432277222384037,-0.08700356384028018
0.24676786363124847,0.15807231616292033,0.08869554746832814
0.17519217729568481,0.14095616911807207,0.03423600817761274
