y_true,y_pred,error
0.1980140209197998,0.26775038670714624,-0.06973636578734643
0.19588758051395416,0.21481795669217452,-0.018930376178220354
0.12316969037055969,0.29819657202147254,-0.17502688165091285
0.16956467926502228,0.2378090260841626,-0.06824434681914032
0.2567642629146576,0.2329384802985699,0.0238257826160877
0.12420417368412018,0.27488945633353007,-0.1506852826494099
0.11611462384462357,0.21948940472950054,-0.10337478088487698
0.26752811670303345,0.22837972917036842,0.03914838753266503
0.19082903861999512,0.2656907871419658,-0.0748617485219707
0.14334732294082642,0.26962128836918775,-0.12627396542836133
0.2302020788192749,0.23589063021872408,-0.005688551399449182
0.16584472358226776,0.1411005173896857,0.024744206192582052
0.11944557726383209,0.16889891468117957,-0.049453337417347476
0.13037794828414917,0.23868200848038332,-0.10830406019623415
0.1162400171160698,0.2000645022553552,-0.08382448513928539
0.1143086701631546,0.26084525804479713,-0.14653658788164253
0.11499831825494766,0.21819540830387021,-0.10319709004892255
0.1342773139476776,0.10559173538836297,0.02868557855931464
0.13548943400382996,0.28320672048798007,-0.1477172864841501
0.10688067972660065,0.20090472486125444,-0.09402404513465379
0.212638258934021,0.24172702847906072,-0.029088769545039722
0.10008861869573593,0.17962649346983928,-0.07953787477410335
0.13961318135261536,0.15949255335139367,-0.019879371998778317
0.09030739217996597,0.32660434448624936,-0.2362969523062834
0.32433342933654785,0.2629259984379821,0.06140743089856576
0.2589489817619324,0.25835380094149074,0.000595180820441632
0.3597305119037628,0.28094450530529647,0.07878600659846635
0.341968834400177,0.3112003376695004,0.03076849673067661
0.6053000092506409,0.26897128361790107,0.3363287256327398
0.4388579726219177,0.2435947021662722,0.19526327045564554
0.061728499829769135,0.20441278895640094,-0.1426842891266318
0.15484239161014557,0.21947441335260515,-0.06463202174245958
0.32817572355270386,0.326947197437841,0.001228526114862849
0.0026271420065313578,0.18675571381468922,-0.18412857180815786
0.5329645872116089,0.3589143442469446,0.17405024296466426
0.3113105297088623,0.3653287955692519,-0.0540182658603896
0.2499290406703949,0.28726056128170974,-0.03733152061131484
0.7381861805915833,0.3168087499041105,0.42137743068747274
0.2838161885738373,0.24034661370198065,0.043469574871856625
0.24602317810058594,0.20174991833328043,0.044273259767305506
0.23450802266597748,0.20527566589368634,0.029232356772291135
0.7095319628715515,0.2930036472362997,0.41652831563525183
0.27000218629837036,0.23309175446793484,0.03691043183043552
0.32772642374038696,0.29694795137835794,0.03077847236202902
0.31896987557411194,0.2710231253008144,0.047946750273297534
0.07347658276557922,0.22626282863286418,-0.15278624586728495
0.7027555704116821,0.3286733670111251,0.37408220340055703
0.09874825924634933,0.15341795301417327,-0.054669693767823935
0.10207332670688629,0.21560241045449968,-0.11352908374761339
0.09885798394680023,0.2516452991043955,-0.15278731515759525
0.07608368247747421,0.23595956614958263,-0.15987588367210842
0.03721439465880394,0.28784931047936135,-0.2506349158205574
0.4018852412700653,0.3358714957537466,0.06601374551631872
0.1811537891626358,0.16208152237824286,0.019072266784392944
0.12970437109470367,0.2969269652020534,-0.16722259410734974
0.1162247508764267,0.2245633831715651,-0.1083386322951384
0.48865944147109985,0.2716969903383464,0.21696245113275348
0.2992415726184845,0.22650444573716794,0.07273712688131656
0.19884753227233887,0.19803264063706977,0.0008148916352690994
0.44484543800354004,0.28103957555491826,0.16380586244862178
0.19039925932884216,0.27290617319920907,-0.0825069138703669
0.4939228594303131,0.2617751375013204,0.2321477219289927
0.6556395888328552,0.23489433808797858,0.4207452507448767
0.2443334311246872,0.3489982885368509,-0.10466485741216369
0.4154619574546814,0.2851317046255315,0.1303302528291499
0.3120524287223816,0.3168586937805723,-0.004806265058190706
0.0454380102455616,0.21683283876445553,-0.17139482851889393
0.2878204584121704,0.22337042014404734,0.06445003826812307
0.15808995068073273,0.29733218727714106,-0.13924223659640833
0.3170263171195984,0.23440861643416247,0.08261770068543592
0.12210467457771301,0.2205244940659592,-0.09841981948824619
0.15567615628242493,0.35384917252129855,-0.19817301623887362
0.394761860370636,0.2735894222273513,0.12117243814328471
0.243408665060997,0.1750334504149314,0.06837521464606561
0.27483195066452026,0.2325326521160578,0.042299298548462455
0.12112244218587875,0.14647908991375633,-0.025356647727877574
0.3135257959365845,0.21492729528158155,0.09859850065500292
0.507865309715271,0.27724767576171927,0.23061763395355173
0.12286747992038727,0.2658714541900291,-0.14300397426964184
0.38156434893608093,0.2230607739476529,0.15850357498842804
0.30109935998916626,0.2841304595602675,0.01696890042889876
0.11653300374746323,0.30037321334057104,-0.18384020959310782
0.2633899450302124,0.22206060739269864,0.04132933763751376
0.31448712944984436,0.2117822688889542,0.10270486056089015
0.7093752026557922,0.24690929054976565,0.4624659121060266
0.4285915195941925,0.21489560469393454,0.21369591490025797
0.30459466576576233,0.3014014535031335,0.0031932122626288084
0.46297502517700195,0.237649274933758,0.22532575024324394
0.4052425026893616,0.3359067486184978,0.06933575407086379
0.013369043357670307,0.17598218588933476,-0.16261314253166445
0.097601018846035,0.18637594681849265,-0.08877492797245765
0.02113288827240467,0.2378676760917453,-0.21673478781934064
0.28348180651664734,0.2851394036274048,-0.0016575971107574694
0.17562609910964966,0.26091150533432106,-0.0852854062246714
0.40347352623939514,0.19495901424709222,0.20851451199230292
0.28005659580230713,0.30653545156226625,-0.02647885575995912
0.450464129447937,0.33033395891357065,0.12013017053436637
0.050892554223537445,0.22498289173578712,-0.17409033751224967
0.39223310351371765,0.2509565154798975,0.14127658803382015
0.32399600744247437,0.2528225494962354,0.07117345794623897
0.02266893908381462,0.23531405559434862,-0.212645116510534
0.2044953852891922,0.28513211408527883,-0.08063672879608663
0.027423379942774773,0.1730412305456491,-0.14561785060287433
0.10964908450841904,0.26053057002808416,-0.15088148551966513
0.05601054057478905,0.2484107217772879,-0.19240018120249885
0.7941213846206665,0.33177893166799843,0.46234245295266807
0.2847379148006439,0.3073181824567164,-0.02258026765607246
0.7629197239875793,0.2733228920256033,0.48959683196197606
0.4425988495349884,0.27412996817921914,0.16846888135576926
0.11184344440698624,0.287155270464982,-0.17531182605799578
0.22017982602119446,0.2283675272277143,-0.008187701206519848
0.1636698991060257,0.29211214466005614,-0.12844224555403044
0.23096570372581482,0.2160520452652796,0.014913658460535217
0.4184609055519104,0.22273446730952634,0.19572643824238406
0.19606278836727142,0.3033136569347926,-0.1072508685675212
0.08208159357309341,0.24412132079135065,-0.16203972721825724
0.46764281392097473,0.26595119771566733,0.2016916162053074
0.4598454535007477,0.25606294603630153,0.20378250746444615
0.5381526350975037,0.32006336978529226,0.2180892653122114
0.2704567313194275,0.2659417728535063,0.004514958465921204
0.10907219350337982,0.21549745430359885,-0.10642526080021902
0.045427560806274414,0.22098047786107605,-0.17555291705480164
0.43837428092956543,0.3396890886156109,0.0986851923139545
0.05709945037961006,0.09099877174389533,-0.033899321364285265
0.145788311958313,0.24089389625332575,-0.09510558429501276
0.2048938274383545,0.13461986921273436,0.07027395822562013
0.12483980506658554,0.1773804097100113,-0.05254060464342575
0.1317903846502304,0.19946458349103274,-0.06767419884080234
0.1594322919845581,0.2042363608710554,-0.044804068886497295
0.16704224050045013,0.2278584887054383,-0.060816248204988155
0.15351451933383942,0.22821995025897085,-0.07470543092513143
0.11215610802173615,0.23728501354985582,-0.12512890552811967
0.18636302649974823,0.30014339915778954,-0.1137803726580413
0.08855976909399033,0.2732516357896442,-0.18469186669565385
0.2335667610168457,0.2401843697030204,-0.0066176086861746974
0.07012194395065308,0.16892595376552513,-0.09880400981487206
0.16994191706180573,0.16929628258295965,0.0006456344788460799
0.14477889239788055,0.22708835558080642,-0.08230946318292587
0.18650124967098236,0.2301388195280214,-0.04363756985703904
0.08288578689098358,0.27674714249703036,-0.19386135560604678
0.14351274073123932,0.2429449510481094,-0.09943221031687008
0.17807042598724365,0.1240702327957569,0.05400019319148676
0.13198891282081604,0.1749187814415785,-0.04292986862076245
0.18972770869731903,0.3099181160228759,-0.12019040732555686
0.2443254142999649,0.2152786800684801,0.029046734231484794
0.16349361836910248,0.22814173147903347,-0.06464811310993099
0.1782282292842865,0.24495687219357562,-0.06672864290928912
0.1563212275505066,0.18917287565095625,-0.03285164810044966
0.1854267418384552,0.35510050111929353,-0.16967375928083833
0.16649258136749268,0.3364358891180229,-0.16994330775053024
0.24472664296627045,0.29396441898946646,-0.04923777602319601
0.1495019793510437,0.17918007196645214,-0.029678092615408436
0.144684836268425,0.22594721553496014,-0.08126237926653515
0.18888653814792633,0.18729826159175425,0.0015882765561720802
0.1440850794315338,0.23263927233489856,-0.08855419290336475
0.18590563535690308,0.28034956295044033,-0.09444392759353726
0.2439596801996231,0.2653970739242691,-0.02143739372464598
0.13299550116062164,0.23151043710537528,-0.09851493594475363
0.07991817593574524,0.15131267232067147,-0.07139449638492623
0.1360391080379486,0.22205499613098378,-0.08601588809303518
0.2539463937282562,0.15537705802265567,0.09856933570560056
0.11281441152095795,0.20663026878600507,-0.09381585726504713
0.22075696289539337,0.18128595141860387,0.0394710114767895
0.14559738337993622,0.2431431648343267,-0.0975457814543905
0.13881231844425201,0.2608978611653369,-0.1220855427210849
0.10930344462394714,0.18259322472712186,-0.07328978010317472
0.17148734629154205,0.22862835378699636,-0.05714100749545431
0.11606415361166,0.2632576837634468,-0.14719353015178682
0.13635258376598358,0.27514582803883925,-0.13879324427285566
0.10682280361652374,0.1851587142174993,-0.07833591060097556
0.166116401553154,0.2689863254330851,-0.1028699238799311
0.1780216246843338,0.2209730434687295,-0.042951418784395706
0.1454685479402542,0.2911301519616012,-0.14566160402134698
0.2315482795238495,0.19638408906856222,0.035164190455287264
0.13827940821647644,0.2721706312001878,-0.13389122298371137
0.1611512005329132,0.20626415266641468,-0.04511295213350147
0.26002445816993713,0.3217925247237921,-0.06176806655385497
0.10672590881586075,0.18981141209101887,-0.08308550327515812
0.12401193380355835,0.2853074261279246,-0.16129549232436624
0.20175902545452118,0.21813848184668774,-0.016379456392166564
0.10068097710609436,0.24313668587553014,-0.14245570876943578
0.19794325530529022,0.25751503936290643,-0.059571784057616206
0.11709970980882645,0.2876050498357745,-0.17050534002694806
0.1604301929473877,0.24537051314736422,-0.08494032019997652
0.1703180968761444,0.371190557973467,-0.2008724610973226
0.15233375132083893,0.19978109236209438,-0.04744734104125545
0.18675488233566284,0.25691590500848804,-0.0701610226728252
0.16104847192764282,0.17983010623443765,-0.01878163430679483
0.1304928958415985,0.1859743475409629,-0.05548145169936439
0.12622089684009552,0.21195963474649784,-0.08573873790640232
0.08675725758075714,0.1738017285684795,-0.08704447098772236
0.13326196372509003,0.18892421199626716,-0.055662248271177134
0.18391159176826477,0.1584734979479281,0.025438093820336682
0.107634998857975,0.19262353161660162,-0.08498853275862661
0.21083949506282806,0.2745055509082963,-0.06366605584546825
0.1343933343887329,0.2020993214645852,-0.06770598707585229
0.26415538787841797,0.2410451874494993,0.023110200428918676
0.16984787583351135,0.3072046396230186,-0.13735676378950723
0.14773604273796082,0.13821287157437287,0.009523171163587946
0.1399652063846588,0.2426320804878604,-0.10266687410320158
0.17349469661712646,0.1245886429783467,0.04890605363877977
0.17845289409160614,0.29855203616874193,-0.12009914207713579
0.10765589773654938,0.20777852735993085,-0.10012262962338148
0.12705683708190918,0.18416119911571827,-0.057104362033809086
0.14830030500888824,0.2345879270440673,-0.08628762203517906
0.3218217194080353,0.20534016510233233,0.11648155430570295
0.1141534075140953,0.27131463002294204,-0.15716122250884673
0.13126416504383087,0.17561320758893517,-0.0443490425451043
0.1235995963215828,0.28830267211104843,-0.16470307578946564
0.10750763863325119,0.22945601273903252,-0.12194837410578133
0.0794094130396843,0.23177152233569442,-0.15236210929601013
0.1771157830953598,0.21848308934812122,-0.041367306252761415
0.08331223577260971,0.17241643496499778,-0.08910419919238807
0.18922655284404755,0.18000409364503084,0.009222459199016708
0.11824431270360947,0.24282274516725064,-0.12457843246364117
0.12497889995574951,0.22522251265406812,-0.10024361269831861
0.11859959363937378,0.297842339121384,-0.17924274548201025
0.14641568064689636,0.2327391077970932,-0.08632342715019684
0.17409592866897583,0.23193282509793794,-0.057836896428962115
0.06019311398267746,0.22718875053795323,-0.16699563655527577
0.10975424200296402,0.33011495416967884,-0.22036071216671482
0.06349509954452515,0.2716694876247149,-0.20817438808018973
0.09460272639989853,0.31836752106509203,-0.2237647946651935
0.16553793847560883,0.16922246013970074,-0.0036845216640919165
0.2028733640909195,0.26792925027984416,-0.06505588618892466
0.09083051979541779,0.24728033214174702,-0.15644981234632924
0.27976468205451965,0.2400320179188322,0.03973266413568746
0.15909071266651154,0.278016569967374,-0.11892585730086247
0.1577688753604889,0.25271004037463407,-0.09494116501414518
0.08075737953186035,0.1805770610449089,-0.09981968151304854
0.11103428155183792,0.2585529722222042,-0.14751869067036627
0.07874588668346405,0.13574012924953457,-0.056994242566070524
0.1128733679652214,0.29680058015144045,-0.18392721218621905
0.14495277404785156,0.184702715832831,-0.039749941784979426
0.4353187680244446,0.24572455476227298,0.1895942132621716
0.24249957501888275,0.28094496451468187,-0.03844538949579912
0.4031496047973633,0.2874710718383906,0.11567853295897268
0.3191579580307007,0.2611786451844748,0.05797931284622587
0.3508172333240509,0.24725565990358742,0.10356157342046349
0.1568591147661209,0.19219336273466942,-0.035334247968548504
0.7161799073219299,0.26471862531566825,0.4514612820062617
0.3019479215145111,0.23088284802017744,0.07106507349433366
0.36096352338790894,0.20697607452274758,0.15398744886516136
0.440723180770874,0.17661023786254695,0.2641129429083271
0.27999696135520935,0.3195488041240547,-0.039551842768845324
0.16885493695735931,0.21878502000392072,-0.04993008304656141
0.14388932287693024,0.23676331025715117,-0.09287398738022093
0.27484020590782166,0.26114486588797015,0.01369534001985151
0.03728754073381424,0.1820934593664576,-0.14480591863264336
0.10393330454826355,0.27062004153462915,-0.1666867369863656
0.030850756913423538,0.2394956828398751,-0.20864492592645156
0.12054554373025894,0.2062481539921388,-0.08570261026187986
0.2898663282394409,0.2765139297885145,0.013352398450926395
0.06509622186422348,0.21615349534158387,-0.1510572734773604
0.16026341915130615,0.2090901431400235,-0.04882672398871735
0.6035780310630798,0.29685102013807335,0.3067270109250065
0.03752046823501587,0.27252305532223153,-0.23500258708721566
0.1638161838054657,0.18834559206538196,-0.024529408259916258
0.20399382710456848,0.3357613444170566,-0.1317675173124881
0.019077416509389877,0.2401657871809199,-0.22108837067153003
0.07330939173698425,0.3007154975631977,-0.22740610582621346
0.7622718811035156,0.28912917335469596,0.47314270774881967
0.17406174540519714,0.24077281433452288,-0.06671106892932574
0.18348398804664612,0.2052707279456423,-0.021786739898996182
0.2144431471824646,0.20938156654403184,0.005061580638432761
0.1594191938638687,0.32841895413387623,-0.16899976027000752
0.40769505500793457,0.3225414533407552,0.08515360166717939
0.15244950354099274,0.21791016476078637,-0.06546066121979363
0.5611045956611633,0.31867471256450514,0.2424298830966582
0.34159570932388306,0.30574217227613465,0.03585353704774841
0.4244348704814911,0.24542621327740763,0.17900865720408346
0.13545672595500946,0.20959111282098297,-0.07413438686597351
0.22051942348480225,0.23210193722403633,-0.01158251373923408
0.3728600740432739,0.25387529185235325,0.11898478219092068
0.27180469036102295,0.22193936566612604,0.049865324694896906
0.12285702675580978,0.28284633723602104,-0.15998931048021126
0.06493426114320755,0.22275631517994668,-0.15782205403673913
0.1653544157743454,0.168059388087495,-0.0027049723131495895
0.4377921521663666,0.23183520382660727,0.2059569483397593
0.35613593459129333,0.3211878853021731,0.03494804928912021
0.3982488811016083,0.2823992038983786,0.1158496772032297
0.20623520016670227,0.20003250257577568,0.0062026975909265925
0.03886538743972778,0.1688301736766319,-0.1299647862369041
0.4020397961139679,0.21942085737268002,0.18261893874128787
0.20717564225196838,0.3140405342957051,-0.10686489204373673
0.34004920721054077,0.21037124855820727,0.1296779586523335
0.5553365349769592,0.28852410338489065,0.2668124315920686
0.0553126186132431,0.25216367816279794,-0.19685105954955484
0.3986855745315552,0.25887471711230003,0.13981085741925514
0.7329406142234802,0.3066056598015232,0.426334954421957
0.08386015892028809,0.22705610092186673,-0.14319594200157865
0.6284787654876709,0.3072185525781543,0.3212602129095166
0.10934910178184509,0.30898862167582597,-0.19963951989398088
0.3983198404312134,0.2613593369272301,0.13696050350398326
0.05196142941713333,0.23990496408829595,-0.18794353467116262
0.15207332372665405,0.3709771183546392,-0.21890379462798515
0.34223833680152893,0.20609079137290798,0.13614754542862095
0.6162635087966919,0.27664707308234493,0.33961643571434696
0.31317049264907837,0.19437937010247847,0.1187911225465999
0.41680991649627686,0.28135560591069275,0.1354543105855841
0.5442467927932739,0.25053834608929026,0.29370844670398366
0.03542537987232208,0.17270423879704028,-0.1372788589247182
0.09172631800174713,0.23245430359864294,-0.1407279855968958
0.43557167053222656,0.25334779695224074,0.18222387357998582
0.38176289200782776,0.2684410368663629,0.11332185514146487
0.3799499273300171,0.3210963432821472,0.05885358404786989
0.5224682092666626,0.25960058310421785,0.26286762616244475
0.4427346885204315,0.26523784677492945,0.17749684174550207
0.2446887046098709,0.23985968900029456,0.004829015609576354
0.11346612870693207,0.2785592820621797,-0.16509315335524766
0.3338004946708679,0.31061189510845333,0.02318859956241459
0.12699495255947113,0.343639286428164,-0.21664433386869286
0.14065003395080566,0.2482441660209867,-0.10759413207018104
0.2823898494243622,0.25606216612561095,0.026327683298751237
0.6831496357917786,0.21439164266765226,0.4687579931241263
0.6706082224845886,0.3106314399739751,0.35997678251061355
0.36504921317100525,0.2841878634249334,0.08086134974607184
0.1252843141555786,0.32876150620984423,-0.20347719205426562
0.7880607843399048,0.3582767550549226,0.42978402928498216
0.3055873513221741,0.30068881573530115,0.004898535586872921
0.5827764868736267,0.29585038767308564,0.2869260992005411
0.03853100910782814,0.20626609330866771,-0.16773508420083957
0.21381837129592896,0.2476208171953642,-0.033802445899435235
0.21687260270118713,0.2215373031576946,-0.0046647004565074646
0.4933564066886902,0.2849153902577013,0.2084410164309889
0.08663967996835709,0.2853049328894234,-0.1986652529210663
0.27349749207496643,0.2644734010044466,0.009024091070519824
0.4184609055519104,0.32344340516569176,0.09501750038621865
0.48887887597084045,0.2382726588878866,0.25060621708295383
0.21746300160884857,0.28579338252354564,-0.06833038091469706
0.14975358545780182,0.35527161522262585,-0.20551802976482403
0.32765108346939087,0.21872037909363673,0.10893070437575414
0.27261972427368164,0.3073071774179311,-0.03468745314424948
0.18286007642745972,0.27924979128345406,-0.09638971485599435
0.14949016273021698,0.31219842757484595,-0.16270826484462897
0.12450802326202393,0.27981069094382427,-0.15530266768180034
0.2077055126428604,0.2882165175770771,-0.0805110049342167
0.5253021717071533,0.22134437584943656,0.30395779585771676
0.31331679224967957,0.3349576433981471,-0.021640851148467533
0.3331077992916107,0.23044357923036535,0.10266422006124537
0.1405581831932068,0.30504918161663186,-0.16449099842342507
0.4876928925514221,0.34106283787590674,0.14663005467551538
0.0800461620092392,0.15303364636971648,-0.07298748436047728
0.035249922424554825,0.23777233767699515,-0.20252241525244033
0.3950909972190857,0.26691817521098793,0.12817282200809776
0.04384971410036087,0.3137176660525699,-0.26986795195220903
0.11842651665210724,0.2940543572138107,-0.17562784056170344
0.2761799097061157,0.191517438788783,0.08466247091733273
0.16837731003761292,0.29115391565423987,-0.12277660561662695
0.1453126221895218,0.2608078358631531,-0.1154952136736313
0.48551419377326965,0.2374488630614435,0.24806533071182615
0.15606801211833954,0.34433014536990764,-0.1882621332515681
0.3013000786304474,0.23436787643555904,0.06693220219488835
0.11608891189098358,0.2685474226184579,-0.1524585107274743
0.09519767761230469,0.2312850849776099,-0.13608740736530522
0.5179175138473511,0.23199561652831033,0.2859218973190407
0.26468566060066223,0.2357424058198121,0.028943254780850136
0.08142547309398651,0.1982300959366267,-0.11680462284264018
0.43925201892852783,0.25261915504752974,0.1866328638809981
0.38542014360427856,0.1832949937967487,0.20212514980752985
0.5230534076690674,0.23984790060892588,0.28320550706014147
0.2452394664287567,0.26606870676035527,-0.020829240331598553
0.3154515027999878,0.26975025443869327,0.04570124836129452
0.04482150077819824,0.2071708022820307,-0.16234930150383245
0.680550754070282,0.19273538323439987,0.4878153708358821
0.045082733035087585,0.26722048719576663,-0.22213775416067905
0.023481804877519608,0.21620336787141353,-0.19272156299389392
0.4919792711734772,0.22249572993725036,0.2694835412362268
0.0680481567978859,0.27608541640913753,-0.20803725961125163
0.20465430617332458,0.18232896716804803,0.022325339005276557
0.5252372622489929,0.2766267331688449,0.24861052908014802
0.4309583008289337,0.3605703381672902,0.07038796266164349
0.2763606011867523,0.27930500851991397,-0.002944407333161647
0.2205141931772232,0.2682210201017886,-0.047706826924565404
0.3235466778278351,0.2784016254417385,0.04514505238609656
0.7690408229827881,0.3567058672498575,0.4123349557329306
0.300994873046875,0.292954877961937,0.008039995084938023
0.11894157528877258,0.23775187993968896,-0.11881030465091638
0.25266677141189575,0.3313016089132784,-0.07863483750138267
0.08863550424575806,0.2767224484087357,-0.18808694416297767
0.4545423984527588,0.29547982596920663,0.15906257248355216
0.12187479436397552,0.2798274600873547,-0.15795266572337918
0.24863550066947937,0.270081287681868,-0.02144578701238864
0.301287442445755,0.2414129592271732,0.0598744832185818
0.0317210927605629,0.2371007580892535,-0.2053796653286906
0.5894274711608887,0.3531916220707696,0.23623584909011908
0.23255400359630585,0.2785995752207292,-0.046045571624423354
0.35971179604530334,0.22068948859897097,0.13902230744633237
0.08119558542966843,0.23988874350776077,-0.15869315807809234
0.23949016630649567,0.30058281522325986,-0.06109264891676419
0.5833145976066589,0.2548620039511016,0.32845259365555735
0.034079596400260925,0.2476873381617581,-0.2136077417614972
0.2516762614250183,0.3519957219835502,-0.10031946055853191
0.31511190533638,0.28416733926072624,0.030944566075653768
0.34459465742111206,0.226281618393659,0.11831303902745305
0.4604327976703644,0.34096324927915,0.11946954839121438
0.26651209592819214,0.30179813824450596,-0.035286042316313826
0.636297881603241,0.2835535695503353,0.3527443120529057
0.19057689607143402,0.2794657562872739,-0.08888886021583986
0.08229276537895203,0.17258184660145792,-0.0902890812225059
0.6633407473564148,0.2921030481407557,0.3712376992156591
0.15641283988952637,0.2504179909952736,-0.09400515110574725
0.2414359152317047,0.288714650715578,-0.04727873548387329
0.3913971781730652,0.2914776950921235,0.09991948308094167
0.02566048875451088,0.16452756911691688,-0.138867080362406
0.04015369713306427,0.27354869773841695,-0.23339500060535268
0.22634710371494293,0.2768396164775377,-0.050492512762594755
0.3535989224910736,0.3016508164340247,0.051948106057048915
0.39987897872924805,0.20288547300993692,0.19699350571931112
0.041590478271245956,0.22700785581213498,-0.18541737754088902
0.4460941255092621,0.2976051002192308,0.14848902529003127
0.08996256440877914,0.16634246766425215,-0.076379903255473
0.40085381269454956,0.20735057681241617,0.1935032358821334
0.05289141833782196,0.1907537925419598,-0.13786237420413783
0.3624682128429413,0.19186150455126744,0.17060670829167385
0.2979145050048828,0.227204339153891,0.07071016585099182
0.528478741645813,0.2571118229005679,0.2713669187452451
0.033345963805913925,0.3439451677981208,-0.31059920399220686
0.26146507263183594,0.2403389699679979,0.021126102663838048
0.24486634135246277,0.23588520657045378,0.008981134782008987
0.1560889035463333,0.3231721730080937,-0.1670832694617604
0.24810563027858734,0.24776229162120547,0.00034333865738186975
0.12016414850950241,0.2210126178755712,-0.10084846936606878
0.11892589926719666,0.2591672812662058,-0.14024138199900915
0.4001275599002838,0.22218922324234033,0.17793833665794348
0.2470293492078781,0.3180040098378257,-0.07097466062994756
0.2982906699180603,0.16715961492703746,0.13113105499102284
0.37903040647506714,0.2545782126598093,0.12445219381525785
0.7487848401069641,0.2382191606636733,0.5105656794432908
0.21887584030628204,0.30766222846792884,-0.0887863881616468
0.5390952825546265,0.29564613585426025,0.24344914670036621
0.2724704146385193,0.28502781164229324,-0.012557397003773951
0.06638889759778976,0.3110929808060283,-0.24470408320823855
0.35900425910949707,0.29715484269915676,0.06184941641034031
0.023748261854052544,0.16193583881121704,-0.1381875769571645
0.35469916462898254,0.2876795751681954,0.06701958946078712
0.13744427263736725,0.20534069817021625,-0.067896425532849
0.06583290547132492,0.23453397077493968,-0.16870106530361476
0.027998093515634537,0.26923269148321427,-0.24123459796757973
0.37674418091773987,0.2749508762573817,0.10179330466035819
0.19733759760856628,0.2311411069472578,-0.03380350933869153
0.1864285171031952,0.15929037552827996,0.02713814157491523
0.08327804505825043,0.2768052434118654,-0.19352719835361498
0.2068099081516266,0.2553576024853793,-0.04854769433375272
0.2124577760696411,0.35112365038036686,-0.13866587431072575
0.44186434149742126,0.21740436969272123,0.22445997180470004
0.15327803790569305,0.22295105878920393,-0.06967302088351088
0.18965953588485718,0.22063438335298113,-0.030974847468123956
0.23405128717422485,0.2630402462522812,-0.02898895907805632
0.5019405484199524,0.24283114227290728,0.25910940614704514
0.10575149208307266,0.19249827978488826,-0.0867467877018156
0.25582462549209595,0.20302885659588538,0.05279576889621057
0.2355925738811493,0.23993661982152617,-0.004344045940376878
0.06246299669146538,0.2967722784603618,-0.23430928176889643
0.4680847227573395,0.24530324282054458,0.2227814799367949
0.6014254689216614,0.34383773701535814,0.25758773190630324
0.19794365763664246,0.2270919910153107,-0.029148333378668234
0.2919061481952667,0.28571492653857655,0.006191221656690171
0.3890460729598999,0.33297587439340215,0.05607019856649775
0.2298058271408081,0.2505762064325767,-0.020770379291768615
0.10971178114414215,0.25844936119274675,-0.1487375800486046
0.06473049521446228,0.22856688474366194,-0.16383638952919966
0.1684609055519104,0.267477142934311,-0.09901623738240062
0.3198506534099579,0.3120676890300113,0.0077829643799465775
0.20684649050235748,0.2360221580942216,-0.02917566759186413
0.3274233937263489,0.25793062351049023,0.06949277021585865
0.2658851444721222,0.24438779840699407,0.021497346065128126
0.7231287360191345,0.32219254832197197,0.40093618769716255
0.2889990508556366,0.2655829924070614,0.023416058448575194
0.3470711410045624,0.28146510851961126,0.06560603248495112
0.4242049753665924,0.2658258908634335,0.1583790845031589
0.11495734006166458,0.25606252207543045,-0.14110518201376587
0.18194052577018738,0.1907000351614421,-0.008759509391254722
0.4623114764690399,0.3158753806041582,0.1464360958648817
0.49310562014579773,0.30248034557072756,0.19062527457507017
0.24360938370227814,0.2246094218365548,0.018999961865723336
0.46513497829437256,0.3057800221585757,0.15935495613579687
0.3580115735530853,0.1905119381045417,0.16749963544854363
0.19554249942302704,0.19231177150271664,0.0032307279203104
0.27610981464385986,0.27689937424716127,-0.0007895596033014041
0.5793774127960205,0.4348716765940197,0.1445057362020008
0.1325727105140686,0.27114801706345004,-0.13857530654938144
0.4214859902858734,0.3501341634479722,0.0713518268379012
0.30056121945381165,0.23127135377148117,0.06928986568233048
0.179798424243927,0.24465441428527704,-0.06485599004135004
0.17021334171295166,0.2655398296820932,-0.09532648796914156
0.4520210921764374,0.3946440698455783,0.05737702233085906
0.3163784444332123,0.29478349743397336,0.021594946999238918
0.03762191906571388,0.31244800593919253,-0.27482608687347865
0.08135232329368591,0.21067224438277374,-0.12931992108908782
0.41598963737487793,0.29909332949013784,0.11689630788474009
0.3029070794582367,0.2787421739770126,0.024164905481224075
0.05186434090137482,0.37413519296514725,-0.32227085206377243
0.043745219707489014,0.1917025037873811,-0.1479572840798921
0.1694222390651703,0.2273339605628626,-0.0579117214976923
0.151856929063797,0.2844179269239934,-0.13256099786019643
0.08493643999099731,0.2808776721896986,-0.1959412321987013
0.08268243074417114,0.26641817198499773,-0.1837357412408266
0.285040944814682,0.2268718278027314,0.0581691170119506
0.5463052988052368,0.2705218720629611,0.27578342674227574
0.6390952467918396,0.2319164367616914,0.4071788100301482
0.06946926563978195,0.2836725479356909,-0.21420328229590896
0.4914180636405945,0.2328499066483471,0.2585681569922474
0.18351837992668152,0.23974874201881227,-0.05623036209213075
0.6092341542243958,0.2932455218291835,0.31598863239521224
0.3639938235282898,0.24515502195298217,0.11883880157530763
0.3458067774772644,0.23378682940251988,0.11201994807474452
0.37345263361930847,0.2467870328655581,0.12666560075375038
0.09054772555828094,0.19728205654244768,-0.10673433098416674
0.30074408650398254,0.2713740037092054,0.029370082794777153
0.5599499344825745,0.3696440741019831,0.19030586038059139
0.30223309993743896,0.38989723004665977,-0.0876641301092208
0.4389907717704773,0.33776714883915343,0.10122362293132386
0.07081200182437897,0.20165327033657587,-0.1308412685121969
0.14805860817432404,0.2870902179933583,-0.13903160981903429
0.23611503839492798,0.2345358962931665,0.001579142101761466
0.16947971284389496,0.2636499574452022,-0.09417024460130724
0.3593878448009491,0.20859972404565857,0.15078812075529052
0.47036269307136536,0.274097379924353,0.19626531314701234
0.3048349916934967,0.24926853043726802,0.05556646125622869
0.07123738527297974,0.27057856950489634,-0.1993411842319166
0.34426549077033997,0.34771192642813586,-0.0034464356577958988
0.2879144847393036,0.26313525779812796,0.024779226941175625
0.32473790645599365,0.23042751543268236,0.09431039102331129
0.09922893345355988,0.25236782277761466,-0.15313888932405478
0.05645159259438515,0.19101076955324273,-0.13455917695885758
0.2809656858444214,0.24740200014105507,0.03356368570336632
0.5101611018180847,0.2767161984883826,0.23344490332970214
0.39045149087905884,0.20579260275911668,0.18465888811994216
0.1688997745513916,0.17762536428957387,-0.008725589738182271
0.2955006957054138,0.24633805254797075,0.049162643157443064
0.23207637667655945,0.2564315101404431,-0.024355133463883627
0.36438044905662537,0.28588718944073566,0.07849325961588971
0.0486176460981369,0.3121098411156876,-0.2634921950175507
0.4273114800453186,0.40156112779260467,0.025750352252713937
0.13095307350158691,0.3149172609148676,-0.1839641874132807
0.19889673590660095,0.21900870706858291,-0.020111971161981962
0.07190395891666412,0.28895574102214994,-0.2170517821054858
0.11800853908061981,0.22903734633939296,-0.11102880725877315
0.18428859114646912,0.1736063536275082,0.010682237518960913
0.3558873236179352,0.2320014330979581,0.12388589051997709
0.35055816173553467,0.1988324358816465,0.15172572585388816
0.5602529644966125,0.19035500839025774,0.3698979561063548
0.09003875404596329,0.2666140837687704,-0.1765753297228071
0.03463122993707657,0.1834885064023246,-0.14885727646524805
0.1836407333612442,0.2306355039990492,-0.046994770637804995
0.08240770548582077,0.20291133400621997,-0.1205036285203992
0.3600910007953644,0.2680666243857042,0.09202437640966016
0.2798580825328827,0.23255268005168694,0.047305402481195746
0.05880269035696983,0.17949121391250256,-0.12068852355553272
0.6246469020843506,0.36094057569458493,0.26370632638976566
0.21083290874958038,0.22257595072967412,-0.011743041980093738
0.5442394018173218,0.2604339412842278,0.28380546053309397
0.2928674817085266,0.18398643931505998,0.10888104239346663
0.5251976847648621,0.21652760033477297,0.3086700844300891
0.13501262664794922,0.31591962286835196,-0.18090699622040274
0.29613593220710754,0.3078314228836716,-0.011695490676564058
0.07934605330228806,0.2565324282920501,-0.17718637498976203
0.4040983021259308,0.2504294214415923,0.15366888068433848
0.4101223349571228,0.2174252193086801,0.1926971156484427
0.1779332160949707,0.22906419827810942,-0.05113098218313872
0.13497605919837952,0.21949446971113276,-0.08451841051275324
0.2778204679489136,0.24149754854507008,0.036322919403843495
0.01151951402425766,0.21382162161641127,-0.2023021075921536
0.1004149317741394,0.21751536151238554,-0.11710042973824614
0.41054555773735046,0.31728975956817995,0.09325579816917051
0.18205547332763672,0.2325721877713093,-0.05051671444367259
0.43886321783065796,0.2973966984987458,0.14146651933191218
0.10998650640249252,0.24506209833323184,-0.1350755919307393
0.20813697576522827,0.3440429716237664,-0.13590599585853813
0.7429197430610657,0.32544227870620746,0.4174774643548582
0.4871756434440613,0.28416034090265807,0.2030153025414032
0.30515891313552856,0.2411589294954051,0.06399998364012346
0.46205243468284607,0.32255479209722593,0.13949764258562014
0.4660627841949463,0.22120069061800374,0.24486209357694255
0.2821987271308899,0.290146429621165,-0.0079477024902751
0.7012770175933838,0.21435108230311922,0.48692593529026457
0.36534395813941956,0.28429786224614423,0.08104609589327533
0.07113289088010788,0.24260415499339205,-0.17147126411328417
0.32231149077415466,0.30097526422925325,0.021336226544901415
0.10789360105991364,0.14896034374130418,-0.041066742681390545
0.3588632047176361,0.270084391509982,0.08877881320765413
0.10217782109975815,0.31792235307550276,-0.2157445319757446
0.08259883522987366,0.31026747306440916,-0.2276686378345355
0.6404306292533875,0.36853198319450486,0.2718986460588826
0.1985727995634079,0.2215044802936892,-0.02293168073028129
0.4123898446559906,0.2153648253617314,0.1970250192942592
0.07410354167222977,0.23944624035003256,-0.1653426986778028
0.3249708414077759,0.1791300660005209,0.14584077540725499
0.18994992971420288,0.2801576172686493,-0.09020768755444641
0.11538880318403244,0.32491425232326143,-0.209525449139229
0.1851380169391632,0.29645488567967215,-0.11131686874050895
0.5952999591827393,0.25515295324024645,0.3401470059424928
0.29115161299705505,0.2247377994229408,0.06641381357411424
0.7403700947761536,0.23968343487194474,0.5006866599042088
0.630861222743988,0.2153000790444507,0.41556114369953734
0.01107019279152155,0.1849338575364857,-0.17386366474496415
0.14927595853805542,0.18522617275955353,-0.035950214221498106
0.09941179305315018,0.31060117490636563,-0.21118938185321545
0.48965734243392944,0.2812608362696282,0.20839650616430122
0.2845184803009033,0.32193221634159913,-0.03741373604069581
0.21601054072380066,0.2848478128007175,-0.06883727207691687
0.43593958020210266,0.19847605982049657,0.2374635203816061
0.26645463705062866,0.21060820913136938,0.055846427919259284
0.16881617903709412,0.24443503839598668,-0.07561885935889257
0.13755181431770325,0.2591040811887536,-0.12155226687105036
0.048753488808870316,0.2743101909816016,-0.22555670217273127
0.4973606765270233,0.21856014869302934,0.278800527833994
0.28347134590148926,0.2629952464130042,0.020476099488485056
0.28011929988861084,0.17415007361865853,0.10596922626995231
0.18411920964717865,0.2422320334511747,-0.058112823803996044
0.12396769970655441,0.17590706250738147,-0.05193936280082706
0.33821752667427063,0.24006715520198382,0.09815037147228681
0.09662923216819763,0.2675377238716372,-0.17090849170343958
0.2835048735141754,0.30736772583643435,-0.02386285232225893
0.00776820769533515,0.22800826617353281,-0.22024005847819766
0.5159687399864197,0.29875589764855714,0.21721284233786253
0.6165539026260376,0.39345702875106103,0.22309687387497656
0.4326898455619812,0.23209665287839173,0.20059319268358947
0.07209422439336777,0.23989913110257574,-0.16780490670920797
0.4698820114135742,0.3303937079852036,0.1394883034283706
0.21632924675941467,0.21895989693762852,-0.0026306501782138447
0.43771594762802124,0.2882096636311683,0.14950628399685295
0.4746856689453125,0.2582950754428651,0.21639059350244738
0.22788096964359283,0.21017787592783205,0.017703093715760787
0.41978493332862854,0.3071151679628072,0.11266976536582135
0.5321050882339478,0.21458091021811806,0.31752417801582966
0.4348195195198059,0.23259748974962452,0.2022220297701814
0.43815428018569946,0.2043410787415895,0.23381320144410997
0.20869216322898865,0.26274786176029874,-0.05405569853131009
0.23071716725826263,0.35206809360859925,-0.12135092635033662
0.21186162531375885,0.30395484005475654,-0.09209321474099769
0.19674432277679443,0.3483647040576883,-0.1516203812808939
0.08709898591041565,0.30841473619993154,-0.2213157502895159
0.08051621168851852,0.3200697360608359,-0.23955352437231736
0.1918632835149765,0.3312540969486223,-0.1393908134336458
0.11751958727836609,0.20571001366154906,-0.08819042638318297
0.16826613247394562,0.22496215956691853,-0.05669602709297292
0.058007389307022095,0.23996464017781255,-0.18195725087079045
0.20085644721984863,0.35213432769693775,-0.15127788047708912
0.08489929884672165,0.17352570187570637,-0.08862640302898472
0.06906769424676895,0.23751731621913333,-0.16844962197236438
0.14213944971561432,0.22108174371393352,-0.0789422939983192
0.0734996646642685,0.21562099446939856,-0.14212132980513006
0.036909542977809906,0.27854595009599314,-0.24163640711818324
0.12625499069690704,0.15360006279557695,-0.027345072098669904
0.06750480085611343,0.19869298998859924,-0.1311881891324858
0.10768678039312363,0.20275297887661792,-0.09506619848349429
0.23490595817565918,0.2805421395101504,-0.04563618133449121
0.47581014037132263,0.2357746018293975,0.24003553854192514
0.12752088904380798,0.15740477496795996,-0.029883885924151976
0.32843899726867676,0.2559800120187991,0.07245898524987765
0.2665567994117737,0.2502134338922629,0.016343365519510766
0.14636555314064026,0.1980801635700712,-0.05171461042943093
0.16175228357315063,0.21186130067001469,-0.05010901709686405
0.1543189138174057,0.24232236692179163,-0.08800345310438593
0.5078566670417786,0.33162236723390803,0.17623429980787053
0.33690714836120605,0.17387190578231002,0.16303524257889604
0.09889916330575943,0.2574214390230751,-0.1585222757173157
0.1484927535057068,0.19365507592132103,-0.04516232241561424
0.20433975756168365,0.27015683534817836,-0.0658170777864947
0.3365698456764221,0.27008553261306073,0.06648431306336139
0.3441123068332672,0.32918516206051673,0.014927144772750478
0.09678740054368973,0.20375909628176875,-0.10697169573807902
0.2586580216884613,0.180082842857532,0.0785751788309293
0.07682198286056519,0.2401240457216298,-0.1633020628610646
0.18439874053001404,0.2519208069555696,-0.06752206642555558
0.11176134645938873,0.2441804581903018,-0.13241911173091306
0.11796144396066666,0.18175351660313777,-0.06379207264247111
0.09493961930274963,0.2367178717688397,-0.14177825246609008
0.5067813396453857,0.23344870842639573,0.27333263121899
0.10589174926280975,0.19259168069056698,-0.08669993142775723
0.14526015520095825,0.20114894387354845,-0.0558887886725902
0.2505738139152527,0.25157277393407296,-0.0009989600188202719
0.21209383010864258,0.2516980501944991,-0.03960422008585651
0.2555943429470062,0.18877238785640416,0.06682195509060207
0.3270188868045807,0.28654064726734463,0.04047823953723606
0.35398587584495544,0.3060816753675026,0.04790420047745286
0.24573741853237152,0.3466507583165157,-0.10091333978414418
0.49652600288391113,0.16622648018877678,0.33029952269513435
0.2661430239677429,0.16577239634909915,0.10037062761864377
0.2065916359424591,0.24628541723359273,-0.03969378129113363
0.32224076986312866,0.19675730338568856,0.1254834664774401
0.18677978217601776,0.1649867944160998,0.021792987759917948
0.2900124490261078,0.3450625407964605,-0.055050091770352694
0.4761885404586792,0.15621143263295706,0.31997710782572214
0.144419863820076,0.33718784736379526,-0.19276798354371927
0.3723973333835602,0.2644940218360792,0.107903311547481
0.11628323048353195,0.31434761644421094,-0.198064385960679
0.1476132869720459,0.23968436361136633,-0.09207107663932043
0.13206776976585388,0.24879920439015182,-0.11673143462429794
0.32489150762557983,0.23358028093981376,0.09131122668576608
0.13067753612995148,0.2701106359832528,-0.13943309985330132
0.513807475566864,0.1638699498951417,0.3499375256717223
0.3217046856880188,0.29995195926805984,0.021752726419958957
0.11775971204042435,0.19934170243522314,-0.0815819903947988
0.1399569809436798,0.21182958444159822,-0.07187260349791841
0.3938463628292084,0.16002429779147886,0.2338220650377295
0.14994503557682037,0.2210515992347505,-0.07110656365793014
0.45893004536628723,0.1530699963248935,0.30586004904139374
0.20120450854301453,0.3384564374669667,-0.13725192892395216
0.19089046120643616,0.23372313031601855,-0.04283266910958239
0.10739373415708542,0.2082392398647897,-0.10084550570770429
0.44466543197631836,0.23732628395938496,0.2073391480169334
0.5289607644081116,0.2530128630558569,0.27594790135225467
0.14254218339920044,0.2598502858422658,-0.11730810244306539
0.11696553975343704,0.14575962196539394,-0.028794082211956895
0.1454504430294037,0.28990248450214007,-0.14445204147273638
0.16926820576190948,0.29971295989505176,-0.13044475413314227
0.14545805752277374,0.19689294743550964,-0.0514348899127359
0.128003790974617,0.2881402005782553,-0.16013640960363829
0.41099393367767334,0.17719441804428598,0.23379951563338736
0.2802475392818451,0.28052418528762324,-0.00027664600577814724
0.4871470332145691,0.214956893279526,0.2721901399350431
0.3071579337120056,0.3034185473288057,0.0037393863831999274
0.5618061423301697,0.3389165254289189,0.22288961690125075
0.41689255833625793,0.19779748895787208,0.21909506937838585
0.4680306613445282,0.33662379572652623,0.13140686561800197
0.5175241827964783,0.2330531682874726,0.2844710145090057
0.26365983486175537,0.25823353449087305,0.00542630037088232
0.1957101672887802,0.23209441349485457,-0.03638424620607436
0.1504858136177063,0.3104462750726683,-0.159960461454962
0.15008537471294403,0.2599607909309001,-0.10987541621795605
0.2174195796251297,0.21615955217375354,0.0012600274513761556
0.11695706099271774,0.17983783039675616,-0.06288076940403842
0.1795903444290161,0.25635423107844846,-0.07676388664943234
0.323356032371521,0.24743374283047417,0.07592228954104682
0.16164220869541168,0.3214513881644535,-0.15980917946904183
0.19683837890625,0.3196071620812755,-0.12276878317502549
0.19199354946613312,0.22019552466461384,-0.028201975198480722
0.1857067495584488,0.20395943752685924,-0.018252687968410453
0.318308562040329,0.3268995428531996,-0.00859098081287063
0.11420198529958725,0.2645271177161338,-0.15032513241654655
0.20942933857440948,0.28921829774440166,-0.07978895916999218
0.1003752052783966,0.2562154433105812,-0.1558402380321846
0.17657913267612457,0.26470105809293754,-0.08812192541681296
0.18101222813129425,0.21161428382116088,-0.030602055689866625
0.12044915556907654,0.30750157073455797,-0.18705241516548143
0.14179226756095886,0.33795153909226905,-0.1961592715313102
0.1714046746492386,0.28346333268804524,-0.11205865803880666
0.24192409217357635,0.23187365910456484,0.010050433069011516
0.27425551414489746,0.21639958682945754,0.057855927315439926
0.33574050664901733,0.28061513974673047,0.055125366902286865
0.2530767023563385,0.16122632750189658,0.09185037485444192
0.34602826833724976,0.22577476978007777,0.12025349855717199
0.36286309361457825,0.24680750630722154,0.11605558730735671
0.21909478306770325,0.24439108850418428,-0.025296305436481037
0.1486663669347763,0.20059534351302372,-0.05192897657824741
0.344836562871933,0.3504399495809626,-0.005603386709029601
0.25527849793434143,0.2790034343650317,-0.02372493643069029
0.14655639231204987,0.32336922993793,-0.17681283762588013
0.41127389669418335,0.20136843703537133,0.20990545965881202
0.23575150966644287,0.218771701616296,0.016979808050146872
0.43525534868240356,0.20486575075534577,0.2303895979270578
0.2520066797733307,0.12797181498785618,0.12403486478547451
0.3770650327205658,0.29102717540303213,0.08603785731753366
0.2005673348903656,0.17446708147340514,0.026100253416960456
0.42543065547943115,0.2006559348859045,0.22477472059352666
0.29440391063690186,0.20442253453414122,0.08998137610276064
0.1754145473241806,0.32608143385745364,-0.15066688653327304
0.3003047704696655,0.2958961801988752,0.004408590270790325
0.12238854914903641,0.21977121822287254,-0.09738266907383614
0.23787233233451843,0.2284790604006014,0.009393271933917036
0.23956170678138733,0.2881275596934844,-0.048565852912097085
0.1988840103149414,0.2070004525682633,-0.008116442253321893
0.5236981511116028,0.2757785442440253,0.24791960686757747
0.19547006487846375,0.2617776803337562,-0.06630761545529246
0.4287366569042206,0.17909706098264347,0.2496395959215771
0.3499008119106293,0.21494467199441455,0.13495613991621472
0.23511238396167755,0.25052628033980906,-0.015413896378131509
0.19951248168945312,0.24421819724567673,-0.0447057155562236
0.447822630405426,0.1897259690091111,0.25809666139631493
0.27421483397483826,0.2583303593929762,0.01588447458186204
0.20426206290721893,0.31128785750705956,-0.10702579459984063
0.22466199100017548,0.253872127302421,-0.029210136302245504
0.4581218361854553,0.18728077245206395,0.27084106373339134
0.22660517692565918,0.1629803119351508,0.06362486499050837
0.24564778804779053,0.28352642090527946,-0.037878632857488936
0.18771576881408691,0.2882697028601219,-0.10055393404603497
0.18274344503879547,0.2922743063774119,-0.10953086133861645
0.2711067199707031,0.21059077811434126,0.06051594185636186
0.24321173131465912,0.24440375952742657,-0.0011920282127674542
0.2067244052886963,0.241459762127844,-0.03473535683914772
0.3356967270374298,0.18402116875749847,0.15167555827993134
0.23140715062618256,0.18408982175539676,0.047317328870785796
0.2647688686847687,0.2926116640891797,-0.027842795404411036
0.18699580430984497,0.342123461531458,-0.15512765722161304
0.31317728757858276,0.20039451799483435,0.11278276958374842
0.216372549533844,0.24244488111590481,-0.02607233158206082
0.4431847333908081,0.24254957359188145,0.20063515979892665
0.23616619408130646,0.16823270550500452,0.06793348857630194
0.4645719528198242,0.24111725519221094,0.22345469762761327
0.08048319071531296,0.15760538363731058,-0.07712219292199762
0.48036277294158936,0.20358859056978246,0.2767741823718069
0.30686184763908386,0.1975379108961296,0.10932393674295426
0.4920027554035187,0.18907435639634207,0.3029283990071766
0.08509767800569534,0.24866663599375602,-0.16356895798806068
0.24777567386627197,0.17508643064722004,0.07268924321905193
0.08764180541038513,0.23573083361435046,-0.14808902820396533
0.5031368136405945,0.18901808078739923,0.31411873285319525
0.07099497318267822,0.25726304810941514,-0.18626807492673692
0.09053546190261841,0.25742991147189165,-0.16689444956927324
0.49155229330062866,0.22687168597935436,0.2646806073212743
0.2324042171239853,0.2608229630062655,-0.028418745882280216
0.1577063500881195,0.26052622135782044,-0.10281987126970094
0.07785162329673767,0.17989485660102916,-0.10204323330429149
0.505437970161438,0.24574523790289257,0.2596927322585454
0.47187504172325134,0.2516676075613985,0.22020743416185284
0.41756823658943176,0.207723717368548,0.20984451922088376
0.06563466787338257,0.24583499622143265,-0.18020032834805008
0.1473422646522522,0.23119756654397217,-0.08385530189171997
0.4333154261112213,0.17325290523108275,0.2600625208801386
0.34276092052459717,0.27764733833283883,0.06511358219175833
0.10094510763883591,0.2133475310055123,-0.11240242336667639
0.4632161259651184,0.17646573169426044,0.28675039427085797
0.14383693039417267,0.21010251137756897,-0.0662655809833963
0.19389434158802032,0.13461470205066295,0.059279639537357376
0.43996813893318176,0.21524605698061522,0.22472208195256654
0.4865724742412567,0.14765132423290103,0.33892115000835565
0.13943055272102356,0.11397038469974809,0.025460168021275473
0.29128095507621765,0.24032543898439565,0.050955516091822
0.1331705003976822,0.20942964476044548,-0.07625914436276329
0.09230393171310425,0.22734038662323655,-0.1350364549101323
0.11839868873357773,0.2980253482948646,-0.17962665956128687
0.1286778450012207,0.2380473853160023,-0.1093695403147816
0.44063252210617065,0.2518754752052135,0.18875704690095718
0.4784568250179291,0.2851735349426545,0.19328329007527456
0.2953876554965973,0.21126028658347265,0.08412736891312464
0.506089448928833,0.18841378889975702,0.317675660029076
0.4195045232772827,0.3261453897658626,0.09335913351142011
0.3052818179130554,0.18857238455453154,0.11670943335852388
0.348585844039917,0.2968647745415973,0.05172106949831967
0.49704664945602417,0.33763715738144306,0.1594094920745811
0.16186854243278503,0.3245032785042805,-0.16263473607149548
0.0887722447514534,0.190833370971163,-0.10206112621970961
0.08479256927967072,0.2043842801373487,-0.11959171085767797
0.4390655755996704,0.18014887212617609,0.2589167034734943
0.19058577716350555,0.24466864523663703,-0.05408286807313148
0.4378546178340912,0.16728319311845447,0.2705714247156367
0.06333038955926895,0.24108660554169006,-0.1777562159824211
0.09379297494888306,0.21869018610401442,-0.12489721115513136
0.22263270616531372,0.1573371429929291,0.06529556317238461
0.16356679797172546,0.2252715759015477,-0.061704777929822235
0.2550520896911621,0.18840782779317694,0.06664426189798517
0.4706057012081146,0.2303802825512326,0.24022541865688202
0.10293876379728317,0.2989033190975249,-0.1959645553002417
0.3504577577114105,0.22430802615701867,0.12614973155439185
0.3474844992160797,0.20864112212484764,0.13884337709123207
0.09993404895067215,0.2408924426300312,-0.14095839367935906
0.11738792061805725,0.18553183756117853,-0.06814391694312127
0.12325147539377213,0.22075339783628162,-0.09750192244250949
0.08294889330863953,0.2205655443186169,-0.1376166510099774
0.2843465805053711,0.17829116357889488,0.10605541692647621
0.19689033925533295,0.16655801274974116,0.030332326505591783
0.12973330914974213,0.20424351969614488,-0.07451021054640275
0.11596028506755829,0.2304829521473123,-0.114522667079754
0.1400826871395111,0.25857815770872417,-0.11849547056921306
0.20932941138744354,0.2726280080152781,-0.06329859662783455
0.3902864158153534,0.2760576260625226,0.1142287897528308
0.11577443778514862,0.13691631870066837,-0.021141880915519745
0.3878350257873535,0.22543980454698254,0.16239522124037098
0.43760231137275696,0.22128606359505582,0.21631624777770114
0.21981003880500793,0.28115989079146053,-0.0613498519864526
0.17579934000968933,0.2876433639971996,-0.11184402398751025
0.19003137946128845,0.25480747456091146,-0.06477609509962301
0.3736976385116577,0.2958416040650186,0.07785603444663913
0.46259304881095886,0.29679135825696723,0.16580169055399163
0.17704927921295166,0.31720135930374393,-0.14015208009079227
0.2222522348165512,0.22248254223094738,-0.0002303074143961692
0.36908093094825745,0.3057238974328322,0.06335703351542527
0.3392687141895294,0.20039202331152275,0.13887669087800666
0.24303777515888214,0.2774269346570768,-0.034389159498194655
0.21325941383838654,0.2491877463130963,-0.03592833247470975
0.15794330835342407,0.19882100167401165,-0.04087769332058758
0.48394206166267395,0.17743601646716423,0.3065060451955097
0.20247407257556915,0.2709690627477477,-0.06849499017217853
0.3518076241016388,0.20458905499220822,0.14721856910943057
0.23368139564990997,0.16203230017440975,0.07164909547550022
0.1509828269481659,0.2497138372263857,-0.09873101027821982
0.1588759422302246,0.2480478759302485,-0.08917193370002388
0.0981520488858223,0.2550776441288538,-0.1569255952430315
0.13249565660953522,0.18889917214455243,-0.05640351553501721
0.12754495441913605,0.23234310360962876,-0.10479814919049271
0.12720587849617004,0.2816495178601045,-0.15444363936393446
0.1360449641942978,0.2627790160358735,-0.1267340518415757
0.15490801632404327,0.2777361754767418,-0.12282815915269851
0.15513306856155396,0.2264452298589968,-0.07131216129744283
0.1967998743057251,0.19338693761075432,0.0034129366949707807
0.3331826329231262,0.1523659220166746,0.18081671090645163
0.17420300841331482,0.19052701362168106,-0.016324005208366243
0.32999327778816223,0.21907937555376672,0.11091390223439551
0.4024905264377594,0.30231575352071605,0.10017477291704335
0.15871573984622955,0.22438861129251564,-0.06567287144628609
0.2560485005378723,0.29971203665280755,-0.04366353611493523
0.4768865406513214,0.18790203929966448,0.28898450135165693
0.45921561121940613,0.19580709527442294,0.26340851594498316
0.4703383147716522,0.26137450900962733,0.2089638057620249
0.1522877961397171,0.24423950514677237,-0.09195170900705527
0.1562759280204773,0.21007928979464568,-0.05380336177416839
0.517910361289978,0.25962220108616474,0.2582881602038133
0.1382153481245041,0.22788463154580973,-0.08966928342130565
0.14831387996673584,0.3268052544761696,-0.17849137450943375
0.15734484791755676,0.22601250726702538,-0.06866765934946861
0.13749092817306519,0.31449326087111246,-0.17700233269804727
0.4040094017982483,0.17127323935852862,0.23273616243971967
0.24351078271865845,0.20015194107689088,0.043358841641767565
0.15598829090595245,0.3512902081467272,-0.19530191724077473
0.1569567769765854,0.2556455764975045,-0.09868879952091913
0.14764483273029327,0.29538589163315365,-0.14774105890286038
0.15352420508861542,0.19637927712075104,-0.04285507203213562
0.1355987936258316,0.20391944320365107,-0.06832064957781947
0.14254336059093475,0.24818678403290842,-0.10564342344197367
0.4362585246562958,0.27624274514229663,0.16001577951399915
0.28940245509147644,0.1902613467335978,0.09914110835787865
0.36731380224227905,0.14953855269344712,0.21777524954883193
0.14918704330921173,0.31358364313785736,-0.16439659982864563
0.17333272099494934,0.258108800555521,-0.08477607956057165
0.30104392766952515,0.2663546284622161,0.034689299207309066
0.15938982367515564,0.19065710817526668,-0.03126728450011104
0.136848583817482,0.281197119985407,-0.14434853616792498
0.16498687863349915,0.24635931697858168,-0.08137243834508254
0.20006799697875977,0.347442324247612,-0.14737432726885225
0.20393095910549164,0.2147199890206828,-0.01078902991519115
0.11695148050785065,0.2012761465760029,-0.08432466606815225
0.15062950551509857,0.24661607561847834,-0.09598657010337977
0.14890162646770477,0.26071146351532126,-0.11180983704761649
0.16519057750701904,0.2890768961586755,-0.12388631865165645
0.14963166415691376,0.19455151695608297,-0.04491985279916921
0.1409675031900406,0.2264275798673021,-0.08546007667726152
0.1998519003391266,0.21918481846402482,-0.019332918124898235
0.15145976841449738,0.3263119886894388,-0.1748522202749414
0.3648998439311981,0.2546991168217172,0.11020072710948092
0.34972259402275085,0.18481009302613893,0.16491250099661192
0.2827824354171753,0.2092107942919681,0.0735716411252072
0.15171577036380768,0.1670275632675866,-0.015311792903778931
0.07248694449663162,0.270459314756413,-0.19797237025978137
0.1976097673177719,0.1825331499721494,0.015076617345622517
0.14032821357250214,0.22694581154039345,-0.08661759796789131
0.52422696352005,0.12710943693987276,0.3971175265801773
0.3491620421409607,0.3155346404000132,0.03362740174094747
0.2264913022518158,0.31478678773713,-0.08829548548531418
0.15451215207576752,0.262533153766143,-0.10802100169037548
0.12947386503219604,0.23367075441236945,-0.10419688938017341
0.16902294754981995,0.2057265326039061,-0.03670358505408616
0.08900223672389984,0.20002640706817723,-0.11102417034427739
0.19929239153862,0.3084450548037886,-0.10915266326516859
0.09818735718727112,0.30199719425654403,-0.20380983706927291
0.15621140599250793,0.27898243600370576,-0.12277103001119782
0.14692988991737366,0.2449102901256894,-0.09798040020831575
0.14467602968215942,0.2631590555372874,-0.11848302585512799
0.14898772537708282,0.20209590574446068,-0.053108180367377855
0.1421520859003067,0.3601199743601132,-0.21796788845980652
0.15401606261730194,0.3068996003407859,-0.15288353772348395
0.11198079586029053,0.2820103086719724,-0.17002951281168188
0.13314034044742584,0.2803682768314677,-0.14722793638404186
0.21396274864673615,0.2377281990133487,-0.023765450366612567
0.13550366461277008,0.1966234120413789,-0.06111974742860882
0.2143142819404602,0.22359184774497523,-0.009277565804515026
0.3203088343143463,0.09528846892377402,0.2250203653905723
0.22033223509788513,0.2651895294349309,-0.04485729433704577
0.18100197613239288,0.16461074038068582,0.01639123575170706
0.2039124071598053,0.2555387808805768,-0.0516263737207715
0.11059118062257767,0.21348756576544647,-0.10289638514286881
0.11137954145669937,0.1607967482315787,-0.04941720677487932
0.15950728952884674,0.25359447967728765,-0.09408719014844091
0.2066141664981842,0.1876103571358488,0.019003809362335394
0.18171456456184387,0.27226873386585326,-0.09055416930400939
0.1615942418575287,0.21543630868226876,-0.053842066824740076
0.18496282398700714,0.21990925985486173,-0.03494643586785459
0.41855719685554504,0.21001907869276148,0.20853811816278356
0.07190873473882675,0.22444786510474335,-0.1525391303659166
0.34050458669662476,0.3429550316555577,-0.002450444958932929
0.41746658086776733,0.31072960667693283,0.1067369741908345
0.4588429033756256,0.2615969231463924,0.19724598022923323
0.2876632809638977,0.20581672983224086,0.08184655113165684
0.2939223349094391,0.1537172829052456,0.14020505200419348
0.20410193502902985,0.2810237457054373,-0.07692181067640746
0.33845117688179016,0.24299208079160828,0.09545909609018188
0.3312629759311676,0.2241825720555566,0.10708040387561099
0.28607773780822754,0.23860895558452502,0.047468782223702516
0.40678131580352783,0.18507009287826878,0.22171122292525905
0.2604124844074249,0.2080219490041678,0.05239053540325714
0.35176292061805725,0.28603846988920445,0.0657244507288528
0.28944265842437744,0.3201304694819248,-0.030687811057547365
0.2147907316684723,0.27096482114140796,-0.05617408947293567
0.378509521484375,0.20496456626922321,0.17354495521515179
0.4105644226074219,0.31862099551797507,0.0919434270894468
0.4367895722389221,0.22342127143972584,0.21336830079919628
0.3677182197570801,0.3045504654418938,0.06316775431518629
0.32092228531837463,0.21620338904315395,0.10471889627522069
0.22271835803985596,0.186979902465078,0.03573845557477795
0.21561597287654877,0.3175979464127014,-0.10198197353615263
0.25549668073654175,0.2670618705047139,-0.011565189768172168
0.2823692560195923,0.27140525071400995,0.010964005305582336
0.19311003386974335,0.23548575462490187,-0.042375720755158525
0.22865736484527588,0.3485555099989395,-0.1198981451536636
0.18333575129508972,0.2298979714877299,-0.04656222019264017
0.26820817589759827,0.3350286384299161,-0.06682046253231783
0.18841752409934998,0.1835357172458382,0.004881806853511778
0.145788311958313,0.24089389625332575,-0.09510558429501276
0.16704224050045013,0.2278584887054383,-0.060816248204988155
0.19588758051395416,0.21481795669217452,-0.018930376178220354
0.14351274073123932,0.2429449510481094,-0.09943221031687008
0.18972770869731903,0.3099181160228759,-0.12019040732555686
0.11611462384462357,0.21948940472950054,-0.10337478088487698
0.1563212275505066,0.18917287565095625,-0.03285164810044966
0.18888653814792633,0.18729826159175425,0.0015882765561720802
0.10682280361652374,0.1851587142174993,-0.07833591060097556
0.2315482795238495,0.19638408906856222,0.035164190455287264
0.19794325530529022,0.25751503936290643,-0.059571784057616206
0.22027736902236938,0.14478095243216157,0.07549641659020781
0.1235995963215828,0.28830267211104843,-0.16470307578946564
0.3573620021343231,0.1953047752701119,0.16205722686421123
0.14006838202476501,0.18149389771379823,-0.041425515689033215
0.21819795668125153,0.22705610092186673,-0.008858144240615207
0.11896076053380966,0.254075384027563,-0.13511462349375336
0.10672460496425629,0.247709598309769,-0.1409849933455127
0.1357632726430893,0.17634364882194817,-0.040580376178858873
0.11891896277666092,0.11183912870141223,0.007079834075248689
0.24650517106056213,0.1534187853528748,0.09308638570768735
0.16474968194961548,0.30128382010566457,-0.1365341381560491
0.11756055057048798,0.16961943128760948,-0.0520588807171215
0.16937872767448425,0.20726426387354527,-0.037885536199061015
0.2341018170118332,0.2071708022820307,0.0269310147298025
0.11935783177614212,0.2657976222163909,-0.1464397904402488
0.06019311398267746,0.22718875053795323,-0.16699563655527577
0.20938917994499207,0.19882654084158313,0.010562639103408933
0.2788875997066498,0.1971658748773667,0.08172172482928308
0.16412273049354553,0.19467364123788805,-0.03055091074434252
0.17331813275814056,0.2608978611653369,-0.08757972840719636
0.1394205242395401,0.2420628634132996,-0.1026423391737595
0.2028733640909195,0.26792925027984416,-0.06505588618892466
0.12386149168014526,0.18410899078392684,-0.06024749910378158
0.10640067607164383,0.12613543019715873,-0.019734754125514897
0.13089388608932495,0.1741108895349261,-0.04321700344560114
0.13637977838516235,0.20705837406271593,-0.07067859567755358
0.212638258934021,0.24172702847906072,-0.029088769545039722
0.12332857400178909,0.19728205654244768,-0.07395348254065859
0.1733703762292862,0.196458324237028,-0.023087948007741804
0.15268070995807648,0.16705298738895236,-0.01437227743087588
0.20897120237350464,0.1714164707951165,0.03755473157838815
0.08075737953186035,0.1805770610449089,-0.09981968151304854
0.2073829174041748,0.2427565432230197,-0.0353736258188449
0.26344817876815796,0.2924775687696798,-0.029029390001521826
0.24249957501888275,0.28094496451468187,-0.03844538949579912
0.3508172333240509,0.24725565990358742,0.10356157342046349
0.6053000092506409,0.26897128361790107,0.3363287256327398
0.1638161838054657,0.18834559206538196,-0.024529408259916258
0.13545672595500946,0.20959111282098297,-0.07413438686597351
0.5329645872116089,0.3589143442469446,0.17405024296466426
0.4020397961139679,0.21942085737268002,0.18261893874128787
0.34004920721054077,0.21037124855820727,0.1296779586523335
0.3986855745315552,0.25887471711230003,0.13981085741925514
0.2499290406703949,0.28726056128170974,-0.03733152061131484
0.10934910178184509,0.30898862167582597,-0.19963951989398088
0.3983198404312134,0.2613593369272301,0.13696050350398326
0.34223833680152893,0.20609079137290798,0.13614754542862095
0.6706082224845886,0.3106314399739751,0.35997678251061355
0.1252843141555786,0.32876150620984423,-0.20347719205426562
0.4933564066886902,0.2849153902577013,0.2084410164309889
0.09885798394680023,0.2516452991043955,-0.15278731515759525
0.3950909972190857,0.26691817521098793,0.12817282200809776
0.15606801211833954,0.34433014536990764,-0.1882621332515681
0.5230534076690674,0.23984790060892588,0.28320550706014147
0.7690408229827881,0.3567058672498575,0.4123349557329306
0.4545423984527588,0.29547982596920663,0.15906257248355216
0.23949016630649567,0.30058281522325986,-0.06109264891676419
0.636297881603241,0.2835535695503353,0.3527443120529057
0.19057689607143402,0.2794657562872739,-0.08888886021583986
0.19884753227233887,0.19803264063706977,0.0008148916352690994
0.6556395888328552,0.23489433808797858,0.4207452507448767
0.02566048875451088,0.16452756911691688,-0.138867080362406
0.05289141833782196,0.1907537925419598,-0.13786237420413783
0.26146507263183594,0.2403389699679979,0.021126102663838048
0.06583290547132492,0.23453397077493968,-0.16870106530361476
0.2068099081516266,0.2553576024853793,-0.04854769433375272
0.507865309715271,0.27724767576171927,0.23061763395355173
0.38156434893608093,0.2230607739476529,0.15850357498842804
0.06473049521446228,0.22856688474366194,-0.16383638952919966
0.30109935998916626,0.2841304595602675,0.01696890042889876
0.3198506534099579,0.3120676890300113,0.0077829643799465775
0.20684649050235748,0.2360221580942216,-0.02917566759186413
0.2658851444721222,0.24438779840699407,0.021497346065128126
0.18194052577018738,0.1907000351614421,-0.008759509391254722
0.49310562014579773,0.30248034557072756,0.19062527457507017
0.3580115735530853,0.1905119381045417,0.16749963544854363
0.1325727105140686,0.27114801706345004,-0.13857530654938144
0.4214859902858734,0.3501341634479722,0.0713518268379012
0.179798424243927,0.24465441428527704,-0.06485599004135004
0.3639938235282898,0.24515502195298217,0.11883880157530763
0.3048349916934967,0.24926853043726802,0.05556646125622869
0.4273114800453186,0.40156112779260467,0.025750352252713937
0.07190395891666412,0.28895574102214994,-0.2170517821054858
0.03463122993707657,0.1834885064023246,-0.14885727646524805
0.13497605919837952,0.21949446971113276,-0.08451841051275324
0.22017982602119446,0.2283675272277143,-0.008187701206519848
0.4871756434440613,0.28416034090265807,0.2030153025414032
0.4184609055519104,0.22273446730952634,0.19572643824238406
0.19606278836727142,0.3033136569347926,-0.1072508685675212
0.08259883522987366,0.31026747306440916,-0.2276686378345355
0.5952999591827393,0.25515295324024645,0.3401470059424928
0.21601054072380066,0.2848478128007175,-0.06883727207691687
0.048753488808870316,0.2743101909816016,-0.22555670217273127
0.28347134590148926,0.2629952464130042,0.020476099488485056
0.2704567313194275,0.2659417728535063,0.004514958465921204
0.4698820114135742,0.3303937079852036,0.1394883034283706
0.05512016639113426,0.28320840134143527,-0.228088234950301
0.07669801265001297,0.2443173576464807,-0.16761934499646772
0.4509090781211853,0.25835380094149074,0.19255527717969456
0.028140021488070488,0.1820934593664576,-0.1539534378783871
0.31545454263687134,0.32785225210367264,-0.012397709466801299
0.5585579872131348,0.3005617296696712,0.25799625754346356
0.08244514465332031,0.21870523757194554,-0.13626009291862523
0.24508881568908691,0.25886072290371087,-0.013771907214623957
0.04899686574935913,0.2507195231761591,-0.20172265742679996
0.0342424251139164,0.28823859375833916,-0.25399616864442276
0.5274398922920227,0.3503036757510385,0.17713621654098421
0.09760710597038269,0.24103852776645143,-0.14343142179606874
0.7985475659370422,0.2414691197952046,0.5570784461418377
0.27529779076576233,0.32254573727766445,-0.04724794651190212
0.1113584116101265,0.2401843697030204,-0.1288259580928939
0.22386625409126282,0.30045252238303977,-0.07658626829177695
0.5905642509460449,0.2515559682604839,0.33900828268556105
0.22281086444854736,0.26309958436995773,-0.040288719921410365
0.5485370755195618,0.18722205376034712,0.36131502175921465
0.6347230672836304,0.28097127696948265,0.3537517903141477
0.5882967710494995,0.34084191341529135,0.24745485763420816
0.2737095057964325,0.2872950034678855,-0.013585497671453006
0.6642737984657288,0.2983559424887836,0.36591785597694515
0.42891326546669006,0.25070388463831317,0.1782093808283769
0.003761755535379052,0.2329384802985699,-0.22917672476319084
0.255245566368103,0.19606673659634646,0.059178829771756564
0.11430512368679047,0.2853049328894234,-0.1709998092026329
0.15982235968112946,0.2957928240523051,-0.13597046437117566
0.31902819871902466,0.3047560215170861,0.014272177201938574
0.1846708506345749,0.2586336136572147,-0.07396276302263982
0.5605642795562744,0.27981069094382427,0.28075358861245014
0.13968652486801147,0.29241558672104767,-0.1527290618530362
0.03997910022735596,0.30504918161663186,-0.2650700813892759
0.41142112016677856,0.2612705780322503,0.15015054213452828
0.7269487977027893,0.20707528427584965,0.5198735134269397
0.49815046787261963,0.25077621447913656,0.24737425339348307
0.5046812891960144,0.26332641262377243,0.24135487657224197
0.13135841488838196,0.191517438788783,-0.06015902390040104
0.45637407898902893,0.2902112664055164,0.1661628125835125
0.5147544145584106,0.2621345118497903,0.25261990270862034
0.2671368718147278,0.2795032163866585,-0.012366344571930699
0.6440543532371521,0.31496832369459493,0.32908602954255717
0.2867293655872345,0.26722048719576663,0.019508878391467865
0.4935632050037384,0.2397057556434587,0.2538574493602797
0.44617554545402527,0.24987457875926714,0.19630096669475813
0.4270741939544678,0.2729582613436059,0.15411593261086187
0.10192267596721649,0.35510050111929353,-0.25317782515207704
0.43602925539016724,0.2842793691207017,0.15174988626946556
0.14006268978118896,0.1961282486822913,-0.05606555890110235
0.03956113010644913,0.19312356547964477,-0.15356243537319564
0.07435736805200577,0.3201183915535499,-0.2457610235015441
0.3196342885494232,0.30928374238926837,0.01035054616015485
0.028349006548523903,0.2493402091515199,-0.22099120260299598
0.4697805643081665,0.31850010877651425,0.15128045553165226
0.6418808698654175,0.21475197032180132,0.42712889954361616
0.18564262986183167,0.2701670006577851,-0.08452437079595343
0.4235527813434601,0.2987395468348253,0.1248132345086348
0.2599582076072693,0.21631998263624014,0.04363822497102915
0.07284221798181534,0.22966577726448628,-0.15682355928267094
0.5741170048713684,0.26236375081200775,0.31175325405936066
0.23357367515563965,0.30579798757626186,-0.07222431242062222
0.10333333164453506,0.19142564500006243,-0.08809231335552736
0.14192266762256622,0.3055521147670641,-0.1636294471444979
0.033343784511089325,0.19548046896698174,-0.1621366844558924
0.5764681100845337,0.2750185554359107,0.301449554648623
0.2950783669948578,0.22603697732405117,0.06904138967080661
0.4683176577091217,0.23504486291845075,0.23327279479067095
0.22809822857379913,0.28029663011026096,-0.052198401536461825
0.08505747467279434,0.2339590036922624,-0.14890152901946807
0.09117032587528229,0.3200614317088465,-0.2288911058335642
0.2171473354101181,0.26962128836918775,-0.05247395295906965
0.1954963356256485,0.3052502453966385,-0.10975390977098998
0.24592477083206177,0.20534069817021625,0.04058407266184552
0.3432706296443939,0.21201201656456015,0.13125861307983377
0.5738558173179626,0.20711323988972655,0.3667425774282361
0.008808777667582035,0.2028806686277927,-0.19407189096021066
0.2735632061958313,0.3417976071786907,-0.06823440098285938
0.03235109895467758,0.18259322472712186,-0.15024212577244428
0.6438766717910767,0.3063578617147845,0.33751881007629214
0.049717869609594345,0.21046002722955512,-0.16074215761996077
0.07438871264457703,0.23406889297928435,-0.15968018033470732
0.2512330114841461,0.32022667389859016,-0.06899366241444405
0.13055381178855896,0.24932513984502733,-0.11877132805646837
0.24205851554870605,0.27669219338975004,-0.034633677841043986
0.3490073084831238,0.1691066753951267,0.17990063308799709
0.4553605020046234,0.28787602948396274,0.16748447252066068
0.4413270652294159,0.26401071605887994,0.17731634917053596
0.24733541905879974,0.2468168829778993,0.0005185360809004391
0.29385578632354736,0.32917301577513536,-0.035317229451587995
0.04318704456090927,0.277695642335298,-0.2345085977743887
0.49630093574523926,0.28033286768058485,0.2159680680646544
0.013375130482017994,0.22267812269914578,-0.20930299221712778
0.24505747854709625,0.29478349743397336,-0.04972601888687711
0.5533751249313354,0.28137821559406695,0.2719969093372685
0.23864158987998962,0.3191218830713431,-0.08048029319135347
0.5650679469108582,0.2839563816892643,0.28111156522159386
0.7394880056381226,0.21295567593560497,0.5265323297025176
0.03282131627202034,0.3164406415206198,-0.28361932524859945
0.4663322865962982,0.21815959554762898,0.24817269104866924
0.327899694442749,0.19495901424709222,0.1329406801956568
0.3634064793586731,0.37744949579074316,-0.014043016432070066
0.2880355417728424,0.16773984805112385,0.12029569372171856
0.611713707447052,0.3431178638948867,0.2685958435521653
0.6774085760116577,0.26469084467767123,0.4127177313339865
0.22313480079174042,0.20530105490090395,0.017833745890836472
0.07058516144752502,0.2744840678110749,-0.2038989063635499
0.1935214251279831,0.3032132284076885,-0.1096918032797054
0.3421003222465515,0.36402860726034725,-0.021928285013795734
0.0635109692811966,0.21195963474649784,-0.14844866546530125
0.37996864318847656,0.27211406148733774,0.10785458170113882
0.20326018333435059,0.26201044334328283,-0.05875026000893224
0.5872204899787903,0.25737427327006224,0.32984621670872805
0.21453499794006348,0.1730412305456491,0.04149376739441438
0.10961337387561798,0.15674046184686907,-0.04712708797125109
0.27732497453689575,0.31696363887251033,-0.03963866433561458
0.0008150470093823969,0.21574066759417934,-0.21492562058479694
0.1862800419330597,0.25910617171677053,-0.07282612978371084
0.42073145508766174,0.30271450825007584,0.1180169468375859
0.027419017627835274,0.291175976516406,-0.2637569588885707
0.11537095159292221,0.22548484776782524,-0.11011389617490303
0.4868338704109192,0.292161435077564,0.1946724353333552
0.34309300780296326,0.1723603877057507,0.17073262009721255
0.22006270289421082,0.1899282621149172,0.030134440779293614
0.3399895429611206,0.1884867156080272,0.1515028273530934
0.17455589771270752,0.1779465650379878,-0.003390667325280289
0.26817137002944946,0.23481107583959948,0.03336029418984998
0.10905956476926804,0.1521144297573481,-0.04305486498808006
0.1176488995552063,0.34870328549926144,-0.23105438594405514
0.4163113832473755,0.19847605982049657,0.21783532342687892
0.004712643567472696,0.24802243667037052,-0.24330979310289783
0.3352455496788025,0.25698795429717747,0.07825759538162502
0.19479623436927795,0.30736772583643435,-0.11257149146715639
0.48819226026535034,0.24113708429634625,0.2470551759690041
0.545475423336029,0.32023345027534444,0.2252419730606846
0.08105538040399551,0.2187746747286356,-0.13771929432464008
0.45458725094795227,0.286666677398992,0.16792057354896028
0.13195402920246124,0.15944659126400262,-0.02749256206154138
0.12483980506658554,0.1773804097100113,-0.05254060464342575
0.1980140209197998,0.26775038670714624,-0.06973636578734643
0.1594322919845581,0.2042363608710554,-0.044804068886497295
0.18636302649974823,0.30014339915778954,-0.1137803726580413
0.08855976909399033,0.2732516357896442,-0.18469186669565385
0.07012194395065308,0.16892595376552513,-0.09880400981487206
0.16994191706180573,0.16929628258295965,0.0006456344788460799
0.18650124967098236,0.2301388195280214,-0.04363756985703904
0.08288578689098358,0.27674714249703036,-0.19386135560604678
0.2443254142999649,0.2152786800684801,0.029046734231484794
0.1782282292842865,0.24495687219357562,-0.06672864290928912
0.1440850794315338,0.23263927233489856,-0.08855419290336475
0.18590563535690308,0.28034956295044033,-0.09444392759353726
0.2439596801996231,0.2653970739242691,-0.02143739372464598
0.13299550116062164,0.23151043710537528,-0.09851493594475363
0.26752811670303345,0.22837972917036842,0.03914838753266503
0.07991817593574524,0.15131267232067147,-0.07139449638492623
0.1360391080379486,0.22205499613098378,-0.08601588809303518
0.2539463937282562,0.15537705802265567,0.09856933570560056
0.22075696289539337,0.18128595141860387,0.0394710114767895
0.14559738337993622,0.2431431648343267,-0.0975457814543905
0.13635258376598358,0.27514582803883925,-0.13879324427285566
0.1780216246843338,0.2209730434687295,-0.042951418784395706
0.1611512005329132,0.20626415266641468,-0.04511295213350147
0.10672590881586075,0.18981141209101887,-0.08308550327515812
0.12401193380355835,0.2853074261279246,-0.16129549232436624
0.10068097710609436,0.24313668587553014,-0.14245570876943578
0.11709970980882645,0.2876050498357745,-0.17050534002694806
0.1604301929473877,0.24537051314736422,-0.08494032019997652
0.1703180968761444,0.371190557973467,-0.2008724610973226
0.18675488233566284,0.25691590500848804,-0.0701610226728252
0.1304928958415985,0.1859743475409629,-0.05548145169936439
0.08675725758075714,0.1738017285684795,-0.08704447098772236
0.13326196372509003,0.18892421199626716,-0.055662248271177134
0.107634998857975,0.19262353161660162,-0.08498853275862661
0.11944557726383209,0.16889891468117957,-0.049453337417347476
0.1343933343887329,0.2020993214645852,-0.06770598707585229
0.26415538787841797,0.2410451874494993,0.023110200428918676
0.16984787583351135,0.3072046396230186,-0.13735676378950723
0.13037794828414917,0.23868200848038332,-0.10830406019623415
0.1162400171160698,0.2000645022553552,-0.08382448513928539
0.1399652063846588,0.2426320804878604,-0.10266687410320158
0.17349469661712646,0.1245886429783467,0.04890605363877977
0.17845289409160614,0.29855203616874193,-0.12009914207713579
0.10765589773654938,0.20777852735993085,-0.10012262962338148
0.1141534075140953,0.27131463002294204,-0.15716122250884673
0.1529628485441208,0.15392210814215604,-0.0009592595980352503
0.1931927353143692,0.14805437883903758,0.045138356475331626
0.13149994611740112,0.14926419145103778,-0.017764245333636658
0.14659921824932098,0.19882177123092204,-0.052222552981601056
0.12784267961978912,0.2571825419499264,-0.12933986233013728
0.13126416504383087,0.17561320758893517,-0.0443490425451043
0.1401624232530594,0.1781105394399648,-0.03794811618690541
0.15276430547237396,0.19207886229661453,-0.039314556824240565
0.18249262869358063,0.25380925437519747,-0.07131662568161684
0.10936827957630157,0.26378569516281125,-0.15441741558650968
0.24907569587230682,0.2033762849335382,0.045699410938768614
0.12904435396194458,0.26324809474380684,-0.13420374078186226
0.1360558420419693,0.1822646833029351,-0.046208841260965805
0.10750763863325119,0.22945601273903252,-0.12194837410578133
0.16175073385238647,0.24052286520710967,-0.07877213135472319
0.2027852088212967,0.23073038794577616,-0.02794517912447947
0.12262847274541855,0.31144143150581505,-0.1888129587603965
0.13113421201705933,0.3109290593966508,-0.17979484737959145
0.0794094130396843,0.23177152233569442,-0.15236210929601013
0.1771157830953598,0.21848308934812122,-0.041367306252761415
0.1258155107498169,0.178769769884235,-0.05295425913441812
0.11138500273227692,0.23329391178516984,-0.12190890905289292
0.13023558259010315,0.16148427181527528,-0.031248689225172127
0.22117601335048676,0.27488945633353007,-0.053713442983043314
0.23506316542625427,0.21560241045449968,0.01946075497175459
0.08331223577260971,0.17241643496499778,-0.08910419919238807
0.18161489069461823,0.3268335676814084,-0.1452186769867902
0.1357632726430893,0.1752025406169455,-0.03943926797385622
0.18922655284404755,0.18000409364503084,0.009222459199016708
0.10688067972660065,0.20090472486125444,-0.09402404513465379
0.1735062152147293,0.2221219957670857,-0.04861578055235638
0.26967132091522217,0.3231023618277903,-0.05343104091256812
0.13003703951835632,0.23777233767699515,-0.10773529815863883
0.11824431270360947,0.24282274516725064,-0.12457843246364117
0.12497889995574951,0.22522251265406812,-0.10024361269831861
0.10331812500953674,0.23529945832283453,-0.13198133331329778
0.18779043853282928,0.21166460556292996,-0.023874167030100674
0.1388980597257614,0.30173103686782243,-0.16283297714206102
0.1129314973950386,0.20395166346513172,-0.09102016607009311
0.22197015583515167,0.17200375355869868,0.04996640227645299
0.11859959363937378,0.297842339121384,-0.17924274548201025
0.10245083272457123,0.1115751156493836,-0.009124282924812377
0.13234633207321167,0.3364358891180229,-0.20408955704481124
0.12044455856084824,0.2336235889523432,-0.11317903039149496
0.20575281977653503,0.3073989286157697,-0.10164610883923464
0.14927424490451813,0.17918007196645214,-0.02990582706193401
0.14641568064689636,0.2327391077970932,-0.08632342715019684
0.17409592866897583,0.23193282509793794,-0.057836896428962115
0.13514675199985504,0.23988874350776077,-0.10474199150790572
0.15809346735477448,0.2476873381617581,-0.08959387080698364
0.2046033889055252,0.16275972287572474,0.04184366602980047
0.1637047529220581,0.17258184660145792,-0.008877093679399817
0.16953547298908234,0.23242808421657857,-0.06289261122749623
0.11752919852733612,0.18978554496144218,-0.07225634643410606
0.19453024864196777,0.23259541411183032,-0.03806516546986255
0.15747696161270142,0.20069929875148185,-0.04322233713878043
0.14749784767627716,0.13856239909550286,0.008935448580774302
0.22146859765052795,0.21683283876445553,0.0046357588860724275
0.10975424200296402,0.33011495416967884,-0.22036071216671482
0.06349509954452515,0.2716694876247149,-0.20817438808018973
0.11581551283597946,0.2656907871419658,-0.14987527430598635
0.09460272639989853,0.31836752106509203,-0.2237647946651935
0.15517809987068176,0.22260393256915373,-0.06742583269847197
0.12774863839149475,0.26479507786973666,-0.1370464394782419
0.3213222920894623,0.20846827052517392,0.11285402156428836
0.16553793847560883,0.16922246013970074,-0.0036845216640919165
0.1181979551911354,0.26088904673511815,-0.14269109154398274
0.25499001145362854,0.20979116928431968,0.04519884216930886
0.1501728743314743,0.23184547166901853,-0.08167259733754423
0.127853125333786,0.2651595773293166,-0.1373064519955306
0.11074759066104889,0.1728606443771229,-0.06211305371607401
0.19251352548599243,0.25116327204091315,-0.05864974655492072
0.14969220757484436,0.15616914774587576,-0.006476940171031398
0.13644246757030487,0.25264608184217696,-0.11620361427187209
0.13139544427394867,0.20359368957558197,-0.0721982453016333
0.1877172887325287,0.16360378218927896,0.02411350654324973
0.09083051979541779,0.24728033214174702,-0.15644981234632924
0.1699325442314148,0.29126375447793773,-0.12133121024652294
0.17582596838474274,0.15270880195854472,0.023117166426198016
0.13975490629673004,0.22120123911831657,-0.08144633282158653
0.20771728456020355,0.2689863254330851,-0.06126904087288154
0.2526911795139313,0.19092875072097343,0.061762428792957846
0.257435142993927,0.3340843722389403,-0.07664922924501327
0.15750829875469208,0.17354517399897498,-0.016036875244282905
0.2138196974992752,0.1861298889034502,0.02768980859582501
0.2046765387058258,0.29225666861143423,-0.08758012990560843
0.18849053978919983,0.17598218588933476,0.012508353899865071
0.26396599411964417,0.2655398296820932,-0.0015738355624490552
0.10808301717042923,0.22919348510551937,-0.12111046793509014
0.18555428087711334,0.3352270343500954,-0.14967275347298203
0.27976468205451965,0.2400320179188322,0.03973266413568746
0.11303599178791046,0.1917025037873811,-0.07866651199947064
0.23982805013656616,0.3042229858077521,-0.06439493567118593
0.13368384540081024,0.23940501572121006,-0.10572117032039982
0.10423766821622849,0.25227319020543765,-0.14803552198920916
0.2677381932735443,0.2378676760917453,0.029870517181799006
0.11947277188301086,0.2832814370658008,-0.16380866518278991
0.17890851199626923,0.2983778249736212,-0.11946931297735197
0.10008861869573593,0.17962649346983928,-0.07953787477410335
0.17713212966918945,0.23218059841630062,-0.05504846874711117
0.15130141377449036,0.18709994794081114,-0.03579853416632078
0.1275710016489029,0.19775816358215192,-0.07018716193324903
0.13552293181419373,0.19101076955324273,-0.055487837739049
0.1716044396162033,0.19978109236209438,-0.028176652745891068
0.48143723607063293,0.19326461586074084,0.2881726202098921
0.15909071266651154,0.278016569967374,-0.11892585730086247
0.14011017978191376,0.23405526051477027,-0.09394508073285651
0.25206419825553894,0.2437195372436257,0.008344661011913251
0.17749784886837006,0.1719080075742313,0.005589841294138753
0.20529304444789886,0.1351663344624789,0.07012670998541998
0.10925333946943283,0.27396507965438743,-0.1647117401849546
0.19718436896800995,0.17840565044488518,0.018778718523124766
0.1279262751340866,0.17949121391250256,-0.05156493877841595
0.10828155279159546,0.20590941625499448,-0.09762786346339902
0.14148949086666107,0.1239123708398857,0.017577120026775375
0.3145197927951813,0.2488747102663519,0.06564508252882936
0.13637977838516235,0.20070870269526103,-0.06432892431009868
0.23004749417304993,0.287155270464982,-0.05710777629193209
0.11217915266752243,0.21636334646452587,-0.10418419379700344
0.16218960285186768,0.19752704574595648,-0.0353374428940888
0.1577688753604889,0.25271004037463407,-0.09494116501414518
0.40423765778541565,0.2560386646196953,0.14819899316572033
0.26301509141921997,0.2056199810456523,0.057395110373567676
0.11103428155183792,0.2585529722222042,-0.14751869067036627
0.07874588668346405,0.13574012924953457,-0.056994242566070524
0.293150931596756,0.22559309531642407,0.0675578362803319
0.1973724663257599,0.15178364879511125,0.04558881753064864
0.2037256509065628,0.1499935616031483,0.0537320893034145
0.12965041399002075,0.20667040201891865,-0.0770199880288979
0.103276327252388,0.24627676027948095,-0.14300043302709295
0.1128733679652214,0.29680058015144045,-0.18392721218621905
0.18438395857810974,0.18416119911571827,0.00022275946239147526
0.14495277404785156,0.184702715832831,-0.039749941784979426
0.12231498956680298,0.22800826617353281,-0.10569327660672984
0.13961318135261536,0.15949255335139367,-0.019879371998778317
0.12700673937797546,0.3864984747362704,-0.25949173535829495
0.20659920573234558,0.2344149874873793,-0.027815781755033714
0.11324498057365417,0.2704058928095501,-0.1571609122358959
0.17853233218193054,0.23989913110257574,-0.0613667989206452
0.11111331731081009,0.2939648619691091,-0.182851544658299
0.1934226155281067,0.2866688124331809,-0.09324619690507419
0.19874131679534912,0.22992777612380705,-0.031186459328457927
0.17974445223808289,0.2407471550602289,-0.06100270282214601
0.4353187680244446,0.24572455476227298,0.1895942132621716
0.3540615439414978,0.12965278410853337,0.22440875983296443
0.06630241125822067,0.19249827978488826,-0.1261958685266676
0.36096352338790894,0.20697607452274758,0.15398744886516136
0.440723180770874,0.17661023786254695,0.2641129429083271
0.27999696135520935,0.3195488041240547,-0.039551842768845324
0.32433342933654785,0.2629259984379821,0.06140743089856576
0.14388932287693024,0.23676331025715117,-0.09287398738022093
0.27484020590782166,0.26114486588797015,0.01369534001985151
0.12054554373025894,0.2062481539921388,-0.08570261026187986
0.3597305119037628,0.28094450530529647,0.07878600659846635
0.2898663282394409,0.2765139297885145,0.013352398450926395
0.06509622186422348,0.21615349534158387,-0.1510572734773604
0.16026341915130615,0.2090901431400235,-0.04882672398871735
0.03752046823501587,0.27252305532223153,-0.23500258708721566
0.4388579726219177,0.2435947021662722,0.19526327045564554
0.20399382710456848,0.3357613444170566,-0.1317675173124881
0.019077416509389877,0.2401657871809199,-0.22108837067153003
0.07330939173698425,0.3007154975631977,-0.22740610582621346
0.17406174540519714,0.24077281433452288,-0.06671106892932574
0.2144431471824646,0.20938156654403184,0.005061580638432761
0.5611045956611633,0.31867471256450514,0.2424298830966582
0.34159570932388306,0.30574217227613465,0.03585353704774841
0.22051942348480225,0.23210193722403633,-0.01158251373923408
0.3728600740432739,0.25387529185235325,0.11898478219092068
0.27180469036102295,0.22193936566612604,0.049865324694896906
0.06493426114320755,0.22275631517994668,-0.15782205403673913
0.4377921521663666,0.23183520382660727,0.2059569483397593
0.35613593459129333,0.3211878853021731,0.03494804928912021
0.20623520016670227,0.20003250257577568,0.0062026975909265925
0.20717564225196838,0.3140405342957051,-0.10686489204373673
0.5553365349769592,0.28852410338489065,0.2668124315920686
0.2838161885738373,0.24034661370198065,0.043469574871856625
0.05196142941713333,0.23990496408829595,-0.18794353467116262
0.41680991649627686,0.28135560591069275,0.1354543105855841
0.03542537987232208,0.17270423879704028,-0.1372788589247182
0.09172631800174713,0.23245430359864294,-0.1407279855968958
0.43557167053222656,0.25334779695224074,0.18222387357998582
0.38176289200782776,0.2684410368663629,0.11332185514146487
0.7095319628715515,0.2930036472362997,0.41652831563525183
0.3799499273300171,0.3210963432821472,0.05885358404786989
0.5224682092666626,0.25960058310421785,0.26286762616244475
0.4427346885204315,0.26523784677492945,0.17749684174550207
0.2446887046098709,0.23985968900029456,0.004829015609576354
0.11346612870693207,0.2785592820621797,-0.16509315335524766
0.3338004946708679,0.31061189510845333,0.02318859956241459
0.27000218629837036,0.23309175446793484,0.03691043183043552
0.14065003395080566,0.2482441660209867,-0.10759413207018104
0.2823898494243622,0.25606216612561095,0.026327683298751237
0.36504921317100525,0.2841878634249334,0.08086134974607184
0.3055873513221741,0.30068881573530115,0.004898535586872921
0.5827764868736267,0.29585038767308564,0.2869260992005411
0.07347658276557922,0.22626282863286418,-0.15278624586728495
0.7027555704116821,0.3286733670111251,0.37408220340055703
0.09874825924634933,0.15341795301417327,-0.054669693767823935
0.21687260270118713,0.2215373031576946,-0.0046647004565074646
0.27349749207496643,0.2644734010044466,0.009024091070519824
0.4184609055519104,0.32344340516569176,0.09501750038621865
0.48887887597084045,0.2382726588878866,0.25060621708295383
0.21746300160884857,0.28579338252354564,-0.06833038091469706
0.32765108346939087,0.21872037909363673,0.10893070437575414
0.27261972427368164,0.3073071774179311,-0.03468745314424948
0.18286007642745972,0.27924979128345406,-0.09638971485599435
0.14949016273021698,0.31219842757484595,-0.16270826484462897
0.07608368247747421,0.23595956614958263,-0.15987588367210842
0.4876928925514221,0.34106283787590674,0.14663005467551538
0.16837731003761292,0.29115391565423987,-0.12277660561662695
0.48551419377326965,0.2374488630614435,0.24806533071182615
0.11608891189098358,0.2685474226184579,-0.1524585107274743
0.5179175138473511,0.23199561652831033,0.2859218973190407
0.12970437109470367,0.2969269652020534,-0.16722259410734974
0.38542014360427856,0.1832949937967487,0.20212514980752985
0.3154515027999878,0.26975025443869327,0.04570124836129452
0.680550754070282,0.19273538323439987,0.4878153708358821
0.023481804877519608,0.21620336787141353,-0.19272156299389392
0.0680481567978859,0.27608541640913753,-0.20803725961125163
0.5252372622489929,0.2766267331688449,0.24861052908014802
0.4309583008289337,0.3605703381672902,0.07038796266164349
0.2763606011867523,0.27930500851991397,-0.002944407333161647
0.2205141931772232,0.2682210201017886,-0.047706826924565404
0.1162247508764267,0.2245633831715651,-0.1083386322951384
0.48865944147109985,0.2716969903383464,0.21696245113275348
0.300994873046875,0.292954877961937,0.008039995084938023
0.11894157528877258,0.23775187993968896,-0.11881030465091638
0.25266677141189575,0.3313016089132784,-0.07863483750138267
0.301287442445755,0.2414129592271732,0.0598744832185818
0.0317210927605629,0.2371007580892535,-0.2053796653286906
0.5894274711608887,0.3531916220707696,0.23623584909011908
0.5833145976066589,0.2548620039511016,0.32845259365555735
0.31511190533638,0.28416733926072624,0.030944566075653768
0.34459465742111206,0.226281618393659,0.11831303902745305
0.26651209592819214,0.30179813824450596,-0.035286042316313826
0.44484543800354004,0.28103957555491826,0.16380586244862178
0.19039925932884216,0.27290617319920907,-0.0825069138703669
0.6633407473564148,0.2921030481407557,0.3712376992156591
0.15641283988952637,0.2504179909952736,-0.09400515110574725
0.3913971781730652,0.2914776950921235,0.09991948308094167
0.2443334311246872,0.3489982885368509,-0.10466485741216369
0.04015369713306427,0.27354869773841695,-0.23339500060535268
0.041590478271245956,0.22700785581213498,-0.18541737754088902
0.4154619574546814,0.2851317046255315,0.1303302528291499
0.4460941255092621,0.2976051002192308,0.14848902529003127
0.40085381269454956,0.20735057681241617,0.1935032358821334
0.3624682128429413,0.19186150455126744,0.17060670829167385
0.033345963805913925,0.3439451677981208,-0.31059920399220686
0.24486634135246277,0.23588520657045378,0.008981134782008987
0.1560889035463333,0.3231721730080937,-0.1670832694617604
0.24810563027858734,0.24776229162120547,0.00034333865738186975
0.12016414850950241,0.2210126178755712,-0.10084846936606878
0.11892589926719666,0.2591672812662058,-0.14024138199900915
0.4001275599002838,0.22218922324234033,0.17793833665794348
0.2470293492078781,0.3180040098378257,-0.07097466062994756
0.15808995068073273,0.29733218727714106,-0.13924223659640833
0.37903040647506714,0.2545782126598093,0.12445219381525785
0.7487848401069641,0.2382191606636733,0.5105656794432908
0.15567615628242493,0.35384917252129855,-0.19817301623887362
0.35900425910949707,0.29715484269915676,0.06184941641034031
0.023748261854052544,0.16193583881121704,-0.1381875769571645
0.394761860370636,0.2735894222273513,0.12117243814328471
0.35469916462898254,0.2876795751681954,0.06701958946078712
0.243408665060997,0.1750334504149314,0.06837521464606561
0.19733759760856628,0.2311411069472578,-0.03380350933869153
0.1864285171031952,0.15929037552827996,0.02713814157491523
0.08327804505825043,0.2768052434118654,-0.19352719835361498
0.2124577760696411,0.35112365038036686,-0.13866587431072575
0.15327803790569305,0.22295105878920393,-0.06967302088351088
0.23405128717422485,0.2630402462522812,-0.02898895907805632
0.5019405484199524,0.24283114227290728,0.25910940614704514
0.2355925738811493,0.23993661982152617,-0.004344045940376878
0.06246299669146538,0.2967722784603618,-0.23430928176889643
0.4680847227573395,0.24530324282054458,0.2227814799367949
0.19794365763664246,0.2270919910153107,-0.029148333378668234
0.3890460729598999,0.33297587439340215,0.05607019856649775
0.1684609055519104,0.267477142934311,-0.09901623738240062
0.2889990508556366,0.2655829924070614,0.023416058448575194
0.11653300374746323,0.30037321334057104,-0.18384020959310782
0.3470711410045624,0.28146510851961126,0.06560603248495112
0.4623114764690399,0.3158753806041582,0.1464360958648817
0.7093752026557922,0.24690929054976565,0.4624659121060266
0.4285915195941925,0.21489560469393454,0.21369591490025797
0.27610981464385986,0.27689937424716127,-0.0007895596033014041
0.30459466576576233,0.3014014535031335,0.0031932122626288084
0.46297502517700195,0.237649274933758,0.22532575024324394
0.4052425026893616,0.3359067486184978,0.06933575407086379
0.30056121945381165,0.23127135377148117,0.06928986568233048
0.41598963737487793,0.29909332949013784,0.11689630788474009
0.3029070794582367,0.2787421739770126,0.024164905481224075
0.1694222390651703,0.2273339605628626,-0.0579117214976923
0.151856929063797,0.2844179269239934,-0.13256099786019643
0.08268243074417114,0.26641817198499773,-0.1837357412408266
0.06946926563978195,0.2836725479356909,-0.21420328229590896
0.4914180636405945,0.2328499066483471,0.2585681569922474
0.18351837992668152,0.23974874201881227,-0.05623036209213075
0.28348180651664734,0.2851394036274048,-0.0016575971107574694
0.6092341542243958,0.2932455218291835,0.31598863239521224
0.3458067774772644,0.23378682940251988,0.11201994807474452
0.30074408650398254,0.2713740037092054,0.029370082794777153
0.5599499344825745,0.3696440741019831,0.19030586038059139
0.30223309993743896,0.38989723004665977,-0.0876641301092208
0.07081200182437897,0.20165327033657587,-0.1308412685121969
0.14805860817432404,0.2870902179933583,-0.13903160981903429
0.23611503839492798,0.2345358962931665,0.001579142101761466
0.16947971284389496,0.2636499574452022,-0.09417024460130724
0.47036269307136536,0.274097379924353,0.19626531314701234
0.34426549077033997,0.34771192642813586,-0.0034464356577958988
0.09922893345355988,0.25236782277761466,-0.15313888932405478
0.39223310351371765,0.2509565154798975,0.14127658803382015
0.39045149087905884,0.20579260275911668,0.18465888811994216
0.1688997745513916,0.17762536428957387,-0.008725589738182271
0.23207637667655945,0.2564315101404431,-0.024355133463883627
0.36438044905662537,0.28588718944073566,0.07849325961588971
0.0486176460981369,0.3121098411156876,-0.2634921950175507
0.13095307350158691,0.3149172609148676,-0.1839641874132807
0.2044953852891922,0.28513211408527883,-0.08063672879608663
0.5602529644966125,0.19035500839025774,0.3698979561063548
0.09003875404596329,0.2666140837687704,-0.1765753297228071
0.3600910007953644,0.2680666243857042,0.09202437640966016
0.05601054057478905,0.2484107217772879,-0.19240018120249885
0.6246469020843506,0.36094057569458493,0.26370632638976566
0.21083290874958038,0.22257595072967412,-0.011743041980093738
0.5442394018173218,0.2604339412842278,0.28380546053309397
0.13501262664794922,0.31591962286835196,-0.18090699622040274
0.29613593220710754,0.3078314228836716,-0.011695490676564058
0.4040983021259308,0.2504294214415923,0.15366888068433848
0.4101223349571228,0.2174252193086801,0.1926971156484427
0.4425988495349884,0.27412996817921914,0.16846888135576926
0.1779332160949707,0.22906419827810942,-0.05113098218313872
0.1004149317741394,0.21751536151238554,-0.11710042973824614
0.1636698991060257,0.29211214466005614,-0.12844224555403044
0.41054555773735046,0.31728975956817995,0.09325579816917051
0.18205547332763672,0.2325721877713093,-0.05051671444367259
0.43886321783065796,0.2973966984987458,0.14146651933191218
0.10998650640249252,0.24506209833323184,-0.1350755919307393
0.20813697576522827,0.3440429716237664,-0.13590599585853813
0.30515891313552856,0.2411589294954051,0.06399998364012346
0.4660627841949463,0.22120069061800374,0.24486209357694255
0.7012770175933838,0.21435108230311922,0.48692593529026457
0.32231149077415466,0.30097526422925325,0.021336226544901415
0.3588632047176361,0.270084391509982,0.08877881320765413
0.08208159357309341,0.24412132079135065,-0.16203972721825724
0.6404306292533875,0.36853198319450486,0.2718986460588826
0.4123898446559906,0.2153648253617314,0.1970250192942592
0.07410354167222977,0.23944624035003256,-0.1653426986778028
0.3249708414077759,0.1791300660005209,0.14584077540725499
0.18994992971420288,0.2801576172686493,-0.09020768755444641
0.11538880318403244,0.32491425232326143,-0.209525449139229
0.1851380169391632,0.29645488567967215,-0.11131686874050895
0.29115161299705505,0.2247377994229408,0.06641381357411424
0.14927595853805542,0.18522617275955353,-0.035950214221498106
0.09941179305315018,0.31060117490636563,-0.21118938185321545
0.48965734243392944,0.2812608362696282,0.20839650616430122
0.26645463705062866,0.21060820913136938,0.055846427919259284
0.16881617903709412,0.24443503839598668,-0.07561885935889257
0.4598454535007477,0.25606294603630153,0.20378250746444615
0.13755181431770325,0.2591040811887536,-0.12155226687105036
0.5381526350975037,0.32006336978529226,0.2180892653122114
0.18411920964717865,0.2422320334511747,-0.058112823803996044
0.12396769970655441,0.17590706250738147,-0.05193936280082706
0.5159687399864197,0.29875589764855714,0.21721284233786253
0.6165539026260376,0.39345702875106103,0.22309687387497656
0.10907219350337982,0.21549745430359885,-0.10642526080021902
0.21632924675941467,0.21895989693762852,-0.0026306501782138447
0.22788096964359283,0.21017787592783205,0.017703093715760787
0.3197910189628601,0.2125495559580609,0.1072414630047992
0.12827585637569427,0.2769036697969067,-0.14862781342121245
0.2062487006187439,0.30090558146469387,-0.09465688084594998
0.23252873122692108,0.27261120149945006,-0.04008247027252898
0.09789968281984329,0.2049483922506001,-0.10704870943075681
0.032445140182971954,0.30005625226272076,-0.2676111120797488
0.3631975054740906,0.20562787236097266,0.15756963311311792
0.6688714623451233,0.251284115689365,0.4175873466557583
0.23992685973644257,0.23865490402712006,0.0012719557093225087
0.31376174092292786,0.2694059073832323,0.04435583353969558
0.14871473610401154,0.24012654699534616,-0.09141181089133463
0.06476488709449768,0.1444236895353162,-0.07965880244081852
0.3033333420753479,0.2979550083524883,0.005378333722859618
0.6443155407905579,0.2677853142490465,0.37653022654151136
0.13603970408439636,0.2164529984149634,-0.08041329433056704
0.16435736417770386,0.23221952963022402,-0.06786216545252016
0.11770115047693253,0.21044387694553057,-0.09274272646859805
0.060386624187231064,0.18988795021021537,-0.1295013260229843
0.2553291618824005,0.20345597881418592,0.05187318306821459
0.2870115041732788,0.285637370859425,0.0013741333138538314
0.20423197746276855,0.253195690135383,-0.04896371267261446
0.06859979033470154,0.22040513143632906,-0.15180534110162752
0.21728317439556122,0.27062004153462915,-0.053336867139067934
0.013145245611667633,0.2529301924661783,-0.23978494685451068
0.08051201701164246,0.2678043945246863,-0.18729237751304384
0.3204702138900757,0.26992544095249926,0.05054477293757642
0.2953813970088959,0.2246566089191542,0.07072478808974167
0.6271578073501587,0.2774401887689404,0.3497176185812183
0.28529781103134155,0.31210220737418204,-0.026804396342840486
0.1818181872367859,0.24515806057408598,-0.0633398733373001
0.29905956983566284,0.29685102013807335,0.0022085496975894903
0.3669905960559845,0.31383292373682203,0.05315767231916246
0.30893418192863464,0.28008938279489093,0.028844799133743715
0.17364680767059326,0.21586275560920928,-0.04221594793861602
0.007210031151771545,0.148963375450536,-0.14175334429876446
0.6235632300376892,0.2955307111958011,0.3280325188418881
0.16862069070339203,0.21784729858270419,-0.049226607879312156
0.020637407898902893,0.23302474697429543,-0.21238733907539253
0.726959228515625,0.276499600202201,0.450459628313424
0.3577638566493988,0.2214763666639331,0.1362874899854657
0.08136886358261108,0.2266534713920366,-0.1452846078094255
0.3705642521381378,0.34158773971955503,0.02897651241858279
0.18710553646087646,0.34185346376017944,-0.15474792729930298
0.6166457533836365,0.3225414533407552,0.2941043000428813
0.08451410382986069,0.20153070162724415,-0.11701659779738346
0.21492162346839905,0.19506921905798974,0.019852404410409308
0.03721003234386444,0.18675571381468922,-0.14954568147082478
0.20724138617515564,0.28284633723602104,-0.0756049510608654
0.5140438675880432,0.33215557684846436,0.18188829073957885
0.08800417929887772,0.23809630804237195,-0.15009212874349423
0.45840126276016235,0.26961852057935043,0.18878274218081192
0.27008360624313354,0.2823992038983786,-0.012315597655245036
0.6980146169662476,0.3701320218947639,0.32788259507148365
0.09272727370262146,0.20293787192334728,-0.11021059822072582
0.19529780745506287,0.2521189594467541,-0.05682115199169124
0.12065830826759338,0.2831924925295398,-0.16253418426194643
0.08482758700847626,0.3787633051955551,-0.29393571818707886
0.15265412628650665,0.2598342961658847,-0.10718016987937806
0.5243887305259705,0.3250561261029598,0.19933260442301065
0.1191118061542511,0.32604735301546195,-0.20693554686121085
0.06879832595586777,0.26559818778910116,-0.1967998618332334
0.3219749331474304,0.31648392111056245,0.0054910120368679705
0.4989968538284302,0.23366702347523016,0.2653298303532
0.43228840827941895,0.3066056598015232,0.12568274847789573
0.24600836634635925,0.20535082115012507,0.040657545196234185
0.6121107339859009,0.23732098437784022,0.37478974960806066
0.054137930274009705,0.2154938799857284,-0.16135594971171868
0.13589341938495636,0.2856023927236251,-0.14970897333866873
0.02020898647606373,0.19828824603787698,-0.17807925956181325
0.2627899646759033,0.20174991833328043,0.06104004634262289
0.0885266438126564,0.13885887507930425,-0.05033223126664785
0.08570533245801926,0.24400154170019286,-0.1582962092421736
0.44434690475463867,0.21276033105832043,0.23158657369631824
0.10036572813987732,0.3709771183546392,-0.2706113902147619
0.08877743035554886,0.29819657202147254,-0.20941914166592368
0.15578892827033997,0.29008158270864814,-0.13429265443830818
0.2589132785797119,0.22874447684333005,0.030168801736381867
0.2321525663137436,0.20781387972878168,0.02433868658496191
0.6226854920387268,0.27852052518684145,0.34416496685188536
0.24218390882015228,0.25160085581224684,-0.009416946992094555
0.1355067938566208,0.30074717119615224,-0.16524037733953145
0.29416927695274353,0.25053834608929026,0.043630930863453266
0.30711600184440613,0.2386947980153791,0.06842120382902703
0.15294671058654785,0.3203172437544928,-0.16737053316794492
0.09369906038045883,0.32683366728672814,-0.2331346069062693
0.20653082430362701,0.21871017551998953,-0.012179351216362516
0.34610241651535034,0.22492904394322394,0.1211733725721264
0.49125391244888306,0.16392921980596714,0.3273246926429159
0.40105539560317993,0.27766725564965,0.12338813995352993
0.3565830588340759,0.25124353571046587,0.10533952312361006
0.4753605127334595,0.31900315870737006,0.1563573540260894
0.19606061279773712,0.20958634821351357,-0.013525735415776452
0.2294461876153946,0.2464608158501357,-0.01701462823474112
0.0760188102722168,0.16594047060594047,-0.08992166033372367
0.2685057520866394,0.30548916966510886,-0.03698341757846946
0.1578892320394516,0.245197479582853,-0.08730824754340141
0.2451619654893875,0.212137769341718,0.03302419614766952
0.370585173368454,0.312067649537199,0.05851752383125497
0.4543364644050598,0.34484531908357485,0.10949114532148496
0.7019122242927551,0.3302287874761537,0.37168343681660143
0.20467084646224976,0.29694795137835794,-0.09227710491610819
0.19894461333751678,0.2454334328089142,-0.04648881947139741
0.07896551489830017,0.12267505966464474,-0.043709544766344574
0.18944618105888367,0.21439164266765226,-0.024945461608768593
0.006259143352508545,0.2409112588260016,-0.23465211547349304
0.1088714748620987,0.18484263276149615,-0.07597115789939746
0.2663949728012085,0.22821735913943875,0.03817761366176975
0.08752351254224777,0.2620122255577553,-0.1744887130155075
0.4790177643299103,0.3582767550549226,0.12074100927498765
0.27016720175743103,0.2869309985418158,-0.016763796784384777
0.517241358757019,0.32476159628975576,0.19247976246726328
0.343448281288147,0.2710231253008144,0.07242515598733257
0.5100104212760925,0.3379348992388859,0.1720755220372066
0.5056217312812805,0.28215778891030097,0.22346394237097955
0.2478056401014328,0.2696156868327001,-0.021810046731267296
0.07757575809955597,0.20626609330866771,-0.12869033520911174
0.21111807227134705,0.2476208171953642,-0.036502744924017144
0.13237199187278748,0.33076057145557186,-0.19838857958278439
0.18750260770320892,0.27450807895577933,-0.08700547125257041
0.3231765925884247,0.21424107384571012,0.10893551874271457
0.10507836937904358,0.1753804010305816,-0.07030203165153803
0.2213270664215088,0.3108999976002871,-0.08957293117877829
0.2306791990995407,0.35527161522262585,-0.12459241612308514
0.09294670820236206,0.22814173147903347,-0.1351950232766714
0.4843469262123108,0.2578451588840355,0.22650176732827532
0.26182863116264343,0.2747820079507739,-0.012953376788130466
0.532957136631012,0.249079386210227,0.283877750420785
0.24549634754657745,0.3289757998669161,-0.08347945232033865
0.17519330978393555,0.3204328622034226,-0.14523955241948705
0.22281086444854736,0.27068327322581076,-0.0478724087772634
0.2657993733882904,0.24693869952567157,0.018860673862618832
0.4531765878200531,0.3483921530244503,0.10478443479560279
0.16988505423069,0.2748045339947222,-0.10491947976403221
0.07975966483354568,0.3163857945025353,-0.2366261296689896
0.5704492926597595,0.2853129394878947,0.2851363531718648
0.12596656382083893,0.2438780888566686,-0.11791152503582966
0.16668756306171417,0.2906008251615979,-0.12391326209988374
0.02847439981997013,0.21043679825542277,-0.18196239843545264
0.7028630971908569,0.32841761457670343,0.3744454826141535
0.1251097172498703,0.3795996738883838,-0.2544899566385135
0.4106791913509369,0.2931481850099503,0.11753100634098657
0.15359456837177277,0.3271521756788731,-0.17355760730710035
0.39198535680770874,0.24512175133388112,0.14686360547382762
0.24291536211967468,0.2940543572138107,-0.051138995094136
0.17541274428367615,0.2643617725063055,-0.08894902822262934
0.04800418019294739,0.34930600538004974,-0.30130182518710236
0.1219644695520401,0.28290708530431785,-0.16094261575227775
0.7074817419052124,0.16116401288705653,0.5463177290181559
0.13538140058517456,0.28024417066344876,-0.1448627700782742
0.01783698983490467,0.26859154580740413,-0.25075455597249946
0.052037619054317474,0.1913531163795628,-0.1393154973252453
0.4265517294406891,0.3234232168469611,0.10312851259372796
0.4871055483818054,0.2742423454894563,0.2128632028923491
0.5749843120574951,0.19039923417615595,0.38458507788133917
0.5201463103294373,0.2543421715909906,0.26580413873844666
0.30504703521728516,0.2743376272511222,0.03070940796616295
0.08035527914762497,0.16408347568957082,-0.08372819654194585
0.32473355531692505,0.2447195946039132,0.08001396071301184
0.555496335029602,0.26354212137648025,0.2919542136531218
0.06915360689163208,0.22230789619350888,-0.1531542893018768
0.6466352939605713,0.26605366467383296,0.38058162928673833
0.3636050224304199,0.29942065099144766,0.06418437143897227
0.8637304306030273,0.2744474626165865,0.5892829679864409
0.18161964416503906,0.31663545947758653,-0.13501581531254747
0.029373040422797203,0.18831994949215564,-0.15894690906935843
0.1160397082567215,0.27025224166971396,-0.15421253341299246
0.32065829634666443,0.22249572993725036,0.09816256640941406
0.07758620381355286,0.24710960930833925,-0.1695234054947864
0.36877742409706116,0.28732043002652335,0.0814569940705378
0.30586206912994385,0.18232896716804803,0.12353310196189582
0.5113061666488647,0.31284307715386633,0.1984630894949984
0.18223614990711212,0.26295028037742196,-0.08071413047030984
0.2299477607011795,0.2403371721740418,-0.010389411472862292
0.46990594267845154,0.27338857143126516,0.19651737124718638
0.5468756556510925,0.27694539398860973,0.2699302616624828
0.2619853615760803,0.2792286968353591,-0.01724333525927879
0.05847439914941788,0.23084312037067387,-0.172368721221256
0.3006165027618408,0.25326870011561176,0.047347802646229065
0.17100313305854797,0.2603635181329105,-0.0893603850743625
0.2755903899669647,0.2560369137360752,0.019553476230889544
0.08095088601112366,0.2798274600873547,-0.19887657407623105
0.2513793110847473,0.270081287681868,-0.018701976597120695
0.6699895262718201,0.27977456670369727,0.3902149595681228
0.6545663475990295,0.31266889833427614,0.3418974492647534
0.3277847468852997,0.2973405827519894,0.030444164133310303
0.058160919696092606,0.2785995752207292,-0.2204386555246366
0.43718913197517395,0.22650444573716794,0.210684686238006
0.5181504487991333,0.22068948859897097,0.2974609602001623
0.22419017553329468,0.23227205826291708,-0.008081882729622403
0.39081504940986633,0.2969824120897462,0.09383263732012015
0.3574921488761902,0.3543977589054532,0.003094389970736966
0.2039080411195755,0.2721480384871513,-0.0682399973675758
0.6716510057449341,0.3327535075339823,0.3388974982109518
0.41786834597587585,0.2101530894113997,0.20771525656447615
0.5959143042564392,0.1774932071395601,0.41842109711687914
0.3512748181819916,0.2726410625961847,0.07863375558580687
0.2338975965976715,0.3281069427365101,-0.09420934613883858
0.43944618105888367,0.34741243489554785,0.09203374616333582
0.3313688635826111,0.23802760137738657,0.09334126220522451
0.4938453435897827,0.2758524593877344,0.21799288420204832
0.34996864199638367,0.21210151549065664,0.13786712650572702
0.26416927576065063,0.218770309820879,0.045398965939771635
0.27388715744018555,0.23522883419353752,0.03865832324664803
0.17656217515468597,0.288714650715578,-0.11215247556089203
0.2509613335132599,0.20905728801527076,0.04190404549798912
0.17893417179584503,0.2110773739177736,-0.03214320212192856
0.2687460780143738,0.322320336234667,-0.053574258220293214
0.28748172521591187,0.18824358723840862,0.09923813797750325
0.03765935078263283,0.31315595928337947,-0.27549660850074664
0.14789968729019165,0.362930978511241,-0.21503129122104936
0.5027481913566589,0.2768396164775377,0.22590857487912125
0.5542006492614746,0.3016508164340247,0.2525498328274499
0.19155694544315338,0.28486828533139985,-0.09331133988824647
0.09595610946416855,0.32608191366061,-0.23012580419644146
0.05054336413741112,0.23987228921919454,-0.18932892508178342
0.6199895739555359,0.205364701813006,0.41462487214252985
0.4497178792953491,0.3324990718702391,0.11721880742511004
0.04399164021015167,0.2846617639198412,-0.24067012370968954
0.6001149415969849,0.26703517526941356,0.3330797663275713
0.060626957565546036,0.183733481551037,-0.12310652398549096
0.4735214114189148,0.2842148472335896,0.1893065641853252
0.37455591559410095,0.3168586937805723,0.057697221813528654
0.10082549601793289,0.16634246766425215,-0.06551697164631926
0.2134273797273636,0.21855918057886564,-0.005131800851502055
0.3493730425834656,0.32928829682031174,0.020084745763153833
0.37141066789627075,0.22904712110097875,0.142363546795292
0.0355590395629406,0.2530679354865186,-0.21750889592357803
0.06922674924135208,0.23141564024755315,-0.16218889100620107
0.7483385801315308,0.32853812239913066,0.4198004577324001
0.722236156463623,0.2845728742390288,0.4376632822245943
0.2706478536128998,0.25094959362486646,0.019698259988033318
0.30159875750541687,0.227204339153891,0.07439441835152588
0.0742633193731308,0.17409698004578156,-0.09983366067265076
0.05390804633498192,0.1803972668524324,-0.12648922051745048
0.10518286377191544,0.20878779398413075,-0.10360493021221531
0.48730406165122986,0.3830223550304718,0.10428170662075809
0.3127168118953705,0.23680492977035061,0.07591188212501987
0.5325496196746826,0.26893546901962195,0.26361415065506066
0.3497283160686493,0.3106845982783638,0.03904371779028548
0.4783281087875366,0.31276579341419986,0.16556231537333677
0.17028212547302246,0.2034438251776983,-0.033161699704675834
0.03313479572534561,0.3172614788065868,-0.28412668308124117
0.2702716886997223,0.26610664713231647,0.004165041567405825
0.6035945415496826,0.2435848172362293,0.36000972431345335
0.1915360540151596,0.16715961492703746,0.024376439088122148
0.08989550918340683,0.3164377987745278,-0.226542289591121
0.09789968281984329,0.2503009240684315,-0.15240124124858823
0.057408567517995834,0.23492052005212258,-0.17751195253412674
0.11256008595228195,0.23440861643416247,-0.12184853048188052
0.19334378838539124,0.3103451950803754,-0.11700140669498416
0.11537095159292221,0.2121975095699236,-0.09682655797700138
0.6577116250991821,0.2660870769092888,0.39162454818989334
0.43110764026641846,0.3090806454805636,0.12202699478585488
0.1804911196231842,0.30172049612203955,-0.12122937649885535
0.02044932171702385,0.22006477841230826,-0.1996154566952844
0.2131243497133255,0.20963940766053066,0.0034849420527948427
0.11712643504142761,0.2830258583309653,-0.16589942328953766
0.04678161069750786,0.3009050450622923,-0.25412343436478446
0.6983489990234375,0.3244720050850386,0.3738769939383989
0.2657889127731323,0.2930080142889471,-0.027219101515814803
0.2102716863155365,0.3096608995050029,-0.09938921318946642
0.14805643260478973,0.301306616149185,-0.1532501835443953
0.1415673941373825,0.22969158833910597,-0.08812419420172346
0.16378265619277954,0.3110929808060283,-0.14731032461324878
0.6034378409385681,0.28677413214576597,0.31666370879280215
0.06693834811449051,0.18400973462817616,-0.11707138651368565
0.011316614225506783,0.3267227690125152,-0.3154061547870084
0.1668756604194641,0.2347613386525313,-0.06788567823306718
0.2664054334163666,0.24596716174236102,0.020438271674005554
0.0335841178894043,0.18347523816292888,-0.14989112027352458
0.03722048178315163,0.22496555823389322,-0.1877450764507416
0.035057470202445984,0.2644014878109846,-0.22934401760853862
0.05236154794692993,0.2826672011095176,-0.23030565316258766
0.06096133589744568,0.2216063065406717,-0.16064497064322603
0.07299895584583282,0.20199980554461985,-0.12900084969878703
0.006039707455784082,0.14647908991375633,-0.14043938245797224
0.3636886179447174,0.28958137150414276,0.07410724644057465
0.46277952194213867,0.2883853858836849,0.17439413605845377
0.3645663559436798,0.28958460420276033,0.07498175174091948
0.13021942973136902,0.14805872970960884,-0.017839299978239825
0.5682967901229858,0.23083887931902441,0.3374579108039614
0.1413584053516388,0.28608666863140764,-0.14472826327976884
0.2898537218570709,0.2495499724161003,0.04030374944097062
0.11155694723129272,0.22836180490788477,-0.11680485767659204
0.7126123309135437,0.2651123138425515,0.4475000170709922
0.06500522792339325,0.20300765125783246,-0.1380024233344392
0.1631556898355484,0.22995579667745278,-0.06680010684190438
0.014242424629628658,0.19860341885945376,-0.1843609942298251
0.08124347031116486,0.2425338436200059,-0.16129037330884105
0.058892372995615005,0.21790138849372842,-0.15900901549811342
0.4580773115158081,0.23880510920382267,0.21927220231198544
0.1258516162633896,0.19154515029740618,-0.06569353403401659
0.31947752833366394,0.30286441111504725,0.01661311721861669
0.09631139039993286,0.16165128196830633,-0.06533989156837347
0.049791011959314346,0.30243951316790246,-0.2526485012085881
0.3398432731628418,0.20197149988805527,0.13787177327478653
0.10683385282754898,0.2164633662221886,-0.10962951339463961
0.11024033278226852,0.26074419883244937,-0.15050386605018085
0.46404388546943665,0.2767104346097168,0.18733345085971986
0.14280042052268982,0.2506645134907456,-0.10786409296805577
0.5451515316963196,0.3304032273890549,0.21474830430726466
0.4655276834964752,0.2125571047855091,0.2529705787109661
0.5099477767944336,0.19635044359507522,0.31359733319935834
0.2713793218135834,0.2992781655669011,-0.027898843753317748
0.4785057604312897,0.28571492653857655,0.19279083389271312
0.19850574433803558,0.25844936119274675,-0.05994361685471117
0.09316614270210266,0.2879251347333775,-0.19475899203127484
0.6335422992706299,0.259340707442293,0.3742015918283369
0.330720990896225,0.24796740232439132,0.08275358857183365
0.015987461432814598,0.2065480030212536,-0.190560541588439
0.38376176357269287,0.27136513313679345,0.11239663043589943
0.09256008267402649,0.3018059900321973,-0.20924590735817084
0.008066875860095024,0.3210662992454871,-0.31299942338539205
0.3882654011249542,0.32154973606186127,0.06671566506309295
0.31017762422561646,0.27715693856876833,0.033020685656848126
0.030344827100634575,0.17752552018127765,-0.14718069308064308
0.2920794188976288,0.22206060739269864,0.07001881150493014
0.3667502701282501,0.27926040048973677,0.08748986963851335
0.32648903131484985,0.34744648768544717,-0.020957456370597316
0.2819853723049164,0.30353326655030366,-0.021547894245387278
0.22874608635902405,0.22521677851525745,0.0035293078437665937
0.14495298266410828,0.2159054540950323,-0.07095247143092404
0.30212122201919556,0.22732051399768444,0.07480070802151112
0.23213165998458862,0.25606252207543045,-0.02393086209084183
0.10724137723445892,0.2086186909641345,-0.10137731372967557
0.086698018014431,0.24460364234456192,-0.15790562433013092
0.31573668122291565,0.24714502448292117,0.06859165673999448
0.1397387683391571,0.2246094218365548,-0.0848706534973977
0.6258620619773865,0.28964711448691255,0.3362149474904739
0.7142737507820129,0.2950826395367486,0.4191911112452643
0.04283176735043526,0.24398925612533245,-0.2011574887748972
0.1176488995552063,0.20574628112901988,-0.08809738157381358
0.28647857904434204,0.22235473440840853,0.06412384463593351
0.055820271372795105,0.2721706312001878,-0.2163503598273927
0.6624556183815002,0.21411142803580863,0.4483441903456916
0.3472413718700409,0.20431288224336716,0.14292848962667373
0.22545453906059265,0.3203625303028774,-0.09490799124228477
0.17825496196746826,0.24212845007049805,-0.06387348810302979
0.2807210087776184,0.23294260616222895,0.04777840261538946
0.8082967400550842,0.31717319277301126,0.49112354728207297
0.3306165039539337,0.22169365313343858,0.10892285082049513
0.0426541268825531,0.2650143081762899,-0.2223601812937368
0.2522884011268616,0.3946440698455783,-0.14235566871871674
0.024587251245975494,0.16823396905107088,-0.1436467178050954
0.191609188914299,0.31244800593919253,-0.12083881702489352
0.2636154592037201,0.3008501830812474,-0.0372347238775273
0.27470219135284424,0.22425962966646112,0.050442561686383114
0.4236154556274414,0.23926032013398071,0.1843551354934607
0.05217345803976059,0.28482115383706835,-0.23264769579730776
0.17812956869602203,0.20781668277106616,-0.029687114075044124
0.09743991494178772,0.2719323292770418,-0.1744924143352541
0.1227690726518631,0.23157299147299099,-0.10880391882112789
0.15665622055530548,0.2516111218338698,-0.09495490127856432
0.1769801527261734,0.2403063374290347,-0.0633261847028613
0.09981191158294678,0.17173540453677866,-0.07192349295383188
0.1593416929244995,0.2234090213416464,-0.06406732841714688
0.44039708375930786,0.2319164367616914,0.20848064699761645
0.7546708583831787,0.24684249134089412,0.5078283670422846
0.5044618844985962,0.3813474872797332,0.12311439721886297
0.09239289164543152,0.22500352976861096,-0.13261063812317944
0.21535004675388336,0.26091150533432106,-0.0455614585804377
0.1791744977235794,0.2816139686425547,-0.10243947091897532
0.13464994728565216,0.15453502701598892,-0.019885079730336763
0.11065831035375595,0.282664635676805,-0.17200632532304905
0.6169905662536621,0.31706720018593815,0.29992336606772396
0.4564472436904907,0.3061762578295336,0.1502709858609571
0.38991641998291016,0.26022154249186136,0.1296948774910488
0.07709509134292603,0.31872029365954,-0.241625202316614
0.6354649662971497,0.29671775715222604,0.3387472091449236
0.059623826295137405,0.31691241072512594,-0.25728858442998853
0.031494252383708954,0.18679494550004092,-0.15530069311633196
0.4439707398414612,0.33776714883915343,0.10620359100230775
0.16307209432125092,0.2774876000611066,-0.1144155057398557
0.4370114803314209,0.2220342336719618,0.2149772466594591
0.4479101300239563,0.348689886265643,0.09922024375831329
0.4119958281517029,0.1985364096381716,0.21345941851353128
0.6644304990768433,0.2136754765949445,0.45075502248189875
0.39152559638023376,0.27057856950489634,0.12094702687533743
0.3969697058200836,0.2230400960506358,0.17392960976944782
0.4823615550994873,0.29084280796999795,0.19151874712948935
0.17300941050052643,0.2574730060987326,-0.08446359559820615
0.28172412514686584,0.26313525779812796,0.01858886734873788
0.35056427121162415,0.23042751543268236,0.12013675577894178
0.46213164925575256,0.3372243078765555,0.12490734137919707
0.297126442193985,0.3210823309732323,-0.023955888779247314
0.29086729884147644,0.30653545156226625,-0.015668152720789807
0.6028839945793152,0.3369659653146754,0.2659180292646398
0.24582026898860931,0.31689944928726743,-0.07107918029865812
0.587450385093689,0.2608365097673584,0.32661387532633057
0.12626959383487701,0.2544611216365602,-0.1281915278016832
0.2118913233280182,0.2767161984883826,-0.06482487516036439
0.08474399149417877,0.30154248202592815,-0.21679849053174938
0.35056427121162415,0.2120085988484835,0.13855567236314065
0.06005224585533142,0.24418391025957994,-0.18413166440424852
0.06538140028715134,0.16339640910005643,-0.09801500881290509
0.11749216169118881,0.24633805254797075,-0.12884589085678194
0.33007314801216125,0.21241173796635207,0.11766141004580918
0.05632184073328972,0.24047332975963645,-0.18415148902634673
0.015611285343766212,0.1680300061491894,-0.15241872080542318
0.35252872109413147,0.21599829665267342,0.13653042444145805
0.048986416310071945,0.2528225494962354,-0.20383613318616345
0.42130616307258606,0.35822169939928683,0.06308446367329923
0.3608359396457672,0.290734562534804,0.0701013771109632
0.22632184624671936,0.1653624333058233,0.060959412940896074
0.6459665894508362,0.22481755485883131,0.42114903459200487
0.10796238481998444,0.15927248930721166,-0.051310104487227226
0.24513061344623566,0.23244321669488616,0.0126873967513495
0.10824451595544815,0.17233951941306555,-0.0640950034576174
0.03809822350740433,0.3238477212994177,-0.28574949779201336
0.08241379261016846,0.24190018317374437,-0.1594863905635759
0.5431348085403442,0.2665296662600245,0.27660514228031974
0.0014420063234865665,0.24780014066278847,-0.2463581343393019
0.05503657087683678,0.23531405559434862,-0.18027748471751184
0.20018808543682098,0.24247185596569618,-0.04228377052887519
0.03284221515059471,0.10148057789386511,-0.0686383627432704
0.2442842274904251,0.3267385794524025,-0.08245435196197737
0.137701153755188,0.21337716821305308,-0.07567601445786509
0.6670742034912109,0.29696478769011386,0.3701094158010971
0.31463950872421265,0.33097191052518915,-0.016332401800976504
0.5100626945495605,0.24543594272426136,0.26462675182529916
0.06249738857150078,0.24676189869929896,-0.18426451012779818
0.18140020966529846,0.2657993262189537,-0.08439911655365523
0.35150471329689026,0.1988324358816465,0.15267227741524375
0.002204806776717305,0.2332405234461214,-0.2310357166694041
0.4632706344127655,0.3313327146471552,0.1319379197656103
0.23694880306720734,0.19490232636650992,0.042046476700697416
0.22648902237415314,0.20291133400621997,0.02357768836793317
0.5757367014884949,0.26521692939037134,0.31051977209812354
0.2231452465057373,0.30725940752195247,-0.08411416101621516
0.48649948835372925,0.24598718967799016,0.2405122986757391
0.22705328464508057,0.26780161842053074,-0.040748333775450174
0.13276906311511993,0.17882874790834513,-0.0460596847932252
0.04223615303635597,0.1986987932598435,-0.15646264022348752
0.4517868459224701,0.2599387432689827,0.1918481026534874
0.1699582040309906,0.27946111432750775,-0.10950291029651715
0.03035527653992176,0.21949504112781246,-0.1891397645878907
0.09303030371665955,0.2297801735190554,-0.13674986980239584
0.18995819985866547,0.19226930712812557,-0.0023111072694601
0.6135945916175842,0.3044454378550644,0.30914915376251983
0.3726332187652588,0.24698047374554669,0.1256527450197121
0.8363741040229797,0.33177893166799843,0.5045951723549813
0.09857889264822006,0.20155967023653046,-0.1029807775883104
0.10098223388195038,0.19391965366464323,-0.09293741978269285
0.2169383466243744,0.22630846144106026,-0.00937011481668587
0.21432602405548096,0.1974209489413632,0.016905075114117762
0.03137930855154991,0.2742797676711004,-0.2429004591195505
0.17814001441001892,0.27998654985926075,-0.10184653544924183
0.10334378480911255,0.17137183877354079,-0.06802805396442824
0.021807732060551643,0.20970446706290033,-0.18789673500234869
0.9206269383430481,0.34862372241005163,0.5720032159329964
0.35458725690841675,0.21652760033477297,0.13805965657364377
0.16543364524841309,0.24338722904161672,-0.07795358379320363
0.5672831535339355,0.3073181824567164,0.25996497107721916
0.6190699934959412,0.34076448701400647,0.2783055064819347
0.08307210355997086,0.2873305715585246,-0.20425846799855374
0.784451425075531,0.29608100724372155,0.48837041783180946
0.3005015552043915,0.2867574016519065,0.013744153552484983
0.2748066782951355,0.2675888816017612,0.007217796693374301
0.4141065776348114,0.3067779547380603,0.1073286228967511
0.03315569460391998,0.3170339342602899,-0.28387823965636994
0.1358620673418045,0.23162991793017346,-0.09576785058836895
0.5963218212127686,0.27729879197267326,0.3190230292400953
0.4071473479270935,0.24084451199082488,0.16630283593626863
0.45584118366241455,0.30710832826412615,0.1487328553982884
0.21944618225097656,0.2549320581713733,-0.03548587592039676
0.18989551067352295,0.24739158277988246,-0.057496072106359514
0.09692789614200592,0.2800952500989974,-0.18316735395699146
0.02538139931857586,0.22725613124271454,-0.20187473192413868
0.17118076980113983,0.2653391685487637,-0.09415839874762388
0.136750265955925,0.20133577079472068,-0.06458550483879569
0.34567397832870483,0.2735301539744552,0.07214382435424965
0.12330198287963867,0.25224668071350614,-0.12894469783386747
0.025067919865250587,0.22094136498921324,-0.19587344512396265
0.05338557809591293,0.22585450194869564,-0.1724689238527827
0.2920898497104645,0.2160520452652796,0.07603780444518488
0.6150888204574585,0.3388767883325107,0.27621203212494777
0.02764890342950821,0.14071131596908845,-0.11306241253958024
0.40155693888664246,0.2430210219652156,0.15853591692142685
0.04624869301915169,0.2969214393061409,-0.2506727462869892
0.15285266935825348,0.21324182830798905,-0.060389158949735566
0.16904911398887634,0.2977094486939321,-0.12866033470505578
0.5719226598739624,0.32255479209722593,0.24936786777673647
0.10070010274648666,0.17361835088773936,-0.0729182481412527
0.28142109513282776,0.29269765281959015,-0.01127655768676239
0.14565308392047882,0.19585626795958302,-0.050203184039104204
0.5157262086868286,0.28899233151831083,0.22673387716851778
0.25384536385536194,0.26599136382927524,-0.012145999973913302
0.406551718711853,0.16260529373845167,0.24394642497340135
0.19211076200008392,0.290146429621165,-0.09803566762108107
0.3045036494731903,0.28429786224614423,0.02020578722704608
0.03132706508040428,0.2297138334328503,-0.198386768352446
0.30300939083099365,0.16851758840266362,0.13449180242833003
0.05420062690973282,0.1624221881594803,-0.1082215612497475
0.005715778563171625,0.1623948533676074,-0.15667907480443577
0.36490073800086975,0.2587114974778725,0.10618924052299727
0.06233019754290581,0.20806997066738597,-0.14573977312448017
0.20520375669002533,0.3330750176105549,-0.12787126092052958
0.766133725643158,0.3173959861616201,0.44873773948153783
0.02998954989016056,0.21012103575274496,-0.1801314858625844
0.3143887221813202,0.3100242563833734,0.004364465797946804
0.6563218235969543,0.22613844917820564,0.4301833744187487
0.4475443959236145,0.31654073115093484,0.13100366477267966
0.4151097238063812,0.253117944498248,0.16199177930813324
0.46965518593788147,0.24511405180429613,0.22454113413358534
0.49520376324653625,0.3380769734493104,0.15712678979722583
0.5845767855644226,0.33536672596790235,0.24921005959652026
0.21230930089950562,0.21645513541099215,-0.004145834511486535
0.5570010542869568,0.22244525747819133,0.33455579680876546
0.0412643663585186,0.22592209517725576,-0.18465772881873715
0.1690073162317276,0.2841424704359279,-0.11513515420420029
0.08714733272790909,0.24819034726631425,-0.16104301453840517
0.32636362314224243,0.21856014869302934,0.1078034744492131
0.21225705742835999,0.19706899980380074,0.015188057624559242
0.013542319647967815,0.18758458324496177,-0.17404226359699396
0.07538139820098877,0.21342866249543885,-0.13804726429445008
0.19642633199691772,0.24006715520198382,-0.0436408232050661
0.20128527283668518,0.2890757822001594,-0.08779050936347421
0.1927795261144638,0.2524909500067041,-0.05971142389224027
0.018965518102049828,0.24308222770909022,-0.2241167096070404
0.14920584857463837,0.2893710975228492,-0.1401652489482108
0.06601881235837936,0.3318654423481189,-0.2658466299897395
0.218766987323761,0.27613254954059663,-0.05736556221683564
0.1398850530385971,0.2621271399898527,-0.1222420869512556
0.38354232907295227,0.2857553874392801,0.09778694163367219
0.13490073382854462,0.23209665287839173,-0.09719591904984712
0.6218181848526001,0.24935017664065504,0.37246800821194503
0.2957889139652252,0.20837038445370576,0.08741852951151946
0.096206896007061,0.3016441732574715,-0.2054372772504105
0.42681294679641724,0.22155323230699875,0.2052597144894185
0.4064994752407074,0.252415630874329,0.1540838443663784
0.29863113164901733,0.2635384541686162,0.035092677480401124
0.18483804166316986,0.21762408443837244,-0.032786042775202584
0.17016419768333435,0.15362356665594112,0.016540631027393227
0.2713995575904846,0.1836918190353884,0.08770773855509623
0.030645454302430153,0.2688298799492188,-0.23818442564678866
0.3695748448371887,0.26573801387381457,0.10383683096337415
0.36160746216773987,0.3523850687425049,0.009222393425234954
0.3446550965309143,0.29273368180567927,0.05192141472523504
0.1981685906648636,0.3106314399739751,-0.11246284930911149
0.2114299088716507,0.19284543276645205,0.018584476105198644
0.614407479763031,0.26265731974244755,0.35175016002058346
0.054101381450891495,0.1325288098120429,-0.07842742836115141
0.2495417594909668,0.1610122278562749,0.0885295316346919
0.3025481402873993,0.1860170736420259,0.11653106664537338
0.2955496609210968,0.3381812068039037,-0.042631545882806876
0.19343554973602295,0.253252929879763,-0.05981738014374005
0.18392382562160492,0.3277570764630584,-0.14383325084145349
0.20885811746120453,0.36702168988273143,-0.1581635724215269
0.17332106828689575,0.17172922549970782,0.001591842787187936
0.19173234701156616,0.272479954567837,-0.08074760755627086
0.2482862025499344,0.23698443157895394,0.011301770970980451
0.06489824503660202,0.22774180361179386,-0.16284355857519184
0.15740883350372314,0.23110940772582245,-0.0737005742220993
0.3573805093765259,0.2892894682360695,0.06809104114045639
0.35291653871536255,0.25551243515158517,0.09740410356377738
0.2263793796300888,0.2791286637542517,-0.05274928412416291
0.497418612241745,0.2417259912115319,0.25569262103021306
0.28575992584228516,0.2648580511538621,0.020901874688423083
0.1767791211605072,0.2484892570629121,-0.07171013590240491
0.3540169894695282,0.2889878967254621,0.0650290927440661
0.26258376240730286,0.2447522012582134,0.01783156114908946
0.21168294548988342,0.22192773741953167,-0.01024479192964825
0.2274349182844162,0.25644883089131365,-0.029013912606897452
0.29534363746643066,0.22351202382655733,0.07183161363987334
0.4539722204208374,0.2715259454191469,0.18244627500169053
0.05573485791683197,0.2820034978448016,-0.22626863992796964
0.347138375043869,0.34496515249488646,0.0021732225489825563
0.19308583438396454,0.2636499574452022,-0.07056412306123766
0.5343535542488098,0.3526338512774063,0.1817197029714035
0.3019798696041107,0.25421718074264366,0.04776268886146706
0.05634501576423645,0.1930209177267032,-0.13667590196246676
0.24299605190753937,0.3152697000760155,-0.07227364816847615
0.20031115412712097,0.2639303343264795,-0.06361918019935853
0.2162182480096817,0.24627524237322382,-0.030056994363542117
0.1707097738981247,0.30321377911058356,-0.13250400521245886
0.039274293929338455,0.22478428161090036,-0.1855099876815619
0.3754766881465912,0.2950489544846594,0.08042773366193179
0.2485727220773697,0.21679242220883693,0.03178029986853276
0.02778288535773754,0.17237651597982673,-0.1445936306220892
0.27753961086273193,0.35333714052353965,-0.07579752966080772
0.23341034352779388,0.34926427801049453,-0.11585393448270065
0.5286596417427063,0.29054475050886425,0.23811489123384205
0.2816271483898163,0.15486402689141077,0.12676312149840552
0.1644701510667801,0.2702433562106808,-0.1057732051439007
0.2326291799545288,0.17260398511258773,0.060025194841941076
0.11461914330720901,0.19333368955533042,-0.07871454624812141
0.2836434841156006,0.18379176881943607,0.09985171529616452
0.16111443936824799,0.2443469408801864,-0.08323250151193842
0.130693256855011,0.2000830281736471,-0.0693897713186361
0.14795945584774017,0.21382164017398467,-0.0658621843262445
0.1330672949552536,0.21529165010860984,-0.08222435515335624
0.10981651395559311,0.1728606443771229,-0.06304413042152979
0.16940999031066895,0.28872711723764244,-0.1193171269269735
0.20854365825653076,0.24911216335681524,-0.04056850510028448
0.23071205615997314,0.17464188170572764,0.0560701744542455
0.2019146978855133,0.20401588668704115,-0.002101188801527848
0.27179834246635437,0.2748885443316741,-0.0030902018653197194
0.17725473642349243,0.28077096428158765,-0.10351622785809522
0.43048393726348877,0.33422120725562177,0.096262730007867
0.31006714701652527,0.2556321046426485,0.05443504237387675
0.08797774463891983,0.21552277668912467,-0.12754503205020484
0.42705485224723816,0.2580343916659066,0.16902046058133158
0.3606250286102295,0.28235139297385947,0.07827363563637002
0.28100231289863586,0.20062236856329166,0.0803799443353442
0.2150544822216034,0.28556776991567834,-0.07051328769407494
0.25079280138015747,0.2936317509065016,-0.04283894952634415
0.22297297418117523,0.31026608679916745,-0.08729311261799222
0.2039852738380432,0.2165120579290667,-0.01252678409102348
0.24984043836593628,0.30574217227613465,-0.05590173391019837
0.2480980008840561,0.25387529185235325,-0.005777290968297155
0.15465937554836273,0.22268770644058652,-0.06802833089222379
0.35309913754463196,0.2557607702650573,0.09733836727957468
0.43837448954582214,0.2689170767301303,0.16945741281569182
0.2056819498538971,0.28357755621937525,-0.07789560636547815
0.36157360672950745,0.3338202151414372,0.02775339158807022
0.18369247019290924,0.3322564032825084,-0.14856393308959914
0.49222174286842346,0.25707183006711554,0.23514991280130793
0.32696646451950073,0.23731529100682328,0.08965117351267746
0.19076043367385864,0.18185480478725924,0.008905628886599404
0.19715029001235962,0.2993450263808486,-0.10219473636848897
0.5373150706291199,0.2311750722363968,0.3061399983927231
0.18033799529075623,0.30953349392637075,-0.12919549863561453
0.33125096559524536,0.23306415954281398,0.09818680605243138
0.3093244433403015,0.20724968663846385,0.10207475670183766
0.34490689635276794,0.29386505166721383,0.051041844685554116
0.3912464678287506,0.3152388573848219,0.07600761044392873
0.16417033970355988,0.21476384530330794,-0.05059350559974807
0.21709510684013367,0.17928407659052412,0.03781103024960955
0.18208758533000946,0.3620969787381969,-0.18000939340818745
0.18296895921230316,0.3526244202774824,-0.16965546106517926
0.03664407506585121,0.2752086201543248,-0.23856454508847358
0.2026304006576538,0.2174451644240583,-0.014814763766404504
0.30616557598114014,0.2660409478939335,0.040124628087206626
0.25049373507499695,0.3125002006797259,-0.062006465604728944
0.3324846923351288,0.38590627441539394,-0.05342158208026515
0.0714508444070816,0.2843137011470701,-0.2128628567399885
0.19491805136203766,0.2767767567792132,-0.08185870541717555
0.24686488509178162,0.3040198483501306,-0.057154963258348956
0.21900369226932526,0.23407499187913544,-0.015071299609810185
0.27670663595199585,0.22887509743054624,0.04783153852144961
0.1905263364315033,0.20852130112379264,-0.01799496469228934
0.39771392941474915,0.266591502484153,0.13112242693059617
0.38981273770332336,0.2932121733326305,0.09660056437069287
0.18788056075572968,0.2177138303370323,-0.029833269581302613
0.18040232360363007,0.2321457101043524,-0.05174338650072233
0.42389610409736633,0.2356621800183559,0.18823392407901043
0.27256709337234497,0.24749392183800956,0.025073171534335414
0.4687625765800476,0.24766192656630823,0.22110065001373938
0.2590315341949463,0.3611975427363803,-0.10216600854143398
0.3074977397918701,0.24814641443482208,0.05935132535704804
0.18595629930496216,0.17237016546085698,0.013586133844105175
0.1752900928258896,0.22630875876731327,-0.05101866594142368
0.3461521565914154,0.28445541119610007,0.06169674539531533
0.08320996910333633,0.12422389054022143,-0.04101392143688509
0.2701590657234192,0.28412707192339515,-0.013968006199975957
0.4353187680244446,0.24572455476227298,0.1895942132621716
0.37546125054359436,0.3809482679740659,-0.00548701743047153
0.17133034765720367,0.21798574514998237,-0.046655397492778694
0.19565635919570923,0.2921030481407557,-0.09644668894504649
0.40082037448883057,0.22054633501809418,0.1802740394707364
0.34906890988349915,0.3103918958144733,0.03867701406902585
0.27867141366004944,0.26898384494161776,0.009687568718431683
0.1652984917163849,0.2939159449605178,-0.12861745324413293
0.23415717482566833,0.24151172518595915,-0.0073545503602908124
0.3540615439414978,0.12965278410853337,0.22440875983296443
0.5766581296920776,0.22370599300003174,0.3529521366920459
0.3223472833633423,0.3373043864990019,-0.014957103135659622
0.44623079895973206,0.2737673493090951,0.17246344965063698
0.3188363015651703,0.26268226829211705,0.05615403327305324
0.30546462535858154,0.21445820501553362,0.09100642034304793
0.20995190739631653,0.27148823507193953,-0.061536327675623004
0.19562940299510956,0.2323631294370132,-0.03673372644190365
0.19455015659332275,0.24069240013584745,-0.04614224354252469
0.19692671298980713,0.23836929167465284,-0.041442578684845716
0.2706683874130249,0.24068230153176637,0.029986085881258534
0.3536818325519562,0.15548644494229852,0.19819538760965766
0.18177348375320435,0.32593363073503123,-0.1441601469818269
0.3887527883052826,0.20825158588350717,0.18050120242177542
0.1631145477294922,0.28719438532479646,-0.12407983759530428
0.3837515413761139,0.32019924208732126,0.06355229928879264
0.05524307116866112,0.2320146313323515,-0.1767715601636904
0.2449398785829544,0.28323358496691864,-0.03829370638396423
0.19516846537590027,0.20095691934626114,-0.005788453970360874
0.27363455295562744,0.20777760630417985,0.06585694665144759
0.4724344313144684,0.20416052773420956,0.2682739035802588
0.3953852653503418,0.29934048679284275,0.09604477855749904
0.2881473898887634,0.2549509932538869,0.0331963966348765
0.22999843955039978,0.2305785873790312,-0.0005801478286314166
0.32375064492225647,0.3104533619668356,0.013297282955420875
0.16545623540878296,0.2668134241877881,-0.10135718877900513
0.23914074897766113,0.31031394107094185,-0.07117319209328071
0.2890355587005615,0.22442119585966686,0.06461436284089467
0.6926994919776917,0.30343266237198147,0.3892668296057102
0.08143191039562225,0.1945871015799683,-0.11315519118434605
0.3173646926879883,0.3281764815230171,-0.010811788835028813
0.2055119127035141,0.21394207539054844,-0.008430162687034337
0.18487203121185303,0.24986896437613196,-0.06499693316427893
0.16590538620948792,0.27043693016458337,-0.10453154395509545
0.2882484793663025,0.25805316935472766,0.030195310011574827
0.18383467197418213,0.28161165560407353,-0.0977769836298914
0.1670038253068924,0.29484127320693876,-0.12783744790004636
0.2232404351234436,0.2349178050222595,-0.011677369898815904
0.1773802489042282,0.30074291929399904,-0.12336267038977083
0.06630241125822067,0.19249827978488826,-0.1261958685266676
0.2811618149280548,0.2063643082613245,0.07479750666673032
0.38891029357910156,0.21730215049155654,0.17160814308754502
0.032512664794921875,0.2095094868869246,-0.17699682209200274
0.22687767446041107,0.323413952811336,-0.09653627835092493
0.16793861985206604,0.2228753262305864,-0.054936706378520356
0.1627708524465561,0.2521484827807582,-0.0893776303342021
0.38409173488616943,0.2947471437195679,0.08934459116660154
0.43534526228904724,0.1759735338881091,0.25937172840093814
0.21873849630355835,0.21927457271807077,-0.0005360764145124208
0.15525925159454346,0.2700932970083083,-0.11483404541376485
0.39082789421081543,0.25311115403944573,0.1377167401713697
0.3341640830039978,0.19595351802425715,0.13821056497974066
0.26650863885879517,0.23251668776472173,0.033991951094073436
0.1698528528213501,0.16958453542930083,0.0002683173920492721
0.16747717559337616,0.2742178381658527,-0.10674066257247655
0.39141523838043213,0.23374487559436663,0.1576703627860655
0.15367868542671204,0.20822562821274718,-0.05454694278603514
0.18235240876674652,0.2316665611807327,-0.04931415241398618
0.07537360489368439,0.2908133479772327,-0.2154397430835483
0.29619166254997253,0.24136128399793003,0.05483037855204251
0.2853388786315918,0.33753072534382944,-0.052191846712237644
0.23569786548614502,0.3333775914573682,-0.09767972597122321
0.4639861583709717,0.25312420633623606,0.21086195203473562
0.2512592375278473,0.24384075721554713,0.007418480312300163
0.04715680330991745,0.19050396537705344,-0.143347162067136
0.21397598087787628,0.2310547612437899,-0.01707878036591362
0.16105210781097412,0.26293084663339483,-0.10187873882242071
0.08194839954376221,0.24119994561142297,-0.15925154606766076
0.19681648910045624,0.3372243078765555,-0.14040781877609926
0.31454914808273315,0.2851735923769949,0.029375555705738243
0.07207893580198288,0.18781035805314544,-0.11573142225116256
0.22762338817119598,0.30609567476006494,-0.07847228658886896
0.20988331735134125,0.24523245758080384,-0.03534914022946259
0.25426438450813293,0.23478822771775676,0.019476156790376176
0.05891793221235275,0.1414883308035954,-0.08257039859124266
0.08662426471710205,0.15824366287478173,-0.07161939815767968
0.19832809269428253,0.22949282872310228,-0.03116473602881975
0.24465836584568024,0.24814523789403806,-0.0034868720483578197
0.17338827252388,0.3273938991020725,-0.1540056265781925
0.33690840005874634,0.2353354358429184,0.10157296421582793
0.3761315941810608,0.25537722513308647,0.12075436904797432
0.555778980255127,0.2790042272714698,0.27677475298365717
0.4369303584098816,0.2337673671472129,0.20316299126266868
0.1848490983247757,0.1966942599034903,-0.011845161578714597
0.25177010893821716,0.20636973107697115,0.04540037786124601
0.1529914140701294,0.28926856595602335,-0.13627715188589395
0.1656762957572937,0.2391164332093128,-0.0734401374520191
0.05896821245551109,0.13169549065395061,-0.07272727819843952
0.282116174697876,0.27503786498047655,0.0070783097173994225
0.16548307240009308,0.20343283351024727,-0.03794976111015419
0.2656223773956299,0.1917561549582308,0.07386622243739907
0.2911221981048584,0.22850613740131764,0.06261606070354075
0.28340795636177063,0.35833167968320795,-0.07492372332143732
0.45127367973327637,0.23061642553949097,0.2206572541937854
0.16880470514297485,0.1899282621149172,-0.021123556971942348
0.4893539249897003,0.26983179269728097,0.21952213229241935
0.17609460651874542,0.29273650994102174,-0.11664190342227632
0.25968432426452637,0.2738505472437818,-0.014166222979255405
0.30496445298194885,0.228351866361173,0.07661258662077586
0.0695437639951706,0.20292883683822271,-0.13338507284305212
0.26344817876815796,0.2924775687696798,-0.029029390001521826
0.27188006043434143,0.19102363430244823,0.0808564261318932
0.4306046962738037,0.3053329512848275,0.1252717449889762
0.3568613827228546,0.25925521296140874,0.09760616976144587
0.24122124910354614,0.22086089037387358,0.020360358729672567
0.040997929871082306,0.26815886902347996,-0.22716093915239766
0.25629109144210815,0.23427225408369967,0.022018837358408483
0.21437247097492218,0.24632757601053334,-0.031955105035611164
0.06810827553272247,0.22099873358781982,-0.15289045805509735
0.21937787532806396,0.29254092042718416,-0.0731630450991202
0.05324997007846832,0.23667665954001588,-0.18342668946154755
0.25236672163009644,0.22990359403163285,0.022463127598463584
0.06497950106859207,0.24494922914755826,-0.1799697280789662
0.2480727881193161,0.28493491149823363,-0.03686212337891753
0.36127907037734985,0.2995359738813239,0.06174309649602594
0.2480980008840561,0.3246424638230072,-0.07654446293895112
0.2418869584798813,0.2125844604295255,0.029302498050355785
0.34162089228630066,0.21796696554345918,0.12365392674284148
0.26931002736091614,0.24823563340952984,0.0210743939513863
0.3713401257991791,0.293918915842744,0.07742120995643509
0.21424470841884613,0.2603564111569576,-0.04611170273811149
0.30783918499946594,0.27223478269385226,0.03560440230561368
0.17034414410591125,0.24420062344467944,-0.07385647933876818
0.25988897681236267,0.3063798642079194,-0.046490887395556735
0.2754337787628174,0.2433556715595375,0.03207810720327989
0.26393234729766846,0.1935314828767164,0.07040086442095206
0.0817687138915062,0.18768126067899002,-0.10591254678748382
0.04023793339729309,0.16740567474680673,-0.12716774134951364
0.047583889216184616,0.23598997038486627,-0.18840608116868166
0.26457512378692627,0.21556740071656305,0.04900772307036322
0.26664143800735474,0.3020705093013117,-0.03542907129395695
0.5546092391014099,0.22266545910698532,0.3319437799944246
0.1615806519985199,0.1715542556857483,-0.00997360368722841
0.17469650506973267,0.24798720459912263,-0.07329069952938996
0.20358553528785706,0.16371954471714564,0.03986599057071141
0.29927971959114075,0.21813280254543846,0.08114691704570229
0.11295042932033539,0.21781495056670724,-0.10486452124637186
0.11878052353858948,0.24701204401862797,-0.1282315204800385
0.23857098817825317,0.2056554849547109,0.03291550322354228
0.13029725849628448,0.1591808959079957,-0.02888363741171121
0.09955669939517975,0.2173025056561581,-0.11774580626097836
0.30253174901008606,0.24754314069610997,0.05498860831397609
0.11750992387533188,0.18632239244245952,-0.06881246856712764
0.150172621011734,0.18759420387024212,-0.03742158285850811
0.26154956221580505,0.2017053450535402,0.059844217162264846
0.10340221226215363,0.15406342600196768,-0.050661213739814054
0.14895005524158478,0.2210948302421199,-0.07214477500053512
0.16116070747375488,0.2160712840545762,-0.054910576580821324
0.10456522554159164,0.18909183048669814,-0.0845266049451065
0.2165903002023697,0.22899905717897906,-0.01240875697660937
0.1466863602399826,0.24059099537414838,-0.09390463513416578
0.18515431880950928,0.19444475808899586,-0.009290439279486584
0.2184012085199356,0.19858616399626933,0.01981504452366628
0.21986879408359528,0.2177339985058577,0.002134795577737575
0.1493370085954666,0.1845794354449984,-0.0352424268495318
0.1282992660999298,0.1951016169292267,-0.06680235082929689
0.10976497083902359,0.11389817140649088,-0.004133200567467285
0.3191518187522888,0.17867360773551355,0.14047821101677527
0.20091907680034637,0.24081540076437127,-0.0398963239640249
0.28734615445137024,0.17812116671705205,0.10922498773431819
0.18121939897537231,0.16346600195687164,0.017753397018500677
0.1949288547039032,0.2180727602289325,-0.02314390552502929
0.2120409607887268,0.14993621659139794,0.062104744197328865
0.2489292323589325,0.2828726681628281,-0.03394343580389558
0.1328551322221756,0.25127450933025597,-0.11841937710808037
0.224442720413208,0.23856956435580629,-0.014126843942598277
0.2323140650987625,0.14708917032422267,0.08522489477453984
0.11909350007772446,0.2242551747481563,-0.10516167467043183
0.12947595119476318,0.24127433456773795,-0.11179838337297476
0.12995117902755737,0.10473800836663205,0.02521317066092532
0.1155262291431427,0.1580026163077967,-0.04247638716465399
0.1076725572347641,0.3035673988830727,-0.19589484164830862
0.17465625703334808,0.21304488733939453,-0.038388630306046445
0.10358403623104095,0.21183010899175286,-0.10824607276071191
0.16752171516418457,0.17866130273980915,-0.011139587575624582
0.15599243342876434,0.1868366952205215,-0.030844261791757144
0.20074240863323212,0.17186337190211873,0.02887903673111339
0.22384309768676758,0.19181583915654496,0.03202725853022262
0.13009826838970184,0.12276222848948572,0.007336039900216126
0.16731920838356018,0.26684269037760056,-0.09952348199404037
0.24676786363124847,0.17649707307184387,0.0702707905594046
0.17519217729568481,0.13278073316554595,0.042411444130138864
