y_true,y_pred,error
0.10753051191568375,0.2647361755371094,-0.15720566362142563
0.15470680594444275,0.22527313232421875,-0.070566326379776
0.17939570546150208,0.26739501953125,-0.08799931406974792
0.07438526302576065,0.20012664794921875,-0.1257413849234581
0.18277369439601898,0.25778770446777344,-0.07501401007175446
0.1833484023809433,0.18267822265625,0.0006701797246932983
0.12606415152549744,0.243988037109375,-0.11792388558387756
0.11611462384462357,0.2276630401611328,-0.11154841631650925
0.1611488163471222,0.19969558715820312,-0.03854677081108093
0.13443513214588165,0.21453094482421875,-0.0800958126783371
0.12364858388900757,0.2271728515625,-0.10352426767349243
0.13128988444805145,0.22707748413085938,-0.09578759968280792
0.09020553529262543,0.2897987365722656,-0.1995932012796402
0.12011148780584335,0.20234298706054688,-0.08223149925470352
0.16512371599674225,0.2764739990234375,-0.11135028302669525
0.21269947290420532,0.1883392333984375,0.024360239505767822
0.11902131140232086,0.22882843017578125,-0.10980711877346039
0.18698368966579437,0.1880321502685547,-0.001048460602760315
0.13712623715400696,0.22975540161132812,-0.09262916445732117
0.08658287674188614,0.1857891082763672,-0.09920623153448105
0.1147385686635971,0.17405319213867188,-0.05931462347507477
0.0907469317317009,0.26500892639160156,-0.17426199465990067
0.11509384214878082,0.21332168579101562,-0.0982278436422348
0.11087754368782043,0.22585105895996094,-0.1149735152721405
0.23661960661411285,0.270355224609375,-0.033735617995262146
0.5979249477386475,0.3268775939941406,0.27104735374450684
0.221977099776268,0.18773269653320312,0.03424440324306488
0.21937739849090576,0.34275054931640625,-0.12337315082550049
0.14946100115776062,0.26042747497558594,-0.11096647381782532
0.21852360665798187,0.33684539794921875,-0.11832179129123688
0.29021334648132324,0.27927398681640625,0.010939359664916992
0.14556121826171875,0.1656951904296875,-0.02013397216796875
0.32984021306037903,0.2962646484375,0.03357556462287903
0.5768569111824036,0.279388427734375,0.29746848344802856
0.32817572355270386,0.34597015380859375,-0.017794430255889893
0.12117773294448853,0.22556686401367188,-0.10438913106918335
0.16946403682231903,0.3300743103027344,-0.16061027348041534
0.1579541116952896,0.16425704956054688,-0.006302937865257263
0.2838161885738373,0.2321319580078125,0.05168423056602478
0.15895943343639374,0.23867034912109375,-0.07971091568470001
0.23450802266597748,0.22262191772460938,0.011886104941368103
0.07700540870428085,0.19050216674804688,-0.11349675804376602
0.06949538737535477,0.18383407592773438,-0.11433868855237961
0.22462600469589233,0.12652206420898438,0.09810394048690796
0.27000218629837036,0.23336029052734375,0.03664189577102661
0.18752047419548035,0.2623634338378906,-0.07484295964241028
0.5929645895957947,0.3240852355957031,0.26887935400009155
0.40404605865478516,0.1991710662841797,0.20487499237060547
0.35834595561027527,0.2855186462402344,0.0728273093700409
0.5023480653762817,0.22723770141601562,0.2751103639602661
0.24958942830562592,0.33951377868652344,-0.08992435038089752
0.13350488245487213,0.24945068359375,-0.11594580113887787
0.2278391718864441,0.25312232971191406,-0.02528315782546997
0.6068465113639832,0.3173408508300781,0.28950566053390503
0.2248319536447525,0.27181243896484375,-0.04698048532009125
0.09234500676393509,0.20296859741210938,-0.11062359064817429
0.12970437109470367,0.2769908905029297,-0.147286519408226
0.27453938126564026,0.3578147888183594,-0.08327540755271912
0.01661878265440464,0.23149490356445312,-0.21487612091004848
0.41072317957878113,0.3031272888183594,0.10759589076042175
0.4807044565677643,0.2572898864746094,0.2234145700931549
0.19392286241054535,0.2554206848144531,-0.061497822403907776
0.21063132584095,0.28643798828125,-0.07580666244029999
0.15317051112651825,0.24359893798828125,-0.090428426861763
0.3701745867729187,0.2794361114501953,0.09073847532272339
0.27152255177497864,0.27740478515625,-0.005882233381271362
0.2992415726184845,0.21749114990234375,0.08175042271614075
0.6059374213218689,0.3196296691894531,0.28630775213241577
0.4940513074398041,0.3160057067871094,0.1780456006526947
0.5402424931526184,0.19634437561035156,0.34389811754226685
0.47380051016807556,0.3998908996582031,0.07390961050987244
0.0333690419793129,0.22668838500976562,-0.19331934303045273
0.22682777047157288,0.18930435180664062,0.03752341866493225
0.16221743822097778,0.2503681182861328,-0.08815068006515503
0.3402216136455536,0.3203773498535156,0.019844263792037964
0.15567615628242493,0.3447990417480469,-0.18912288546562195
0.3975801169872284,0.22239303588867188,0.17518708109855652
0.24023424088954926,0.18220138549804688,0.05803285539150238
0.3796573579311371,0.3018531799316406,0.07780417799949646
0.2737116813659668,0.2666053771972656,0.007106304168701172
0.23674418032169342,0.31499671936035156,-0.07825253903865814
0.6620398163795471,0.3137474060058594,0.34829241037368774
0.38156434893608093,0.2184009552001953,0.16316339373588562
0.17696142196655273,0.23233985900878906,-0.05537843704223633
0.6116322875022888,0.2758808135986328,0.335751473903656
0.2217681109905243,0.2222614288330078,-0.0004933178424835205
0.1438109576702118,0.23683929443359375,-0.09302833676338196
0.3331160843372345,0.2815666198730469,0.05154946446418762
0.02056862600147724,0.2844657897949219,-0.26389716379344463
0.25605452060699463,0.16756820678710938,0.08848631381988525
0.3484974801540375,0.2958831787109375,0.052614301443099976
0.12035223096609116,0.22368621826171875,-0.1033339872956276
0.14012235403060913,0.18909072875976562,-0.048968374729156494
0.11498650908470154,0.2539215087890625,-0.13893499970436096
0.6758037209510803,0.3574256896972656,0.3183780312538147
0.2996312379837036,0.2767333984375,0.022897839546203613
0.40691137313842773,0.21832656860351562,0.1885848045349121
0.03547980636358261,0.21583175659179688,-0.18035195022821426
0.22043582797050476,0.3675575256347656,-0.14712169766426086
0.19817572832107544,0.2871513366699219,-0.08897560834884644
0.36963123083114624,0.3063392639160156,0.06329196691513062
0.1999625712633133,0.22997283935546875,-0.030010268092155457
0.180788055062294,0.37269020080566406,-0.19190214574337006
0.05601054057478905,0.24918174743652344,-0.1931712068617344
0.05547240003943443,0.24930572509765625,-0.19383332505822182
0.20078806579113007,0.27024078369140625,-0.06945271790027618
0.13416101038455963,0.22871971130371094,-0.0945587009191513
0.5063762664794922,0.3069038391113281,0.19947242736816406
0.11184344440698624,0.2843513488769531,-0.1725079044699669
0.002345010172575712,0.22142410278320312,-0.2190790926106274
0.33925506472587585,0.34421539306640625,-0.0049603283405303955
0.12046413123607635,0.2696876525878906,-0.14922352135181427
0.08208159357309341,0.2299785614013672,-0.14789696782827377
0.030033528804779053,0.14846038818359375,-0.1184268593788147
0.5381526350975037,0.3026771545410156,0.23547548055648804
0.07102839648723602,0.22116470336914062,-0.1501363068819046
0.24390195310115814,0.2555065155029297,-0.011604562401771545
0.2704567313194275,0.2542266845703125,0.01623004674911499
0.24513497948646545,0.19744873046875,0.047686249017715454
0.045427560806274414,0.23769378662109375,-0.19226622581481934
0.011676253750920296,0.24871444702148438,-0.23703819327056408
0.3408590257167816,0.2660255432128906,0.07483348250389099
0.14642050862312317,0.1895122528076172,-0.04309174418449402
0.0629328042268753,0.15195465087890625,-0.08902184665203094
0.16908401250839233,0.197052001953125,-0.027967989444732666
0.1353745013475418,0.24251937866210938,-0.10714487731456757
0.16676770150661469,0.18791580200195312,-0.02114810049533844
0.16499832272529602,0.20107269287109375,-0.03607437014579773
0.11641942709684372,0.26583099365234375,-0.14941156655550003
0.09263500571250916,0.2610664367675781,-0.16843143105506897
0.16702371835708618,0.2652606964111328,-0.09823697805404663
0.13510911166667938,0.17357254028320312,-0.03846342861652374
0.13448214530944824,0.175933837890625,-0.04145169258117676
0.13156917691230774,0.2833251953125,-0.15175601840019226
0.11231107264757156,0.17631149291992188,-0.06400042027235031
0.1376848667860031,0.16714859008789062,-0.029463723301887512
0.1866893321275711,0.18972396850585938,-0.003034636378288269
0.1239934116601944,0.174530029296875,-0.0505366176366806
0.10531525313854218,0.18768692016601562,-0.08237166702747345
0.15461169183254242,0.1930065155029297,-0.03839482367038727
0.18650124967098236,0.21564865112304688,-0.029147401452064514
0.19063051044940948,0.19071197509765625,-8.146464824676514e-05
0.11014284193515778,0.2507972717285156,-0.14065442979335785
0.2443254142999649,0.21233558654785156,0.03198982775211334
0.12470396608114243,0.20296287536621094,-0.07825890928506851
0.11863468587398529,0.22923660278320312,-0.11060191690921783
0.13537034392356873,0.1586456298828125,-0.023275285959243774
0.12411119788885117,0.19732284545898438,-0.07321164757013321
0.21324282884597778,0.21535301208496094,-0.0021101832389831543
0.19981545209884644,0.1856536865234375,0.014161765575408936
0.144684836268425,0.235107421875,-0.09042258560657501
0.13836300373077393,0.18946075439453125,-0.051097750663757324
0.1660432517528534,0.2523479461669922,-0.0863046944141388
0.1844862997531891,0.21117591857910156,-0.026689618825912476
0.13682694733142853,0.23243331909179688,-0.09560637176036835
0.13731807470321655,0.1897430419921875,-0.05242496728897095
0.15425749123096466,0.25554656982421875,-0.10128907859325409
0.12227972596883774,0.36103248596191406,-0.23875275999307632
0.07991817593574524,0.15098190307617188,-0.07106372714042664
0.17800772190093994,0.35740089416503906,-0.17939317226409912
0.14299550652503967,0.3069133758544922,-0.16391786932945251
0.12878204882144928,0.1759185791015625,-0.04713653028011322
0.13183040916919708,0.32132720947265625,-0.18949680030345917
0.20900040864944458,0.23358154296875,-0.02458113431930542
0.3874225616455078,0.23361968994140625,0.15380287170410156
0.1594664752483368,0.3026390075683594,-0.14317253232002258
0.15152914822101593,0.1966724395751953,-0.04514329135417938
0.24655526876449585,0.3088111877441406,-0.062255918979644775
0.13635258376598358,0.2725200653076172,-0.1361674815416336
0.13536404073238373,0.2868919372558594,-0.15152789652347565
0.062384217977523804,0.22440719604492188,-0.16202297806739807
0.19724076986312866,0.21458816528320312,-0.017347395420074463
0.14215610921382904,0.2758598327636719,-0.13370372354984283
0.11272381991147995,0.2919502258300781,-0.17922640591859818
0.19231285154819489,0.187042236328125,0.005270615220069885
0.22442467510700226,0.2738227844238281,-0.04939810931682587
0.14368516206741333,0.16676902770996094,-0.023083865642547607
0.10826896131038666,0.19191741943359375,-0.08364845812320709
0.19398295879364014,0.2661857604980469,-0.07220280170440674
0.15233375132083893,0.18963241577148438,-0.03729866445064545
0.1508917361497879,0.17658615112304688,-0.025694414973258972
0.1304928958415985,0.2095623016357422,-0.07906940579414368
0.09767679870128632,0.2506980895996094,-0.15302129089832306
0.09162142127752304,0.170318603515625,-0.07869718223810196
0.2408081442117691,0.2600555419921875,-0.019247397780418396
0.1858823597431183,0.27031707763671875,-0.08443471789360046
0.1331365704536438,0.20506858825683594,-0.07193201780319214
0.13255424797534943,0.2398223876953125,-0.10726813971996307
0.14773604273796082,0.1483173370361328,-0.0005812942981719971
0.09411358088254929,0.23723983764648438,-0.1431262567639351
0.1584814041852951,0.2790508270263672,-0.12056942284107208
0.20873501896858215,0.2870044708251953,-0.07826945185661316
0.10765589773654938,0.19765853881835938,-0.09000264108181
0.11400563269853592,0.21030426025390625,-0.09629862755537033
0.12448630481958389,0.21895217895507812,-0.09446587413549423
0.27691054344177246,0.2663688659667969,0.010541677474975586
0.19952288269996643,0.24104690551757812,-0.041524022817611694
0.10131316632032394,0.30062103271484375,-0.1993078663945198
0.07851796597242355,0.16999053955078125,-0.0914725735783577
0.14770469069480896,0.174285888671875,-0.02658119797706604
0.3218217194080353,0.2071075439453125,0.11471417546272278
0.06994755566120148,0.11858558654785156,-0.048638030886650085
0.11481171101331711,0.19453048706054688,-0.07971877604722977
0.21316072344779968,0.16839218139648438,0.04476854205131531
0.16491620242595673,0.22609710693359375,-0.061180904507637024
0.1357417106628418,0.20725250244140625,-0.07151079177856445
0.08271662890911102,0.2609519958496094,-0.17823536694049835
0.09232477843761444,0.1797027587890625,-0.08737798035144806
0.0992683470249176,0.1801586151123047,-0.08089026808738708
0.14196427166461945,0.23916053771972656,-0.09719626605510712
0.06394442170858383,0.21286392211914062,-0.1489195004105568
0.1900363713502884,0.18678665161132812,0.003249719738960266
0.1416560262441635,0.27158164978027344,-0.12992562353610992
0.1563686579465866,0.1991729736328125,-0.04280431568622589
0.09627462178468704,0.22013473510742188,-0.12386011332273483
0.2102871537208557,0.26706504821777344,-0.056777894496917725
0.1201983392238617,0.2517719268798828,-0.13157358765602112
0.2028733640909195,0.26847076416015625,-0.06559740006923676
0.1559297889471054,0.22025299072265625,-0.06432320177555084
0.10707399249076843,0.1553497314453125,-0.04827573895454407
0.12060586363077164,0.326751708984375,-0.20614584535360336
0.1298796385526657,0.22704505920410156,-0.09716542065143585
0.09598203748464584,0.2200164794921875,-0.12403444200754166
0.08164557069540024,0.20939254760742188,-0.12774697691202164
0.08941464126110077,0.16823577880859375,-0.07882113754749298
0.1577688753604889,0.2590770721435547,-0.1013081967830658
0.11103428155183792,0.2546272277832031,-0.1435929462313652
0.09074170142412186,0.23693084716796875,-0.1461891457438469
0.3550173044204712,0.2485504150390625,0.10646688938140869
0.3290327787399292,0.29033660888671875,0.03869616985321045
0.3235373795032501,0.17626571655273438,0.14727166295051575
0.4353187680244446,0.2360706329345703,0.19924813508987427
0.5344473123550415,0.24909210205078125,0.28535521030426025
0.26093655824661255,0.2715606689453125,-0.010624110698699951
0.5763340592384338,0.23108863830566406,0.3452454209327698
0.30901995301246643,0.219696044921875,0.08932390809059143
0.049887239933013916,0.20235443115234375,-0.15246719121932983
0.28282350301742554,0.24362754821777344,0.0391959547996521
0.15454982221126556,0.2382335662841797,-0.08368374407291412
0.24830111861228943,0.2913780212402344,-0.043076902627944946
0.246721088886261,0.18785858154296875,0.058862507343292236
0.09027386456727982,0.30359649658203125,-0.21332263201475143
0.4884191155433655,0.28594207763671875,0.20247703790664673
0.2799812853336334,0.2742805480957031,0.005700737237930298
0.5368360280990601,0.25251007080078125,0.2843259572982788
0.3019479215145111,0.23169708251953125,0.07025083899497986
0.0702425166964531,0.17348480224609375,-0.10324228554964066
0.47740551829338074,0.28888702392578125,0.1885184943675995
0.346232146024704,0.3418445587158203,0.004387587308883667
0.1627190113067627,0.3169994354248047,-0.154280424118042
0.06548807770013809,0.20819091796875,-0.1427028402686119
0.37359675765037537,0.2133350372314453,0.16026172041893005
0.08541711419820786,0.23931121826171875,-0.1538941040635109
0.09009840339422226,0.20126724243164062,-0.11116883903741837
0.209443137049675,0.22160720825195312,-0.012164071202278137
0.18073581159114838,0.38232421875,-0.20158840715885162
0.11026863753795624,0.1989459991455078,-0.08867736160755157
0.042648039758205414,0.19531631469726562,-0.1526682749390602
0.21420498192310333,0.1785449981689453,0.03565998375415802
0.31017154455184937,0.3172283172607422,-0.007056772708892822
0.2667890191078186,0.24461746215820312,0.02217155694961548
0.25714126229286194,0.29486083984375,-0.03771957755088806
0.06473572552204132,0.24532318115234375,-0.18058745563030243
0.5985832810401917,0.23626327514648438,0.3623200058937073
0.18447448313236237,0.1854228973388672,-0.0009484142065048218
0.1255037486553192,0.23746109008789062,-0.11195734143257141
0.23213383555412292,0.23692893981933594,-0.004795104265213013
0.06406174600124359,0.2425994873046875,-0.1785377413034439
0.6741662621498108,0.24402999877929688,0.4301362633705139
0.4853835701942444,0.20302963256835938,0.282353937625885
0.17150165140628815,0.262298583984375,-0.09079693257808685
0.06631575524806976,0.2562904357910156,-0.18997468054294586
0.19002307951450348,0.2170867919921875,-0.02706371247768402
0.34159570932388306,0.3656883239746094,-0.02409261465072632
0.4045393764972687,0.19322967529296875,0.21130970120429993
0.2110418826341629,0.22307968139648438,-0.012037798762321472
0.2365456372499466,0.22860336303710938,0.00794227421283722
0.35613593459129333,0.311431884765625,0.044704049825668335
0.593706488609314,0.2895927429199219,0.3041137456893921
0.2053753137588501,0.22352981567382812,-0.018154501914978027
0.4020397961139679,0.22373580932617188,0.17830398678779602
0.06735850125551224,0.21142959594726562,-0.1440710946917534
0.12144418805837631,0.2919807434082031,-0.1705365553498268
0.15996256470680237,0.199005126953125,-0.03904256224632263
0.8043334484100342,0.3715629577636719,0.4327704906463623
0.09473790228366852,0.29410362243652344,-0.19936572015285492
0.4822300672531128,0.3072052001953125,0.1750248670578003
0.4347722828388214,0.3234272003173828,0.1113450825214386
0.06534178555011749,0.2098560333251953,-0.14451424777507782
0.23502308130264282,0.22637939453125,0.008643686771392822
0.22231365740299225,0.23932647705078125,-0.017012819647789
0.48480886220932007,0.21683502197265625,0.2679738402366638
0.31317049264907837,0.21286582946777344,0.10030466318130493
0.1984504610300064,0.2882118225097656,-0.08976136147975922
0.31269288063049316,0.2999687194824219,0.012724161148071289
0.09151210635900497,0.28403472900390625,-0.19252262264490128
0.03542537987232208,0.19082260131835938,-0.1553972214460373
0.17386843264102936,0.24753189086914062,-0.07366345822811127
0.700296938419342,0.2435131072998047,0.45678383111953735
0.06271900236606598,0.28267669677734375,-0.21995769441127777
0.4130115807056427,0.19162750244140625,0.22138407826423645
0.314372181892395,0.2582511901855469,0.056120991706848145
0.3799499273300171,0.3116645812988281,0.06828534603118896
0.04677552357316017,0.19924163818359375,-0.15246611461043358
0.07980886846780777,0.2656898498535156,-0.18588098138570786
0.5364202260971069,0.31385040283203125,0.22256982326507568
0.2898998558521271,0.2977466583251953,-0.007846802473068237
0.3504880666732788,0.2464313507080078,0.104056715965271
0.5133512020111084,0.2935619354248047,0.2197892665863037
0.42261451482772827,0.2757282257080078,0.14688628911972046
0.17166362702846527,0.29400634765625,-0.12234272062778473
0.14065003395080566,0.24853515625,-0.10788512229919434
0.46807950735092163,0.2092571258544922,0.25882238149642944
0.07005660980939865,0.2056751251220703,-0.13561851531267166
0.283598929643631,0.23096275329589844,0.052636176347732544
0.1252843141555786,0.32328033447265625,-0.19799602031707764
0.1739124059677124,0.23288536071777344,-0.058972954750061035
0.09903562068939209,0.22430419921875,-0.1252685785293579
0.32004398107528687,0.21570205688476562,0.10434192419052124
0.2288266271352768,0.24100875854492188,-0.01218213140964508
0.0954066589474678,0.20793914794921875,-0.11253248900175095
0.2962874472141266,0.2755241394042969,0.020763307809829712
0.2487504482269287,0.2536735534667969,-0.004923105239868164
0.3835862874984741,0.1963043212890625,0.18728196620941162
0.5267859697341919,0.2923088073730469,0.23447716236114502
0.2440064549446106,0.254150390625,-0.010143935680389404
0.7073502540588379,0.2924213409423828,0.4149289131164551
0.21746300160884857,0.2785663604736328,-0.06110335886478424
0.32765108346939087,0.23532867431640625,0.09232240915298462
0.06972222775220871,0.296875,-0.2271527722477913
0.18286007642745972,0.2861213684082031,-0.10326129198074341
0.2077055126428604,0.2818756103515625,-0.07417009770870209
0.18969915807247162,0.3063201904296875,-0.11662103235721588
0.1236124187707901,0.22902488708496094,-0.10541246831417084
0.252031534910202,0.30768585205078125,-0.055654317140579224
0.24892589449882507,0.35202789306640625,-0.10310199856758118
0.048645950853824615,0.3477611541748047,-0.29911520332098007
0.06341911107301712,0.22404098510742188,-0.16062187403440475
0.3562321662902832,0.2283935546875,0.1278386116027832
0.08584553003311157,0.18659400939941406,-0.10074847936630249
0.45913708209991455,0.2731056213378906,0.18603146076202393
0.1405581831932068,0.3084526062011719,-0.1678944230079651
0.19453196227550507,0.20372772216796875,-0.009195759892463684
0.10090604424476624,0.26816558837890625,-0.16725954413414001
0.013055563904345036,0.19475936889648438,-0.18170380499213934
0.22590604424476624,0.21547317504882812,0.01043286919593811
0.42724573612213135,0.3140125274658203,0.11323320865631104
0.37975138425827026,0.18961715698242188,0.1901342272758484
0.15699495375156403,0.2571296691894531,-0.1001347154378891
0.48551419377326965,0.2283477783203125,0.25716641545295715
0.22422589361667633,0.2615985870361328,-0.03737269341945648
0.3013000786304474,0.1923675537109375,0.10893252491950989
0.07173895090818405,0.2585258483886719,-0.18678689748048782
0.0037765672896057367,0.23604965209960938,-0.23227308481000364
0.030171550810337067,0.23955917358398438,-0.2093876227736473
0.05821752920746803,0.2051105499267578,-0.14689302071928978
0.43100008368492126,0.2590160369873047,0.17198404669761658
0.252836138010025,0.26732826232910156,-0.014492124319076538
0.23979319632053375,0.29601287841796875,-0.056219682097435
0.3157075047492981,0.2732257843017578,0.04248172044754028
0.667151689529419,0.30683326721191406,0.3603184223175049
0.2786772847175598,0.2560386657714844,0.02263861894607544
0.04414229467511177,0.2558555603027344,-0.2117132656276226
0.026493391022086143,0.19126510620117188,-0.16477171517908573
0.3154515027999878,0.2574443817138672,0.058007121086120605
0.04482150077819824,0.21413040161132812,-0.16930890083312988
0.045082733035087585,0.3593864440917969,-0.3143037110567093
0.09676288813352585,0.21070098876953125,-0.1139381006360054
0.5682832598686218,0.280029296875,0.2882539629936218
0.44380050897598267,0.2887897491455078,0.15501075983047485
0.11819444596767426,0.27056121826171875,-0.1523667722940445
0.5252372622489929,0.2713623046875,0.2538749575614929
0.2763606011867523,0.2921142578125,-0.01575365662574768
0.13066571950912476,0.22766494750976562,-0.09699922800064087
0.05653518810868263,0.21839523315429688,-0.16186004504561424
0.17249956727027893,0.19581985473632812,-0.023320287466049194
0.0363679975271225,0.24074172973632812,-0.20437373220920563
0.3875715434551239,0.2653083801269531,0.12226316332817078
0.34610676765441895,0.21967315673828125,0.1264336109161377
0.3235466778278351,0.2835578918457031,0.03998878598213196
0.08756966888904572,0.3051013946533203,-0.2175317257642746
0.39160093665122986,0.30547332763671875,0.08612760901451111
0.1578100025653839,0.27988243103027344,-0.12207242846488953
0.4755529463291168,0.2574958801269531,0.2180570662021637
0.3231705129146576,0.253326416015625,0.06984409689903259
0.08229276537895203,0.2426910400390625,-0.16039827466011047
0.04822579771280289,0.18584823608398438,-0.1376224383711815
0.5833145976066589,0.25345611572265625,0.3298584818840027
0.459973007440567,0.3204383850097656,0.1395346224308014
0.2516762614250183,0.2951622009277344,-0.043485939502716064
0.47632619738578796,0.248504638671875,0.22782155871391296
0.3101506531238556,0.2834930419921875,0.02665761113166809
0.01754659041762352,0.2545318603515625,-0.23698526993393898
0.3735183775424957,0.28363037109375,0.08988800644874573
0.35463646054267883,0.223785400390625,0.13085106015205383
0.4257284104824066,0.2587871551513672,0.16694125533103943
0.6277055144309998,0.3051643371582031,0.32254117727279663
0.14396464824676514,0.20630836486816406,-0.062343716621398926
0.6633407473564148,0.2890796661376953,0.3742610812187195
0.08378483355045319,0.28043365478515625,-0.19664882123470306
0.15641283988952637,0.24922752380371094,-0.09281468391418457
0.03371691331267357,0.20497894287109375,-0.17126202955842018
0.35261669754981995,0.2779579162597656,0.07465878129005432
0.09967302531003952,0.2266216278076172,-0.12694860249757767
0.27475881576538086,0.19202041625976562,0.08273839950561523
0.6244766712188721,0.23395347595214844,0.39052319526672363
0.6718360185623169,0.2316741943359375,0.4401618242263794
0.19193530082702637,0.24182510375976562,-0.04988980293273926
0.17514324188232422,0.32415008544921875,-0.14900684356689453
0.5468382239341736,0.2825202941894531,0.26431792974472046
0.08974312990903854,0.2276458740234375,-0.13790274411439896
0.20358629524707794,0.2193145751953125,-0.015728279948234558
0.14703676104545593,0.20111846923828125,-0.05408170819282532
0.2538079023361206,0.23322105407714844,0.020586848258972168
0.4460941255092621,0.304718017578125,0.14137610793113708
0.22428858280181885,0.30755615234375,-0.08326756954193115
0.5215069055557251,0.27334022521972656,0.24816668033599854
0.38366466760635376,0.22618484497070312,0.15747982263565063
0.5617054104804993,0.32907867431640625,0.23262673616409302
0.2979145050048828,0.21274566650390625,0.08516883850097656
0.23819966614246368,0.3206977844238281,-0.08249811828136444
0.756203830242157,0.3312263488769531,0.42497748136520386
0.07945359498262405,0.2497100830078125,-0.17025648802518845
0.033345963805913925,0.3335456848144531,-0.3001997210085392
0.3560680150985718,0.2118988037109375,0.14416921138763428
0.2378966361284256,0.3312644958496094,-0.09336785972118378
0.0376846119761467,0.2523307800292969,-0.21464616805315018
0.31956854462623596,0.187164306640625,0.13240423798561096
0.27409830689430237,0.17295074462890625,0.10114756226539612
0.1037534847855568,0.23663902282714844,-0.13288553804159164
0.04866466671228409,0.1696758270263672,-0.1210111603140831
0.17434082925319672,0.36162567138671875,-0.18728484213352203
0.4690983295440674,0.27326202392578125,0.19583630561828613
0.3851066827774048,0.3254127502441406,0.05969393253326416
0.4001275599002838,0.23138809204101562,0.1687394678592682
0.17554032802581787,0.22330474853515625,-0.04776442050933838
0.42622169852256775,0.329315185546875,0.09690651297569275
0.36958420276641846,0.2567558288574219,0.11282837390899658
0.008290673606097698,0.177520751953125,-0.1692300783470273
0.3327398896217346,0.3979969024658203,-0.0652570128440857
0.4258328974246979,0.2941627502441406,0.13167014718055725
0.4223763644695282,0.3406105041503906,0.08176586031913757
0.30300331115722656,0.2713813781738281,0.03162193298339844
0.21887584030628204,0.27199554443359375,-0.05311970412731171
0.07552160322666168,0.2901458740234375,-0.21462427079677582
0.08516936749219894,0.3240852355957031,-0.23891586810350418
0.2708612084388733,0.2706775665283203,0.00018364191055297852
0.21783916652202606,0.20683670043945312,0.011002466082572937
0.2986668348312378,0.25229644775390625,0.04637038707733154
0.06638889759778976,0.31451988220214844,-0.24813098460435867
0.15973268449306488,0.23724746704101562,-0.07751478254795074
0.29572317004203796,0.2948169708251953,0.0009061992168426514
0.37474095821380615,0.3065319061279297,0.06820905208587646
0.30155912041664124,0.29316139221191406,0.008397728204727173
0.17546717822551727,0.2033863067626953,-0.02791912853717804
0.03294062241911888,0.21869468688964844,-0.18575406447052956
0.5153126120567322,0.3359642028808594,0.1793484091758728
0.06528431177139282,0.35842132568359375,-0.2931370139122009
0.19733759760856628,0.23633193969726562,-0.03899434208869934
0.08327804505825043,0.2760639190673828,-0.19278587400913239
0.2068099081516266,0.24517822265625,-0.03836831450462341
0.039850667119026184,0.235626220703125,-0.19577555358409882
0.568722128868103,0.23101043701171875,0.3377116918563843
0.11898337304592133,0.28314208984375,-0.16415871679782867
0.2101536989212036,0.210693359375,-0.0005396604537963867
0.6374525427818298,0.24094390869140625,0.3965086340904236
0.5846678018569946,0.22130584716796875,0.3633619546890259
0.16460205614566803,0.261322021484375,-0.09671996533870697
0.42541491985321045,0.2365264892578125,0.18888843059539795
0.16842955350875854,0.272216796875,-0.10378724336624146
0.383450448513031,0.37534141540527344,0.008109033107757568
0.2630324959754944,0.28055572509765625,-0.017523229122161865
0.18965953588485718,0.2404632568359375,-0.05080372095108032
0.5027033090591431,0.27359962463378906,0.229103684425354
0.23405128717422485,0.26812744140625,-0.034076154232025146
0.13108891248703003,0.21512222290039062,-0.0840333104133606
0.5085445046424866,0.33026885986328125,0.17827564477920532
0.2355925738811493,0.2486724853515625,-0.013079911470413208
0.46771901845932007,0.20220947265625,0.26550954580307007
0.3039102256298065,0.28131866455078125,0.02259156107902527
0.2836594581604004,0.1954517364501953,0.08820772171020508
0.6232959032058716,0.3242950439453125,0.2990008592605591
0.2451767772436142,0.2814903259277344,-0.03631354868412018
0.13479015231132507,0.21240997314453125,-0.07761982083320618
0.1704253852367401,0.26555633544921875,-0.09513095021247864
0.0787273645401001,0.24404144287109375,-0.16531407833099365
0.6025100350379944,0.21836471557617188,0.3841453194618225
0.2785288393497467,0.2939128875732422,-0.015384048223495483
0.5536929965019226,0.2200164794921875,0.3336765170097351
0.3890460729598999,0.3307628631591797,0.058283209800720215
0.03308473154902458,0.2469005584716797,-0.2138158269226551
0.054746173322200775,0.19736099243164062,-0.14261481910943985
0.12327499687671661,0.22308921813964844,-0.09981422126293182
0.1684609055519104,0.2558879852294922,-0.08742707967758179
0.08160310983657837,0.20461654663085938,-0.123013436794281
0.2388758361339569,0.2644805908203125,-0.02560475468635559
0.2658851444721222,0.23345565795898438,0.03242948651313782
0.4107440710067749,0.23321914672851562,0.17752492427825928
0.148604154586792,0.24695587158203125,-0.09835171699523926
0.6804723739624023,0.3806304931640625,0.29984188079833984
0.18200844526290894,0.19837570190429688,-0.01636725664138794
0.21774731576442719,0.22578048706054688,-0.00803317129611969
0.2876637279987335,0.25226783752441406,0.03539589047431946
0.02921021357178688,0.2392578125,-0.21004759892821312
0.08241815865039825,0.17359542846679688,-0.09117726981639862
0.24098441004753113,0.21222877502441406,0.028755635023117065
0.3329227566719055,0.3158226013183594,0.017100155353546143
0.40781304240226746,0.24972915649414062,0.15808388590812683
0.12706592679023743,0.18706512451171875,-0.05999919772148132
0.6142467856407166,0.2854652404785156,0.3287815451622009
0.13130007684230804,0.17821884155273438,-0.04691876471042633
0.3314463794231415,0.22110748291015625,0.11033889651298523
0.09681513905525208,0.2255401611328125,-0.12872502207756042
0.19745254516601562,0.21425628662109375,-0.016803741455078125
0.19731147587299347,0.21880340576171875,-0.02149192988872528
0.2540169060230255,0.29663848876953125,-0.04262158274650574
0.2561568319797516,0.3610954284667969,-0.10493859648704529
0.5593251585960388,0.31130218505859375,0.24802297353744507
0.4162038564682007,0.2238311767578125,0.19237267971038818
0.5644065737724304,0.3103904724121094,0.25401610136032104
0.17021334171295166,0.2620086669921875,-0.09179532527923584
0.2976532578468323,0.212249755859375,0.08540350198745728
0.16579632461071014,0.16624069213867188,-0.00044436752796173096
0.10033133625984192,0.2529716491699219,-0.15264031291007996
0.14527909457683563,0.22102928161621094,-0.0757501870393753
0.4647274613380432,0.14498329162597656,0.31974416971206665
0.2793595492839813,0.18122291564941406,0.09813663363456726
0.31163445115089417,0.2629814147949219,0.04865303635597229
0.10193748772144318,0.34363555908203125,-0.24169807136058807
0.0392916277050972,0.2371807098388672,-0.19788908213377
0.2735079228878021,0.23116111755371094,0.042346805334091187
0.3396490812301636,0.2734031677246094,0.0662459135055542
0.7077264189720154,0.35695648193359375,0.35076993703842163
0.023513153195381165,0.16324996948242188,-0.1397368162870407
0.5583324432373047,0.2666130065917969,0.2917194366455078
0.22468870878219604,0.2777748107910156,-0.05308610200881958
0.334615558385849,0.28634071350097656,0.048274844884872437
0.44606801867485046,0.3399658203125,0.10610219836235046
0.042083777487277985,0.20757293701171875,-0.16548915952444077
0.1462530493736267,0.21686935424804688,-0.07061630487442017
0.18304511904716492,0.27215576171875,-0.08911064267158508
0.10477970540523529,0.23923110961914062,-0.13445140421390533
0.09054772555828094,0.19497299194335938,-0.10442526638507843
0.17553205788135529,0.26874542236328125,-0.09321336448192596
0.30104711651802063,0.2532234191894531,0.047823697328567505
0.18271073698997498,0.3026599884033203,-0.11994925141334534
0.07081200182437897,0.20133018493652344,-0.13051818311214447
0.5484504699707031,0.24637413024902344,0.3020763397216797
0.34426549077033997,0.3351173400878906,0.00914815068244934
0.19189873337745667,0.26618194580078125,-0.07428321242332458
0.5101611018180847,0.2729911804199219,0.23716992139816284
0.3421233892440796,0.2800331115722656,0.062090277671813965
0.2248402237892151,0.2560234069824219,-0.031183183193206787
0.05201367661356926,0.2672157287597656,-0.21520205214619637
0.5389280915260315,0.32706451416015625,0.21186357736587524
0.32653823494911194,0.21685791015625,0.10968032479286194
0.4323868155479431,0.2931079864501953,0.1392788290977478
0.33726969361305237,0.22958755493164062,0.10768213868141174
0.4273114800453186,0.40509605407714844,0.022215425968170166
0.3415508568286896,0.33025360107421875,0.011297255754470825
0.15952369570732117,0.2736473083496094,-0.11412361264228821
0.27371692657470703,0.26667022705078125,0.007046699523925781
0.02533351629972458,0.19047927856445312,-0.16514576226472855
0.06575453281402588,0.12095260620117188,-0.055198073387145996
0.06810258328914642,0.24880599975585938,-0.18070341646671295
0.6294431686401367,0.294158935546875,0.3352842330932617
0.5563240051269531,0.3195343017578125,0.23678970336914062
0.2215747982263565,0.243682861328125,-0.022108063101768494
0.06510145217180252,0.2949714660644531,-0.2298700138926506
0.49424460530281067,0.3330078125,0.16123679280281067
0.1533459573984146,0.2881736755371094,-0.13482771813869476
0.10406915098428726,0.20515060424804688,-0.10108145326375961
0.43119558691978455,0.170928955078125,0.26026663184165955
0.2798580825328827,0.2511768341064453,0.028681248426437378
0.2835131585597992,0.2939949035644531,-0.01048174500465393
0.4097304940223694,0.2802581787109375,0.12947231531143188
0.5589938163757324,0.33238983154296875,0.22660398483276367
0.215467169880867,0.26311302185058594,-0.04764585196971893
0.21805338561534882,0.21439743041992188,0.003655955195426941
0.5152185559272766,0.3408088684082031,0.1744096875190735
0.1480921357870102,0.24819564819335938,-0.10010351240634918
0.03266894072294235,0.27815818786621094,-0.24548924714326859
0.17176289856433868,0.3642997741699219,-0.1925368756055832
0.1718643456697464,0.21883773803710938,-0.046973392367362976
0.3948841989040375,0.24665451049804688,0.1482296884059906
0.21083290874958038,0.21385955810546875,-0.0030266493558883667
0.12059256434440613,0.3182258605957031,-0.197633296251297
0.26964908838272095,0.3269309997558594,-0.05728191137313843
0.02849225513637066,0.16952896118164062,-0.14103670604526997
0.04633446782827377,0.3201141357421875,-0.2737796679139137
0.18502308428287506,0.3536643981933594,-0.16864131391048431
0.32104188203811646,0.2073822021484375,0.11365967988967896
0.027130799368023872,0.16180419921875,-0.13467339985072613
0.6050752997398376,0.33953094482421875,0.2655443549156189
0.4196782410144806,0.336181640625,0.08349660038948059
0.577687680721283,0.32470703125,0.25298064947128296
0.23629485070705414,0.2943401336669922,-0.05804528295993805
0.09381836652755737,0.20554542541503906,-0.11172705888748169
0.6050618290901184,0.27079010009765625,0.33427172899246216
0.24855190515518188,0.2895030975341797,-0.0409511923789978
0.15330635011196136,0.234039306640625,-0.08073295652866364
0.22787269949913025,0.24886322021484375,-0.0209905207157135
0.30515891313552856,0.236968994140625,0.06818991899490356
0.17715473473072052,0.3105621337890625,-0.13340739905834198
0.1107776090502739,0.27153587341308594,-0.16075826436281204
0.46205243468284607,0.30994415283203125,0.15210828185081482
0.2282070815563202,0.19916534423828125,0.02904173731803894
0.6625988483428955,0.3602581024169922,0.3023407459259033
0.5900805592536926,0.3502006530761719,0.23987990617752075
0.3588632047176361,0.2735748291015625,0.08528837561607361
0.10217782109975815,0.3098487854003906,-0.20767096430063248
0.08259883522987366,0.30118560791015625,-0.2185867726802826
0.4123898446559906,0.24839401245117188,0.16399583220481873
0.2342781275510788,0.28083038330078125,-0.046552255749702454
0.07410354167222977,0.22356033325195312,-0.14945679157972336
0.06405869871377945,0.207977294921875,-0.14391859620809555
0.1229197233915329,0.2324981689453125,-0.1095784455537796
0.4049394726753235,0.27535247802734375,0.12958699464797974
0.630861222743988,0.23755264282226562,0.3933085799217224
0.3676428198814392,0.26396751403808594,0.10367530584335327
0.2977398931980133,0.22355270385742188,0.07418718934059143
0.3319374918937683,0.26468658447265625,0.06725090742111206
0.09941179305315018,0.2978019714355469,-0.1983901783823967
0.4209112823009491,0.20720863342285156,0.21370264887809753
0.2511851489543915,0.28899192810058594,-0.03780677914619446
0.41262713074684143,0.2826194763183594,0.13000765442848206
0.23031044006347656,0.250701904296875,-0.020391464233398438
0.25819966197013855,0.27475738525390625,-0.0165577232837677
0.048753488808870316,0.27091026306152344,-0.22215677425265312
0.28347134590148926,0.2502574920654297,0.03321385383605957
0.4324682354927063,0.3260231018066406,0.10644513368606567
0.2946573495864868,0.2744941711425781,0.02016317844390869
0.1600043624639511,0.2540321350097656,-0.09402777254581451
0.5369217991828918,0.24899673461914062,0.2879250645637512
0.5149677991867065,0.24233245849609375,0.2726353406906128
0.5946020483970642,0.275054931640625,0.3195471167564392
0.013504885137081146,0.1813335418701172,-0.16782865673303604
0.7459604740142822,0.32134437561035156,0.42461609840393066
0.41978493332862854,0.26619529724121094,0.1535896360874176
0.3431391716003418,0.2133960723876953,0.12974309921264648
0.42921021580696106,0.3426513671875,0.08655884861946106
0.5321050882339478,0.2212677001953125,0.31083738803863525
0.4348195195198059,0.25066375732421875,0.18415576219558716
0.43617069721221924,0.2206096649169922,0.21556103229522705
0.45434829592704773,0.24179840087890625,0.21254989504814148
0.3229745626449585,0.3260021209716797,-0.0030275583267211914
0.27531376481056213,0.3270759582519531,-0.05176219344139099
0.20849816501140594,0.2886505126953125,-0.08015234768390656
0.2761688828468323,0.24869918823242188,0.0274696946144104
0.2582780122756958,0.2688179016113281,-0.010539889335632324
0.2590477764606476,0.3242378234863281,-0.06519004702568054
0.42904776334762573,0.21048355102539062,0.2185642123222351
0.13558952510356903,0.2837181091308594,-0.14812858402729034
0.06704004108905792,0.1889190673828125,-0.12187902629375458
0.38809579610824585,0.19617462158203125,0.1919211745262146
0.06906769424676895,0.244415283203125,-0.17534758895635605
0.0981854498386383,0.24261856079101562,-0.14443311095237732
0.3448922336101532,0.25702667236328125,0.08786556124687195
0.19728286564350128,0.16918373107910156,0.02809913456439972
0.07611510157585144,0.27387237548828125,-0.1977572739124298
0.05836302414536476,0.36534881591796875,-0.306985791772604
0.4903244376182556,0.2004241943359375,0.2899002432823181
0.08663668483495712,0.2854652404785156,-0.1988285556435585
0.15851327776908875,0.21608924865722656,-0.05757597088813782
0.08175406605005264,0.1835479736328125,-0.10179390758275986
0.07746940851211548,0.19340133666992188,-0.1159319281578064
0.12420948594808578,0.364654541015625,-0.24044505506753922
0.22562512755393982,0.1939868927001953,0.03163823485374451
0.11918742954730988,0.28321075439453125,-0.16402332484722137
0.12752088904380798,0.15061187744140625,-0.023090988397598267
0.3348729610443115,0.23054885864257812,0.1043241024017334
0.14019249379634857,0.296173095703125,-0.15598060190677643
0.08155328035354614,0.3042755126953125,-0.22272223234176636
0.153616264462471,0.3061256408691406,-0.15250937640666962
0.1500781625509262,0.21480941772460938,-0.06473125517368317
0.3406795859336853,0.2022705078125,0.1384090781211853
0.06610157340765,0.2776908874511719,-0.21158931404352188
0.1273258775472641,0.21506118774414062,-0.08773531019687653
0.20457352697849274,0.2716522216796875,-0.06707869470119476
0.21297287940979004,0.19360733032226562,0.019365549087524414
0.15566129982471466,0.2813091278076172,-0.12564782798290253
0.14391610026359558,0.3138084411621094,-0.1698923408985138
0.13898047804832458,0.23226165771484375,-0.09328117966651917
0.10467711836099625,0.2562599182128906,-0.15158279985189438
0.10454735159873962,0.318634033203125,-0.21408668160438538
0.3365698456764221,0.26361656188964844,0.07295328378677368
0.3600824177265167,0.3545684814453125,0.005513936281204224
0.21715104579925537,0.2999229431152344,-0.082771897315979
0.1799926608800888,0.1929798126220703,-0.012987151741981506
0.12128030508756638,0.3169364929199219,-0.1956561878323555
0.11516455560922623,0.19574928283691406,-0.08058472722768784
0.19879774749279022,0.20196151733398438,-0.003163769841194153
0.3923512399196625,0.1444568634033203,0.24789437651634216
0.16691558063030243,0.34586334228515625,-0.17894776165485382
0.1101604551076889,0.2580070495605469,-0.14784659445285797
0.4858737587928772,0.23731040954589844,0.24856334924697876
0.24998688697814941,0.17735862731933594,0.07262825965881348
0.22402475774288177,0.2809257507324219,-0.0569009929895401
0.28069987893104553,0.22647857666015625,0.05422130227088928
0.327036052942276,0.18025970458984375,0.14677634835243225
0.18536201119422913,0.27550315856933594,-0.09014114737510681
0.49089232087135315,0.17930221557617188,0.3115901052951813
0.2188611626625061,0.137908935546875,0.0809522271156311
0.37745556235313416,0.20149993896484375,0.1759556233882904
0.5005176067352295,0.13761520385742188,0.3629024028778076
0.29953718185424805,0.1481800079345703,0.15135717391967773
0.33072468638420105,0.18187332153320312,0.14885136485099792
0.11445216834545135,0.19648361206054688,-0.08203144371509552
0.25527244806289673,0.2090778350830078,0.046194612979888916
0.1350385844707489,0.2124786376953125,-0.0774400532245636
0.11628124862909317,0.19664764404296875,-0.08036639541387558
0.2523724436759949,0.221710205078125,0.030662238597869873
0.06302139908075333,0.1544322967529297,-0.09141089767217636
0.1448521614074707,0.20219802856445312,-0.05734586715698242
0.21190927922725677,0.19038009643554688,0.0215291827917099
0.10739373415708542,0.2051239013671875,-0.09773016721010208
0.5289607644081116,0.2464160919189453,0.28254467248916626
0.29410621523857117,0.19504356384277344,0.09906265139579773
0.16959086060523987,0.2550067901611328,-0.08541592955589294
0.14492866396903992,0.3128528594970703,-0.1679241955280304
0.15461815893650055,0.16952896118164062,-0.014910802245140076
0.14545805752277374,0.1750030517578125,-0.029544994235038757
0.18543115258216858,0.27071189880371094,-0.08528074622154236
0.128003790974617,0.2831687927246094,-0.15516500174999237
0.056658871471881866,0.33945274353027344,-0.28279387205839157
0.17052394151687622,0.24089813232421875,-0.07037419080734253
0.2802475392818451,0.2694263458251953,0.01082119345664978
0.4871470332145691,0.21181488037109375,0.27533215284347534
0.24341754615306854,0.2718963623046875,-0.028478816151618958
0.27345073223114014,0.2208843231201172,0.05256640911102295
0.4609324634075165,0.30451202392578125,0.15642043948173523
0.2945985496044159,0.16210556030273438,0.13249298930168152
0.1424863487482071,0.2559032440185547,-0.1134168952703476
0.1587747186422348,0.2530784606933594,-0.09430374205112457
0.07190873473882675,0.24738311767578125,-0.1754743829369545
0.2174195796251297,0.2432403564453125,-0.0258207768201828
0.12029458582401276,0.2849311828613281,-0.16463659703731537
0.09906625747680664,0.21535491943359375,-0.11628866195678711
0.16694222390651703,0.27834320068359375,-0.11140097677707672
0.23908154666423798,0.18046951293945312,0.05861203372478485
0.1897488236427307,0.19928741455078125,-0.009538590908050537
0.22930285334587097,0.2376861572265625,-0.008383303880691528
0.16553591191768646,0.221710205078125,-0.05617429316043854
0.2916179597377777,0.33124542236328125,-0.03962746262550354
0.19438520073890686,0.24741744995117188,-0.053032249212265015
0.15985839068889618,0.2692718505859375,-0.10941345989704132
0.33574050664901733,0.28437042236328125,0.051370084285736084
0.21727553009986877,0.21773147583007812,-0.0004559457302093506
0.31575247645378113,0.16935348510742188,0.14639899134635925
0.3257041573524475,0.3394660949707031,-0.013761937618255615
0.35515186190605164,0.19885826110839844,0.1562936007976532
0.29135093092918396,0.2819366455078125,0.00941428542137146
0.22476379573345184,0.3112831115722656,-0.08651931583881378
0.19662131369113922,0.257843017578125,-0.06122170388698578
0.1486663669347763,0.192138671875,-0.043472304940223694
0.344836562871933,0.34943389892578125,-0.004597336053848267
0.3537799119949341,0.3181190490722656,0.03566086292266846
0.2998848259449005,0.40274810791015625,-0.10286328196525574
0.4080480635166168,0.20615386962890625,0.20189419388771057
0.20975357294082642,0.24297332763671875,-0.033219754695892334
0.32707157731056213,0.20386505126953125,0.12320652604103088
0.29552096128463745,0.2188568115234375,0.07666414976119995
0.20640549063682556,0.18125534057617188,0.025150150060653687
0.19575205445289612,0.30767822265625,-0.11192616820335388
0.2656961977481842,0.26860809326171875,-0.002911895513534546
0.44541043043136597,0.24403953552246094,0.20137089490890503
0.28839758038520813,0.271575927734375,0.01682165265083313
0.1676829606294632,0.2520732879638672,-0.08439032733440399
0.32213205099105835,0.2583808898925781,0.06375116109848022
0.29707807302474976,0.29512596130371094,0.0019521117210388184
0.15569494664669037,0.3124866485595703,-0.15679170191287994
0.25152477622032166,0.23252105712890625,0.019003719091415405
0.18584135174751282,0.3456382751464844,-0.15979692339897156
0.24067062139511108,0.19291305541992188,0.04775756597518921
0.1988840103149414,0.19905471801757812,-0.00017070770263671875
0.14862436056137085,0.3128223419189453,-0.16419798135757446
0.4330183267593384,0.3027610778808594,0.130257248878479
0.24072962999343872,0.18513107299804688,0.055598556995391846
0.5236981511116028,0.2756195068359375,0.24807864427566528
0.16063809394836426,0.23209762573242188,-0.07145953178405762
0.14806032180786133,0.2716522216796875,-0.12359189987182617
0.17814300954341888,0.3278179168701172,-0.1496749073266983
0.21864566206932068,0.2892341613769531,-0.07058849930763245
0.48435744643211365,0.199920654296875,0.28443679213523865
0.14156605303287506,0.1815052032470703,-0.03993915021419525
0.3099322021007538,0.194732666015625,0.11519953608512878
0.48047515749931335,0.16484832763671875,0.3156268298625946
0.27421483397483826,0.24574661254882812,0.028468221426010132
0.4602142870426178,0.26151275634765625,0.19870153069496155
0.44847649335861206,0.2587890625,0.18968743085861206
0.4581218361854553,0.20608139038085938,0.25204044580459595
0.16563266515731812,0.21986007690429688,-0.05422741174697876
0.16857722401618958,0.22705841064453125,-0.058481186628341675
0.23140715062618256,0.21376800537109375,0.017639145255088806
0.1416017860174179,0.23772811889648438,-0.09612633287906647
0.1581336110830307,0.2022857666015625,-0.0441521555185318
0.2395026683807373,0.23273658752441406,0.006766080856323242
0.4456648528575897,0.26548194885253906,0.18018290400505066
0.4431150257587433,0.17356491088867188,0.2695501148700714
0.5031903386116028,0.3134326934814453,0.18975764513015747
0.4422844648361206,0.1961956024169922,0.24608886241912842
0.5234626531600952,0.20249176025390625,0.32097089290618896
0.08048319071531296,0.1799468994140625,-0.09946370869874954
0.48036277294158936,0.2046070098876953,0.27575576305389404
0.1297098845243454,0.31893157958984375,-0.18922169506549835
0.4676100015640259,0.2535820007324219,0.214028000831604
0.4017603397369385,0.16479873657226562,0.23696160316467285
0.3599172830581665,0.246795654296875,0.1131216287612915
0.2324042171239853,0.24185752868652344,-0.009453311562538147
0.10325261205434799,0.192352294921875,-0.08909968286752701
0.3298896551132202,0.221221923828125,0.10866773128509521
0.1577063500881195,0.2713623046875,-0.1136559545993805
0.2240416407585144,0.18833160400390625,0.035710036754608154
0.505437970161438,0.24044418334960938,0.2649937868118286
0.41756823658943176,0.21780776977539062,0.19976046681404114
0.47202759981155396,0.17790985107421875,0.2941177487373352
0.047806285321712494,0.25728607177734375,-0.20947978645563126
0.058388322591781616,0.32433319091796875,-0.26594486832618713
0.07866775989532471,0.25049400329589844,-0.17182624340057373
0.23020093142986298,0.184814453125,0.045386478304862976
0.17405231297016144,0.19086074829101562,-0.016808435320854187
0.4865724742412567,0.16149330139160156,0.32507917284965515
0.18051104247570038,0.2779083251953125,-0.09739728271961212
0.26601436734199524,0.23869705200195312,0.027317315340042114
0.417183518409729,0.16643142700195312,0.2507520914077759
0.0726172998547554,0.2965373992919922,-0.22392009943723679
0.09230393171310425,0.22517013549804688,-0.13286620378494263
0.27841657400131226,0.246612548828125,0.031804025173187256
0.48934730887413025,0.25019073486328125,0.239156574010849
0.2953876554965973,0.20044517517089844,0.09494248032569885
0.0660896971821785,0.17329025268554688,-0.10720055550336838
0.44137337803840637,0.17177200317382812,0.26960137486457825
0.19213004410266876,0.23346328735351562,-0.04133324325084686
0.5131813883781433,0.2606983184814453,0.252483069896698
0.35610806941986084,0.2626209259033203,0.09348714351654053
0.4432428479194641,0.14521408081054688,0.29802876710891724
0.3052818179130554,0.17212677001953125,0.13315504789352417
0.11088380962610245,0.23647308349609375,-0.1255892738699913
0.43607592582702637,0.1944122314453125,0.24166369438171387
0.5223489999771118,0.24770355224609375,0.27464544773101807
0.16369789838790894,0.23129653930664062,-0.06759864091873169
0.14658010005950928,0.1858978271484375,-0.03931772708892822
0.1575758457183838,0.2633037567138672,-0.1057279109954834
0.09684475511312485,0.3673267364501953,-0.27048198133707047
0.16186854243278503,0.3242778778076172,-0.16240933537483215
0.08431252092123032,0.20454025268554688,-0.12022773176431656
0.09072031080722809,0.2657127380371094,-0.1749924272298813
0.4390655755996704,0.1805267333984375,0.2585388422012329
0.4446443021297455,0.20848464965820312,0.23615965247154236
0.1880524605512619,0.2741413116455078,-0.08608885109424591
0.09379297494888306,0.22217559814453125,-0.1283826231956482
0.3305138051509857,0.21826171875,0.11225208640098572
0.1393725425004959,0.2044525146484375,-0.06507997214794159
0.1553080976009369,0.2633018493652344,-0.10799375176429749
0.5113717317581177,0.1854095458984375,0.3259621858596802
0.09551583975553513,0.21161270141601562,-0.1160968616604805
0.10095666348934174,0.2539787292480469,-0.15302206575870514
0.4050433337688446,0.18730926513671875,0.21773406863212585
0.17806069552898407,0.17647171020507812,0.0015889853239059448
0.11738792061805725,0.19575881958007812,-0.07837089896202087
0.4084603786468506,0.15207290649414062,0.25638747215270996
0.10811076313257217,0.25599098205566406,-0.1478802189230919
0.2828074097633362,0.2088756561279297,0.0739317536354065
0.4645336866378784,0.28589439392089844,0.17863929271697998
0.12325147539377213,0.21561431884765625,-0.09236284345388412
0.12194883823394775,0.3272590637207031,-0.20531022548675537
0.45657920837402344,0.3007240295410156,0.1558551788330078
0.5421575307846069,0.2904510498046875,0.25170648097991943
0.34837183356285095,0.19386672973632812,0.15450510382652283
0.3878350257873535,0.2529106140136719,0.13492441177368164
0.24360540509223938,0.3168487548828125,-0.07324334979057312
0.20674070715904236,0.3059120178222656,-0.09917131066322327
0.3736976385116577,0.3044281005859375,0.06926953792572021
0.18529625236988068,0.3087024688720703,-0.12340621650218964
0.2514362037181854,0.1914539337158203,0.05998227000236511
0.1790347844362259,0.24491119384765625,-0.06587640941143036
0.22542151808738708,0.3174552917480469,-0.09203377366065979
0.21227040886878967,0.22479629516601562,-0.012525886297225952
0.3082324266433716,0.2384967803955078,0.06973564624786377
0.25739651918411255,0.245697021484375,0.011699497699737549
0.23889708518981934,0.19672393798828125,0.042173147201538086
0.21712161600589752,0.29785919189453125,-0.08073757588863373
0.24303777515888214,0.2907295227050781,-0.047691747546195984
0.2584850490093231,0.244049072265625,0.01443597674369812
0.2621951103210449,0.23409080505371094,0.028104305267333984
0.20836418867111206,0.2657623291015625,-0.05739814043045044
0.19186685979366302,0.18404197692871094,0.007824882864952087
0.4673587679862976,0.1331195831298828,0.3342391848564148
0.46320196986198425,0.2515525817871094,0.21164938807487488
0.21641385555267334,0.23113441467285156,-0.014720559120178223
0.1508357673883438,0.27458763122558594,-0.12375186383724213
0.08866017311811447,0.1367053985595703,-0.04804522544145584
0.3445891737937927,0.19448280334472656,0.15010637044906616
0.15014667809009552,0.2391643524169922,-0.08901767432689667
0.14996884763240814,0.20383071899414062,-0.05386187136173248
0.14234574139118195,0.22559165954589844,-0.08324591815471649
0.42108285427093506,0.16489028930664062,0.25619256496429443
0.438037633895874,0.16395187377929688,0.27408576011657715
0.14006517827510834,0.2540931701660156,-0.11402799189090729
0.47133776545524597,0.19238662719726562,0.27895113825798035
0.22387807071208954,0.218597412109375,0.005280658602714539
0.1395772397518158,0.16132354736328125,-0.021746307611465454
0.15435589849948883,0.248016357421875,-0.09366045892238617
0.1522877961397171,0.24047088623046875,-0.08818309009075165
0.46335065364837646,0.23744583129882812,0.22590482234954834
0.11161712557077408,0.20986175537109375,-0.09824462980031967
0.14499202370643616,0.26290130615234375,-0.11790928244590759
0.10906695574522018,0.2280426025390625,-0.11897564679384232
0.24351078271865845,0.20882034301757812,0.03469043970108032
0.14764483273029327,0.2766304016113281,-0.12898556888103485
0.15352420508861542,0.18677902221679688,-0.03325481712818146
0.4897216558456421,0.21769142150878906,0.272030234336853
0.17333272099494934,0.24632644653320312,-0.07299372553825378
0.14984484016895294,0.210601806640625,-0.06075696647167206
0.14890162646770477,0.24514198303222656,-0.09624035656452179
0.1381906419992447,0.30727386474609375,-0.16908322274684906
0.16286693513393402,0.23913002014160156,-0.07626308500766754
0.1600991040468216,0.15909576416015625,0.0010033398866653442
0.2806263864040375,0.2667732238769531,0.01385316252708435
0.09022350609302521,0.27210235595703125,-0.18187884986400604
0.15145976841449738,0.31057167053222656,-0.1591119021177292
0.3295998275279999,0.22027969360351562,0.10932013392448425
0.16614696383476257,0.2812995910644531,-0.11515262722969055
0.3461360037326813,0.23597145080566406,0.11016455292701721
0.43967318534851074,0.2953071594238281,0.14436602592468262
0.21111945807933807,0.17249679565429688,0.0386226624250412
0.22260664403438568,0.21369171142578125,0.008914932608604431
0.2533271908760071,0.20838546752929688,0.044941723346710205
0.17898587882518768,0.2079906463623047,-0.029004767537117004
0.1478407233953476,0.2554759979248047,-0.10763527452945709
0.14916671812534332,0.2731666564941406,-0.1239999383687973
0.1976097673177719,0.1941680908203125,0.0034416764974594116
0.15642835199832916,0.33913421630859375,-0.1827058643102646
0.3730525076389313,0.2031097412109375,0.16994276642799377
0.16309362649917603,0.17249298095703125,-0.009399354457855225
0.09987359493970871,0.2278423309326172,-0.12796873599290848
0.20221491158008575,0.21752357482910156,-0.015308663249015808
0.2411547154188156,0.2926597595214844,-0.05150504410266876
0.09832802414894104,0.2515754699707031,-0.15324744582176208
0.10322397202253342,0.26645660400390625,-0.16323263198137283
0.19929239153862,0.2824115753173828,-0.08311918377876282
0.13963943719863892,0.24036407470703125,-0.10072463750839233
0.2294146865606308,0.2524127960205078,-0.022998109459877014
0.13843362033367157,0.178619384765625,-0.04018576443195343
0.15621140599250793,0.3082771301269531,-0.1520657241344452
0.07559077441692352,0.20488548278808594,-0.12929470837116241
0.15596960484981537,0.2356433868408203,-0.07967378199100494
0.12239508330821991,0.24584197998046875,-0.12344689667224884
0.16164883971214294,0.15764999389648438,0.003998845815658569
0.08463729172945023,0.20086288452148438,-0.11622559279203415
0.13314034044742584,0.26273155212402344,-0.1295912116765976
0.2560296356678009,0.22831344604492188,0.02771618962287903
0.1482870727777481,0.22124481201171875,-0.07295773923397064
0.07882297784090042,0.17041015625,-0.09158717840909958
0.21641364693641663,0.281707763671875,-0.06529411673545837
0.27959519624710083,0.26117706298828125,0.01841813325881958
0.14017803966999054,0.21067237854003906,-0.07049433887004852
0.1994267702102661,0.19466781616210938,0.004758954048156738
0.13200192153453827,0.3461036682128906,-0.21410174667835236
0.18401749432086945,0.187591552734375,-0.003574058413505554
0.3284186124801636,0.20621109008789062,0.12220752239227295
0.18171456456184387,0.2714080810546875,-0.08969351649284363
0.1359739452600479,0.19455718994140625,-0.05858324468135834
0.17685852944850922,0.2632293701171875,-0.08637084066867828
0.23609068989753723,0.24892807006835938,-0.012837380170822144
0.3170934319496155,0.18920516967773438,0.1278882622718811
0.19916701316833496,0.3161659240722656,-0.11699891090393066
0.21983177959918976,0.21655654907226562,0.0032752305269241333
0.41746658086776733,0.27323341369628906,0.14423316717147827
0.1774134337902069,0.28240966796875,-0.10499623417854309
0.3853510916233063,0.20049285888671875,0.18485823273658752
0.3348985016345978,0.33612060546875,-0.0012221038341522217
0.4004824459552765,0.3054695129394531,0.09501293301582336
0.2695342004299164,0.16345977783203125,0.10607442259788513
0.4163322150707245,0.23392486572265625,0.18240734934806824
0.2673853039741516,0.28072357177734375,-0.013338267803192139
0.3312629759311676,0.22280502319335938,0.10845795273780823
0.24407462775707245,0.2913970947265625,-0.04732246696949005
0.40678131580352783,0.21088027954101562,0.1959010362625122
0.39606595039367676,0.24187469482421875,0.154191255569458
0.21974360942840576,0.23973846435546875,-0.01999485492706299
0.283730149269104,0.31497764587402344,-0.031247496604919434
0.28944265842437744,0.3032417297363281,-0.013799071311950684
0.335814893245697,0.16965103149414062,0.1661638617515564
0.25252336263656616,0.26845550537109375,-0.015932142734527588
0.2765825688838959,0.22208404541015625,0.054498523473739624
0.31018537282943726,0.3737525939941406,-0.06356722116470337
0.2256363332271576,0.20615768432617188,0.019478648900985718
0.2789042890071869,0.2570381164550781,0.021866172552108765
0.15289908647537231,0.24614715576171875,-0.09324806928634644
0.40019679069519043,0.2688026428222656,0.1313941478729248
0.3703908622264862,0.3337211608886719,0.03666970133781433
0.18911902606487274,0.22749710083007812,-0.03837807476520538
0.39835450053215027,0.28194427490234375,0.11641022562980652
0.32793372869491577,0.2894020080566406,0.038531720638275146
0.30152755975723267,0.2504005432128906,0.05112701654434204
0.2876511812210083,0.33373260498046875,-0.04608142375946045
0.18485794961452484,0.22312355041503906,-0.03826560080051422
0.3175627589225769,0.2678050994873047,0.04975765943527222
0.260826051235199,0.2881889343261719,-0.0273628830909729
0.19729866087436676,0.2510566711425781,-0.053758010268211365
0.20528706908226013,0.22672653198242188,-0.021439462900161743
0.14642050862312317,0.1895122528076172,-0.04309174418449402
0.0629328042268753,0.15195465087890625,-0.08902184665203094
0.16676770150661469,0.18791580200195312,-0.02114810049533844
0.09263500571250916,0.2610664367675781,-0.16843143105506897
0.13448214530944824,0.175933837890625,-0.04145169258117676
0.1866893321275711,0.18972396850585938,-0.003034636378288269
0.1833484023809433,0.18267822265625,0.0006701797246932983
0.11611462384462357,0.2276630401611328,-0.11154841631650925
0.12470396608114243,0.20296287536621094,-0.07825890928506851
0.1611488163471222,0.19969558715820312,-0.03854677081108093
0.12364858388900757,0.2271728515625,-0.10352426767349243
0.09020553529262543,0.2897987365722656,-0.1995932012796402
0.062384217977523804,0.22440719604492188,-0.16202297806739807
0.19724076986312866,0.21458816528320312,-0.017347395420074463
0.22442467510700226,0.2738227844238281,-0.04939810931682587
0.09767679870128632,0.2506980895996094,-0.15302129089832306
0.20873501896858215,0.2870044708251953,-0.07826945185661316
0.10630662739276886,0.17328453063964844,-0.06697790324687958
0.13745605945587158,0.23402786254882812,-0.09657180309295654
0.1180516704916954,0.2523384094238281,-0.13428673893213272
0.18238814175128937,0.24161529541015625,-0.05922715365886688
0.20674550533294678,0.19203567504882812,0.014709830284118652
0.110737144947052,0.20972824096679688,-0.09899109601974487
0.19550202786922455,0.21538352966308594,-0.01988150179386139
0.11919064074754715,0.17840003967285156,-0.05920939892530441
0.11896076053380966,0.23975372314453125,-0.12079296261072159
0.08271662890911102,0.2609519958496094,-0.17823536694049835
0.11891896277666092,0.14155960083007812,-0.022640638053417206
0.17253442108631134,0.21770668029785156,-0.04517225921154022
0.11655741184949875,0.18659400939941406,-0.07003659754991531
0.11756055057048798,0.1854248046875,-0.06786425411701202
0.453380823135376,0.23604965209960938,0.2173311710357666
0.1647392362356186,0.20296859741210938,-0.038229361176490784
0.12884581089019775,0.19126510620117188,-0.06241929531097412
0.2341018170118332,0.21413040161132812,0.019971415400505066
0.14347486197948456,0.1856536865234375,-0.04217882454395294
0.1824299395084381,0.18946075439453125,-0.00703081488609314
0.29061174392700195,0.1897430419921875,0.10086870193481445
0.17297330498695374,0.2182769775390625,-0.045303672552108765
0.1900363713502884,0.18678665161132812,0.003249719738960266
0.17829200625419617,0.2523307800292969,-0.07403877377510071
0.11526169627904892,0.25328826904296875,-0.13802657276391983
0.1563686579465866,0.1991729736328125,-0.04280431568622589
0.11509384214878082,0.21332168579101562,-0.0982278436422348
0.2028733640909195,0.26847076416015625,-0.06559740006923676
0.12386149168014526,0.16990280151367188,-0.04604130983352661
0.12060586363077164,0.326751708984375,-0.20614584535360336
0.13089388608932495,0.18218994140625,-0.05129605531692505
0.10617078840732574,0.2646484375,-0.15847764909267426
0.14888761937618256,0.2432861328125,-0.09439851343631744
0.09598203748464584,0.2200164794921875,-0.12403444200754166
0.12332857400178909,0.19497299194335938,-0.07164441794157028
0.36004748940467834,0.20424461364746094,0.1558028757572174
0.1728583574295044,0.20448875427246094,-0.03163039684295654
0.14511540532112122,0.1952362060546875,-0.050120800733566284
0.15688134729862213,0.21866989135742188,-0.061788544058799744
0.29851144552230835,0.22142410278320312,0.07708734273910522
0.2339555323123932,0.17006683349609375,0.06388869881629944
0.1591697484254837,0.24822235107421875,-0.08905260264873505
0.13892941176891327,0.2549571990966797,-0.11602778732776642
0.26093655824661255,0.2715606689453125,-0.010624110698699951
0.30901995301246643,0.219696044921875,0.08932390809059143
0.4884191155433655,0.28594207763671875,0.20247703790664673
0.47740551829338074,0.28888702392578125,0.1885184943675995
0.06473572552204132,0.24532318115234375,-0.18058745563030243
0.16946403682231903,0.3300743103027344,-0.16061027348041534
0.4020397961139679,0.22373580932617188,0.17830398678779602
0.06271900236606598,0.28267669677734375,-0.21995769441127777
0.4130115807056427,0.19162750244140625,0.22138407826423645
0.18752047419548035,0.2623634338378906,-0.07484295964241028
0.1252843141555786,0.32328033447265625,-0.19799602031707764
0.40404605865478516,0.1991710662841797,0.20487499237060547
0.5023480653762817,0.22723770141601562,0.2751103639602661
0.18969915807247162,0.3063201904296875,-0.11662103235721588
0.06341911107301712,0.22404098510742188,-0.16062187403440475
0.6068465113639832,0.3173408508300781,0.28950566053390503
0.3157075047492981,0.2732257843017578,0.04248172044754028
0.5682832598686218,0.280029296875,0.2882539629936218
0.17249956727027893,0.19581985473632812,-0.023320287466049194
0.39160093665122986,0.30547332763671875,0.08612760901451111
0.04822579771280289,0.18584823608398438,-0.1376224383711815
0.4257284104824066,0.2587871551513672,0.16694125533103943
0.08378483355045319,0.28043365478515625,-0.19664882123470306
0.17514324188232422,0.32415008544921875,-0.14900684356689453
0.5402424931526184,0.19634437561035156,0.34389811754226685
0.23819966614246368,0.3206977844238281,-0.08249811828136444
0.07945359498262405,0.2497100830078125,-0.17025648802518845
0.4258328974246979,0.2941627502441406,0.13167014718055725
0.06528431177139282,0.35842132568359375,-0.2931370139122009
0.2068099081516266,0.24517822265625,-0.03836831450462341
0.6374525427818298,0.24094390869140625,0.3965086340904236
0.5846678018569946,0.22130584716796875,0.3633619546890259
0.5085445046424866,0.33026885986328125,0.17827564477920532
0.38156434893608093,0.2184009552001953,0.16316339373588562
0.2658851444721222,0.23345565795898438,0.03242948651313782
0.24098441004753113,0.21222877502441406,0.028755635023117065
0.3329227566719055,0.3158226013183594,0.017100155353546143
0.12706592679023743,0.18706512451171875,-0.05999919772148132
0.19731147587299347,0.21880340576171875,-0.02149192988872528
0.10033133625984192,0.2529716491699219,-0.15264031291007996
0.023513153195381165,0.16324996948242188,-0.1397368162870407
0.3484974801540375,0.2958831787109375,0.052614301443099976
0.14012235403060913,0.18909072875976562,-0.048968374729156494
0.5484504699707031,0.24637413024902344,0.3020763397216797
0.05201367661356926,0.2672157287597656,-0.21520205214619637
0.33726969361305237,0.22958755493164062,0.10768213868141174
0.4273114800453186,0.40509605407714844,0.022215425968170166
0.6294431686401367,0.294158935546875,0.3352842330932617
0.06510145217180252,0.2949714660644531,-0.2298700138926506
0.49424460530281067,0.3330078125,0.16123679280281067
0.1533459573984146,0.2881736755371094,-0.13482771813869476
0.4097304940223694,0.2802581787109375,0.12947231531143188
0.21805338561534882,0.21439743041992188,0.003655955195426941
0.32104188203811646,0.2073822021484375,0.11365967988967896
0.4196782410144806,0.336181640625,0.08349660038948059
0.08259883522987366,0.30118560791015625,-0.2185867726802826
0.23031044006347656,0.250701904296875,-0.020391464233398438
0.048753488808870316,0.27091026306152344,-0.22215677425265312
0.28347134590148926,0.2502574920654297,0.03321385383605957
0.2704567313194275,0.2542266845703125,0.01623004674911499
0.1237931028008461,0.2382335662841797,-0.11444046348333359
0.031421106308698654,0.2108478546142578,-0.17942674830555916
0.07669801265001297,0.23169708251953125,-0.15499906986951828
0.03415882959961891,0.24419784545898438,-0.21003901585936546
0.07383490353822708,0.21823883056640625,-0.14440392702817917
0.2698954939842224,0.26549339294433594,0.004402101039886475
0.01929989643394947,0.18825912475585938,-0.1689592283219099
0.09760710597038269,0.24752426147460938,-0.14991715550422668
0.22496342658996582,0.23932647705078125,-0.01436305046081543
0.22386625409126282,0.2914161682128906,-0.06754991412162781
0.1208672970533371,0.2754497528076172,-0.1545824557542801
0.8043991923332214,0.22402191162109375,0.5803772807121277
0.15403343737125397,0.25481414794921875,-0.10078071057796478
0.22281086444854736,0.25606536865234375,-0.03325450420379639
0.25646811723709106,0.2843742370605469,-0.02790611982345581
0.40572622418403625,0.2374725341796875,0.16825369000434875
0.0422152541577816,0.29955291748046875,-0.25733766332268715
0.42891326546669006,0.25397491455078125,0.1749383509159088
0.7039393782615662,0.2923088073730469,0.4116305708885193
0.018192267045378685,0.2501068115234375,-0.23191454447805882
0.1515256017446518,0.2138671875,-0.062341585755348206
0.0853814035654068,0.23592567443847656,-0.15054427087306976
0.8432183861732483,0.28739166259765625,0.555826723575592
0.7912852764129639,0.24289321899414062,0.5483920574188232
0.03997910022735596,0.3084526062011719,-0.2684735059738159
0.17454545199871063,0.2342987060546875,-0.05975325405597687
0.06974921375513077,0.2585258483886719,-0.1887766346335411
0.03839080408215523,0.24081039428710938,-0.20241959020495415
0.2867293655872345,0.3593025207519531,-0.07257315516471863
0.08832810819149017,0.26492881774902344,-0.17660070955753326
0.2651306092739105,0.35889244079589844,-0.09376183152198792
0.05866248533129692,0.24074172973632812,-0.1820792444050312
0.025120167061686516,0.22266387939453125,-0.19754371233284473
0.24850574135780334,0.2554206848144531,-0.00691494345664978
0.14006268978118896,0.20215225219726562,-0.06208956241607666
0.03998954966664314,0.2321796417236328,-0.19219009205698967
0.12508882582187653,0.22434616088867188,-0.09925733506679535
0.3196342885494232,0.3051586151123047,0.01447567343711853
0.33820271492004395,0.29697227478027344,0.04123044013977051
0.028349006548523903,0.235107421875,-0.2067584153264761
0.3876906931400299,0.2748394012451172,0.11285129189491272
0.08540230244398117,0.2487640380859375,-0.16336173564195633
0.6134691834449768,0.28155517578125,0.3319140076637268
0.015600835904479027,0.2077484130859375,-0.19214757718145847
0.1725182831287384,0.20630836486816406,-0.03379008173942566
0.149258092045784,0.2779579162597656,-0.12869982421398163
0.03894461691379547,0.19193649291992188,-0.1529918760061264
0.020553814247250557,0.19296646118164062,-0.17241264693439007
0.45386624336242676,0.2317218780517578,0.22214436531066895
0.7462382316589355,0.21163177490234375,0.5346064567565918
0.027711598202586174,0.2784576416015625,-0.2507460433989763
0.07006269693374634,0.18715286254882812,-0.11709016561508179
0.30000001192092896,0.30755615234375,-0.007556140422821045
0.1505015641450882,0.18930435180664062,-0.03880278766155243
0.5741170048713684,0.23272323608398438,0.34139376878738403
0.14192266762256622,0.3014850616455078,-0.1595623940229416
0.4613688588142395,0.3406105041503906,0.12075835466384888
0.8015882968902588,0.23508453369140625,0.5665037631988525
0.23847439885139465,0.2534370422363281,-0.014962643384933472
0.2679101228713989,0.25229644775390625,0.015613675117492676
0.0008150470093823969,0.21408462524414062,-0.21326957823475823
0.1625705361366272,0.20215988159179688,-0.03958934545516968
0.08415883034467697,0.20841026306152344,-0.12425143271684647
0.16108672320842743,0.261322021484375,-0.10023529827594757
0.07438871264457703,0.2404632568359375,-0.16607454419136047
0.2985788881778717,0.22308921813964844,0.07548967003822327
0.15962383151054382,0.2392578125,-0.07963398098945618
0.8701881170272827,0.23972702026367188,0.6304610967636108
0.2318495362997055,0.2854652404785156,-0.05361570417881012
0.06257053464651108,0.22268295288085938,-0.1601124182343483
0.5463322997093201,0.2733440399169922,0.2729882597923279
0.47327062487602234,0.2907848358154297,0.18248578906059265
0.44055381417274475,0.29663848876953125,0.1439153254032135
0.07588297128677368,0.2740020751953125,-0.19811910390853882
0.3625287413597107,0.24199485778808594,0.12053388357162476
0.12495297938585281,0.2204113006591797,-0.09545832127332687
0.1819644719362259,0.2608013153076172,-0.0788368433713913
0.12786833941936493,0.34363555908203125,-0.21576721966266632
0.7728840112686157,0.3368988037109375,0.4359852075576782
0.7167606949806213,0.16214752197265625,0.5546131730079651
0.2880355417728424,0.16494369506835938,0.12309184670448303
0.28719958662986755,0.21832656860351562,0.06887301802635193
0.4493521451950073,0.32706451416015625,0.12228763103485107
0.6083594560623169,0.2834968566894531,0.32486259937286377
0.7947440147399902,0.261810302734375,0.5329337120056152
0.5413166284561157,0.24901199340820312,0.2923046350479126
0.17952978610992432,0.29923439025878906,-0.11970460414886475
0.10961337387561798,0.16762542724609375,-0.05801205337047577
0.03655172511935234,0.1952056884765625,-0.15865396335721016
0.019676070660352707,0.25870513916015625,-0.23902906849980354
0.44529780745506287,0.20795631408691406,0.2373414933681488
0.12281087040901184,0.27815818786621094,-0.1553473174571991
0.06293626129627228,0.21883773803710938,-0.1559014767408371
0.1862800419330597,0.24753570556640625,-0.06125566363334656
0.42073145508766174,0.2955818176269531,0.12514963746070862
0.6429989337921143,0.3269309997558594,0.3160679340362549
0.17160919308662415,0.224884033203125,-0.053274840116500854
0.2316405475139618,0.27153587341308594,-0.039895325899124146
0.19405433535575867,0.18805694580078125,0.005997389554977417
0.26503658294677734,0.27774810791015625,-0.012711524963378906
0.3761964440345764,0.28083038330078125,0.09536606073379517
0.3298223614692688,0.26468658447265625,0.06513577699661255
0.5377534031867981,0.28899192810058594,0.24876147508621216
0.08967607468366623,0.21895217895507812,-0.1292761042714119
0.5720062851905823,0.2826194763183594,0.2893868088722229
0.18498432636260986,0.19971466064453125,-0.014730334281921387
0.35187041759490967,0.29756736755371094,0.05430305004119873
0.06371995806694031,0.2508525848388672,-0.18713262677192688
0.7589654922485352,0.32915306091308594,0.4298124313354492
0.24989551305770874,0.2710075378417969,-0.021112024784088135
0.036907002329826355,0.22616195678710938,-0.18925495445728302
0.21035528182983398,0.264373779296875,-0.054018497467041016
0.08105538040399551,0.2071075439453125,-0.12605216354131699
0.14365726709365845,0.3426513671875,-0.19899410009384155
0.10753051191568375,0.2647361755371094,-0.15720566362142563
0.16702371835708618,0.2652606964111328,-0.09823697805404663
0.13510911166667938,0.17357254028320312,-0.03846342861652374
0.13156917691230774,0.2833251953125,-0.15175601840019226
0.11231107264757156,0.17631149291992188,-0.06400042027235031
0.1376848667860031,0.16714859008789062,-0.029463723301887512
0.15470680594444275,0.22527313232421875,-0.070566326379776
0.17939570546150208,0.26739501953125,-0.08799931406974792
0.07438526302576065,0.20012664794921875,-0.1257413849234581
0.1239934116601944,0.174530029296875,-0.0505366176366806
0.10531525313854218,0.18768692016601562,-0.08237166702747345
0.18650124967098236,0.21564865112304688,-0.029147401452064514
0.11014284193515778,0.2507972717285156,-0.14065442979335785
0.18277369439601898,0.25778770446777344,-0.07501401007175446
0.2443254142999649,0.21233558654785156,0.03198982775211334
0.13537034392356873,0.1586456298828125,-0.023275285959243774
0.12411119788885117,0.19732284545898438,-0.07321164757013321
0.13443513214588165,0.21453094482421875,-0.0800958126783371
0.15425749123096466,0.25554656982421875,-0.10128907859325409
0.12227972596883774,0.36103248596191406,-0.23875275999307632
0.07991817593574524,0.15098190307617188,-0.07106372714042664
0.14299550652503967,0.3069133758544922,-0.16391786932945251
0.12878204882144928,0.1759185791015625,-0.04713653028011322
0.13183040916919708,0.32132720947265625,-0.18949680030345917
0.1594664752483368,0.3026390075683594,-0.14317253232002258
0.13128988444805145,0.22707748413085938,-0.09578759968280792
0.13635258376598358,0.2725200653076172,-0.1361674815416336
0.11272381991147995,0.2919502258300781,-0.17922640591859818
0.14368516206741333,0.16676902770996094,-0.023083865642547607
0.12011148780584335,0.20234298706054688,-0.08223149925470352
0.19398295879364014,0.2661857604980469,-0.07220280170440674
0.1304928958415985,0.2095623016357422,-0.07906940579414368
0.09162142127752304,0.170318603515625,-0.07869718223810196
0.1858823597431183,0.27031707763671875,-0.08443471789360046
0.1331365704536438,0.20506858825683594,-0.07193201780319214
0.13255424797534943,0.2398223876953125,-0.10726813971996307
0.09411358088254929,0.23723983764648438,-0.1431262567639351
0.1584814041852951,0.2790508270263672,-0.12056942284107208
0.10765589773654938,0.19765853881835938,-0.09000264108181
0.10131316632032394,0.30062103271484375,-0.1993078663945198
0.07851796597242355,0.16999053955078125,-0.0914725735783577
0.06994755566120148,0.11858558654785156,-0.048638030886650085
0.14938917756080627,0.197052001953125,-0.047662824392318726
0.2539868950843811,0.2409820556640625,0.013004839420318604
0.10860548168420792,0.24251937866210938,-0.13391389697790146
0.1115417405962944,0.23282814025878906,-0.12128639966249466
0.23479147255420685,0.21315956115722656,0.021631911396980286
0.13149994611740112,0.16329002380371094,-0.031790077686309814
0.13390327990055084,0.2345714569091797,-0.10066817700862885
0.26588866114616394,0.23931121826171875,0.02657744288444519
0.20385104417800903,0.2685050964355469,-0.06465405225753784
0.1826493740081787,0.2823219299316406,-0.09967255592346191
0.11481171101331711,0.19453048706054688,-0.07971877604722977
0.17868907749652863,0.26583099365234375,-0.08714191615581512
0.1263902187347412,0.16938018798828125,-0.04298996925354004
0.21316072344779968,0.16839218139648438,0.04476854205131531
0.15276430547237396,0.1973419189453125,-0.04457761347293854
0.16491620242595673,0.22609710693359375,-0.061180904507637024
0.2372470647096634,0.18589401245117188,0.051353052258491516
0.241123765707016,0.19306564331054688,0.048058122396469116
0.2313118577003479,0.22352981567382812,0.007782042026519775
0.1357417106628418,0.20725250244140625,-0.07151079177856445
0.37994298338890076,0.199005126953125,0.18093785643577576
0.15550203621387482,0.17515945434570312,-0.019657418131828308
0.4559095501899719,0.16637802124023438,0.28953152894973755
0.10460339486598969,0.19924163818359375,-0.09463824331760406
0.10955636948347092,0.1930065155029297,-0.08345014601945877
0.1206848993897438,0.18643569946289062,-0.06575080007314682
0.13712623715400696,0.22975540161132812,-0.09262916445732117
0.13974446058273315,0.2056751251220703,-0.06593066453933716
0.08658287674188614,0.1857891082763672,-0.09920623153448105
0.09232477843761444,0.1797027587890625,-0.08737798035144806
0.2351154088973999,0.2169189453125,0.018196463584899902
0.15846964716911316,0.19071197509765625,-0.03224232792854309
0.0992683470249176,0.1801586151123047,-0.08089026808738708
0.1525866687297821,0.18951797485351562,-0.03693130612373352
0.13106107711791992,0.24226951599121094,-0.11120843887329102
0.13733066618442535,0.22435760498046875,-0.0870269387960434
0.17053860425949097,0.15398025512695312,0.016558349132537842
0.10736200958490372,0.20408248901367188,-0.09672047942876816
0.1925344318151474,0.243988037109375,-0.0514536052942276
0.2945198118686676,0.18767547607421875,0.10684433579444885
0.15630662441253662,0.17813491821289062,-0.021828293800354004
0.14196427166461945,0.23916053771972656,-0.09719626605510712
0.16043411195278168,0.2571296691894531,-0.09669555723667145
0.1594623327255249,0.19487380981445312,-0.03541147708892822
0.17389284074306488,0.23656845092773438,-0.0626756101846695
0.1367036998271942,0.21179580688476562,-0.07509210705757141
0.13015198707580566,0.21447372436523438,-0.08432173728942871
0.1388980597257614,0.29430580139160156,-0.15540774166584015
0.17756055295467377,0.2051105499267578,-0.027549996972084045
0.13676640391349792,0.2387847900390625,-0.10201838612556458
0.21538709104061127,0.16762924194335938,0.04775784909725189
0.2100265920162201,0.16869544982910156,0.04133114218711853
0.18029826879501343,0.2123279571533203,-0.032029688358306885
0.2596295177936554,0.22923660278320312,0.03039291501045227
0.1147385686635971,0.17405319213867188,-0.05931462347507477
0.11920109391212463,0.23149490356445312,-0.11229380965232849
0.16272251307964325,0.21839523315429688,-0.055672720074653625
0.11633797734975815,0.24359893798828125,-0.1272609606385231
0.12044455856084824,0.2466583251953125,-0.12621376663446426
0.0907469317317009,0.26500892639160156,-0.17426199465990067
0.13160443305969238,0.23909378051757812,-0.10748934745788574
0.2046033889055252,0.16864776611328125,0.03595562279224396
0.2764424681663513,0.2523479461669922,0.02409452199935913
0.29660966992378235,0.18907928466796875,0.1075303852558136
0.16953547298908234,0.22775840759277344,-0.0582229346036911
0.10513630509376526,0.23243331909179688,-0.12729701399803162
0.19453024864196777,0.22992324829101562,-0.03539299964904785
0.11918019503355026,0.2747039794921875,-0.15552378445863724
0.10639022290706635,0.2276458740234375,-0.12125565111637115
0.06394442170858383,0.21286392211914062,-0.1489195004105568
0.12249262630939484,0.1741790771484375,-0.051686450839042664
0.190193772315979,0.22774124145507812,-0.03754746913909912
0.1416560262441635,0.27158164978027344,-0.12992562353610992
0.23920109868049622,0.20963668823242188,0.02956441044807434
0.11657831072807312,0.24160385131835938,-0.12502554059028625
0.13091477751731873,0.17635345458984375,-0.045438677072525024
0.15517809987068176,0.21361160278320312,-0.05843350291252136
0.1500370353460312,0.29872894287109375,-0.14869190752506256
0.25499001145362854,0.21340179443359375,0.04158821702003479
0.2362961769104004,0.2706775665283203,-0.03438138961791992
0.11386148631572723,0.1966724395751953,-0.08281095325946808
0.12344351410865784,0.19235992431640625,-0.06891641020774841
0.21693359315395355,0.18299484252929688,0.03393875062465668
0.09627462178468704,0.22013473510742188,-0.12386011332273483
0.2102871537208557,0.26706504821777344,-0.056777894496917725
0.20981760323047638,0.2467517852783203,-0.03693418204784393
0.1201983392238617,0.2517719268798828,-0.13157358765602112
0.14663055539131165,0.1671314239501953,-0.020500868558883667
0.1877172887325287,0.16921234130859375,0.018504947423934937
0.13577371835708618,0.24172401428222656,-0.10595029592514038
0.1559297889471054,0.22025299072265625,-0.06432320177555084
0.20326587557792664,0.16109848022460938,0.04216739535331726
0.10707399249076843,0.1553497314453125,-0.04827573895454407
0.2346033900976181,0.14966773986816406,0.08493565022945404
0.1429315060377121,0.17359542846679688,-0.030663922429084778
0.10787402838468552,0.17821884155273438,-0.07034481316804886
0.30999523401260376,0.2145709991455078,0.09542423486709595
0.26396599411964417,0.2620086669921875,0.001957327127456665
0.1814790517091751,0.171905517578125,0.00957353413105011
0.12643201649188995,0.187042236328125,-0.060610219836235046
0.1298796385526657,0.22704505920410156,-0.09716542065143585
0.10719482600688934,0.20537567138671875,-0.0981808453798294
0.2458050698041916,0.21240234375,0.03340272605419159
0.17890851199626923,0.28336524963378906,-0.10445673763751984
0.28087297081947327,0.20757293701171875,0.07330003380775452
0.19629618525505066,0.21128463745117188,-0.014988452196121216
0.15099836885929108,0.2764739990234375,-0.12547563016414642
0.10807256400585175,0.26522254943847656,-0.15714998543262482
0.1716044396162033,0.18963241577148438,-0.018027976155281067
0.19482283294200897,0.21583175659179688,-0.021008923649787903
0.21049681305885315,0.2736473083496094,-0.06315049529075623
0.21489597856998444,0.19047927856445312,0.02441670000553131
0.21912795305252075,0.28209686279296875,-0.062968909740448
0.10632752627134323,0.1880321502685547,-0.08170462399721146
0.169274240732193,0.16148757934570312,0.007786661386489868
0.1124926283955574,0.20515060424804688,-0.09265797585248947
0.15379878878593445,0.20720863342285156,-0.053409844636917114
0.14148949086666107,0.1483173370361328,-0.006827846169471741
0.08164557069540024,0.20939254760742188,-0.12774697691202164
0.08941464126110077,0.16823577880859375,-0.07882113754749298
0.23004749417304993,0.2843513488769531,-0.0543038547039032
0.17931602895259857,0.20554542541503906,-0.02622939646244049
0.1577688753604889,0.2590770721435547,-0.1013081967830658
0.1847705841064453,0.2176990509033203,-0.032928466796875
0.11087754368782043,0.22585105895996094,-0.1149735152721405
0.13704852759838104,0.17483901977539062,-0.03779049217700958
0.1931195855140686,0.26790618896484375,-0.07478660345077515
0.12093567848205566,0.19467544555664062,-0.07373976707458496
0.1296922117471695,0.21093177795410156,-0.08123956620693207
0.10489597171545029,0.2340869903564453,-0.12919101864099503
0.20633797347545624,0.2555351257324219,-0.04919715225696564
0.11103428155183792,0.2546272277832031,-0.1435929462313652
0.2403087168931961,0.20595932006835938,0.03434939682483673
0.36004748940467834,0.2641487121582031,0.09589877724647522
0.09074170142412186,0.23693084716796875,-0.1461891457438469
0.134363055229187,0.19622039794921875,-0.06185734272003174
0.16551248729228973,0.2539482116699219,-0.08843572437763214
0.1452825963497162,0.23270225524902344,-0.08741965889930725
0.12188656628131866,0.2908649444580078,-0.16897837817668915
0.1046660840511322,0.2733879089355469,-0.16872182488441467
0.17882491648197174,0.1785449981689453,0.0002799183130264282
0.22252397239208221,0.20983314514160156,0.012690827250480652
0.2539137303829193,0.2575035095214844,-0.0035897791385650635
0.20659920573234558,0.23769378662109375,-0.03109458088874817
0.11543934047222137,0.15214157104492188,-0.0367022305727005
0.1235375627875328,0.2574272155761719,-0.13388965278863907
0.1550004631280899,0.24871444702148438,-0.09371398389339447
0.17671415209770203,0.2403545379638672,-0.06364038586616516
0.20749785006046295,0.31226348876953125,-0.1047656387090683
0.19874131679534912,0.22838973999023438,-0.029648423194885254
0.3550173044204712,0.2485504150390625,0.10646688938140869
0.3290327787399292,0.29033660888671875,0.03869616985321045
0.23661960661411285,0.270355224609375,-0.033735617995262146
0.4353187680244446,0.2360706329345703,0.19924813508987427
0.5344473123550415,0.24909210205078125,0.28535521030426025
0.5763340592384338,0.23108863830566406,0.3452454209327698
0.049887239933013916,0.20235443115234375,-0.15246719121932983
0.28282350301742554,0.24362754821777344,0.0391959547996521
0.246721088886261,0.18785858154296875,0.058862507343292236
0.09027386456727982,0.30359649658203125,-0.21332263201475143
0.2799812853336334,0.2742805480957031,0.005700737237930298
0.5368360280990601,0.25251007080078125,0.2843259572982788
0.0702425166964531,0.17348480224609375,-0.10324228554964066
0.221977099776268,0.18773269653320312,0.03424440324306488
0.21852360665798187,0.33684539794921875,-0.11832179129123688
0.14556121826171875,0.1656951904296875,-0.02013397216796875
0.1627190113067627,0.3169994354248047,-0.154280424118042
0.06548807770013809,0.20819091796875,-0.1427028402686119
0.37359675765037537,0.2133350372314453,0.16026172041893005
0.209443137049675,0.22160720825195312,-0.012164071202278137
0.11026863753795624,0.1989459991455078,-0.08867736160755157
0.2667890191078186,0.24461746215820312,0.02217155694961548
0.32984021306037903,0.2962646484375,0.03357556462287903
0.18447448313236237,0.1854228973388672,-0.0009484142065048218
0.1255037486553192,0.23746109008789062,-0.11195734143257141
0.23213383555412292,0.23692893981933594,-0.004795104265213013
0.06406174600124359,0.2425994873046875,-0.1785377413034439
0.6741662621498108,0.24402999877929688,0.4301362633705139
0.5768569111824036,0.279388427734375,0.29746848344802856
0.4853835701942444,0.20302963256835938,0.282353937625885
0.17150165140628815,0.262298583984375,-0.09079693257808685
0.19002307951450348,0.2170867919921875,-0.02706371247768402
0.34159570932388306,0.3656883239746094,-0.02409261465072632
0.12117773294448853,0.22556686401367188,-0.10438913106918335
0.2110418826341629,0.22307968139648438,-0.012037798762321472
0.35613593459129333,0.311431884765625,0.044704049825668335
0.593706488609314,0.2895927429199219,0.3041137456893921
0.06735850125551224,0.21142959594726562,-0.1440710946917534
0.1579541116952896,0.16425704956054688,-0.006302937865257263
0.12144418805837631,0.2919807434082031,-0.1705365553498268
0.8043334484100342,0.3715629577636719,0.4327704906463623
0.2838161885738373,0.2321319580078125,0.05168423056602478
0.4347722828388214,0.3234272003173828,0.1113450825214386
0.06534178555011749,0.2098560333251953,-0.14451424777507782
0.23502308130264282,0.22637939453125,0.008643686771392822
0.48480886220932007,0.21683502197265625,0.2679738402366638
0.1984504610300064,0.2882118225097656,-0.08976136147975922
0.31269288063049316,0.2999687194824219,0.012724161148071289
0.09151210635900497,0.28403472900390625,-0.19252262264490128
0.06949538737535477,0.18383407592773438,-0.11433868855237961
0.03542537987232208,0.19082260131835938,-0.1553972214460373
0.17386843264102936,0.24753189086914062,-0.07366345822811127
0.22462600469589233,0.12652206420898438,0.09810394048690796
0.3799499273300171,0.3116645812988281,0.06828534603118896
0.07980886846780777,0.2656898498535156,-0.18588098138570786
0.3504880666732788,0.2464313507080078,0.104056715965271
0.5133512020111084,0.2935619354248047,0.2197892665863037
0.42261451482772827,0.2757282257080078,0.14688628911972046
0.17166362702846527,0.29400634765625,-0.12234272062778473
0.27000218629837036,0.23336029052734375,0.03664189577102661
0.14065003395080566,0.24853515625,-0.10788512229919434
0.46807950735092163,0.2092571258544922,0.25882238149642944
0.09903562068939209,0.22430419921875,-0.1252685785293579
0.32004398107528687,0.21570205688476562,0.10434192419052124
0.2288266271352768,0.24100875854492188,-0.01218213140964508
0.5929645895957947,0.3240852355957031,0.26887935400009155
0.2962874472141266,0.2755241394042969,0.020763307809829712
0.3835862874984741,0.1963043212890625,0.18728196620941162
0.35834595561027527,0.2855186462402344,0.0728273093700409
0.21746300160884857,0.2785663604736328,-0.06110335886478424
0.32765108346939087,0.23532867431640625,0.09232240915298462
0.18286007642745972,0.2861213684082031,-0.10326129198074341
0.24958942830562592,0.33951377868652344,-0.08992435038089752
0.1236124187707901,0.22902488708496094,-0.10541246831417084
0.24892589449882507,0.35202789306640625,-0.10310199856758118
0.19453196227550507,0.20372772216796875,-0.009195759892463684
0.10090604424476624,0.26816558837890625,-0.16725954413414001
0.2278391718864441,0.25312232971191406,-0.02528315782546997
0.22590604424476624,0.21547317504882812,0.01043286919593811
0.37975138425827026,0.18961715698242188,0.1901342272758484
0.48551419377326965,0.2283477783203125,0.25716641545295715
0.43100008368492126,0.2590160369873047,0.17198404669761658
0.12970437109470367,0.2769908905029297,-0.147286519408226
0.23979319632053375,0.29601287841796875,-0.056219682097435
0.3154515027999878,0.2574443817138672,0.058007121086120605
0.09676288813352585,0.21070098876953125,-0.1139381006360054
0.44380050897598267,0.2887897491455078,0.15501075983047485
0.11819444596767426,0.27056121826171875,-0.1523667722940445
0.5252372622489929,0.2713623046875,0.2538749575614929
0.2763606011867523,0.2921142578125,-0.01575365662574768
0.41072317957878113,0.3031272888183594,0.10759589076042175
0.13066571950912476,0.22766494750976562,-0.09699922800064087
0.3875715434551239,0.2653083801269531,0.12226316332817078
0.3701745867729187,0.2794361114501953,0.09073847532272339
0.27152255177497864,0.27740478515625,-0.005882233381271362
0.5833145976066589,0.25345611572265625,0.3298584818840027
0.01754659041762352,0.2545318603515625,-0.23698526993393898
0.3735183775424957,0.28363037109375,0.08988800644874573
0.35463646054267883,0.223785400390625,0.13085106015205383
0.6059374213218689,0.3196296691894531,0.28630775213241577
0.6633407473564148,0.2890796661376953,0.3742610812187195
0.15641283988952637,0.24922752380371094,-0.09281468391418457
0.03371691331267357,0.20497894287109375,-0.17126202955842018
0.4940513074398041,0.3160057067871094,0.1780456006526947
0.09967302531003952,0.2266216278076172,-0.12694860249757767
0.6718360185623169,0.2316741943359375,0.4401618242263794
0.19193530082702637,0.24182510375976562,-0.04988980293273926
0.20358629524707794,0.2193145751953125,-0.015728279948234558
0.47380051016807556,0.3998908996582031,0.07390961050987244
0.4460941255092621,0.304718017578125,0.14137610793113708
0.5215069055557251,0.27334022521972656,0.24816668033599854
0.38366466760635376,0.22618484497070312,0.15747982263565063
0.5617054104804993,0.32907867431640625,0.23262673616409302
0.756203830242157,0.3312263488769531,0.42497748136520386
0.033345963805913925,0.3335456848144531,-0.3001997210085392
0.3560680150985718,0.2118988037109375,0.14416921138763428
0.2378966361284256,0.3312644958496094,-0.09336785972118378
0.31956854462623596,0.187164306640625,0.13240423798561096
0.27409830689430237,0.17295074462890625,0.10114756226539612
0.1037534847855568,0.23663902282714844,-0.13288553804159164
0.04866466671228409,0.1696758270263672,-0.1210111603140831
0.4690983295440674,0.27326202392578125,0.19583630561828613
0.16221743822097778,0.2503681182861328,-0.08815068006515503
0.3851066827774048,0.3254127502441406,0.05969393253326416
0.4001275599002838,0.23138809204101562,0.1687394678592682
0.3402216136455536,0.3203773498535156,0.019844263792037964
0.17554032802581787,0.22330474853515625,-0.04776442050933838
0.36958420276641846,0.2567558288574219,0.11282837390899658
0.3327398896217346,0.3979969024658203,-0.0652570128440857
0.08516936749219894,0.3240852355957031,-0.23891586810350418
0.15567615628242493,0.3447990417480469,-0.18912288546562195
0.21783916652202606,0.20683670043945312,0.011002466082572937
0.29572317004203796,0.2948169708251953,0.0009061992168426514
0.37474095821380615,0.3065319061279297,0.06820905208587646
0.30155912041664124,0.29316139221191406,0.008397728204727173
0.17546717822551727,0.2033863067626953,-0.02791912853717804
0.19733759760856628,0.23633193969726562,-0.03899434208869934
0.08327804505825043,0.2760639190673828,-0.19278587400913239
0.039850667119026184,0.235626220703125,-0.19577555358409882
0.568722128868103,0.23101043701171875,0.3377116918563843
0.11898337304592133,0.28314208984375,-0.16415871679782867
0.2101536989212036,0.210693359375,-0.0005396604537963867
0.42541491985321045,0.2365264892578125,0.18888843059539795
0.16842955350875854,0.272216796875,-0.10378724336624146
0.383450448513031,0.37534141540527344,0.008109033107757568
0.2630324959754944,0.28055572509765625,-0.017523229122161865
0.5027033090591431,0.27359962463378906,0.229103684425354
0.3796573579311371,0.3018531799316406,0.07780417799949646
0.23405128717422485,0.26812744140625,-0.034076154232025146
0.2737116813659668,0.2666053771972656,0.007106304168701172
0.13108891248703003,0.21512222290039062,-0.0840333104133606
0.2355925738811493,0.2486724853515625,-0.013079911470413208
0.46771901845932007,0.20220947265625,0.26550954580307007
0.3039102256298065,0.28131866455078125,0.02259156107902527
0.2836594581604004,0.1954517364501953,0.08820772171020508
0.1704253852367401,0.26555633544921875,-0.09513095021247864
0.0787273645401001,0.24404144287109375,-0.16531407833099365
0.6025100350379944,0.21836471557617188,0.3841453194618225
0.2785288393497467,0.2939128875732422,-0.015384048223495483
0.6620398163795471,0.3137474060058594,0.34829241037368774
0.3890460729598999,0.3307628631591797,0.058283209800720215
0.03308473154902458,0.2469005584716797,-0.2138158269226551
0.17696142196655273,0.23233985900878906,-0.05537843704223633
0.054746173322200775,0.19736099243164062,-0.14261481910943985
0.1684609055519104,0.2558879852294922,-0.08742707967758179
0.4107440710067749,0.23321914672851562,0.17752492427825928
0.6804723739624023,0.3806304931640625,0.29984188079833984
0.18200844526290894,0.19837570190429688,-0.01636725664138794
0.6116322875022888,0.2758808135986328,0.335751473903656
0.40781304240226746,0.24972915649414062,0.15808388590812683
0.2217681109905243,0.2222614288330078,-0.0004933178424835205
0.09681513905525208,0.2255401611328125,-0.12872502207756042
0.19745254516601562,0.21425628662109375,-0.016803741455078125
0.2561568319797516,0.3610954284667969,-0.10493859648704529
0.4162038564682007,0.2238311767578125,0.19237267971038818
0.1438109576702118,0.23683929443359375,-0.09302833676338196
0.5644065737724304,0.3103904724121094,0.25401610136032104
0.16579632461071014,0.16624069213867188,-0.00044436752796173096
0.3331160843372345,0.2815666198730469,0.05154946446418762
0.14527909457683563,0.22102928161621094,-0.0757501870393753
0.2793595492839813,0.18122291564941406,0.09813663363456726
0.0392916277050972,0.2371807098388672,-0.19788908213377
0.2735079228878021,0.23116111755371094,0.042346805334091187
0.22468870878219604,0.2777748107910156,-0.05308610200881958
0.334615558385849,0.28634071350097656,0.048274844884872437
0.44606801867485046,0.3399658203125,0.10610219836235046
0.12035223096609116,0.22368621826171875,-0.1033339872956276
0.30104711651802063,0.2532234191894531,0.047823697328567505
0.07081200182437897,0.20133018493652344,-0.13051818311214447
0.11498650908470154,0.2539215087890625,-0.13893499970436096
0.34426549077033997,0.3351173400878906,0.00914815068244934
0.2996312379837036,0.2767333984375,0.022897839546203613
0.19189873337745667,0.26618194580078125,-0.07428321242332458
0.3421233892440796,0.2800331115722656,0.062090277671813965
0.2248402237892151,0.2560234069824219,-0.031183183193206787
0.32653823494911194,0.21685791015625,0.10968032479286194
0.22043582797050476,0.3675575256347656,-0.14712169766426086
0.36963123083114624,0.3063392639160156,0.06329196691513062
0.27371692657470703,0.26667022705078125,0.007046699523925781
0.06575453281402588,0.12095260620117188,-0.055198073387145996
0.5563240051269531,0.3195343017578125,0.23678970336914062
0.2215747982263565,0.243682861328125,-0.022108063101768494
0.2835131585597992,0.2939949035644531,-0.01048174500465393
0.5589938163757324,0.33238983154296875,0.22660398483276367
0.215467169880867,0.26311302185058594,-0.04764585196971893
0.05601054057478905,0.24918174743652344,-0.1931712068617344
0.05547240003943443,0.24930572509765625,-0.19383332505822182
0.17176289856433868,0.3642997741699219,-0.1925368756055832
0.21083290874958038,0.21385955810546875,-0.0030266493558883667
0.12059256434440613,0.3182258605957031,-0.197633296251297
0.02849225513637066,0.16952896118164062,-0.14103670604526997
0.04633446782827377,0.3201141357421875,-0.2737796679139137
0.18502308428287506,0.3536643981933594,-0.16864131391048431
0.13416101038455963,0.22871971130371094,-0.0945587009191513
0.5063762664794922,0.3069038391113281,0.19947242736816406
0.6050752997398376,0.33953094482421875,0.2655443549156189
0.577687680721283,0.32470703125,0.25298064947128296
0.30515891313552856,0.236968994140625,0.06818991899490356
0.17715473473072052,0.3105621337890625,-0.13340739905834198
0.33925506472587585,0.34421539306640625,-0.0049603283405303955
0.6625988483428955,0.3602581024169922,0.3023407459259033
0.5900805592536926,0.3502006530761719,0.23987990617752075
0.3588632047176361,0.2735748291015625,0.08528837561607361
0.08208159357309341,0.2299785614013672,-0.14789696782827377
0.4123898446559906,0.24839401245117188,0.16399583220481873
0.07410354167222977,0.22356033325195312,-0.14945679157972336
0.4049394726753235,0.27535247802734375,0.12958699464797974
0.2977398931980133,0.22355270385742188,0.07418718934059143
0.09941179305315018,0.2978019714355469,-0.1983901783823967
0.4209112823009491,0.20720863342285156,0.21370264887809753
0.030033528804779053,0.14846038818359375,-0.1184268593788147
0.25819966197013855,0.27475738525390625,-0.0165577232837677
0.5381526350975037,0.3026771545410156,0.23547548055648804
0.4324682354927063,0.3260231018066406,0.10644513368606567
0.2946573495864868,0.2744941711425781,0.02016317844390869
0.3408590257167816,0.2660255432128906,0.07483348250389099
0.3197910189628601,0.19899749755859375,0.12079352140426636
0.8610658049583435,0.24373817443847656,0.6173276305198669
0.2379205822944641,0.2154998779296875,0.02242070436477661
0.42607104778289795,0.3277397155761719,0.09833133220672607
0.12827585637569427,0.26224517822265625,-0.13396932184696198
0.054284222424030304,0.30234718322753906,-0.24806296080350876
0.48256009817123413,0.28436851501464844,0.1981915831565857
0.25113898515701294,0.19660186767578125,0.05453711748123169
0.06828631460666656,0.2913780212402344,-0.2230917066335678
0.44705328345298767,0.26446533203125,0.18258795142173767
0.3111598789691925,0.2360687255859375,0.075091153383255
0.08592476695775986,0.22019195556640625,-0.1342671886086464
0.09650992602109909,0.204345703125,-0.10783577710390091
0.5381922721862793,0.19881439208984375,0.33937788009643555
0.032445140182971954,0.28777503967285156,-0.2553298994898796
0.47620689868927,0.3011131286621094,0.17509377002716064
0.554858922958374,0.2524089813232422,0.30244994163513184
0.1555381417274475,0.3596363067626953,-0.2040981650352478
0.22016718983650208,0.34275054931640625,-0.12258335947990417
0.35357367992401123,0.26042747497558594,0.09314620494842529
0.3506792187690735,0.3418445587158203,0.008834660053253174
0.24526645243167877,0.252044677734375,-0.006778225302696228
0.48153606057167053,0.27927398681640625,0.20226207375526428
0.013855799101293087,0.20107269287109375,-0.18721689376980066
0.25478577613830566,0.34304237365722656,-0.0882565975189209
0.5212225914001465,0.22892379760742188,0.2922987937927246
0.060386624187231064,0.18918228149414062,-0.12879565730690956
0.036029256880283356,0.20126724243164062,-0.16523798555135727
0.3785475492477417,0.23441696166992188,0.14413058757781982
0.07692790031433105,0.3539257049560547,-0.27699780464172363
0.24138976633548737,0.22745132446289062,0.01393844187259674
0.1260501593351364,0.24012374877929688,-0.11407358944416046
0.17415882647037506,0.233734130859375,-0.05957530438899994
0.2513270676136017,0.24513816833496094,0.006188899278640747
0.24961337447166443,0.2594146728515625,-0.009801298379898071
0.1583176553249359,0.35971641540527344,-0.20139876008033752
0.02723092958331108,0.19531631469726562,-0.16808538511395454
0.14386625587940216,0.2304840087890625,-0.08661775290966034
0.12959247827529907,0.2888641357421875,-0.15927165746688843
0.2720271646976471,0.1785449981689453,0.09348216652870178
0.4178265333175659,0.3172283172607422,0.10059821605682373
0.7721211910247803,0.19879150390625,0.5733296871185303
0.0965726226568222,0.2056427001953125,-0.1090700775384903
0.17850574851036072,0.29033470153808594,-0.11182895302772522
0.08484848588705063,0.1929340362548828,-0.10808555036783218
0.49287354946136475,0.29486083984375,0.19801270961761475
0.47301986813545227,0.23626327514648438,0.2367565929889679
0.03699059411883354,0.2338428497314453,-0.19685225561261177
0.17506791651248932,0.17542076110839844,-0.00035284459590911865
0.462894469499588,0.2075347900390625,0.2553596794605255
0.1536468118429184,0.19219398498535156,-0.038547173142433167
0.11490073055028915,0.22121810913085938,-0.10631737858057022
0.08454545587301254,0.24168777465820312,-0.15714231878519058
0.06817136704921722,0.2836284637451172,-0.21545709669589996
0.2561546564102173,0.20334815979003906,0.05280649662017822
0.3887878656387329,0.26889801025390625,0.11988985538482666
0.27672937512397766,0.2562904357910156,0.020438939332962036
0.3705642521381378,0.34597015380859375,0.024594098329544067
0.4597596526145935,0.25116729736328125,0.20859235525131226
0.5313270688056946,0.3232917785644531,0.20803529024124146
0.45752352476119995,0.19322967529296875,0.2642938494682312
0.5140438675880432,0.3381671905517578,0.1758766770362854
0.08800417929887772,0.2361907958984375,-0.14818661659955978
0.29379311203956604,0.22860336303710938,0.06518974900245667
0.888505756855011,0.3286781311035156,0.5598276257514954
0.5807628035545349,0.2521858215332031,0.3285769820213318
0.20350052416324615,0.3252983093261719,-0.12179778516292572
0.25991639494895935,0.24108123779296875,0.0188351571559906
0.06246604025363922,0.2074432373046875,-0.14497719705104828
0.014294670894742012,0.1858501434326172,-0.17155547253787518
0.004179728217422962,0.17538070678710938,-0.1712009785696864
0.16341692209243774,0.26572418212890625,-0.1023072600364685
0.050114940851926804,0.29410362243652344,-0.24398868158459663
0.30169278383255005,0.3072052001953125,-0.005512416362762451
0.13591431081295013,0.23867034912109375,-0.10275603830814362
0.4494566321372986,0.31705474853515625,0.13240188360214233
0.02020898647606373,0.1980152130126953,-0.17780622653663158
0.10746081173419952,0.24864578247070312,-0.1411849707365036
0.539864182472229,0.24785614013671875,0.29200804233551025
0.44434690475463867,0.23150634765625,0.21284055709838867
0.6236363649368286,0.24526596069335938,0.37837040424346924
0.265381395816803,0.31089019775390625,-0.04550880193710327
0.6868129372596741,0.29558563232421875,0.3912273049354553
0.5442319512367249,0.20268630981445312,0.34154564142227173
0.7403134703636169,0.2707557678222656,0.4695577025413513
0.63170325756073,0.2519493103027344,0.3797539472579956
0.04641588404774666,0.22637939453125,-0.17996351048350334
0.2321525663137436,0.21286582946777344,0.019286736845970154
0.13643677532672882,0.2558479309082031,-0.1194111555814743
0.24218390882015228,0.2503471374511719,-0.008163228631019592
0.1355067938566208,0.29419708251953125,-0.15869028866291046
0.5489864349365234,0.3107185363769531,0.2382678985595703
0.43381398916244507,0.3560924530029297,0.07772153615951538
0.20653082430362701,0.22262191772460938,-0.01609109342098236
0.27821317315101624,0.2927055358886719,-0.01449236273765564
0.05160919576883316,0.19050216674804688,-0.13889297097921371
0.6707001328468323,0.23604202270507812,0.43465811014175415
0.018631139770150185,0.17803001403808594,-0.15939887426793575
0.4427899718284607,0.2435131072998047,0.199276864528656
0.2651306092739105,0.23242759704589844,0.032703012228012085
0.540501594543457,0.2609825134277344,0.27951908111572266
0.3426332175731659,0.2702522277832031,0.07238098978996277
0.36489027738571167,0.2582511901855469,0.1066390872001648
0.08050156384706497,0.2200908660888672,-0.13958930224180222
0.0710449293255806,0.24875259399414062,-0.17770766466856003
0.0760188102722168,0.17035865783691406,-0.09433984756469727
0.5031765699386597,0.31385040283203125,0.18932616710662842
0.133092999458313,0.2872810363769531,-0.15418803691864014
0.7075026035308838,0.3245563507080078,0.382946252822876
0.3121107518672943,0.21189308166503906,0.10021767020225525
0.49507835507392883,0.3037834167480469,0.19129493832588196
0.5967398285865784,0.32024383544921875,0.2764959931373596
0.08752351254224777,0.2576408386230469,-0.1701173260807991
0.1913897544145584,0.24740219116210938,-0.056012436747550964
0.058066874742507935,0.246307373046875,-0.18824049830436707
0.12121212482452393,0.23288536071777344,-0.11167323589324951
0.21677115559577942,0.2643241882324219,-0.047553032636642456
0.056938350200653076,0.2030487060546875,-0.14611035585403442
0.3358098268508911,0.24096107482910156,0.09484875202178955
0.48804599046707153,0.3582782745361328,0.12976771593093872
0.772016704082489,0.3478412628173828,0.4241754412651062
0.19515150785446167,0.26123809814453125,-0.06608659029006958
0.1030825525522232,0.1839313507080078,-0.0808487981557846
0.6303343772888184,0.2536735534667969,0.3766608238220215
0.08982235938310623,0.20177078247070312,-0.1119484230875969
0.2735423147678375,0.3398246765136719,-0.06628236174583435
0.2268861085176468,0.254150390625,-0.02726428210735321
0.3196447193622589,0.253173828125,0.06647089123725891
0.352152556180954,0.3326396942138672,0.019512861967086792
0.027972832322120667,0.19003868103027344,-0.16206584870815277
0.36124345660209656,0.3427391052246094,0.018504351377487183
0.3040856719017029,0.21606826782226562,0.08801740407943726
0.138652041554451,0.296875,-0.158222958445549
0.4317450225353241,0.266204833984375,0.1655401885509491
0.44866248965263367,0.3142566680908203,0.13440582156181335
0.3524138033390045,0.2890033721923828,0.0634104311466217
0.26182863116264343,0.2818756103515625,-0.020046979188919067
0.4339916408061981,0.30768585205078125,0.12630578875541687
0.2657993733882904,0.2353382110595703,0.030461162328720093
0.1761128455400467,0.33135223388671875,-0.15523938834667206
0.41436782479286194,0.30742454528808594,0.106943279504776
0.10318703949451447,0.24945068359375,-0.14626364409923553
0.1327272653579712,0.3477611541748047,-0.2150338888168335
0.2800627052783966,0.2283935546875,0.051669150590896606
0.5704492926597595,0.27610015869140625,0.29434913396835327
0.13838034868240356,0.2731056213378906,-0.13472527265548706
0.37792059779167175,0.2647857666015625,0.11313483119010925
0.6960919499397278,0.231048583984375,0.4650433659553528
0.0014420063234865665,0.225311279296875,-0.22386927297338843
0.31572622060775757,0.24798965454101562,0.06773656606674194
0.16668756306171417,0.27997589111328125,-0.11328832805156708
0.1251097172498703,0.3613166809082031,-0.23620696365833282
0.32525601983070374,0.2599067687988281,0.06534925103187561
0.13707418739795685,0.22508621215820312,-0.08801202476024628
0.18143156170845032,0.24528884887695312,-0.06385728716850281
0.39198535680770874,0.25461578369140625,0.1373695731163025
0.0787983313202858,0.19475936889648438,-0.11596103757619858
0.07152560353279114,0.2576408386230469,-0.18611523509025574
0.5617032647132874,0.1815948486328125,0.38010841608047485
0.47751307487487793,0.2832508087158203,0.19426226615905762
0.4780355393886566,0.3140125274658203,0.1640230119228363
0.7074817419052124,0.16254425048828125,0.5449374914169312
0.7345036864280701,0.2651023864746094,0.4694012999534607
0.2954963445663452,0.2926902770996094,0.00280606746673584
0.40777429938316345,0.23951148986816406,0.1682628095149994
0.06942528486251831,0.2163562774658203,-0.146930992603302
0.4853500425815582,0.27840423583984375,0.20694580674171448
0.21901775896549225,0.2615985870361328,-0.042580828070640564
0.5946186184883118,0.28200531005859375,0.312613308429718
0.4071682393550873,0.27181243896484375,0.13535580039024353
0.5749843120574951,0.1923675537109375,0.3826167583465576
0.4670114815235138,0.20590591430664062,0.26110556721687317
0.08285266160964966,0.2747306823730469,-0.19187802076339722
0.13256008923053741,0.23955917358398438,-0.10699908435344696
0.015485893003642559,0.239654541015625,-0.22416864801198244
0.21520376205444336,0.21641921997070312,-0.0012154579162597656
0.18160919845104218,0.26732826232910156,-0.08571906387805939
0.6169697046279907,0.32022857666015625,0.2967411279678345
0.42695924639701843,0.30683326721191406,0.12012597918510437
0.0005538139957934618,0.20267105102539062,-0.20211723702959716
0.17938348650932312,0.2560386657714844,-0.07665517926216125
0.05660397186875343,0.2558555603027344,-0.19925158843398094
0.6082236170768738,0.2432270050048828,0.36499661207199097
0.374973863363266,0.3578147888183594,0.017159074544906616
0.1160397082567215,0.25022125244140625,-0.13418154418468475
0.33879831433296204,0.2443561553955078,0.09444215893745422
0.12318704277276993,0.21799468994140625,-0.09480764716863632
0.1334482729434967,0.32681846618652344,-0.19337019324302673
0.15673981606960297,0.20705413818359375,-0.050314322113990784
0.19862069189548492,0.2628917694091797,-0.06427107751369476
0.18223614990711212,0.25970458984375,-0.07746843993663788
0.21187043190002441,0.2530479431152344,-0.04117751121520996
0.30870428681373596,0.2834491729736328,0.02525511384010315
0.39256009459495544,0.24865150451660156,0.14390859007835388
0.215109720826149,0.1958160400390625,0.019293680787086487
0.43300941586494446,0.2572898864746094,0.17571952939033508
0.2299477607011795,0.24971771240234375,-0.019769951701164246
0.011682340875267982,0.21535301208496094,-0.20367067120969296
0.6411494016647339,0.3612403869628906,0.27990901470184326
0.09563218057155609,0.18072891235351562,-0.08509673178195953
0.15352141857147217,0.3051013946533203,-0.15157997608184814
0.21329154074192047,0.28643798828125,-0.07314644753932953
0.11253918707370758,0.20516204833984375,-0.09262286126613617
0.2653605043888092,0.3335723876953125,-0.0682118833065033
0.04878787696361542,0.2647533416748047,-0.21596546471118927
0.5934587121009827,0.27988243103027344,0.31357628107070923
0.582675039768219,0.2574958801269531,0.32517915964126587
0.371170312166214,0.253326416015625,0.11784389615058899
0.6185789108276367,0.3980522155761719,0.22052669525146484
0.43718913197517395,0.21749114990234375,0.2196979820728302
0.0954023003578186,0.2426910400390625,-0.1472887396812439
0.2297283113002777,0.22378158569335938,0.005946725606918335
0.39081504940986633,0.2951622009277344,0.09565284848213196
0.433218389749527,0.248504638671875,0.18471375107765198
0.09820272028446198,0.186798095703125,-0.08859537541866302
0.5872518420219421,0.2885398864746094,0.29871195554733276
0.43812957406044006,0.2836952209472656,0.15443435311317444
0.2494879812002182,0.2339038848876953,0.015584096312522888
0.438119113445282,0.16421890258789062,0.27390021085739136
0.5530198812484741,0.19753265380859375,0.35548722743988037
0.24782654643058777,0.27179908752441406,-0.023972541093826294
0.5658202767372131,0.2531299591064453,0.3126903176307678
0.3911285400390625,0.34539031982421875,0.04573822021484375
0.06576802581548691,0.2992706298828125,-0.2335026040673256
0.5629571676254272,0.3051643371582031,0.2577928304672241
0.26296761631965637,0.21168899536132812,0.05127862095832825
0.00015673981397412717,0.22014427185058594,-0.2199875320366118
0.2846603989601135,0.201629638671875,0.08303076028823853
0.24864159524440765,0.2628955841064453,-0.014253988862037659
0.015266457572579384,0.21117591857910156,-0.19590946100652218
0.21783699095249176,0.328857421875,-0.11102043092250824
0.1678265482187271,0.23856353759765625,-0.07073698937892914
0.04121212288737297,0.21261978149414062,-0.17140765860676765
0.2900731563568115,0.2728080749511719,0.01726508140563965
0.2431974858045578,0.2522392272949219,-0.009041741490364075
0.08284221589565277,0.3027057647705078,-0.21986354887485504
0.5433019995689392,0.3475685119628906,0.19573348760604858
0.22852665185928345,0.21038436889648438,0.018142282962799072
0.11884012818336487,0.23500442504882812,-0.11616429686546326
0.4216196537017822,0.35846710205078125,0.06315255165100098
0.8311807513237,0.26763153076171875,0.5635492205619812
0.025172414258122444,0.24747085571289062,-0.22229844145476818
0.2816614508628845,0.23421478271484375,0.04744666814804077
0.10866248607635498,0.20111846923828125,-0.09245598316192627
0.49945664405822754,0.24812698364257812,0.2513296604156494
0.03729362413287163,0.2267742156982422,-0.18948059156537056
0.21280041337013245,0.3013496398925781,-0.08854922652244568
0.19143155217170715,0.21133041381835938,-0.01989886164665222
0.010459770448505878,0.14873504638671875,-0.13827527593821287
0.058014627546072006,0.23322105407714844,-0.17520642653107643
0.16579937934875488,0.2901325225830078,-0.12433314323425293
0.6088087558746338,0.2675819396972656,0.34122681617736816
0.06175548583269119,0.21666717529296875,-0.15491168946027756
0.11724138259887695,0.2011260986328125,-0.08388471603393555
0.16158829629421234,0.22668838500976562,-0.06510008871555328
0.2892058491706848,0.2671623229980469,0.02204352617263794
0.19225704669952393,0.2069835662841797,-0.014726519584655762
0.40500521659851074,0.23079681396484375,0.174208402633667
0.05876697972416878,0.2107563018798828,-0.15198932215571404
0.23366771638393402,0.3511009216308594,-0.11743320524692535
0.30159875750541687,0.21274566650390625,0.08885309100151062
0.6350574493408203,0.2546825408935547,0.3803749084472656
0.06118077412247658,0.18166732788085938,-0.1204865537583828
0.08902820944786072,0.18988800048828125,-0.10085979104042053
0.10518286377191544,0.22609329223632812,-0.12091042846441269
0.013636363670229912,0.21007347106933594,-0.19643710739910603
0.16319748759269714,0.36670684814453125,-0.2035093605518341
0.8410031199455261,0.23952484130859375,0.6014782786369324
0.02774294652044773,0.23358154296875,-0.20583859644830227
0.459676057100296,0.3081626892089844,0.15151336789131165
0.2901671826839447,0.36162567138671875,-0.07145848870277405
0.20897597074508667,0.2651710510253906,-0.056195080280303955
0.03313479572534561,0.29441261291503906,-0.26127781718969345
0.24536050856113434,0.2674274444580078,-0.022066935896873474
0.42198535799980164,0.329315185546875,0.09267017245292664
0.7329153418540955,0.3212242126464844,0.4116911292076111
0.0730929970741272,0.177520751953125,-0.1044277548789978
0.27110761404037476,0.2187633514404297,0.05234426259994507
0.2526959180831909,0.2713813781738281,-0.018685460090637207
0.5057366490364075,0.24793052673339844,0.25780612230300903
0.37615466117858887,0.23707962036132812,0.13907504081726074
0.16208986937999725,0.23952865600585938,-0.07743878662586212
0.6577116250991821,0.27199554443359375,0.3857160806655884
0.04853709414601326,0.23361968994140625,-0.185082595795393
0.14452455937862396,0.2678337097167969,-0.12330915033817291
0.21901775896549225,0.2901458740234375,-0.07112811505794525
0.41925808787345886,0.18609237670898438,0.2331657111644745
0.6294670701026917,0.39824867248535156,0.2312183976173401
0.2475757598876953,0.2829914093017578,-0.0354156494140625
0.1804911196231842,0.2921028137207031,-0.11161169409751892
0.7140334248542786,0.3130607604980469,0.4009726643562317
0.6983489990234375,0.3426666259765625,0.355682373046875
0.16378265619277954,0.31451988220214844,-0.1507372260093689
0.008014628663659096,0.22239303588867188,-0.21437840722501278
0.19859978556632996,0.24528121948242188,-0.04668143391609192
0.07079415023326874,0.23724746704101562,-0.1664533168077469
0.1682758629322052,0.26218414306640625,-0.09390828013420105
0.20987461507320404,0.2907867431640625,-0.08091212809085846
0.008328109048306942,0.2671699523925781,-0.2588418433442712
0.22501567006111145,0.19537925720214844,0.029636412858963013
0.39146289229393005,0.24158477783203125,0.1498781144618988
0.011316614225506783,0.32410430908203125,-0.31278769485652447
0.005506792105734348,0.18170928955078125,-0.1762024974450469
0.6565203666687012,0.3354606628417969,0.3210597038269043
0.23824451863765717,0.2380199432373047,0.00022457540035247803
0.06096133589744568,0.21738433837890625,-0.15642300248146057
0.15733543038368225,0.3067188262939453,-0.14938339591026306
0.04464994743466377,0.27924346923828125,-0.23459352180361748
0.033542320132255554,0.21869468688964844,-0.18515236675739288
0.47809821367263794,0.3359642028808594,0.14213401079177856
0.3715256154537201,0.2758312225341797,0.0956943929195404
0.005924765020608902,0.15857315063476562,-0.15264838561415672
0.17006269097328186,0.2263965606689453,-0.05633386969566345
0.046353187412023544,0.17877769470214844,-0.1324245072901249
0.12958203256130219,0.201171875,-0.07158984243869781
0.42012539505958557,0.3296356201171875,0.09048977494239807
0.5803866386413574,0.3623313903808594,0.21805524826049805
0.1484535038471222,0.24195480346679688,-0.09350129961967468
0.014242424629628658,0.19695663452148438,-0.18271420989185572
0.22137930989265442,0.18228530883789062,0.039094001054763794
0.058892372995615005,0.20540428161621094,-0.14651190862059593
0.6018913388252258,0.2777538299560547,0.32413750886917114
0.5857262015342712,0.3122062683105469,0.27351993322372437
0.17921629548072815,0.21753311157226562,-0.038316816091537476
0.49045976996421814,0.31499671936035156,0.17546305060386658
0.12067920714616776,0.1731548309326172,-0.05247562378644943
0.2838871479034424,0.19922637939453125,0.08466076850891113
0.5160815119743347,0.3242950439453125,0.19178646802902222
0.5887669920921326,0.29637908935546875,0.2923879027366638
0.5059247612953186,0.2521629333496094,0.25376182794570923
0.2569279074668884,0.21240997314453125,0.04451793432235718
0.23592476546764374,0.2758598327636719,-0.03993506729602814
0.6988087892532349,0.3742561340332031,0.32455265522003174
0.4564785659313202,0.3088111877441406,0.14766737818717957
0.742392897605896,0.2200164794921875,0.5223764181137085
0.1456008404493332,0.229400634765625,-0.08379979431629181
0.4065099358558655,0.302947998046875,0.10356193780899048
0.6335422992706299,0.2527503967285156,0.38079190254211426
0.13523511588573456,0.2669029235839844,-0.13166780769824982
0.015987461432814598,0.20637130737304688,-0.19038384594023228
0.0386311374604702,0.20461654663085938,-0.16598540917038918
0.2521421015262604,0.2644805908203125,-0.012338489294052124
0.5327063798904419,0.3296623229980469,0.20304405689239502
0.2080041766166687,0.196807861328125,0.011196315288543701
0.10612329840660095,0.24695587158203125,-0.1408325731754303
0.45862069725990295,0.2717399597167969,0.18688073754310608
0.13867293298244476,0.29582977294921875,-0.157156839966774
0.24387669563293457,0.22578048706054688,0.018096208572387695
0.2632392942905426,0.260650634765625,0.0025886595249176025
0.502079427242279,0.25226783752441406,0.249811589717865
0.11256008595228195,0.2048492431640625,-0.09228915721178055
0.053772203624248505,0.2868919372558594,-0.23311973363161087
0.4229780435562134,0.22186660766601562,0.20111143589019775
0.1514524519443512,0.34789466857910156,-0.19644221663475037
0.07123301923274994,0.24428558349609375,-0.1730525642633438
0.008808777667582035,0.15535545349121094,-0.1465466758236289
0.21073144674301147,0.20748329162597656,0.003248155117034912
0.461159884929657,0.20284271240234375,0.25831717252731323
0.17637409269809723,0.21521377563476562,-0.038839682936668396
0.10753396153450012,0.23233604431152344,-0.12480208277702332
0.28755486011505127,0.31130218505859375,-0.02374732494354248
0.0974503681063652,0.2758598327636719,-0.17840946465730667
0.04422152414917946,0.2071685791015625,-0.16294705495238304
0.5144409537315369,0.2263774871826172,0.2880634665489197
0.29277950525283813,0.212249755859375,0.08052974939346313
0.11078369617462158,0.1844329833984375,-0.07364928722381592
0.024587251245975494,0.18857192993164062,-0.16398467868566513
0.3759038746356964,0.14498329162597656,0.23092058300971985
0.02003134787082672,0.2188873291015625,-0.19885598123073578
0.06934168934822083,0.19721221923828125,-0.12787052989006042
0.46932080388069153,0.23878860473632812,0.2305321991443634
0.11175548285245895,0.22838401794433594,-0.11662853509187698
0.09743991494178772,0.2774810791015625,-0.18004116415977478
0.14966562390327454,0.2881736755371094,-0.13850805163383484
0.16925810277462006,0.2905292510986328,-0.12127114832401276
0.6887878775596619,0.21416473388671875,0.4746231436729431
0.060825496912002563,0.3090858459472656,-0.24826034903526306
0.5982758402824402,0.2734031677246094,0.3248726725578308
0.6995924711227417,0.35695648193359375,0.34263598918914795
0.39220482110977173,0.2666130065917969,0.12559181451797485
0.16844305396080017,0.2078857421875,-0.03944268822669983
0.22100313007831573,0.2844657897949219,-0.06346265971660614
0.0366562157869339,0.19191741943359375,-0.15526120364665985
0.0053500523790717125,0.21686935424804688,-0.21151930186897516
0.05708463862538338,0.27215576171875,-0.21507112309336662
0.18549634516239166,0.19635772705078125,-0.010861381888389587
0.15742947161197662,0.21708297729492188,-0.05965350568294525
0.016948798671364784,0.2559833526611328,-0.23903455398976803
0.1384952962398529,0.23923110961914062,-0.10073581337928772
0.24908046424388885,0.2679786682128906,-0.01889820396900177
0.2945350110530853,0.16756820678710938,0.12696680426597595
0.20738767087459564,0.2331695556640625,-0.025781884789466858
0.07709509134292603,0.31594085693359375,-0.23884576559066772
0.27045977115631104,0.26874542236328125,0.0017143487930297852
0.059623826295137405,0.3082847595214844,-0.24866093322634697
0.5430616736412048,0.2603893280029297,0.28267234563827515
0.531619668006897,0.3026599884033203,0.22895967960357666
0.5014106631278992,0.22619247436523438,0.2752181887626648
0.09743991494178772,0.36646270751953125,-0.26902279257774353
0.3508986532688141,0.23859786987304688,0.11230078339576721
0.059770114719867706,0.2077178955078125,-0.1479477807879448
0.07140021026134491,0.256988525390625,-0.1855883151292801
0.03587251901626587,0.1883392333984375,-0.15246671438217163
0.5869696736335754,0.3574256896972656,0.22954398393630981
0.22810867428779602,0.22326278686523438,0.0048458874225616455
0.3280564248561859,0.2080535888671875,0.12000283598899841
0.4969383478164673,0.23025894165039062,0.26667940616607666
0.8008150458335876,0.24575042724609375,0.5550646185874939
0.2118913233280182,0.2729911804199219,-0.061099857091903687
0.5553709268569946,0.383880615234375,0.17149031162261963
0.2689550817012787,0.22882843017578125,0.040126651525497437
0.40551725029945374,0.25884056091308594,0.1466766893863678
0.009184952825307846,0.17658615112304688,-0.16740119829773903
0.11664576828479767,0.2815513610839844,-0.1649055927991867
0.08723092824220657,0.187408447265625,-0.10017751902341843
0.4527586102485657,0.2871513366699219,0.1656072735786438
0.35252872109413147,0.22714614868164062,0.12538257241249084
0.4082654118537903,0.27194976806640625,0.13631564378738403
0.42130616307258606,0.3617744445800781,0.059531718492507935
0.37822362780570984,0.283599853515625,0.09462377429008484
0.3122048079967499,0.22997283935546875,0.08223196864128113
0.30124348402023315,0.33025360107421875,-0.029010117053985596
0.2524033486843109,0.3095512390136719,-0.05714789032936096
0.03999999910593033,0.2661705017089844,-0.22617050260305405
0.38340649008750916,0.20922279357910156,0.1741836965084076
0.23340648412704468,0.21907424926757812,0.014332234859466553
0.2229362577199936,0.24880599975585938,-0.025869742035865784
0.04567398130893707,0.241790771484375,-0.19611679017543793
0.09577847272157669,0.20436668395996094,-0.10858821123838425
0.6674190163612366,0.28963279724121094,0.37778621912002563
0.17782653868198395,0.20241928100585938,-0.024592742323875427
0.02357366681098938,0.26215362548828125,-0.23857995867729187
0.2592894434928894,0.22627830505371094,0.03301113843917847
0.07430511713027954,0.27932167053222656,-0.20501655340194702
0.5965830683708191,0.27173614501953125,0.32484692335128784
0.06249738857150078,0.2466888427734375,-0.18419145420193672
0.18140020966529846,0.26584625244140625,-0.08444604277610779
0.09519331157207489,0.275604248046875,-0.1804109364748001
0.07580982148647308,0.2363872528076172,-0.1605774313211441
0.08955068141222,0.2600555419921875,-0.1705048605799675
0.4342110753059387,0.2809276580810547,0.15328341722488403
0.3347857892513275,0.1728668212890625,0.16191896796226501
0.1098223626613617,0.14985275268554688,-0.04003039002418518
0.48649948835372925,0.2511768341064453,0.23532265424728394
0.24820271134376526,0.30096435546875,-0.05276164412498474
0.5032706260681152,0.3408088684082031,0.1624617576599121
0.26137930154800415,0.3606853485107422,-0.09930604696273804
0.13357366621494293,0.2639122009277344,-0.13033853471279144
0.08249738812446594,0.1932239532470703,-0.11072656512260437
0.11461859941482544,0.24809646606445312,-0.13347786664962769
0.13848485052585602,0.24819564819335938,-0.10971079766750336
0.3266039788722992,0.20307159423828125,0.12353238463401794
0.39672935009002686,0.3266925811767578,0.07003676891326904
0.24205851554870605,0.29026031494140625,-0.048201799392700195
0.11637408286333084,0.24665451049804688,-0.13028042763471603
0.3189028203487396,0.19182205200195312,0.1270807683467865
0.3726332187652588,0.25251007080078125,0.12012314796447754
0.24793103337287903,0.23643112182617188,0.011499911546707153
0.61771160364151,0.293609619140625,0.324101984500885
0.09857889264822006,0.1964111328125,-0.09783224016427994
0.2336154580116272,0.33443450927734375,-0.10081905126571655
0.021473353728652,0.3249702453613281,-0.3034968916326761
0.23619644343852997,0.1995086669921875,0.03668777644634247
0.28288400173187256,0.27024078369140625,0.012643218040466309
0.6819958090782166,0.33284759521484375,0.3491482138633728
0.6190699934959412,0.3343505859375,0.28471940755844116
0.029362590983510017,0.16180419921875,-0.13244160823523998
0.40646812319755554,0.19878387451171875,0.2076842486858368
0.039278995245695114,0.2943401336669922,-0.2550611384212971
0.3167084753513336,0.2688941955566406,0.04781427979469299
0.6094043850898743,0.29413604736328125,0.315268337726593
0.5484848618507385,0.27079010009765625,0.2776947617530823
0.5495924949645996,0.22225570678710938,0.32733678817749023
0.32342737913131714,0.24695205688476562,0.07647532224655151
0.18924765288829803,0.2895030975341797,-0.10025544464588165
0.10709509253501892,0.234039306640625,-0.12694421410560608
0.31647858023643494,0.30106163024902344,0.015416949987411499
0.3988923728466034,0.24886322021484375,0.15002915263175964
0.22176593542099,0.2366504669189453,-0.014884531497955322
0.02366771176457405,0.1598377227783203,-0.13617001101374626
0.17388714849948883,0.2452983856201172,-0.07141123712062836
0.5719226598739624,0.30994415283203125,0.26197850704193115
0.09466039389371872,0.2696876525878906,-0.1750272586941719
0.4308463931083679,0.26398658752441406,0.16685980558395386
0.19846394658088684,0.19916534423828125,-0.0007013976573944092
0.25897595286369324,0.2972526550292969,-0.03827670216560364
0.03132706508040428,0.21914291381835938,-0.1878158487379551
0.19727273285388947,0.2583751678466797,-0.06110243499279022
0.3046499490737915,0.21583938598632812,0.08881056308746338
0.1666039675474167,0.3179035186767578,-0.15129955112934113
0.15556949377059937,0.2507648468017578,-0.09519535303115845
0.12699060142040253,0.3044261932373047,-0.17743559181690216
0.18249738216400146,0.2767486572265625,-0.09425127506256104
0.45576801896095276,0.2192211151123047,0.23654690384864807
0.05678160861134529,0.207977294921875,-0.1511956863105297
0.1916196495294571,0.21030426025390625,-0.018684610724449158
0.29584115743637085,0.2324981689453125,0.06334298849105835
0.4475443959236145,0.3081092834472656,0.13943511247634888
0.2241797298192978,0.27530670166015625,-0.05112697184085846
0.6960501670837402,0.2765159606933594,0.41953420639038086
0.46965518593788147,0.23755264282226562,0.23210254311561584
0.2669592499732971,0.26396751403808594,0.0029917359352111816
0.22495298087596893,0.24940109252929688,-0.024448111653327942
0.06198536977171898,0.18399620056152344,-0.12201083078980446
0.013740857131779194,0.23915863037109375,-0.22541777323931456
0.07297805696725845,0.32756805419921875,-0.2545899972319603
0.01661442033946514,0.24634552001953125,-0.2297310996800661
0.012622779235243797,0.21346473693847656,-0.20084195770323277
0.03866248577833176,0.2663688659667969,-0.22770638018846512
0.283134788274765,0.20045852661132812,0.08267626166343689
0.20804597437381744,0.21371841430664062,-0.005672439932823181
0.08714733272790909,0.25682830810546875,-0.16968097537755966
0.17543365061283112,0.2584114074707031,-0.08297775685787201
0.04445141181349754,0.2894630432128906,-0.24501163139939308
0.37463951110839844,0.2348957061767578,0.13974380493164062
0.09303030371665955,0.2040271759033203,-0.11099687218666077
0.19708463549613953,0.2555065155029297,-0.05842188000679016
0.40873563289642334,0.24899673461914062,0.15973889827728271
0.37718912959098816,0.24233245849609375,0.1348566710948944
0.3365726172924042,0.3293170928955078,0.007255524396896362
0.10215256363153458,0.25212860107421875,-0.14997603744268417
0.08075235038995743,0.19744873046875,-0.11669638007879257
0.10817136615514755,0.21790313720703125,-0.1097317710518837
0.38574713468551636,0.275054931640625,0.11069220304489136
0.03818181902170181,0.1813335418701172,-0.14315172284841537
0.5258620977401733,0.32134437561035156,0.20451772212982178
0.09593521058559418,0.174285888671875,-0.07835067808628082
0.6218181848526001,0.2573509216308594,0.3644672632217407
0.24394984543323517,0.31052398681640625,-0.06657414138317108
0.4064994752407074,0.26619529724121094,0.14030417799949646
0.15555903315544128,0.2133960723876953,-0.05783703923225403
0.2975444197654724,0.20950698852539062,0.08803743124008179
0.5026123523712158,0.3157005310058594,0.18691182136535645
0.03625914454460144,0.27897071838378906,-0.24271157383918762
0.37295717000961304,0.26964378356933594,0.1033133864402771
0.26803553104400635,0.272674560546875,-0.004639029502868652
0.29863113164901733,0.2606620788574219,0.03796905279159546
0.3327272832393646,0.2506256103515625,0.08210167288780212
0.1904701590538025,0.2625465393066406,-0.07207638025283813
0.3319605588912964,0.2764759063720703,0.055484652519226074
0.04256144165992737,0.16938018798828125,-0.12681874632835388
0.48201584815979004,0.25260162353515625,0.2294142246246338
0.3154468238353729,0.2225780487060547,0.09286877512931824
0.20013172924518585,0.23615264892578125,-0.0360209196805954
0.23952758312225342,0.32814788818359375,-0.08862030506134033
0.3518174886703491,0.2757282257080078,0.07608926296234131
0.21870426833629608,0.24032974243164062,-0.021625474095344543
0.06309811770915985,0.2415790557861328,-0.17848093807697296
0.21359479427337646,0.25946044921875,-0.045865654945373535
0.2560151219367981,0.3518714904785156,-0.09585636854171753
0.28026100993156433,0.240234375,0.04002663493156433
0.31329435110092163,0.258514404296875,0.05477994680404663
0.18392382562160492,0.24383163452148438,-0.059907808899879456
0.23661960661411285,0.270355224609375,-0.033735617995262146
0.37384870648384094,0.3421058654785156,0.03174284100532532
0.18012984097003937,0.3079185485839844,-0.127788707613945
0.15521761775016785,0.2904987335205078,-0.13528111577033997
0.03069385699927807,0.22593307495117188,-0.1952392179518938
0.23250889778137207,0.2822265625,-0.04971766471862793
0.4095008671283722,0.20102310180664062,0.20847776532173157
0.18776783347129822,0.23630523681640625,-0.04853740334510803
0.27237221598625183,0.22406387329101562,0.048308342695236206
0.43286049365997314,0.23492431640625,0.19793617725372314
0.24934501945972443,0.29360198974609375,-0.044256970286369324
0.2756304144859314,0.2509307861328125,0.024699628353118896
0.17786401510238647,0.2759056091308594,-0.0980415940284729
0.15412533283233643,0.25936317443847656,-0.10523784160614014
0.21168294548988342,0.21401023864746094,-0.0023272931575775146
0.2837334871292114,0.29582977294921875,-0.012096285820007324
0.1874687820672989,0.2766551971435547,-0.0891864150762558
0.26102590560913086,0.2382984161376953,0.022727489471435547
0.6099406480789185,0.3138694763183594,0.2960711717605591
0.030842697247862816,0.2624969482421875,-0.23165425099432468
0.18547466397285461,0.2005901336669922,-0.015115469694137573
0.3189954161643982,0.17786026000976562,0.14113515615463257
0.5154640078544617,0.2684211730957031,0.24704283475875854
0.20159442722797394,0.20856285095214844,-0.0069684237241744995
0.20031115412712097,0.239837646484375,-0.03952649235725403
0.17084671556949615,0.24583053588867188,-0.07498382031917572
0.21434664726257324,0.20921707153320312,0.005129575729370117
0.06968620419502258,0.19443702697753906,-0.12475082278251648
0.21398426592350006,0.25426292419433594,-0.040278658270835876
0.33282965421676636,0.2775001525878906,0.05532950162887573
0.08820156753063202,0.19467926025390625,-0.10647769272327423
0.21907466650009155,0.2797222137451172,-0.060647547245025635
0.3754766881465912,0.287384033203125,0.08809265494346619
0.3476198613643646,0.2598686218261719,0.08775123953819275
0.17821523547172546,0.2781791687011719,-0.09996393322944641
0.2715308368206024,0.3313407897949219,-0.05980995297431946
0.17574602365493774,0.22634315490722656,-0.05059713125228882
0.233893483877182,0.356353759765625,-0.122460275888443
0.24599705636501312,0.21838760375976562,0.027609452605247498
0.2839707136154175,0.2391529083251953,0.04481780529022217
0.030038056895136833,0.22499465942382812,-0.1949566025286913
0.2326291799545288,0.1642913818359375,0.06833779811859131
0.1629113107919693,0.2963428497314453,-0.133431538939476
0.10545450448989868,0.18633270263671875,-0.08087819814682007
0.12456635385751724,0.14179611206054688,-0.017229758203029633
0.1715509295463562,0.2698020935058594,-0.09825116395950317
0.18407581746578217,0.25968360900878906,-0.0756077915430069
0.1421099305152893,0.241668701171875,-0.0995587706565857
0.35241514444351196,0.2317047119140625,0.12071043252944946
0.11733776330947876,0.20679855346679688,-0.08946079015731812
0.23071205615997314,0.17553329467773438,0.05517876148223877
0.1462864726781845,0.16884803771972656,-0.022561565041542053
0.27179834246635437,0.2691516876220703,0.0026466548442840576
0.1865793913602829,0.15569305419921875,0.030886337161064148
0.10839958488941193,0.2942180633544922,-0.18581847846508026
0.18153397738933563,0.2652702331542969,-0.08373625576496124
0.041930973529815674,0.22632217407226562,-0.18439120054244995
0.24333912134170532,0.26409912109375,-0.020759999752044678
0.25883254408836365,0.25908851623535156,-0.00025597214698791504
0.27944958209991455,0.31432342529296875,-0.0348738431930542
0.16880996525287628,0.22709083557128906,-0.05828087031841278
0.22393448650836945,0.24366188049316406,-0.019727393984794617
0.22439780831336975,0.18599319458007812,0.038404613733291626
0.2432376742362976,0.23078346252441406,0.012454211711883545
0.35164356231689453,0.35329627990722656,-0.0016527175903320312
0.15775743126869202,0.29236412048339844,-0.13460668921470642
0.3550173044204712,0.2485504150390625,0.10646688938140869
0.26365986466407776,0.3066978454589844,-0.043037980794906616
0.25079280138015747,0.28037261962890625,-0.02957981824874878
0.2198362946510315,0.22027969360351562,-0.00044339895248413086
0.24984043836593628,0.3656883239746094,-0.1158478856086731
0.240941122174263,0.2365703582763672,0.004370763897895813
0.22177836298942566,0.28707122802734375,-0.06529286503791809
0.1636899709701538,0.24737167358398438,-0.08368170261383057
0.2280115932226181,0.237518310546875,-0.009506717324256897
0.16688519716262817,0.2633705139160156,-0.09648531675338745
0.19873586297035217,0.22336959838867188,-0.024633735418319702
0.15477648377418518,0.21752548217773438,-0.0627489984035492
0.1699695885181427,0.26670074462890625,-0.09673115611076355
0.03100884146988392,0.16513442993164062,-0.1341255884617567
0.32696646451950073,0.23685836791992188,0.09010809659957886
0.18676821887493134,0.35143280029296875,-0.16466458141803741
0.2871237099170685,0.26259613037109375,0.02452757954597473
0.29571428894996643,0.3429985046386719,-0.047284215688705444
0.2765558063983917,0.2665977478027344,0.009958058595657349
0.4008508324623108,0.28912353515625,0.11172729730606079
0.3317733407020569,0.23993682861328125,0.09183651208877563
0.3093244433403015,0.17328262329101562,0.1360418200492859
0.28607630729675293,0.24146270751953125,0.04461359977722168
0.22970226407051086,0.30805206298828125,-0.07834979891777039
0.32875052094459534,0.36309814453125,-0.03434762358665466
0.07338852435350418,0.23765945434570312,-0.16427092999219894
0.2879599332809448,0.3196258544921875,-0.031665921211242676
0.3290327787399292,0.29033660888671875,0.03869616985321045
0.18629047274589539,0.22499847412109375,-0.038708001375198364
0.3260194957256317,0.25402259826660156,0.07199689745903015
0.16417033970355988,0.2132396697998047,-0.04906933009624481
0.1587219387292862,0.2310466766357422,-0.072324737906456
0.18296895921230316,0.3348236083984375,-0.15185464918613434
0.20481234788894653,0.2710151672363281,-0.06620281934738159
0.2988685369491577,0.17416000366210938,0.12470853328704834
0.23171116411685944,0.2776451110839844,-0.04593394696712494
0.25049373507499695,0.2868194580078125,-0.03632572293281555
0.33241474628448486,0.23624038696289062,0.09617435932159424
0.047263260930776596,0.2404766082763672,-0.1932133473455906
0.4792868196964264,0.2567024230957031,0.22258439660072327
0.22406627237796783,0.28064727783203125,-0.056581005454063416
0.23742714524269104,0.2502326965332031,-0.012805551290512085
0.21900369226932526,0.2296123504638672,-0.010608658194541931
0.3277551829814911,0.24428558349609375,0.08346959948539734
0.305838942527771,0.25974273681640625,0.046096205711364746
0.033634670078754425,0.22654151916503906,-0.19290684908628464
0.38981273770332336,0.2797393798828125,0.11007335782051086
0.40782713890075684,0.27615928649902344,0.1316678524017334
0.40727829933166504,0.2829437255859375,0.12433457374572754
0.029796678572893143,0.1416778564453125,-0.11188117787241936
0.25696471333503723,0.2738456726074219,-0.016880959272384644
0.2054242640733719,0.2128009796142578,-0.007376715540885925
0.23569084703922272,0.32033538818359375,-0.08464454114437103
0.22069749236106873,0.2609977722167969,-0.04030027985572815
0.5352916121482849,0.344390869140625,0.1909007430076599
0.25370916724205017,0.22056007385253906,0.03314909338951111
0.04132194444537163,0.23673248291015625,-0.19541053846478462
0.3256755471229553,0.3980522155761719,-0.07237666845321655
0.17165185511112213,0.2132854461669922,-0.041633591055870056
0.1812843233346939,0.20038223266601562,-0.019097909331321716
0.1595648229122162,0.2205181121826172,-0.060953289270401
0.17110225558280945,0.28662681579589844,-0.11552456021308899
0.3235373795032501,0.17626571655273438,0.14727166295051575
0.311290979385376,0.2608489990234375,0.05044198036193848
0.4353187680244446,0.2360706329345703,0.19924813508987427
0.3296924829483032,0.2814140319824219,0.04827845096588135
0.06621849536895752,0.21567153930664062,-0.1494530439376831
0.19565635919570923,0.2890796661376953,-0.09342330694198608
0.06134388595819473,0.25876426696777344,-0.1974203810095787
0.043035298585891724,0.20003700256347656,-0.15700170397758484
0.1652984917163849,0.275848388671875,-0.11054989695549011
0.5766581296920776,0.2377185821533203,0.3389395475387573
0.29169484972953796,0.31355857849121094,-0.021863728761672974
0.15549448132514954,0.19173431396484375,-0.036239832639694214
0.30019015073776245,0.1876392364501953,0.11255091428756714
0.25920820236206055,0.26782989501953125,-0.008621692657470703
0.1941048949956894,0.25099945068359375,-0.05689455568790436
0.27311742305755615,0.2239856719970703,0.04913175106048584
0.3429443836212158,0.3098926544189453,0.03305172920227051
0.32219818234443665,0.17822837829589844,0.1439698040485382
0.25323793292045593,0.2784919738769531,-0.025254040956497192
0.2607857584953308,0.2701873779296875,-0.00940161943435669
0.19455015659332275,0.2266387939453125,-0.032088637351989746
0.3545949161052704,0.21199798583984375,0.14259693026542664
0.19692671298980713,0.22861289978027344,-0.03168618679046631
0.33688557147979736,0.34465789794921875,-0.007772326469421387
0.4061105251312256,0.22301101684570312,0.18309950828552246
0.5735613107681274,0.27993202209472656,0.2936292886734009
0.43654489517211914,0.24452590942382812,0.19201898574829102
0.3616451919078827,0.2348499298095703,0.12679526209831238
0.5344473123550415,0.24909210205078125,0.28535521030426025
0.17298652231693268,0.29181671142578125,-0.11883018910884857
0.25295954942703247,0.22982406616210938,0.023135483264923096
0.3119491636753082,0.24968338012695312,0.0622657835483551
0.15743529796600342,0.23931503295898438,-0.08187973499298096
0.1591462641954422,0.1937103271484375,-0.0345640629529953
0.05524307116866112,0.24417495727539062,-0.1889318861067295
0.23109297454357147,0.2810955047607422,-0.050002530217170715
0.18235129117965698,0.1994342803955078,-0.01708298921585083
0.31675779819488525,0.20106124877929688,0.11569654941558838
0.17292018234729767,0.2863349914550781,-0.11341480910778046
0.49907806515693665,0.2835502624511719,0.21552780270576477
0.2816178798675537,0.18831443786621094,0.09330344200134277
0.3817710876464844,0.2513694763183594,0.130401611328125
0.1776709109544754,0.2693901062011719,-0.09171919524669647
0.22999843955039978,0.23580169677734375,-0.00580325722694397
0.32375064492225647,0.30448150634765625,0.01926913857460022
0.16545623540878296,0.2482147216796875,-0.08275848627090454
0.17735831439495087,0.2879371643066406,-0.11057884991168976
0.2630438208580017,0.19878768920898438,0.06425613164901733
0.32171830534935,0.30939674377441406,0.012321561574935913
0.3834663927555084,0.1515045166015625,0.23196187615394592
0.07318025082349777,0.16016387939453125,-0.08698362857103348
0.31902939081192017,0.3458366394042969,-0.02680724859237671
0.36423754692077637,0.22545814514160156,0.1387794017791748
0.17068056762218475,0.3015556335449219,-0.13087506592273712
0.16817060112953186,0.17390823364257812,-0.005737632513046265
0.38891029357910156,0.21523284912109375,0.1736774444580078
0.19929447770118713,0.25005340576171875,-0.050758928060531616
0.22163015604019165,0.22878265380859375,-0.0071524977684021
0.18826903402805328,0.30812835693359375,-0.11985932290554047
0.1583525389432907,0.2235260009765625,-0.06517346203327179
0.34994563460350037,0.16256332397460938,0.187382310628891
0.17400595545768738,0.19678115844726562,-0.022775202989578247
0.21726778149604797,0.285491943359375,-0.06822416186332703
0.2894223928451538,0.26171112060546875,0.02771127223968506
0.30884596705436707,0.23972702026367188,0.06911894679069519
0.33176320791244507,0.2597923278808594,0.0719708800315857
0.26093655824661255,0.2715606689453125,-0.010624110698699951
0.2006598711013794,0.2862663269042969,-0.08560645580291748
0.31162136793136597,0.23514556884765625,0.07647579908370972
0.0327761135995388,0.19352149963378906,-0.16074538603425026
0.307193785905838,0.20287322998046875,0.10432055592536926
0.26650863885879517,0.24024009704589844,0.02626854181289673
0.07479805499315262,0.3225994110107422,-0.24780135601758957
0.2358824461698532,0.26689720153808594,-0.031014755368232727
0.3431738615036011,0.28612327575683594,0.05705058574676514
0.15367454290390015,0.23050308227539062,-0.07682853937149048
0.384060263633728,0.339385986328125,0.04467427730560303
0.20943555235862732,0.2526435852050781,-0.043208032846450806
0.23569786548614502,0.315093994140625,-0.07939612865447998
0.4337386190891266,0.2374248504638672,0.1963137686252594
0.197421133518219,0.2267932891845703,-0.02937215566635132
0.03199855983257294,0.2375946044921875,-0.20559604465961456
0.17169460654258728,0.2822380065917969,-0.1105434000492096
0.623167097568512,0.30169677734375,0.32147032022476196
0.27109235525131226,0.19460296630859375,0.0764893889427185
0.18641021847724915,0.3028984069824219,-0.11648818850517273
0.043770596385002136,0.20034027099609375,-0.1565696746110916
0.3428112268447876,0.26521873474121094,0.07759249210357666
0.08662426471710205,0.16175079345703125,-0.0751265287399292
0.18263918161392212,0.24084091186523438,-0.058201730251312256
0.31743767857551575,0.30374717712402344,0.01369050145149231
0.2601471543312073,0.23442649841308594,0.025720655918121338
0.20912571251392365,0.24317169189453125,-0.034045979380607605
0.16126589477062225,0.2457561492919922,-0.08449025452136993
0.45931655168533325,0.19591140747070312,0.2634051442146301
0.26787054538726807,0.19667434692382812,0.07119619846343994
0.26581811904907227,0.2783660888671875,-0.012547969818115234
0.26537248492240906,0.2855339050292969,-0.020161420106887817
0.17810676991939545,0.27712249755859375,-0.0990157276391983
0.18903478980064392,0.2557945251464844,-0.06675973534584045
0.25177010893821716,0.21218490600585938,0.03958520293235779
0.36172720789909363,0.3761444091796875,-0.014417201280593872
0.2709575593471527,0.20685577392578125,0.06410178542137146
0.18880055844783783,0.18087196350097656,0.007928594946861267
0.44031843543052673,0.26367950439453125,0.17663893103599548
0.27505210041999817,0.24303436279296875,0.03201773762702942
0.29166024923324585,0.28353118896484375,0.0081290602684021
0.07789184898138046,0.15308189392089844,-0.07519004493951797
0.45127367973327637,0.23427963256835938,0.216994047164917
0.15529736876487732,0.2176647186279297,-0.06236734986305237
0.25968432426452637,0.25206756591796875,0.007616758346557617
0.34464231133461,0.27381134033203125,0.07083097100257874
0.30496445298194885,0.21425247192382812,0.09071198105812073
0.5763340592384338,0.23108863830566406,0.3452454209327698
0.24122124910354614,0.21071434020996094,0.030506908893585205
0.2271084040403366,0.2755241394042969,-0.048415735363960266
0.15981560945510864,0.2824516296386719,-0.12263602018356323
0.271065890789032,0.23317337036132812,0.03789252042770386
0.21937787532806396,0.2960472106933594,-0.07666933536529541
0.25236672163009644,0.21796417236328125,0.034402549266815186
0.2480727881193161,0.258514404296875,-0.010441616177558899
0.1858072131872177,0.26024436950683594,-0.07443715631961823
0.2611382305622101,0.214691162109375,0.04644706845283508
0.25044357776641846,0.2555656433105469,-0.005122065544128418
0.20425398647785187,0.245269775390625,-0.04101578891277313
0.05092344805598259,0.18501663208007812,-0.13409318402409554
0.027812225744128227,0.1938800811767578,-0.16606785543262959
0.08658451586961746,0.2530059814453125,-0.16642146557569504
0.33588746190071106,0.23903846740722656,0.0968489944934845
0.324298232793808,0.20902252197265625,0.11527571082115173
0.29143455624580383,0.2976188659667969,-0.006184309720993042
0.25988897681236267,0.2962074279785156,-0.036318451166152954
0.3765411376953125,0.21874618530273438,0.15779495239257812
0.3186267614364624,0.3048820495605469,0.013744711875915527
0.3875715434551239,0.2653083801269531,0.12226316332817078
0.31615257263183594,0.1953296661376953,0.12082290649414062
0.12807369232177734,0.14490127563476562,-0.01682758331298828
0.20473350584506989,0.1932525634765625,0.011480942368507385
0.1210976392030716,0.1507434844970703,-0.029645845293998718
0.21306215226650238,0.18421173095703125,0.02885042130947113
0.11039293557405472,0.21198272705078125,-0.10158979147672653
0.1909572035074234,0.18776893615722656,0.0031882673501968384
0.150172621011734,0.18496322631835938,-0.034790605306625366
0.15764547884464264,0.24657058715820312,-0.08892510831356049
0.26729902625083923,0.23967742919921875,0.027621597051620483
0.2158917486667633,0.16439437866210938,0.05149737000465393
0.1391456574201584,0.19544219970703125,-0.056296542286872864
0.10456522554159164,0.23001670837402344,-0.1254514828324318
0.19589826464653015,0.2646484375,-0.06875017285346985
0.1315283626317978,0.16320228576660156,-0.03167392313480377
0.14791907370090485,0.17311477661132812,-0.02519570291042328
0.173574760556221,0.2037525177001953,-0.030177757143974304
0.14632610976696014,0.16853713989257812,-0.02221103012561798
0.1502542495727539,0.2233123779296875,-0.0730581283569336
0.18583469092845917,0.1533203125,0.03251437842845917
0.3191518187522888,0.18874168395996094,0.13041013479232788
0.20910315215587616,0.19231414794921875,0.01678900420665741
0.24521788954734802,0.3476524353027344,-0.10243454575538635
0.1495634764432907,0.2093048095703125,-0.05974133312702179
0.09947720170021057,0.17007827758789062,-0.07060107588768005
0.19826415181159973,0.246612548828125,-0.04834839701652527
0.11909350007772446,0.24208641052246094,-0.12299291044473648
0.187056764960289,0.2684974670410156,-0.08144070208072662
0.2413608431816101,0.19989395141601562,0.04146689176559448
0.16716234385967255,0.19519424438476562,-0.02803190052509308
0.17853839695453644,0.1940155029296875,-0.015477105975151062
0.17439907789230347,0.2417755126953125,-0.06737643480300903
0.23399005830287933,0.23817062377929688,-0.0041805654764175415
0.17100898921489716,0.2786064147949219,-0.10759742558002472
0.1327625960111618,0.198638916015625,-0.0658763200044632
0.16752171516418457,0.19204139709472656,-0.024519681930541992
0.2814517319202423,0.1976337432861328,0.0838179886341095
0.15584233403205872,0.1960773468017578,-0.0402350127696991
0.1015210896730423,0.2554588317871094,-0.15393774211406708
0.10791996121406555,0.3227806091308594,-0.21486064791679382
0.24676786363124847,0.18416595458984375,0.06260190904140472
0.2655114233493805,0.2055511474609375,0.05996027588844299
0.17307142913341522,0.2589073181152344,-0.08583588898181915
0.1804874837398529,0.2133636474609375,-0.032876163721084595
0.11174465715885162,0.15534019470214844,-0.043595537543296814
0.16024747490882874,0.1435108184814453,0.016736656427383423
