y_true,y_pred,error
0.10753051191568375,0.23593642496159636,-0.12840591304591262
0.15470680594444275,0.22773854882645075,-0.073031742882008
0.17939570546150208,0.2716176397564,-0.09222193429489794
0.07438526302576065,0.20273808785381733,-0.12835282482805668
0.18277369439601898,0.261501434988667,-0.07872774059264803
0.1833484023809433,0.1829107440192344,0.0004376583617088925
0.12606415152549744,0.24740782400783135,-0.12134367248233391
0.11611462384462357,0.22791699048193662,-0.11180236663731305
0.1611488163471222,0.2033388958732432,-0.042190079526121
0.13443513214588165,0.2152435915976844,-0.08080845945180276
0.12364858388900757,0.22762839935705323,-0.10397981546804566
0.13128988444805145,0.2321274322375107,-0.10083754778945925
0.09020553529262543,0.29198539375728816,-0.20177985846466273
0.12011148780584335,0.2004715859329371,-0.08036009812709374
0.16512371599674225,0.2629993320488699,-0.09787561605212763
0.21269947290420532,0.1889747688931914,0.023724704011013925
0.11902131140232086,0.21461305918308626,-0.0955917477807654
0.18698368966579437,0.17538300578836155,0.011600683877432821
0.13712623715400696,0.21602606252595905,-0.07889982537195209
0.08658287674188614,0.20057439543629765,-0.11399151869441151
0.1147385686635971,0.17577976077688126,-0.061041192113284154
0.0907469317317009,0.26664843827985146,-0.17590150654815057
0.11509384214878082,0.21782196201094545,-0.10272811986216462
0.11087754368782043,0.22728855897515135,-0.11641101528733092
0.23661960661411285,0.27280593059265085,-0.03618632397853799
0.5979249477386475,0.32711930985107607,0.2708056378875714
0.221977099776268,0.18023354964733193,0.041743550128936074
0.21937739849090576,0.34282941516252824,-0.12345201667162248
0.14946100115776062,0.2599547813848772,-0.11049378022711659
0.21852360665798187,0.33727562988808346,-0.11875202323010159
0.29021334648132324,0.31821715298508274,-0.0280038065037595
0.14556121826171875,0.17005266771370253,-0.024491449451983782
0.32984021306037903,0.29503600397987856,0.03480420908050047
0.5768569111824036,0.2813246730803888,0.2955322381020148
0.32817572355270386,0.3033749825200163,0.024800741032687534
0.12117773294448853,0.22873023271503676,-0.10755249977054823
0.16946403682231903,0.33264491237586236,-0.16318087555354333
0.1579541116952896,0.163806593172025,-0.005852481476735394
0.2838161885738373,0.23609431015903434,0.04772187841480294
0.15895943343639374,0.22591211894627145,-0.06695268550987771
0.23450802266597748,0.20838949580192237,0.026118526864055108
0.07700540870428085,0.1771183791366952,-0.10011297043241435
0.06949538737535477,0.18565456537279915,-0.11615917799744438
0.22462600469589233,0.16166059746374636,0.06296540723214597
0.27000218629837036,0.2366156960074398,0.03338649029093055
0.18752047419548035,0.26602435537179736,-0.07850388117631701
0.5929645895957947,0.3248671410798176,0.26809744851597705
0.40404605865478516,0.20148625944593093,0.20255979920885422
0.35834595561027527,0.28657353219939397,0.0717724234108813
0.5023480653762817,0.22724834484984915,0.2750997205264326
0.24958942830562592,0.31390780883640224,-0.06431838053077632
0.13350488245487213,0.23837142534648237,-0.10486654289161024
0.2278391718864441,0.25695882903632006,-0.029119657149875966
0.6068465113639832,0.31593470622405717,0.290911805139926
0.2248319536447525,0.2581593966178227,-0.03332744297307022
0.09234500676393509,0.1901313881816532,-0.09778638141771812
0.12970437109470367,0.27287813871691863,-0.14317376762221495
0.27453938126564026,0.3174372117752099,-0.042897830509569634
0.01661878265440464,0.23347994282079956,-0.21686116016639492
0.41072317957878113,0.30566018942343354,0.10506299015534759
0.4807044565677643,0.22052372215229835,0.26018073441546596
0.19392286241054535,0.2560177760047955,-0.06209491359425018
0.21063132584095,0.2542484926513662,-0.043617166810416164
0.15317051112651825,0.2453783810517138,-0.09220786992519556
0.3701745867729187,0.2798458151801776,0.09032877159274111
0.27152255177497864,0.2792756339871635,-0.0077530822121848475
0.2992415726184845,0.22040915850948348,0.07883241410900102
0.6059374213218689,0.3187110987877524,0.2872263225341165
0.4940513074398041,0.318035718786396,0.17601558865340805
0.5402424931526184,0.19719036477894983,0.3430521283736686
0.47380051016807556,0.3974642321677371,0.07633627800033849
0.0333690419793129,0.20931594016460583,-0.17594689818529294
0.22682777047157288,0.19006937823382772,0.03675839223774516
0.16221743822097778,0.2388088289428025,-0.07659139072182472
0.3402216136455536,0.31843394018345417,0.02178767346209942
0.15567615628242493,0.34166492207840365,-0.18598876579597873
0.3975801169872284,0.232998306862043,0.16458181012518538
0.24023424088954926,0.18523882731816785,0.05499541357138141
0.3796573579311371,0.3023533110440477,0.07730404688708936
0.2737116813659668,0.2647631003332814,0.008948581032685421
0.23674418032169342,0.3023958608273018,-0.06565168050560838
0.6620398163795471,0.31383221183596677,0.34820760454358035
0.38156434893608093,0.2186935277162859,0.16287082121979504
0.17696142196655273,0.23180574472992468,-0.05484432276337195
0.6116322875022888,0.2759780218368273,0.3356542656654615
0.2217681109905243,0.22264034916127415,-0.0008722381707498561
0.1438109576702118,0.23992036715701087,-0.09610940948679908
0.3331160843372345,0.2821996224682718,0.050916461868962704
0.02056862600147724,0.2917877857776336,-0.27121915977615635
0.25605452060699463,0.1539886823400603,0.10206583826693433
0.3484974801540375,0.2934602928275455,0.05503718732649199
0.12035223096609116,0.22337752783358272,-0.10302529686749157
0.14012235403060913,0.1918230457442813,-0.05170069171367217
0.11498650908470154,0.255975302410931,-0.1409887933262295
0.6758037209510803,0.3441584050432012,0.3316453159078791
0.2996312379837036,0.28085709021906324,0.01877414776464037
0.40691137313842773,0.2232417919134357,0.18366958122499202
0.03547980636358261,0.2002334041887353,-0.1647535978251527
0.22043582797050476,0.3677536768971771,-0.14731784892667232
0.19817572832107544,0.2747742808375261,-0.07659855251645065
0.36963123083114624,0.3086063821979179,0.061024848633228324
0.1999625712633133,0.18948818089263575,0.010474390370677544
0.180788055062294,0.3729086791077485,-0.1921206240454545
0.05601054057478905,0.254048302358349,-0.19803776178355997
0.05547240003943443,0.2499113547659557,-0.19443895472652126
0.20078806579113007,0.2728769064075933,-0.07208884061646326
0.13416101038455963,0.23122519143411488,-0.09706418104955525
0.5063762664794922,0.30597404584675075,0.20040222063274143
0.11184344440698624,0.28770000799495904,-0.1758565635879728
0.002345010172575712,0.20887938908763418,-0.20653437891505846
0.33925506472587585,0.34422451388142544,-0.004969449155549588
0.12046413123607635,0.29941127005280777,-0.1789471388167314
0.08208159357309341,0.23111010140704089,-0.14902850783394747
0.030033528804779053,0.15034536058044282,-0.12031183177566376
0.5381526350975037,0.3037212362525937,0.23443139884491
0.07102839648723602,0.2127780325112982,-0.14174963602406218
0.24390195310115814,0.24075846532713505,0.003143487774023096
0.2704567313194275,0.2569975122799246,0.013459219039502868
0.24513497948646545,0.2017544397321218,0.04338053975434367
0.045427560806274414,0.22612799533093877,-0.18070043452466436
0.011676253750920296,0.24819107790130857,-0.23651482415038827
0.3408590257167816,0.24291589752533468,0.09794312819144693
0.14642050862312317,0.19069499359120767,-0.044274484968084504
0.0629328042268753,0.19439444479239051,-0.1314616405655152
0.16908401250839233,0.1825816221659804,-0.013497609657588061
0.1353745013475418,0.2213639760951451,-0.0859894747476033
0.16676770150661469,0.18859362317145242,-0.02182592166483774
0.16499832272529602,0.20306368121036597,-0.03806535848506995
0.11641942709684372,0.27482303892642224,-0.15840361182957852
0.09263500571250916,0.26347726964354345,-0.1708422639310343
0.16702371835708618,0.26471214494747836,-0.09768842659039217
0.13510911166667938,0.17437163996050833,-0.03926252829382895
0.13448214530944824,0.17875651436475748,-0.04427436905530924
0.13156917691230774,0.2814890789295071,-0.14991990201719935
0.11231107264757156,0.1794829623923742,-0.06717188974480265
0.1376848667860031,0.17146600507181747,-0.03378113828581436
0.1866893321275711,0.1906206287569918,-0.003931296629420683
0.1239934116601944,0.1741365859343982,-0.05014317427420381
0.10531525313854218,0.19091501764457838,-0.08559976450603621
0.15461169183254242,0.18076706859334982,-0.026155376760807397
0.18650124967098236,0.21774071663311625,-0.031239466962133894
0.19063051044940948,0.19214470174956785,-0.0015141913001583684
0.11014284193515778,0.25158403672655305,-0.14144119479139527
0.2443254142999649,0.21270331419179547,0.03162210010816943
0.12470396608114243,0.20525005161376297,-0.08054608553262055
0.11863468587398529,0.21673988999318508,-0.09810520411919979
0.13537034392356873,0.16146358592436325,-0.02609324200079452
0.12411119788885117,0.1999285330631609,-0.07581733517430975
0.21324282884597778,0.21768676505489573,-0.004443936208917948
0.19981545209884644,0.18819100248374473,0.0116244496151017
0.144684836268425,0.22272392511622266,-0.07803908884779767
0.13836300373077393,0.19214153767317874,-0.05377853394240481
0.1660432517528534,0.25243032655598174,-0.08638707480312835
0.1844862997531891,0.21405826417419152,-0.029571964421002433
0.13682694733142853,0.23468769900239458,-0.09786075167096606
0.13731807470321655,0.1926749566733316,-0.05535688197011504
0.15425749123096466,0.2577129075525056,-0.10345541632154093
0.12227972596883774,0.35811181950527776,-0.23583209353644002
0.07991817593574524,0.15168821709586341,-0.07177004116011818
0.17800772190093994,0.35512338111642106,-0.1771156592154811
0.14299550652503967,0.30746234745679824,-0.16446684093175856
0.12878204882144928,0.17454500475050075,-0.04576295592905147
0.13183040916919708,0.32499984224333633,-0.19316943307413925
0.20900040864944458,0.23608449501842316,-0.027084086368978577
0.3874225616455078,0.22088332059928162,0.1665392410462262
0.1594664752483368,0.30467494557162844,-0.14520847032329165
0.15152914822101593,0.1863711055879543,-0.034841957366938375
0.24655526876449585,0.30919879953026996,-0.06264353076577411
0.13635258376598358,0.2739369049032539,-0.13758432113727032
0.13536404073238373,0.2871550166098779,-0.15179097587749418
0.062384217977523804,0.22507229135018517,-0.16268807337266136
0.19724076986312866,0.21649508937435333,-0.019254319511224666
0.14215610921382904,0.27522619559567185,-0.1330700863818428
0.11272381991147995,0.29523706909540653,-0.18251324918392658
0.19231285154819489,0.18794762123267997,0.0043652303155149175
0.22442467510700226,0.27124565748769797,-0.04682098238069571
0.14368516206741333,0.16862594919340124,-0.024940787125987907
0.10826896131038666,0.179845675816698,-0.07157671450631134
0.19398295879364014,0.29002869296561956,-0.09604573417197942
0.15233375132083893,0.19251158969607385,-0.04017783837523492
0.1508917361497879,0.15604489929667792,-0.005153163146890016
0.1304928958415985,0.17493422774531597,-0.04444133190371746
0.09767679870128632,0.25067419397943663,-0.15299739527815032
0.09162142127752304,0.17391744821713614,-0.0822960269396131
0.2408081442117691,0.2594143290537676,-0.018606184841998497
0.1858823597431183,0.23750044542407656,-0.05161808568095827
0.1331365704536438,0.20904283009932603,-0.07590625964568223
0.13255424797534943,0.23802247675359292,-0.1054682287782435
0.14773604273796082,0.13726159102650454,0.010474451711456279
0.09411358088254929,0.2389131175970555,-0.1447995367145062
0.1584814041852951,0.2839157412497796,-0.12543433706448448
0.20873501896858215,0.28960511542191036,-0.08087009645332821
0.10765589773654938,0.19938801913483498,-0.0917321213982856
0.11400563269853592,0.21325782586993228,-0.09925219317139636
0.12448630481958389,0.2045959010404605,-0.0801095962208766
0.27691054344177246,0.25475900741348384,0.02215153602828862
0.19952288269996643,0.23973298274110624,-0.04021010004113981
0.10131316632032394,0.30375707240424243,-0.2024439060839185
0.07851796597242355,0.17383551401841613,-0.09531754804599257
0.14770469069480896,0.17436858238232325,-0.02666389168751429
0.3218217194080353,0.19356265300435715,0.12825906640367812
0.06994755566120148,0.11971662780403344,-0.049769072142831966
0.11481171101331711,0.1972043410397331,-0.082392630026416
0.21316072344779968,0.17275105029829688,0.040409673149502806
0.16491620242595673,0.22852232852230822,-0.0636061260963515
0.1357417106628418,0.20789715324249755,-0.07215544257965575
0.08271662890911102,0.2595425956319909,-0.17682596672287987
0.09232477843761444,0.18159619867277318,-0.08927142023515874
0.0992683470249176,0.17995287224047754,-0.08068452521555994
0.14196427166461945,0.23840783552169495,-0.0964435638570755
0.06394442170858383,0.21491518654753386,-0.15097076483895003
0.1900363713502884,0.18787741714653497,0.0021589542037534215
0.1416560262441635,0.26884703579765873,-0.12719100955349522
0.1563686579465866,0.19926310762968522,-0.04289444968309861
0.09627462178468704,0.206598495831577,-0.11032387404688995
0.2102871537208557,0.27071660045030865,-0.06042944672945294
0.1201983392238617,0.25215864541224536,-0.13196030618838367
0.2028733640909195,0.27164948758431195,-0.06877612349339246
0.1559297889471054,0.22093236673702019,-0.06500257778991478
0.10707399249076843,0.1588686288330844,-0.05179463634231596
0.12060586363077164,0.3255570394631352,-0.20495117583236355
0.1298796385526657,0.22831219930147598,-0.09843256074881027
0.09598203748464584,0.22324548353127846,-0.12726344604663262
0.08164557069540024,0.20626259922303877,-0.12461702852763853
0.08941464126110077,0.17000210566499388,-0.08058746440389311
0.1577688753604889,0.26164935016295504,-0.10388047480246615
0.11103428155183792,0.2552153743460881,-0.14418109279425018
0.09074170142412186,0.2370600078607171,-0.14631830643659524
0.3550173044204712,0.2497604459513656,0.1052568584691056
0.3290327787399292,0.29475792936237155,0.03427484937755765
0.3235373795032501,0.178459584155198,0.14507779534805212
0.4353187680244446,0.23550591810292995,0.19981284992151463
0.5344473123550415,0.25009941096120747,0.28434790139383403
0.26093655824661255,0.2741877821729293,-0.013251223926316724
0.5763340592384338,0.23542033615500457,0.34091372308342927
0.30901995301246643,0.22095122067591697,0.08806873233654947
0.049887239933013916,0.20408290207478177,-0.15419566214176786
0.28282350301742554,0.24383055109293522,0.038992951924490316
0.15454982221126556,0.24034222296946708,-0.08579240075820152
0.24830111861228943,0.2935871000645079,-0.04528598145221846
0.246721088886261,0.18903041253670397,0.05769067634955702
0.09027386456727982,0.30178674212985035,-0.21151287756257053
0.4884191155433655,0.29118360055239634,0.19723551499096914
0.2799812853336334,0.2751788227716722,0.004802462561961207
0.5368360280990601,0.2525310967450436,0.28430493135401647
0.3019479215145111,0.21807330177656617,0.08387461973794494
0.0702425166964531,0.17579304022033101,-0.10555052352387792
0.47740551829338074,0.29043767344656274,0.186967844846818
0.346232146024704,0.2986363326273362,0.04759581339736779
0.1627190113067627,0.3175805158698385,-0.1548615045630758
0.06548807770013809,0.2107374432175914,-0.14524936551745332
0.37359675765037537,0.21517690068875203,0.15841985696162333
0.08541711419820786,0.22583889741282734,-0.14042178321461948
0.09009840339422226,0.18707224344981,-0.09697384005558773
0.209443137049675,0.2247479478939706,-0.015304810844295608
0.18073581159114838,0.3806507814206279,-0.19991496982947954
0.11026863753795624,0.19636378457350537,-0.08609514703554913
0.042648039758205414,0.1836495435381218,-0.14100150377991638
0.21420498192310333,0.18164453339464035,0.03256044852846299
0.31017154455184937,0.31963025634393083,-0.009458711792081465
0.2667890191078186,0.25718754764850843,0.009601471459310174
0.25714126229286194,0.29419203065876764,-0.037050768365905706
0.06473572552204132,0.24909332393754194,-0.18435759841550062
0.5985832810401917,0.2399935336948552,0.35858974734533644
0.18447448313236237,0.18903185035498585,-0.004557367222623482
0.1255037486553192,0.23985427429399753,-0.11435052563867831
0.23213383555412292,0.2697935475200533,-0.037659711965930376
0.06406174600124359,0.24500934993520473,-0.18094760393396114
0.6741662621498108,0.24563131653684644,0.42853494561296435
0.4853835701942444,0.203428435887108,0.28195513430713637
0.17150165140628815,0.26487814888794975,-0.0933764974816616
0.06631575524806976,0.24333396347912942,-0.17701820823105965
0.19002307951450348,0.2197530116927782,-0.029729932178274715
0.34159570932388306,0.29024867627079787,0.05134703305308519
0.4045393764972687,0.19507553754378715,0.20946383895348153
0.2110418826341629,0.22467165704406186,-0.01362977440989896
0.2365456372499466,0.2166926719369578,0.019852965312988802
0.35613593459129333,0.31351373248009484,0.04262220211119849
0.593706488609314,0.2919773786350647,0.3017291099742493
0.2053753137588501,0.2243404078343295,-0.018965094075479416
0.4020397961139679,0.22405475423883547,0.17798504187513242
0.06735850125551224,0.2142177745756149,-0.14685927332010265
0.12144418805837631,0.29265171262857337,-0.17120752457019706
0.15996256470680237,0.1863745607371622,-0.02641199603035982
0.8043334484100342,0.3739671447163253,0.4303663036937089
0.09473790228366852,0.279324973026112,-0.18458707074244346
0.4822300672531128,0.28950998034451153,0.19272008690860126
0.4347722828388214,0.3229669613888258,0.11180532144999561
0.06534178555011749,0.21028329441884777,-0.14494150886873028
0.23502308130264282,0.2824724360777637,-0.047449354775120856
0.22231365740299225,0.22846529603125218,-0.006151638628259931
0.48480886220932007,0.2182651042197154,0.26654375798960467
0.31317049264907837,0.19927154624912205,0.11389894639995632
0.1984504610300064,0.2917883894896337,-0.0933379284596273
0.31269288063049316,0.30224835515951043,0.010444525470982735
0.09151210635900497,0.28271889207966755,-0.19120678572066258
0.03542537987232208,0.1949936495155338,-0.15956826964321172
0.17386843264102936,0.24849127260849194,-0.07462283996746258
0.700296938419342,0.23096896246164517,0.4693279759576969
0.06271900236606598,0.28225782513976677,-0.2195388227737008
0.4130115807056427,0.19327355523095593,0.21973802547468677
0.314372181892395,0.2618907876333371,0.0524813942590579
0.3799499273300171,0.31370351202119373,0.06624641530882336
0.04677552357316017,0.20033478349754388,-0.1535592599243837
0.07980886846780777,0.2657171200845579,-0.18590825161675012
0.5364202260971069,0.29894203362207017,0.23747819247503676
0.2898998558521271,0.3239458667032238,-0.03404601085109671
0.3504880666732788,0.2479185630800617,0.10256950359321712
0.5133512020111084,0.29540996052574453,0.21794124148536387
0.42261451482772827,0.2738877582788557,0.14872675654887257
0.17166362702846527,0.29603124515777557,-0.1243676181293103
0.14065003395080566,0.24893248454464342,-0.10828245059383776
0.46807950735092163,0.21092414357460185,0.25715536377631976
0.07005660980939865,0.19632855182769832,-0.12627194201829967
0.283598929643631,0.22930906972104803,0.05428985992258295
0.1252843141555786,0.32567299327120935,-0.20038867911563074
0.1739124059677124,0.23705957787607948,-0.06314717190836708
0.09903562068939209,0.22706486231392484,-0.12802924162453275
0.32004398107528687,0.21620625042049949,0.10383773065478738
0.2288266271352768,0.24233609218788849,-0.013509465052611691
0.0954066589474678,0.19502585233326838,-0.09961919338580058
0.2962874472141266,0.27714197778601385,0.019145469428112738
0.2487504482269287,0.2565032941155613,-0.007752845888632565
0.3835862874984741,0.19851734031257548,0.18506894718589864
0.5267859697341919,0.2770057218061791,0.2497802479280128
0.2440064549446106,0.25523033566117925,-0.011223880716568657
0.7073502540588379,0.2946027726672874,0.4127474813915505
0.21746300160884857,0.27678255665377477,-0.0593195550449262
0.32765108346939087,0.23379062228572997,0.0938604611836609
0.06972222775220871,0.2804777174450363,-0.2107554896928276
0.18286007642745972,0.28672247581260135,-0.10386239938514163
0.2077055126428604,0.2832094210792026,-0.0755039084363422
0.18969915807247162,0.3049970557731726,-0.11529789770070098
0.1236124187707901,0.23135015587342875,-0.10773773710263865
0.252031534910202,0.26641787055192145,-0.014386335641719428
0.24892589449882507,0.35068040462445016,-0.10175451012562509
0.048645950853824615,0.3489004048819975,-0.30025445402817286
0.06341911107301712,0.2281201827914317,-0.16470107171841458
0.3562321662902832,0.22893016463834512,0.12730200165193808
0.08584553003311157,0.17210385902530004,-0.08625832899218847
0.45913708209991455,0.2596036067554149,0.19953347534449967
0.1405581831932068,0.30886364426539137,-0.16830546107218458
0.19453196227550507,0.20501819560107268,-0.010486233325567612
0.10090604424476624,0.27191929437099305,-0.1710132501262268
0.013055563904345036,0.1954354082051581,-0.18237984430081305
0.22590604424476624,0.2170594419741264,0.008846602270639825
0.42724573612213135,0.31452078762649427,0.11272494849563708
0.37975138425827026,0.19154532444598413,0.18820605981228614
0.15699495375156403,0.258094500702607,-0.10109954695104295
0.48551419377326965,0.22811360834272731,0.25740058543054234
0.22422589361667633,0.2655809742368016,-0.04135508062012527
0.3013000786304474,0.27458589314771553,0.026714185482731856
0.07173895090818405,0.2581039673786715,-0.18636501647048742
0.0037765672896057367,0.15521034024447625,-0.1514337729548705
0.030171550810337067,0.19426906688384685,-0.16409751607350978
0.05821752920746803,0.20882228015145973,-0.1506047509439917
0.43100008368492126,0.2620816241832759,0.16891845950164536
0.252836138010025,0.25633992871683053,-0.0035037907068055096
0.23979319632053375,0.29712711317142515,-0.0573339168508914
0.3157075047492981,0.27639169909161754,0.03931580565768056
0.667151689529419,0.3059214589310635,0.36123023059835546
0.2786772847175598,0.23531016846858757,0.04336711624897224
0.04414229467511177,0.23930322450244815,-0.19516092982733638
0.026493391022086143,0.1767916935495756,-0.15029830252748946
0.3154515027999878,0.2611131386973938,0.05433836410259402
0.04482150077819824,0.21538897272057686,-0.17056747194237862
0.045082733035087585,0.26161526190161344,-0.21653252886652585
0.09676288813352585,0.21565334557856522,-0.11889045744503937
0.5682832598686218,0.2820570777490534,0.2862261821195684
0.44380050897598267,0.2908877925881704,0.1529127163878123
0.11819444596767426,0.27245542305765486,-0.1542609770899806
0.5252372622489929,0.27176488864772963,0.2534723736012633
0.2763606011867523,0.2936494602765034,-0.017288859089751085
0.13066571950912476,0.22806603649195442,-0.09740031698282967
0.05653518810868263,0.20492549691302483,-0.1483903088043422
0.17249956727027893,0.19824933656729984,-0.025749769297020914
0.0363679975271225,0.24343402068662875,-0.20706602315950626
0.3875715434551239,0.2509538116040633,0.13661773185106058
0.34610676765441895,0.21893270886046554,0.1271740587939534
0.3235466778278351,0.28509835502713726,0.03844832280069782
0.08756966888904572,0.2925090943947418,-0.2049394255056961
0.39160093665122986,0.30561581381473024,0.08598512283649962
0.1578100025653839,0.2649873900456457,-0.10717738748026179
0.4755529463291168,0.2457663482425354,0.22978659808658142
0.3231705129146576,0.2546157516299497,0.06855476128470789
0.08229276537895203,0.23075807723722033,-0.1484653118582683
0.04822579771280289,0.18803787420516868,-0.1398120764923658
0.5833145976066589,0.2569676806832735,0.3263469169233854
0.459973007440567,0.3217408632017368,0.13823214423883023
0.2516762614250183,0.3229637635919919,-0.0712875021669736
0.47632619738578796,0.23557777753607947,0.2407484198497085
0.3101506531238556,0.28402959670845335,0.026121056415402244
0.01754659041762352,0.25231027074170154,-0.23476368032407802
0.3735183775424957,0.2850947821154679,0.08842359542702782
0.35463646054267883,0.22727647437131995,0.12735998617135888
0.4257284104824066,0.261623567502106,0.1641048429803006
0.6277055144309998,0.3111098430223388,0.31659567140866096
0.14396464824676514,0.19363165646262337,-0.04966700821585823
0.6633407473564148,0.291715400672819,0.3716253466835958
0.08378483355045319,0.28292321418568506,-0.19913838063523187
0.15641283988952637,0.25290216659555487,-0.0964893267060285
0.03371691331267357,0.2059509805968072,-0.17223406728413362
0.35261669754981995,0.28113918413265276,0.07147751341716718
0.09967302531003952,0.2263304363619184,-0.1266574110518789
0.27475881576538086,0.1928101665813563,0.08194864918402456
0.6244766712188721,0.2374206919272433,0.38705597929162877
0.6718360185623169,0.23210347059495856,0.43973254796735833
0.19193530082702637,0.24344475311971683,-0.051509452292690466
0.17514324188232422,0.28570259096995415,-0.11055934908762993
0.5468382239341736,0.24949784092346566,0.2973403830107079
0.08974312990903854,0.23179286193999019,-0.14204973203095164
0.20358629524707794,0.22159418220485752,-0.01800788695777958
0.14703676104545593,0.16495341214573442,-0.017916651100278486
0.2538079023361206,0.23517498632455883,0.01863291601156178
0.4460941255092621,0.30724977432059386,0.13884435118866822
0.22428858280181885,0.3060911802716725,-0.08180259746985363
0.5215069055557251,0.2738644699378006,0.24764243561792448
0.38366466760635376,0.22754941809362508,0.15611524951272868
0.5617054104804993,0.331390137736856,0.23031527274364327
0.2979145050048828,0.21424704970313083,0.08366745530175199
0.23819966614246368,0.32547924261465977,-0.08727957647219609
0.756203830242157,0.3303029542367413,0.4259008760054157
0.07945359498262405,0.2517017825726471,-0.17224818759002303
0.033345963805913925,0.3331831791850575,-0.2998372153791436
0.3560680150985718,0.21372486209701866,0.14234315300155312
0.2378966361284256,0.34898254110457405,-0.11108590497614845
0.0376846119761467,0.24969149213851838,-0.21200688016237168
0.31956854462623596,0.18879723130924808,0.13077131331698788
0.27409830689430237,0.17419192233035985,0.09990638456394252
0.1037534847855568,0.23653687248076952,-0.13278338769521272
0.04866466671228409,0.17114195549089545,-0.12247728877861136
0.17434082925319672,0.29632603438656147,-0.12198520513336475
0.4690983295440674,0.27206434526848955,0.19703398427557783
0.3851066827774048,0.3262692049505884,0.058837477826816365
0.4001275599002838,0.2310749327685883,0.16905262713169553
0.17554032802581787,0.223596433049223,-0.04805610502340513
0.42622169852256775,0.31718848508574277,0.10903321343682498
0.36958420276641846,0.2592633887890991,0.11032081397731935
0.008290673606097698,0.17852682434726638,-0.17023615074116868
0.3327398896217346,0.39767238668699456,-0.06493249706525994
0.4258328974246979,0.29612393747355986,0.12970895995113801
0.4223763644695282,0.32515234196598036,0.09722402250354784
0.30300331115722656,0.2739230351893919,0.02908027596783469
0.21887584030628204,0.2746527860281254,-0.05577694572184333
0.07552160322666168,0.2737551344339975,-0.19823353120733583
0.08516936749219894,0.267134337783734,-0.18196497029153508
0.2708612084388733,0.2749415280172717,-0.004080319578398384
0.21783916652202606,0.22480581252066997,-0.006966645998643911
0.2986668348312378,0.2532765442927854,0.045390290538452394
0.06638889759778976,0.3154142242406248,-0.24902532664283505
0.15973268449306488,0.23754478419302885,-0.07781209969996397
0.29572317004203796,0.29639354516193134,-0.0006703751198933738
0.37474095821380615,0.30616739951299105,0.06857355870081511
0.30155912041664124,0.29587870766960195,0.005680412747039287
0.17546717822551727,0.20813962656926924,-0.032672448343751964
0.03294062241911888,0.20858226266484786,-0.17564164024572898
0.5153126120567322,0.31970836114292295,0.19560425091380923
0.06528431177139282,0.30883371032448576,-0.24354939855309293
0.19733759760856628,0.2401845559085931,-0.04284695830002683
0.08327804505825043,0.2786728161987666,-0.19539477114051618
0.2068099081516266,0.2476860453374436,-0.04087613718581701
0.039850667119026184,0.23734466353718695,-0.19749399641816076
0.568722128868103,0.23104151245937585,0.33768061640872715
0.11898337304592133,0.2843311438777263,-0.16534777083180496
0.2101536989212036,0.2126642720740218,-0.0025105731528181907
0.6374525427818298,0.24321568388871467,0.39423685889311516
0.5846678018569946,0.22211571180809883,0.36255209004889577
0.16460205614566803,0.24753265079658718,-0.08293059465091915
0.42541491985321045,0.23672331207770322,0.18869160777550723
0.16842955350875854,0.2713580170669532,-0.10292846355819468
0.383450448513031,0.36100445345142057,0.022445995061610435
0.2630324959754944,0.2820344723324876,-0.01900197635699319
0.18965953588485718,0.22422143625857166,-0.03456190037371448
0.5027033090591431,0.27591683671076805,0.226786472348375
0.23405128717422485,0.26903949377754693,-0.03498820660332208
0.13108891248703003,0.21570557294438233,-0.0846166604573523
0.5085445046424866,0.3466960662990457,0.16184843834344087
0.2355925738811493,0.25072966156963744,-0.015137087688488149
0.46771901845932007,0.20367191290064854,0.2640471055586715
0.3039102256298065,0.285148839402163,0.018761386227643506
0.2836594581604004,0.19956935323826094,0.08409010492213945
0.6232959032058716,0.32405376274116554,0.29924214046470604
0.2451767772436142,0.2824340741400481,-0.03725729689643392
0.13479015231132507,0.1987042175662632,-0.06391406525493812
0.1704253852367401,0.26661877857811767,-0.09619339334137755
0.0787273645401001,0.2429215904726104,-0.1641942259325103
0.6025100350379944,0.2200087978767893,0.3825012371612051
0.2785288393497467,0.2929239768283879,-0.014395137478641185
0.5536929965019226,0.2238605566113663,0.32983243989055633
0.3890460729598999,0.3318557322664123,0.05719034069348761
0.03308473154902458,0.2462852571861762,-0.2132005256371516
0.054746173322200775,0.200882592829034,-0.14613641950683323
0.12327499687671661,0.21303483065751572,-0.0897598337807991
0.1684609055519104,0.2583267288047235,-0.08986582325281312
0.08160310983657837,0.20508756804696834,-0.12348445821038997
0.2388758361339569,0.2690886959577396,-0.03021285982378269
0.2658851444721222,0.2356907679524924,0.03019437651962978
0.4107440710067749,0.23562692465666674,0.17511714635010817
0.148604154586792,0.247901854819638,-0.09929770023284601
0.6804723739624023,0.38233568202477297,0.2981366919376294
0.18200844526290894,0.19914105431932302,-0.01713260905641409
0.21774731576442719,0.2538645684669988,-0.0361172527025716
0.2876637279987335,0.15944395744910356,0.12821977054962996
0.02921021357178688,0.1540655373978264,-0.12485532382603953
0.08241815865039825,0.17547662931180327,-0.09305847066140502
0.24098441004753113,0.21607745797674893,0.024906952070782196
0.3329227566719055,0.31401070771675454,0.018912048955150973
0.40781304240226746,0.25784195142564487,0.1499710909766226
0.12706592679023743,0.18532630171208156,-0.05826037492184413
0.6142467856407166,0.27434773228372844,0.3398990533569881
0.13130007684230804,0.16432663884856194,-0.033026562006253896
0.3314463794231415,0.2204747947837646,0.11097158463937687
0.09681513905525208,0.22639483516248723,-0.12957969610723516
0.19745254516601562,0.21485855421381547,-0.017406009047799847
0.19731147587299347,0.2209104417437924,-0.023598965870798932
0.2540169060230255,0.30154231099550977,-0.04752540497248425
0.2561568319797516,0.360113245777294,-0.10395641379754239
0.5593251585960388,0.29798594298224157,0.26133921561379725
0.4162038564682007,0.2250868803561392,0.1911169761120615
0.5644065737724304,0.30312839829713,0.2612781754753004
0.17021334171295166,0.26412473849722146,-0.0939113967842698
0.2976532578468323,0.21223791740432849,0.08541534044250379
0.16579632461071014,0.16744018438197078,-0.0016438597712606362
0.10033133625984192,0.25252379825183247,-0.15219246199199055
0.14527909457683563,0.2228209802108146,-0.07754188563397896
0.4647274613380432,0.14409747738510525,0.32062998395293796
0.2793595492839813,0.1869876619114006,0.09237188737258073
0.31163445115089417,0.2487456820505896,0.06288876910030455
0.10193748772144318,0.39201690046738147,-0.2900794127459383
0.0392916277050972,0.23679402941016955,-0.19750240170507236
0.2735079228878021,0.2371403305835792,0.03636759230422293
0.3396490812301636,0.3225831047317904,0.01706597649837316
0.7077264189720154,0.35793995192081085,0.34978646705120453
0.023513153195381165,0.17803445076549598,-0.15452129757011482
0.5583324432373047,0.2648905602252745,0.29344188301203017
0.22468870878219604,0.2792873403475389,-0.05459863156534284
0.334615558385849,0.2860817734447127,0.048533784941136304
0.44606801867485046,0.33947873209584045,0.10658928657901001
0.042083777487277985,0.19361872977108155,-0.15153495228380356
0.1462530493736267,0.20457884274826688,-0.05832579337464017
0.18304511904716492,0.25885395950036044,-0.07580884045319553
0.10477970540523529,0.23974752221676815,-0.13496781681153286
0.09054772555828094,0.1990983952651391,-0.10855066970685814
0.17553205788135529,0.25632015060702973,-0.08078809272567444
0.30104711651802063,0.22817007954256,0.07287703697546064
0.18271073698997498,0.3018975827309419,-0.11918684574096694
0.07081200182437897,0.20494827695286533,-0.13413627512848636
0.5484504699707031,0.24898700649077635,0.2994634634799268
0.34426549077033997,0.33487260570624566,0.009392885064094303
0.19189873337745667,0.2688119636397259,-0.07691323026226926
0.5101611018180847,0.2724414393838105,0.23771966243427423
0.3421233892440796,0.2805856613326828,0.06153772791139678
0.2248402237892151,0.25988780610030265,-0.035047582311087566
0.05201367661356926,0.27042135958286134,-0.21840768296929208
0.5389280915260315,0.32900961895504904,0.20991847257098245
0.32653823494911194,0.22011227399005748,0.10642596095905446
0.4323868155479431,0.30101154868294655,0.13137526686499656
0.33726969361305237,0.23140367248087315,0.10586602113217922
0.4273114800453186,0.40642171997171517,0.020889760073603436
0.3415508568286896,0.3308234418029693,0.010727415025720277
0.15952369570732117,0.2741886633028907,-0.11466496759556954
0.27371692657470703,0.3012496425660792,-0.027532715991372192
0.02533351629972458,0.1575701176058154,-0.13223660130609083
0.06575453281402588,0.20067254205988802,-0.13491800924586214
0.06810258328914642,0.2477311045977126,-0.17962852130856619
0.6294431686401367,0.2932850794348469,0.33615808920528983
0.5563240051269531,0.31621637985775486,0.24010762526919827
0.2215747982263565,0.2430581489779674,-0.021483350751610897
0.06510145217180252,0.31779868091482016,-0.25269722874301764
0.49424460530281067,0.33330510269969366,0.160939502603117
0.1533459573984146,0.29207971447011305,-0.13873375707169844
0.10406915098428726,0.19263559431805613,-0.08856644333376887
0.43119558691978455,0.17130114895247195,0.2598944379673126
0.2798580825328827,0.23591585308562768,0.04394222944725501
0.2835131585597992,0.2976143273044535,-0.01410116874465428
0.4097304940223694,0.28220370205022655,0.12752679197214284
0.5589938163757324,0.33441119746764836,0.22458261890808406
0.215467169880867,0.2661322165140203,-0.0506650466331533
0.21805338561534882,0.21705213997922043,0.001001245636128384
0.5152185559272766,0.1692623333075005,0.3459562226197761
0.1480921357870102,0.2497861073125499,-0.10169397152553972
0.03266894072294235,0.27944785044322346,-0.2467789097202811
0.17176289856433868,0.3619391239272234,-0.1901762253628847
0.1718643456697464,0.21912028499096917,-0.04725593932122277
0.3948841989040375,0.23263457313725486,0.16224962576678262
0.21083290874958038,0.21552251036101655,-0.004689601611436167
0.12059256434440613,0.3099534745966971,-0.18936091025229096
0.26964908838272095,0.3248170740579751,-0.05516798567525416
0.02849225513637066,0.17083282326825142,-0.14234056813188076
0.04633446782827377,0.32114201862152214,-0.27480755079324837
0.18502308428287506,0.3555647419950188,-0.17054165771214375
0.32104188203811646,0.2102993785794511,0.11074250345866535
0.027130799368023872,0.16393684652124926,-0.1368060471532254
0.6050752997398376,0.34202239878151397,0.2630529009583237
0.4196782410144806,0.33618258794144185,0.08349565307303874
0.577687680721283,0.3205165398278137,0.25717114089346926
0.23629485070705414,0.2535430782284517,-0.01724822752139754
0.09381836652755737,0.19260332106997868,-0.09878495454242131
0.6050618290901184,0.21667647214685323,0.38838535694326515
0.24855190515518188,0.29332976773140496,-0.04477786257622307
0.15330635011196136,0.22156006226049726,-0.0682537121485359
0.22787269949913025,0.2342052611259924,-0.00633256162686216
0.30515891313552856,0.23913527108207958,0.06602364205344899
0.17715473473072052,0.31224461898131883,-0.1350898842505983
0.1107776090502739,0.27183945706114937,-0.16106184801087547
0.46205243468284607,0.3115693508958242,0.15048308378702185
0.2282070815563202,0.18675946493107057,0.04144761662524962
0.6625988483428955,0.35965212659497603,0.3029467217479195
0.5900805592536926,0.3506801227585744,0.23940043649511822
0.3588632047176361,0.2692247810371477,0.08963842368048841
0.10217782109975815,0.3097544903109965,-0.20757666921123835
0.08259883522987366,0.29781550596398965,-0.215216670734116
0.4123898446559906,0.22015451785936738,0.19223532679662322
0.2342781275510788,0.26544146866134427,-0.031163341110265474
0.07410354167222977,0.22651397679826216,-0.1524104351260324
0.06405869871377945,0.20990402026295094,-0.14584532154917149
0.1229197233915329,0.2167986201343515,-0.0938788967428186
0.4049394726753235,0.277831777722854,0.12710769495246949
0.630861222743988,0.17959425864722192,0.45126696409676614
0.3676428198814392,0.25279586109923163,0.11484695878220758
0.2977398931980133,0.22571361491327216,0.07202627828474115
0.3319374918937683,0.24773912406946896,0.08419836782429935
0.09941179305315018,0.29645874408169404,-0.19704695102854386
0.4209112823009491,0.21061325349492924,0.21029802880601986
0.2511851489543915,0.32020494862199683,-0.06901979966760535
0.41262713074684143,0.2716779759378737,0.14094915480896775
0.23031044006347656,0.2517708395186097,-0.021460399455133117
0.25819966197013855,0.2748396432950782,-0.016639981324939657
0.048753488808870316,0.2725124099007457,-0.2237589210918754
0.28347134590148926,0.25220788257761934,0.03126346332386992
0.4324682354927063,0.3231606302327563,0.10930760525994998
0.2946573495864868,0.2758655087022299,0.018791840884256894
0.1600043624639511,0.2839671187369233,-0.12396275627297221
0.5369217991828918,0.25120618980692444,0.2857156093759674
0.5149677991867065,0.22866754353274438,0.28630025565396217
0.5946020483970642,0.2745869160658914,0.3200151323311728
0.013504885137081146,0.1674561824401356,-0.15395129730305446
0.7459604740142822,0.30628428590267526,0.43967618811160697
0.41978493332862854,0.2951955204002199,0.12458941292840864
0.3431391716003418,0.21459289552189542,0.12854627607844638
0.42921021580696106,0.3454425765416601,0.08376763926530095
0.5321050882339478,0.20579710578121757,0.3263079824527302
0.4348195195198059,0.23997524840081544,0.19484427111899047
0.43617069721221924,0.22539200826921316,0.21077868894300608
0.45434829592704773,0.24404535475314504,0.2103029411739027
0.3229745626449585,0.31021146068329936,0.01276310196165914
0.27531376481056213,0.3254511114007733,-0.050137346590211185
0.20849816501140594,0.2890126347386217,-0.08051446972721577
0.2761688828468323,0.2357669590839146,0.04040192376291768
0.2582780122756958,0.2578424697172344,0.0004355425584613992
0.2590477764606476,0.3253662953114521,-0.06631851885080453
0.42904776334762573,0.21556369768744735,0.21348406566017838
0.13558952510356903,0.2870909669211023,-0.15150144181753328
0.06704004108905792,0.19362252572276287,-0.12658248463370494
0.38809579610824585,0.18552414048575833,0.20257165562248752
0.06906769424676895,0.24676052988182742,-0.17769283563505847
0.0981854498386383,0.2488993527146295,-0.1507139028759912
0.3448922336101532,0.2617543035542769,0.08313793005587627
0.19728286564350128,0.17300259198121734,0.02428027366228394
0.07611510157585144,0.2568509229126953,-0.18073582133684385
0.05836302414536476,0.36609782423044457,-0.3077348000850798
0.4903244376182556,0.2029293500205434,0.2873950875977122
0.08663668483495712,0.2742123904641171,-0.18757570562915998
0.15851327776908875,0.2060610838595986,-0.04754780609050985
0.08175406605005264,0.18907508337445925,-0.1073210173244066
0.07746940851211548,0.18449369607457938,-0.1070242875624639
0.12420948594808578,0.3636504140910827,-0.2394409281429969
0.22562512755393982,0.19766518569454225,0.02795994185939757
0.11918742954730988,0.2818579002444366,-0.1626704706971267
0.12752088904380798,0.1562971553202776,-0.02877626627646962
0.3348729610443115,0.2310200837320596,0.10385287731225193
0.14019249379634857,0.2977177627302324,-0.15752526893388386
0.08155328035354614,0.30560407954360747,-0.22405079919006132
0.153616264462471,0.30734383228831275,-0.15372756782584174
0.1500781625509262,0.2196438661255635,-0.06956570357463729
0.3406795859336853,0.20516474107100355,0.13551484486268175
0.06610157340765,0.2650484927028603,-0.1989469192952103
0.1273258775472641,0.2024294034529587,-0.07510352590569461
0.20457352697849274,0.25835653532203345,-0.05378300834354072
0.21297287940979004,0.1997734182794099,0.013199461130380147
0.15566129982471466,0.2825135589193421,-0.12685225909462744
0.14391610026359558,0.3979114585272412,-0.2539953582636456
0.13898047804832458,0.23460609331865853,-0.09562561527033395
0.10467711836099625,0.2611087624547301,-0.15643164409373383
0.10454735159873962,0.32159865573945445,-0.21705130414071483
0.3365698456764221,0.26394473257287454,0.07262511310354758
0.3600824177265167,0.35339390696359296,0.006688510762923761
0.21715104579925537,0.29733948743329675,-0.08018844163404137
0.1799926608800888,0.19536328128823297,-0.015370620408144159
0.12128030508756638,0.32152873905466206,-0.20024843396709568
0.11516455560922623,0.19690128023548548,-0.08173672462625925
0.19879774749279022,0.20375064182611044,-0.004952894333320218
0.3923512399196625,0.1485410400712971,0.24381019984836538
0.16691558063030243,0.34524345288996444,-0.178327872259662
0.1101604551076889,0.2446347874183517,-0.1344743323106628
0.4858737587928772,0.23843929906457878,0.24743445972829842
0.24998688697814941,0.16609622699001977,0.08389065998812964
0.22402475774288177,0.28383287965929604,-0.05980812191641427
0.28069987893104553,0.2293094748038887,0.05139040412715684
0.327036052942276,0.012531042561410584,0.3145050103808654
0.18536201119422913,0.26118871002835115,-0.07582669883412202
0.49089232087135315,0.16718426436452632,0.3237080565068268
0.2188611626625061,0.12537672986773002,0.09348443279477608
0.37745556235313416,0.19216262428864803,0.18529293806448613
0.5005176067352295,0.1599711432090961,0.3405464635261334
0.29953718185424805,0.15488427885777747,0.14465290299647057
0.33072468638420105,0.18699525851863827,0.14372942786556278
0.11445216834545135,0.19676100104720776,-0.0823088327017564
0.25527244806289673,0.21285816219402273,0.042414285868874
0.1350385844707489,0.21557587860195251,-0.08053729413120361
0.11628124862909317,0.20351804999937737,-0.0872368013702842
0.2523724436759949,0.22651381868676715,0.025858624989227724
0.06302139908075333,0.15798144697620584,-0.09496004789545251
0.1448521614074707,0.18693447046740688,-0.04208230905993618
0.21190927922725677,0.1948204271625122,0.017088852064744586
0.10739373415708542,0.2066210979213561,-0.09922736376427069
0.5289607644081116,0.2455643967880818,0.28339636762002973
0.29410621523857117,0.2660861399848008,0.02802007525377037
0.16959086060523987,0.25778576472577464,-0.08819490412053477
0.14492866396903992,0.3109904483670858,-0.16606178439804586
0.15461815893650055,0.17182647917636942,-0.017208320239868874
0.14545805752277374,0.1779099971622299,-0.03245193963945617
0.18543115258216858,0.2726363611631334,-0.08720520858096481
0.128003790974617,0.2840228977228329,-0.1560191067482159
0.056658871471881866,0.3399036379783894,-0.28324476650650754
0.17052394151687622,0.2439735832131997,-0.07344964169632348
0.2802475392818451,0.27362741330452106,0.006620125977324032
0.4871470332145691,0.21476684621355382,0.2723801870010153
0.24341754615306854,0.27239832540002945,-0.028980779246960908
0.27345073223114014,0.22156621910629068,0.05188451312484946
0.4609324634075165,0.30308821629465166,0.15784424711286482
0.2945985496044159,0.15019831236497572,0.14440023723944018
0.1424863487482071,0.2612484410450389,-0.11876209229683182
0.1587747186422348,0.2578744163840399,-0.0990996977418051
0.07190873473882675,0.24402432242250913,-0.17211558768368238
0.2174195796251297,0.23353398405135048,-0.01611440442622078
0.12029458582401276,0.2696196440758641,-0.14932505825185133
0.09906625747680664,0.22009760677951748,-0.12103134930271084
0.16694222390651703,0.2814687218426539,-0.1145264979361369
0.23908154666423798,0.1673235376198593,0.07175800904437868
0.1897488236427307,0.2049149891367474,-0.015166165494016698
0.22930285334587097,0.2421071890657051,-0.012804335719834137
0.16553591191768646,0.2286532333258974,-0.06311732140821094
0.2916179597377777,0.3335682162026188,-0.041950256464841074
0.19438520073890686,0.2528025104042975,-0.05841730966539066
0.15985839068889618,0.27092568159789704,-0.11106729090900086
0.33574050664901733,0.28810302637183666,0.04763748027718068
0.21727553009986877,0.23328373557736,-0.01600820547749124
0.31575247645378113,0.17292269781783814,0.14282977863594298
0.3257041573524475,0.34111217110469405,-0.015408013752246541
0.35515186190605164,0.21712632213298502,0.1380255397730666
0.29135093092918396,0.282062043324193,0.00928888760499097
0.22476379573345184,0.3129277795645298,-0.08816398383107793
0.19662131369113922,0.259032231712829,-0.0624109180216898
0.1486663669347763,0.19589461170080943,-0.04722824476603313
0.344836562871933,0.3485485879988704,-0.0037120251269374127
0.3537799119949341,0.3163772493250304,0.037402662669903664
0.2998848259449005,0.40213272859049787,-0.10224790264559735
0.4080480635166168,0.20972043853035824,0.19832762498625858
0.20975357294082642,0.2449914758272191,-0.0352379028863927
0.32707157731056213,0.2100029356575123,0.11706864165304984
0.29552096128463745,0.2202696701504134,0.07525129113422405
0.20640549063682556,0.1827036671115719,0.023701823525253657
0.19575205445289612,0.3091529618891511,-0.11340090743625497
0.2656961977481842,0.27083987362140444,-0.0051436758732202326
0.44541043043136597,0.2450724636379969,0.20033796679336907
0.28839758038520813,0.35888198812822336,-0.07048440774301523
0.1676829606294632,0.2530855220495842,-0.08540256142012098
0.32213205099105835,0.25972659052636227,0.06240546046469608
0.29707807302474976,0.29486948250383177,0.0022085905209179857
0.15569494664669037,0.31540888794414323,-0.15971394129745287
0.25152477622032166,0.2339502856229371,0.017574490597384557
0.18584135174751282,0.34712444875754866,-0.16128309701003585
0.24067062139511108,0.19106714066088132,0.049603480734229766
0.1988840103149414,0.20107941469325633,-0.002195404378314919
0.14862436056137085,0.3049430864801279,-0.15631872591875706
0.4330183267593384,0.3031759372856812,0.12984238947365717
0.24072962999343872,0.18886693963282886,0.051862690360609864
0.5236981511116028,0.261360743473924,0.26233740763767877
0.16063809394836426,0.22267012949524345,-0.062032035546879194
0.14806032180786133,0.26147057683156416,-0.11341025502370283
0.17814300954341888,0.3120413507071782,-0.13389834116375932
0.21864566206932068,0.274960485427061,-0.056314823357740296
0.48435744643211365,0.1872591225422915,0.29709832388982216
0.14156605303287506,0.18368202475181808,-0.04211597171894302
0.3099322021007538,0.19564441297541033,0.11428778912534346
0.48047515749931335,0.16863258590561253,0.3118425715937008
0.27421483397483826,0.2505133007337458,0.023701533241092476
0.4602142870426178,0.2652628554927454,0.19495143154987238
0.44847649335861206,0.24726864258036607,0.201207850778246
0.4581218361854553,0.1961203608993304,0.26200147528612494
0.16563266515731812,0.20644150747037243,-0.04080884231305432
0.16857722401618958,0.22941360301155125,-0.06083637899536168
0.23140715062618256,0.18794911915110055,0.04345803147508201
0.1416017860174179,0.22352573001035464,-0.08192394399293673
0.1581336110830307,0.24452969344131667,-0.08639608235828597
0.2395026683807373,0.2359687427503189,0.0035339256304184052
0.4456648528575897,0.25304199676809386,0.19262285608949586
0.4431150257587433,0.16293894235450446,0.28017608340423883
0.5031903386116028,0.2621955036105283,0.2409948350010745
0.4422844648361206,0.20268443092765578,0.23960003390846482
0.5234626531600952,0.20530729517528665,0.31815535798480854
0.08048319071531296,0.16060621017131105,-0.08012301945599809
0.48036277294158936,0.19747148302572995,0.28289128991585943
0.1297098845243454,0.32090840328978565,-0.19119851876544025
0.4676100015640259,0.21053170160730292,0.25707829995672293
0.4017603397369385,0.16851379955562243,0.23324654018131605
0.3599172830581665,0.2509221725584291,0.10899511049973742
0.2324042171239853,0.24745327582054893,-0.015049058696563644
0.10325261205434799,0.17794977310365168,-0.07469716104930368
0.3298896551132202,0.22375267393585732,0.1061369811773629
0.1577063500881195,0.27050528954794895,-0.11279893945982944
0.2240416407585144,0.1897663881563657,0.0342752526021487
0.505437970161438,0.2473132559895407,0.2581247141718973
0.41756823658943176,0.2055664062648309,0.21200183032460088
0.47202759981155396,0.1809069518619837,0.29112064794957027
0.047806285321712494,0.2626192688905291,-0.21481298356881662
0.058388322591781616,0.32539629442005114,-0.2670079718282695
0.07866775989532471,0.25281510085767195,-0.17414734096234724
0.23020093142986298,0.18751930429235517,0.04268162713750781
0.17405231297016144,0.19192661430435207,-0.01787430133419063
0.4865724742412567,0.15239311741723738,0.33417935682401934
0.18051104247570038,0.2822356415041749,-0.10172459902847453
0.26601436734199524,0.22670516403855545,0.03930920330343979
0.417183518409729,0.16834883125934516,0.24883468715038384
0.0726172998547554,0.2989168000088096,-0.2262995001540542
0.09230393171310425,0.22662957548306809,-0.13432564376996384
0.27841657400131226,0.24860027269172424,0.02981630130958801
0.48934730887413025,0.2544430426601862,0.23490426621394406
0.2953876554965973,0.1891534111466613,0.106234244349936
0.0660896971821785,0.16293115886143233,-0.09684146167925384
0.44137337803840637,0.1737295625160816,0.26764381552232475
0.19213004410266876,0.23726583532910125,-0.04513579122643249
0.5131813883781433,0.26451718697475796,0.24866420140338535
0.35610806941986084,0.26402107861925267,0.09208699080060817
0.4432428479194641,0.14649540752303147,0.29674744039643264
0.3052818179130554,0.17305020215271755,0.13223161576033787
0.11088380962610245,0.23741455486559115,-0.1265307452394887
0.43607592582702637,0.19823047695810028,0.23784544886892608
0.5223489999771118,0.2502879126384758,0.27206108733863604
0.16369789838790894,0.23367460041288976,-0.06997670202498082
0.14658010005950928,0.18791467430677417,-0.04133457424726489
0.1575758457183838,0.26631428367488147,-0.10873843795649768
0.09684475511312485,0.3661599818704462,-0.26931522675732134
0.16186854243278503,0.32255743689242444,-0.1606888944596394
0.08431252092123032,0.19182363306485725,-0.10751111214362694
0.09072031080722809,0.26888948742305696,-0.17816917661582887
0.4390655755996704,0.18798758713168554,0.2510779884679849
0.4446443021297455,0.21013112955305735,0.23451317257668813
0.1880524605512619,0.27805335787523416,-0.09000089732397226
0.09379297494888306,0.22369588375265378,-0.12990290880377073
0.3305138051509857,0.2032875945727823,0.1272262105782034
0.1393725425004959,0.19218551397207018,-0.052812971471574266
0.1553080976009369,0.2541821099612867,-0.09887401236034982
0.5113717317581177,0.17515949356671862,0.33621223819139906
0.09551583975553513,0.20503165328162276,-0.10951581352608764
0.10095666348934174,0.2426381699621563,-0.14168150647281458
0.4050433337688446,0.2178303220292526,0.187213011739592
0.17806069552898407,0.1840726535021476,-0.006011957973163534
0.11738792061805725,0.1978841830296099,-0.08049626241155264
0.4084603786468506,0.15480268328241734,0.2536576953644333
0.10811076313257217,0.25454249215336705,-0.14643172902079488
0.2828074097633362,0.20790394789548813,0.07490346186784805
0.4645336866378784,0.2839824680782086,0.18055121855966982
0.12325147539377213,0.22097859401511158,-0.09772711862133945
0.12194883823394775,0.32944913337894,-0.20750029514499224
0.45657920837402344,0.30424825143501644,0.152330956939007
0.5421575307846069,0.288116568881214,0.2540409619033929
0.34837183356285095,0.17990527242229398,0.16846656114055697
0.3878350257873535,0.23741678837356334,0.15041823741379018
0.24360540509223938,0.31838320183248786,-0.07477779674024848
0.20674070715904236,0.3058944278849275,-0.09915372072588513
0.3736976385116577,0.3014642736785691,0.07223336483308862
0.18529625236988068,0.309555899473037,-0.12425964710315635
0.2514362037181854,0.19138254338343982,0.0600536603347456
0.1790347844362259,0.24393417399596154,-0.06489938955973565
0.22542151808738708,0.31898592934267656,-0.09356441125528947
0.21227040886878967,0.22124027760634715,-0.00896986873755748
0.3082324266433716,0.2409130547524245,0.06731937189094708
0.25739651918411255,0.24902610567573003,0.008370413508382524
0.23889708518981934,0.18271257076946423,0.0561845144203551
0.21712161600589752,0.2817354547901094,-0.0646138387842119
0.24303777515888214,0.2657806096999858,-0.02274283454110365
0.2584850490093231,0.2466756175527141,0.01180943145660901
0.2621951103210449,0.22216597981959432,0.0400291305014506
0.20836418867111206,0.2544008363069775,-0.04603664763586546
0.19186685979366302,0.23039737479445158,-0.03853051500078855
0.4673587679862976,0.13725607853223323,0.3301026894540644
0.46320196986198425,0.2547962744197695,0.20840569544221477
0.21641385555267334,0.2345787474687763,-0.01816489191610296
0.1508357673883438,0.276656419872823,-0.1258206524844792
0.08866017311811447,0.13845970304989794,-0.049799529931783465
0.3445891737937927,0.1973108358848605,0.14727833790893222
0.15014667809009552,0.24278204506255474,-0.09263536697245922
0.14996884763240814,0.20415304541582555,-0.054184197783417404
0.14234574139118195,0.23332302144371023,-0.09097728005252828
0.42108285427093506,0.16757152214000223,0.2535113321309328
0.438037633895874,0.16845600723689866,0.26958162665897534
0.14006517827510834,0.2580066617200754,-0.11794148344496708
0.47133776545524597,0.19743255235779092,0.2739052130974551
0.22387807071208954,0.22034120168960422,0.003536869022485317
0.1395772397518158,0.1618712186773199,-0.02229397892550411
0.15435589849948883,0.24902176247561394,-0.09466586397612511
0.1522877961397171,0.24167042469858546,-0.08938262855886836
0.46335065364837646,0.2436110689963432,0.21973958465203328
0.11161712557077408,0.2119824321441203,-0.10036530657334622
0.14499202370643616,0.1667734305357123,-0.02178140682927615
0.10906695574522018,0.21685291756635305,-0.10778596182113287
0.24351078271865845,0.2093935859958733,0.034117196722785154
0.14764483273029327,0.2784155585850461,-0.1307707258547528
0.15352420508861542,0.19021408749098026,-0.03668988240236484
0.4897216558456421,0.20621813384153617,0.2835035220041059
0.17333272099494934,0.25028431130731404,-0.0769515903123647
0.14984484016895294,0.21372041532443145,-0.06387557515547851
0.14890162646770477,0.2452969340024787,-0.09639530753477393
0.1381906419992447,0.30794372246942814,-0.16975308047018345
0.16286693513393402,0.24118490162602496,-0.07831796649209094
0.1600991040468216,0.1616488441516573,-0.0015497401048357173
0.2806263864040375,0.2682361214443193,0.012390264959718178
0.09022350609302521,0.2753631359117857,-0.18513962981876048
0.15145976841449738,0.3146053606047541,-0.1631455921902567
0.3295998275279999,0.22481687317641327,0.1047829543515866
0.16614696383476257,0.28183634538877084,-0.11568938155400826
0.3461360037326813,0.24217944683737713,0.10395655689530414
0.43967318534851074,0.2975913389692845,0.14208184637922622
0.21111945807933807,0.17414657215618926,0.03697288592314882
0.22260664403438568,0.2168871858087619,0.00571945822562378
0.2533271908760071,0.21444187809637524,0.038885312779631837
0.17898587882518768,0.2102273611656618,-0.031241482340474108
0.1478407233953476,0.25915424074426086,-0.11131351734891326
0.14916671812534332,0.273401422261082,-0.12423470413573867
0.1976097673177719,0.1985113768091228,-0.0009016094913509021
0.15642835199832916,0.3447139660719748,-0.18828561407364564
0.3730525076389313,0.20796766284506765,0.16508484479386362
0.16309362649917603,0.14586954610852543,0.017224080390650598
0.09987359493970871,0.2317514902297163,-0.1318778952900076
0.20221491158008575,0.22133745865812657,-0.019122547078040814
0.2411547154188156,0.3084958272703719,-0.06734111185155628
0.09832802414894104,0.2559449220793467,-0.15761689793040567
0.10322397202253342,0.2675993518668631,-0.1643753798443297
0.19929239153862,0.281348617554183,-0.082056226015563
0.13963943719863892,0.22967018881564147,-0.09003075161700255
0.2294146865606308,0.2567851485954252,-0.02737046203479443
0.13843362033367157,0.18085912051575942,-0.04242550018208785
0.15621140599250793,0.29818934790976087,-0.14197794191725294
0.07559077441692352,0.19670284332522944,-0.12111206890830592
0.15596960484981537,0.22090570532407502,-0.06493610047425966
0.12239508330821991,0.24790272141806435,-0.12550763810984444
0.16164883971214294,0.16238974516269858,-0.0007409054505556345
0.08463729172945023,0.20265655807255004,-0.11801926634309981
0.13314034044742584,0.2679751069665558,-0.13483476651912996
0.2560296356678009,0.22986514107973013,0.02616449458807077
0.1482870727777481,0.22567786126796016,-0.07739078849021205
0.07882297784090042,0.16438137482641357,-0.08555839698551315
0.21641364693641663,0.283871616533454,-0.06745796959703737
0.27959519624710083,0.2644610942432919,0.015134102003808936
0.14017803966999054,0.21519851904405032,-0.07502047937405978
0.1994267702102661,0.19514767188971785,0.0042790983205482636
0.13200192153453827,0.3463337354099899,-0.21433181387545164
0.18401749432086945,0.21384266195471396,-0.029825167633844518
0.3284186124801636,0.20218486190571994,0.12623375057444364
0.18171456456184387,0.2875731521925471,-0.10585858763070322
0.1359739452600479,0.19061693215439698,-0.05464298689434907
0.17685852944850922,0.26770571355959927,-0.09084718411109005
0.23609068989753723,0.25514036005404356,-0.019049670156506326
0.3170934319496155,0.19291715942017615,0.12417627252943933
0.19916701316833496,0.3196765409326193,-0.12050952776428436
0.21983177959918976,0.22944752634806623,-0.00961574674887647
0.41746658086776733,0.3034581111275574,0.11400846974020995
0.1774134337902069,0.2829281309441596,-0.10551469715395267
0.3853510916233063,0.20652495790862466,0.17882613371468162
0.3348985016345978,0.3376193671763206,-0.0027208655417227945
0.4004824459552765,0.3062624141880908,0.09422003176718569
0.2695342004299164,0.16499328419228168,0.1045409162376347
0.4163322150707245,0.2354492039053529,0.1808830111653716
0.2673853039741516,0.27815328334365774,-0.010767979369506131
0.3312629759311676,0.22646388727309452,0.10479908865807308
0.24407462775707245,0.29171932998376227,-0.04764470222668982
0.40678131580352783,0.199432972869294,0.20734834293423382
0.39606595039367676,0.22944818222870308,0.16661776816497367
0.21974360942840576,0.2415530682761837,-0.021809458847777935
0.283730149269104,0.31480131426603897,-0.031071164996934963
0.28944265842437744,0.3044108103031119,-0.01496815187873446
0.335814893245697,0.1725690109033101,0.16324588234238693
0.25252336263656616,0.27448729656176263,-0.021963933925196466
0.2765825688838959,0.2270842949881091,0.04949827389578679
0.31018537282943726,0.37530290155237256,-0.0651175287229353
0.2256363332271576,0.20955558022818657,0.01608075299897102
0.2789042890071869,0.2568147345025058,0.022089554504681086
0.15289908647537231,0.2471734191356968,-0.09427433266032448
0.40019679069519043,0.26773458980945003,0.1324622008857404
0.3703908622264862,0.33310596476517507,0.03728489746131114
0.18911902606487274,0.2288002907017377,-0.03968126463686497
0.39835450053215027,0.28683403768713894,0.11152046284501133
0.32793372869491577,0.29184139876255644,0.036092329932359335
0.30152755975723267,0.25079202847553955,0.050735531281693114
0.2876511812210083,0.3333133074849359,-0.04566212626392757
0.18485794961452484,0.22828548177294697,-0.04342753215842213
0.3175627589225769,0.2707336797935991,0.046829079128977824
0.260826051235199,0.2904562323389883,-0.029630181103789344
0.19729866087436676,0.25246640599380976,-0.055167745119443
0.20528706908226013,0.23017222680308694,-0.024885157720826806
0.14642050862312317,0.19069499359120767,-0.044274484968084504
0.0629328042268753,0.19439444479239051,-0.1314616405655152
0.16676770150661469,0.18859362317145242,-0.02182592166483774
0.09263500571250916,0.26347726964354345,-0.1708422639310343
0.13448214530944824,0.17875651436475748,-0.04427436905530924
0.1866893321275711,0.1906206287569918,-0.003931296629420683
0.1833484023809433,0.1829107440192344,0.0004376583617088925
0.11611462384462357,0.22791699048193662,-0.11180236663731305
0.12470396608114243,0.20525005161376297,-0.08054608553262055
0.1611488163471222,0.2033388958732432,-0.042190079526121
0.12364858388900757,0.22762839935705323,-0.10397981546804566
0.09020553529262543,0.29198539375728816,-0.20177985846466273
0.062384217977523804,0.22507229135018517,-0.16268807337266136
0.19724076986312866,0.21649508937435333,-0.019254319511224666
0.22442467510700226,0.27124565748769797,-0.04682098238069571
0.09767679870128632,0.25067419397943663,-0.15299739527815032
0.20873501896858215,0.28960511542191036,-0.08087009645332821
0.10630662739276886,0.17316399836245486,-0.066857370969686
0.13745605945587158,0.2370077038257484,-0.09955164436987682
0.1180516704916954,0.2542668244221801,-0.13621515393048472
0.18238814175128937,0.24401301855111637,-0.061624876799827005
0.20674550533294678,0.1930282262047314,0.013717279128215382
0.110737144947052,0.21204683302315994,-0.10130968807610793
0.19550202786922455,0.21901905351356865,-0.023517025644344103
0.11919064074754715,0.1812059294873386,-0.06201528873979145
0.11896076053380966,0.23968648968170503,-0.12072572914789537
0.08271662890911102,0.2595425956319909,-0.17682596672287987
0.11891896277666092,0.14426138626064336,-0.02534242348398244
0.17253442108631134,0.22323517693000147,-0.05070075584369013
0.11655741184949875,0.1867991592736815,-0.07024174742418274
0.11756055057048798,0.18833494786132324,-0.07077439729083526
0.453380823135376,0.24016294022298748,0.2132178829123885
0.1647392362356186,0.20482668843003463,-0.040087452194416034
0.12884581089019775,0.191486993797957,-0.06264118290775925
0.2341018170118332,0.21538897272057686,0.01871284429125633
0.14347486197948456,0.18819100248374473,-0.04471614050426018
0.1824299395084381,0.19214153767317874,-0.009711598164740626
0.29061174392700195,0.1926749566733316,0.09793678725367036
0.17297330498695374,0.22096019265798605,-0.04798688767103232
0.1900363713502884,0.18787741714653497,0.0021589542037534215
0.17829200625419617,0.24969149213851838,-0.07139948588432221
0.11526169627904892,0.2500912925045951,-0.1348295962255462
0.1563686579465866,0.19926310762968522,-0.04289444968309861
0.11509384214878082,0.21782196201094545,-0.10272811986216462
0.2028733640909195,0.27164948758431195,-0.06877612349339246
0.12386149168014526,0.17152224040511396,-0.0476607487249687
0.12060586363077164,0.3255570394631352,-0.20495117583236355
0.13089388608932495,0.18518235827664645,-0.054288472187321496
0.10617078840732574,0.29558774318702824,-0.1894169547797025
0.14888761937618256,0.24474739833373207,-0.09585977895754952
0.09598203748464584,0.22324548353127846,-0.12726344604663262
0.12332857400178909,0.1990983952651391,-0.07576982126335
0.36004748940467834,0.20717271167909188,0.15287477772558647
0.1728583574295044,0.1930223409127017,-0.020163983483197312
0.14511540532112122,0.19522144057513863,-0.05010603525401741
0.15688134729862213,0.2209771379319768,-0.06409579063335466
0.29851144552230835,0.22357468933601563,0.07493675618629272
0.2339555323123932,0.17227789749690967,0.06167763481548352
0.1591697484254837,0.2514580673428335,-0.09228831891734979
0.13892941176891327,0.25764547491057627,-0.118716063141663
0.26093655824661255,0.2741877821729293,-0.013251223926316724
0.30901995301246643,0.22095122067591697,0.08806873233654947
0.4884191155433655,0.29118360055239634,0.19723551499096914
0.47740551829338074,0.29043767344656274,0.186967844846818
0.06473572552204132,0.24909332393754194,-0.18435759841550062
0.16946403682231903,0.33264491237586236,-0.16318087555354333
0.4020397961139679,0.22405475423883547,0.17798504187513242
0.06271900236606598,0.28225782513976677,-0.2195388227737008
0.4130115807056427,0.19327355523095593,0.21973802547468677
0.18752047419548035,0.26602435537179736,-0.07850388117631701
0.1252843141555786,0.32567299327120935,-0.20038867911563074
0.40404605865478516,0.20148625944593093,0.20255979920885422
0.5023480653762817,0.22724834484984915,0.2750997205264326
0.18969915807247162,0.3049970557731726,-0.11529789770070098
0.06341911107301712,0.2281201827914317,-0.16470107171841458
0.6068465113639832,0.31593470622405717,0.290911805139926
0.3157075047492981,0.27639169909161754,0.03931580565768056
0.5682832598686218,0.2820570777490534,0.2862261821195684
0.17249956727027893,0.19824933656729984,-0.025749769297020914
0.39160093665122986,0.30561581381473024,0.08598512283649962
0.04822579771280289,0.18803787420516868,-0.1398120764923658
0.4257284104824066,0.261623567502106,0.1641048429803006
0.08378483355045319,0.28292321418568506,-0.19913838063523187
0.17514324188232422,0.28570259096995415,-0.11055934908762993
0.5402424931526184,0.19719036477894983,0.3430521283736686
0.23819966614246368,0.32547924261465977,-0.08727957647219609
0.07945359498262405,0.2517017825726471,-0.17224818759002303
0.4258328974246979,0.29612393747355986,0.12970895995113801
0.06528431177139282,0.30883371032448576,-0.24354939855309293
0.2068099081516266,0.2476860453374436,-0.04087613718581701
0.6374525427818298,0.24321568388871467,0.39423685889311516
0.5846678018569946,0.22211571180809883,0.36255209004889577
0.5085445046424866,0.3466960662990457,0.16184843834344087
0.38156434893608093,0.2186935277162859,0.16287082121979504
0.2658851444721222,0.2356907679524924,0.03019437651962978
0.24098441004753113,0.21607745797674893,0.024906952070782196
0.3329227566719055,0.31401070771675454,0.018912048955150973
0.12706592679023743,0.18532630171208156,-0.05826037492184413
0.19731147587299347,0.2209104417437924,-0.023598965870798932
0.10033133625984192,0.25252379825183247,-0.15219246199199055
0.023513153195381165,0.17803445076549598,-0.15452129757011482
0.3484974801540375,0.2934602928275455,0.05503718732649199
0.14012235403060913,0.1918230457442813,-0.05170069171367217
0.5484504699707031,0.24898700649077635,0.2994634634799268
0.05201367661356926,0.27042135958286134,-0.21840768296929208
0.33726969361305237,0.23140367248087315,0.10586602113217922
0.4273114800453186,0.40642171997171517,0.020889760073603436
0.6294431686401367,0.2932850794348469,0.33615808920528983
0.06510145217180252,0.31779868091482016,-0.25269722874301764
0.49424460530281067,0.33330510269969366,0.160939502603117
0.1533459573984146,0.29207971447011305,-0.13873375707169844
0.4097304940223694,0.28220370205022655,0.12752679197214284
0.21805338561534882,0.21705213997922043,0.001001245636128384
0.32104188203811646,0.2102993785794511,0.11074250345866535
0.4196782410144806,0.33618258794144185,0.08349565307303874
0.08259883522987366,0.29781550596398965,-0.215216670734116
0.23031044006347656,0.2517708395186097,-0.021460399455133117
0.048753488808870316,0.2725124099007457,-0.2237589210918754
0.28347134590148926,0.25220788257761934,0.03126346332386992
0.2704567313194275,0.2569975122799246,0.013459219039502868
0.1237931028008461,0.24034222296946708,-0.11654912016862098
0.031421106308698654,0.21430320196006802,-0.18288209565136937
0.07669801265001297,0.23276860202494762,-0.15607058937493465
0.03415882959961891,0.24652435337603143,-0.21236552377641252
0.07383490353822708,0.22179830850085974,-0.14796340496263266
0.2698954939842224,0.2669385900995699,0.0029569038846525286
0.01929989643394947,0.19272126212984764,-0.17342136569589817
0.09760710597038269,0.24766738237884145,-0.15006027640845876
0.22496342658996582,0.2431605962796336,-0.01819716968966778
0.22386625409126282,0.2944934392226293,-0.07062718513136651
0.1208672970533371,0.29169444083477536,-0.17082714378143826
0.8043991923332214,0.22545880568259424,0.5789403866506272
0.15403343737125397,0.2569818222359726,-0.10294838486471863
0.22281086444854736,0.25853858467906404,-0.03572772023051668
0.25646811723709106,0.28564768051723954,-0.02917956328014848
0.40572622418403625,0.24135940652836518,0.16436681765567107
0.0422152541577816,0.2987380410676469,-0.2565227869098653
0.42891326546669006,0.2571204616697471,0.17179280379694295
0.7039393782615662,0.29170102205456055,0.4122383562070056
0.018192267045378685,0.25186595035488285,-0.23367368330950417
0.1515256017446518,0.2094073102012998,-0.057881708456648
0.0853814035654068,0.23847870455685927,-0.15309730099145247
0.8432183861732483,0.2946027726672874,0.5486156135059609
0.7912852764129639,0.273392192222087,0.5178930841908769
0.03997910022735596,0.30886364426539137,-0.2688845440380354
0.17454545199871063,0.23518338452611934,-0.060637932527408706
0.06974921375513077,0.2581039673786715,-0.1883547536235407
0.03839080408215523,0.24039622988913506,-0.20200542580697983
0.2867293655872345,0.26161526190161344,0.02511410368562106
0.08832810819149017,0.2680704183083418,-0.1797423101168516
0.2651306092739105,0.35861474762960677,-0.09348413835569624
0.05866248533129692,0.24343402068662875,-0.18477153535533183
0.025120167061686516,0.22715818110755115,-0.20203801404586463
0.24850574135780334,0.2560177760047955,-0.007512034646992183
0.14006268978118896,0.2023867756075229,-0.06232408582633395
0.03998954966664314,0.23368475817512233,-0.19369520850847918
0.12508882582187653,0.22344523865413699,-0.09835641283226046
0.3196342885494232,0.30672781663074444,0.012906471918678775
0.33820271492004395,0.2971038409999691,0.04109887392007483
0.028349006548523903,0.23764547632838215,-0.20929646977985825
0.3876906931400299,0.2611945596824495,0.12649613345758043
0.08540230244398117,0.2519184871421772,-0.166516184698196
0.6134691834449768,0.2849800174209313,0.3284891660240455
0.015600835904479027,0.21207569891225667,-0.19647486300777764
0.1725182831287384,0.2083269567110048,-0.03580867358226639
0.149258092045784,0.28113918413265276,-0.13188109208686877
0.03894461691379547,0.1928101665813563,-0.15386554966756083
0.020553814247250557,0.19639901388167538,-0.17584519963442483
0.45386624336242676,0.21874483141033438,0.23512141195209238
0.7462382316589355,0.21460570283761723,0.5316325288213183
0.027711598202586174,0.28228916962788386,-0.2545775714252977
0.07006269693374634,0.19077433004790692,-0.12071163311416058
0.30000001192092896,0.3060911802716725,-0.0060911683507435255
0.1505015641450882,0.19006937823382772,-0.03956781408873952
0.5741170048713684,0.23282732932647932,0.3412896755448891
0.14192266762256622,0.3032487977550078,-0.16132613013244157
0.4613688588142395,0.33984764221436176,0.12152121659987775
0.8015882968902588,0.23846008598525817,0.5631282109050006
0.23847439885139465,0.2550162961824245,-0.016541897331029842
0.2679101228713989,0.2532765442927854,0.014633578578613526
0.0008150470093823969,0.21453238494740154,-0.21371733793801914
0.1625705361366272,0.2047480216559168,-0.0421774855192896
0.08415883034467697,0.20797270664319292,-0.12381387629851595
0.16108672320842743,0.2622279510449685,-0.10114122783654106
0.07438871264457703,0.23891673650695308,-0.16452802386237605
0.2985788881778717,0.21303483065751572,0.08554405752035599
0.15962383151054382,0.23901813737633767,-0.07939430586579385
0.8701881170272827,0.24195163760279162,0.6282364794244911
0.2318495362997055,0.2890430325321099,-0.057193496232404384
0.06257053464651108,0.2269894418438875,-0.16441890719737642
0.5463322997093201,0.27350193221839286,0.2728303674909272
0.47327062487602234,0.2922200710427885,0.18105055383323382
0.44055381417274475,0.2978127439459838,0.14274107022676097
0.07588297128677368,0.2743564513475318,-0.1984734800607581
0.3625287413597107,0.24465259329979627,0.11787614805991442
0.12495297938585281,0.2400038933474476,-0.11505091396159478
0.1819644719362259,0.2612299105492363,-0.07926543861301039
0.12786833941936493,0.34541116862266985,-0.21754282920330492
0.7728840112686157,0.3378875380507639,0.43499647321785184
0.7167606949806213,0.1616492419711307,0.5551114530094906
0.2880355417728424,0.16727767077923483,0.12075787099360757
0.28719958662986755,0.2232417919134357,0.06395779471643184
0.4493521451950073,0.32900961895504904,0.12034252623995828
0.6083594560623169,0.27088581879522505,0.33747363726709184
0.7947440147399902,0.26278468793168014,0.53195932680831
0.5413166284561157,0.25021220546058137,0.29110442299553435
0.17952978610992432,0.3015742048310244,-0.12204441872110006
0.10961337387561798,0.16914193043549025,-0.05952855655987227
0.03655172511935234,0.1835667755597001,-0.14701505044034777
0.019676070660352707,0.2573432595001871,-0.2376671888398344
0.44529780745506287,0.20812695440914045,0.23717085304592242
0.12281087040901184,0.27944785044322346,-0.15663698003421161
0.06293626129627228,0.21912028499096917,-0.1561840236946969
0.1862800419330597,0.24714921606594556,-0.06086917413288587
0.42073145508766174,0.2961842244860573,0.12454723060160444
0.6429989337921143,0.3248170740579751,0.31818185973413915
0.17160919308662415,0.22719975635832335,-0.0555905632716992
0.2316405475139618,0.28618522661780954,-0.05454467910384775
0.19405433535575867,0.19195658456357628,0.0020977507921823846
0.26503658294677734,0.2789596664736856,-0.013923083526908242
0.3761964440345764,0.28386633595925165,0.09233010807532477
0.3298223614692688,0.26243442431785036,0.06738793715141844
0.5377534031867981,0.2917252631162794,0.2460281400705187
0.08967607468366623,0.2192912012888419,-0.12961512660517568
0.5720062851905823,0.28637327618625513,0.28563300900432714
0.18498432636260986,0.21687982101429457,-0.0318954946516847
0.35187041759490967,0.29580080983792945,0.05606960775698022
0.06371995806694031,0.23634212652796352,-0.1726221684610232
0.7589654922485352,0.33001559836424443,0.4289498938842907
0.24989551305770874,0.2730971338764248,-0.023201620818716073
0.036907002329826355,0.22787032442206814,-0.1909633220922418
0.21035528182983398,0.2627829337019052,-0.05242765187207121
0.08105538040399551,0.20825795325273858,-0.12720257284874306
0.14365726709365845,0.3454425765416601,-0.20178530944800166
0.10753051191568375,0.23593642496159636,-0.12840591304591262
0.16702371835708618,0.26471214494747836,-0.09768842659039217
0.13510911166667938,0.17437163996050833,-0.03926252829382895
0.13156917691230774,0.2814890789295071,-0.14991990201719935
0.11231107264757156,0.1794829623923742,-0.06717188974480265
0.1376848667860031,0.17146600507181747,-0.03378113828581436
0.15470680594444275,0.22773854882645075,-0.073031742882008
0.17939570546150208,0.2716176397564,-0.09222193429489794
0.07438526302576065,0.20273808785381733,-0.12835282482805668
0.1239934116601944,0.1741365859343982,-0.05014317427420381
0.10531525313854218,0.19091501764457838,-0.08559976450603621
0.18650124967098236,0.21774071663311625,-0.031239466962133894
0.11014284193515778,0.25158403672655305,-0.14144119479139527
0.18277369439601898,0.261501434988667,-0.07872774059264803
0.2443254142999649,0.21270331419179547,0.03162210010816943
0.13537034392356873,0.16146358592436325,-0.02609324200079452
0.12411119788885117,0.1999285330631609,-0.07581733517430975
0.13443513214588165,0.2152435915976844,-0.08080845945180276
0.15425749123096466,0.2577129075525056,-0.10345541632154093
0.12227972596883774,0.35811181950527776,-0.23583209353644002
0.07991817593574524,0.15168821709586341,-0.07177004116011818
0.14299550652503967,0.30746234745679824,-0.16446684093175856
0.12878204882144928,0.17454500475050075,-0.04576295592905147
0.13183040916919708,0.32499984224333633,-0.19316943307413925
0.1594664752483368,0.30467494557162844,-0.14520847032329165
0.13128988444805145,0.2321274322375107,-0.10083754778945925
0.13635258376598358,0.2739369049032539,-0.13758432113727032
0.11272381991147995,0.29523706909540653,-0.18251324918392658
0.14368516206741333,0.16862594919340124,-0.024940787125987907
0.12011148780584335,0.2004715859329371,-0.08036009812709374
0.19398295879364014,0.29002869296561956,-0.09604573417197942
0.1304928958415985,0.17493422774531597,-0.04444133190371746
0.09162142127752304,0.17391744821713614,-0.0822960269396131
0.1858823597431183,0.23750044542407656,-0.05161808568095827
0.1331365704536438,0.20904283009932603,-0.07590625964568223
0.13255424797534943,0.23802247675359292,-0.1054682287782435
0.09411358088254929,0.2389131175970555,-0.1447995367145062
0.1584814041852951,0.2839157412497796,-0.12543433706448448
0.10765589773654938,0.19938801913483498,-0.0917321213982856
0.10131316632032394,0.30375707240424243,-0.2024439060839185
0.07851796597242355,0.17383551401841613,-0.09531754804599257
0.06994755566120148,0.11971662780403344,-0.049769072142831966
0.14938917756080627,0.19727692241436187,-0.0478877448535556
0.2539868950843811,0.24247580273802055,0.011511092346360552
0.10860548168420792,0.24577802210447686,-0.13717254042026894
0.1115417405962944,0.23536123232410341,-0.12381949172780901
0.23479147255420685,0.21664179648876733,0.01814967606543952
0.13149994611740112,0.16465521646560186,-0.03315527034820073
0.13390327990055084,0.23396309528259537,-0.10005981538204453
0.26588866114616394,0.24053419766120876,0.02535446348495518
0.20385104417800903,0.2713183139173229,-0.06746726973931388
0.1826493740081787,0.2847508433655354,-0.1021014693573567
0.11481171101331711,0.1972043410397331,-0.082392630026416
0.17868907749652863,0.2668661459729175,-0.0881770684763889
0.1263902187347412,0.17059176979863394,-0.04420155106389273
0.21316072344779968,0.17275105029829688,0.040409673149502806
0.15276430547237396,0.19823459497435306,-0.045470289501979094
0.16491620242595673,0.22852232852230822,-0.0636061260963515
0.2372470647096634,0.1911910305619253,0.046056034147738095
0.241123765707016,0.1946012466797946,0.046522519027221404
0.2313118577003479,0.2243404078343295,0.0069714498660183866
0.1357417106628418,0.20789715324249755,-0.07215544257965575
0.37994298338890076,0.2010698609855436,0.17887312240335715
0.15550203621387482,0.17954362444671884,-0.024041588232844024
0.4559095501899719,0.16919935852525228,0.28671019166471967
0.10460339486598969,0.20033478349754388,-0.0957313886315542
0.10955636948347092,0.19546236884173127,-0.08590599935826035
0.1206848993897438,0.154823592536603,-0.03413869314685919
0.13712623715400696,0.21602606252595905,-0.07889982537195209
0.13974446058273315,0.21102385207607974,-0.07127939149334658
0.08658287674188614,0.20057439543629765,-0.11399151869441151
0.09232477843761444,0.18159619867277318,-0.08927142023515874
0.2351154088973999,0.21822604284572786,0.016889366051672045
0.15846964716911316,0.19214470174956785,-0.033675054580454694
0.0992683470249176,0.17995287224047754,-0.08068452521555994
0.1525866687297821,0.1922245873062002,-0.0396379185764181
0.13106107711791992,0.2426010801717095,-0.11154000305378958
0.13733066618442535,0.23001030996696933,-0.09267964378254398
0.17053860425949097,0.15714262865031575,0.013395975609175215
0.10736200958490372,0.20569484400603924,-0.09833283442113552
0.1925344318151474,0.24740782400783135,-0.054873392192683945
0.2945198118686676,0.18959939307902932,0.10492041878963829
0.15630662441253662,0.1795308749568193,-0.023224250544282676
0.14196427166461945,0.23840783552169495,-0.0964435638570755
0.16043411195278168,0.258094500702607,-0.0976603887498253
0.1594623327255249,0.19692221041916,-0.037459877693635096
0.17389284074306488,0.24059754000730257,-0.0667046992642377
0.1367036998271942,0.21427385935825202,-0.07757015953105781
0.13015198707580566,0.21629627877366464,-0.08614429169785898
0.1388980597257614,0.29403946802483283,-0.15514140829907141
0.17756055295467377,0.20882228015145973,-0.031261727196785966
0.13676640391349792,0.23487492567289878,-0.09810852175940085
0.21538709104061127,0.1686210214818664,0.04676606955874488
0.2100265920162201,0.18324123947770027,0.026785352538519824
0.18029826879501343,0.21645219948982466,-0.03615393069481124
0.2596295177936554,0.23143519024156653,0.028194327552088866
0.1147385686635971,0.17577976077688126,-0.061041192113284154
0.11920109391212463,0.23347994282079956,-0.11427884890867493
0.16272251307964325,0.21984704812518432,-0.057124535045541075
0.11633797734975815,0.2453783810517138,-0.12904040370195566
0.12044455856084824,0.2499207955092611,-0.12947623694841287
0.0907469317317009,0.26664843827985146,-0.17590150654815057
0.13160443305969238,0.24054432090371525,-0.10893988784402286
0.2046033889055252,0.17252478314248593,0.03207860576303928
0.2764424681663513,0.25243032655598174,0.024012141610369575
0.29660966992378235,0.1894619329240648,0.10714773699971755
0.16953547298908234,0.2202905901230567,-0.050755117133974376
0.10513630509376526,0.23468769900239458,-0.12955139390862933
0.19453024864196777,0.23361960992301548,-0.0390893612810477
0.11918019503355026,0.24766481766407988,-0.12848462263052962
0.10639022290706635,0.23179286193999019,-0.12540263903292384
0.06394442170858383,0.21491518654753386,-0.15097076483895003
0.12249262630939484,0.1764002020509168,-0.05390757574152197
0.190193772315979,0.22687503282012603,-0.03668126050414702
0.1416560262441635,0.26884703579765873,-0.12719100955349522
0.23920109868049622,0.21044318723498212,0.028757911445514095
0.11657831072807312,0.24281400751620075,-0.12623569678812763
0.13091477751731873,0.1803245346818132,-0.04940975716449447
0.15517809987068176,0.21757510505057723,-0.062397005179895465
0.1500370353460312,0.29755817999400996,-0.14752114464797877
0.25499001145362854,0.2142804389134316,0.04070957254019694
0.2362961769104004,0.2749415280172717,-0.038645351106871284
0.11386148631572723,0.2010664058363357,-0.08720491952060846
0.12344351410865784,0.19422263093617317,-0.07077911682751534
0.21693359315395355,0.17814519553442484,0.03878839761952871
0.09627462178468704,0.206598495831577,-0.11032387404688995
0.2102871537208557,0.27071660045030865,-0.06042944672945294
0.20981760323047638,0.24717377143548358,-0.0373561682050072
0.1201983392238617,0.25215864541224536,-0.13196030618838367
0.14663055539131165,0.16845837691403587,-0.021827821522724222
0.1877172887325287,0.17118754682897927,0.016529741903549416
0.13577371835708618,0.2441683293591778,-0.1083946110020916
0.1559297889471054,0.22093236673702019,-0.06500257778991478
0.20326587557792664,0.16322121185204436,0.04004466372588228
0.10707399249076843,0.1588686288330844,-0.05179463634231596
0.2346033900976181,0.15241440201591255,0.08218898808170555
0.1429315060377121,0.17547662931180327,-0.032545123274091176
0.10787402838468552,0.17902193909694336,-0.07114791071225784
0.30999523401260376,0.19941026348346869,0.11058497052913507
0.26396599411964417,0.26412473849722146,-0.0001587443775772912
0.1814790517091751,0.176498771700515,0.004980280008660104
0.12643201649188995,0.18794762123267997,-0.061515604740790014
0.1298796385526657,0.22831219930147598,-0.09843256074881027
0.10719482600688934,0.20525696630606882,-0.09806214029917948
0.2458050698041916,0.21413702600392145,0.031668043800270135
0.17890851199626923,0.2842980164228903,-0.1053895044266211
0.28087297081947327,0.208314030019463,0.07255894080001027
0.19629618525505066,0.21116479317717143,-0.014868607922120775
0.15099836885929108,0.2776946322972512,-0.12669626343796014
0.10807256400585175,0.26820506179461795,-0.1601324977887662
0.1716044396162033,0.19251158969607385,-0.02090715007987054
0.19482283294200897,0.21492870443711673,-0.020105871495107758
0.21049681305885315,0.25926711209073117,-0.04877029903187802
0.21489597856998444,0.19194296060546606,0.022953017964518374
0.21912795305252075,0.2833478414368518,-0.06421988838433107
0.10632752627134323,0.1720140491311163,-0.06568652285977306
0.169274240732193,0.16589044334260114,0.0033837973895918527
0.1124926283955574,0.20733089456643758,-0.09483826617088018
0.15379878878593445,0.20693231110158614,-0.05313352231565169
0.14148949086666107,0.12930469807299982,0.012184792793661248
0.08164557069540024,0.20626259922303877,-0.12461702852763853
0.08941464126110077,0.17000210566499388,-0.08058746440389311
0.23004749417304993,0.28770000799495904,-0.05765251382190911
0.17931602895259857,0.20729862131836008,-0.027982592365761505
0.1577688753604889,0.26164935016295504,-0.10388047480246615
0.1847705841064453,0.21987523595192368,-0.03510465184547837
0.11087754368782043,0.22728855897515135,-0.11641101528733092
0.13704852759838104,0.17485140888139444,-0.0378028812830134
0.1931195855140686,0.270363043742509,-0.07724345822844042
0.12093567848205566,0.1958503988199514,-0.07491472033789573
0.1296922117471695,0.21450335958326835,-0.08481114783609886
0.10489597171545029,0.23861793839626902,-0.13372196668081873
0.20633797347545624,0.2593844805420609,-0.05304650706660469
0.11103428155183792,0.2552153743460881,-0.14418109279425018
0.2403087168931961,0.20756895979341752,0.03273975709977858
0.36004748940467834,0.26333622453432526,0.09671126487035309
0.09074170142412186,0.2370600078607171,-0.14631830643659524
0.134363055229187,0.2033320279520879,-0.0689689727229009
0.16551248729228973,0.25701000049185696,-0.09149751319956723
0.1452825963497162,0.23439883618204096,-0.08911623983232478
0.12188656628131866,0.28595728595511755,-0.16407071967379888
0.1046660840511322,0.2731528557525105,-0.16848677170137832
0.17882491648197174,0.17644912933768542,0.002375787144286323
0.22252397239208221,0.21143616267607931,0.0110878097160029
0.2539137303829193,0.26008372234143595,-0.006169991958516641
0.20659920573234558,0.2408232955793202,-0.034224089846974615
0.11543934047222137,0.15492109074590377,-0.03948175027368239
0.1235375627875328,0.2612014475302989,-0.13766388474276609
0.1550004631280899,0.24819107790130857,-0.09319061477321866
0.17671415209770203,0.24240019174231028,-0.06568603964460826
0.20749785006046295,0.3133610659190746,-0.10586321585861164
0.19874131679534912,0.23041869075207502,-0.0316773739567259
0.3550173044204712,0.2497604459513656,0.1052568584691056
0.3290327787399292,0.29475792936237155,0.03427484937755765
0.23661960661411285,0.27280593059265085,-0.03618632397853799
0.4353187680244446,0.23550591810292995,0.19981284992151463
0.5344473123550415,0.25009941096120747,0.28434790139383403
0.5763340592384338,0.23542033615500457,0.34091372308342927
0.049887239933013916,0.20408290207478177,-0.15419566214176786
0.28282350301742554,0.24383055109293522,0.038992951924490316
0.246721088886261,0.18903041253670397,0.05769067634955702
0.09027386456727982,0.30178674212985035,-0.21151287756257053
0.2799812853336334,0.2751788227716722,0.004802462561961207
0.5368360280990601,0.2525310967450436,0.28430493135401647
0.0702425166964531,0.17579304022033101,-0.10555052352387792
0.221977099776268,0.18023354964733193,0.041743550128936074
0.21852360665798187,0.33727562988808346,-0.11875202323010159
0.14556121826171875,0.17005266771370253,-0.024491449451983782
0.1627190113067627,0.3175805158698385,-0.1548615045630758
0.06548807770013809,0.2107374432175914,-0.14524936551745332
0.37359675765037537,0.21517690068875203,0.15841985696162333
0.209443137049675,0.2247479478939706,-0.015304810844295608
0.11026863753795624,0.19636378457350537,-0.08609514703554913
0.2667890191078186,0.25718754764850843,0.009601471459310174
0.32984021306037903,0.29503600397987856,0.03480420908050047
0.18447448313236237,0.18903185035498585,-0.004557367222623482
0.1255037486553192,0.23985427429399753,-0.11435052563867831
0.23213383555412292,0.2697935475200533,-0.037659711965930376
0.06406174600124359,0.24500934993520473,-0.18094760393396114
0.6741662621498108,0.24563131653684644,0.42853494561296435
0.5768569111824036,0.2813246730803888,0.2955322381020148
0.4853835701942444,0.203428435887108,0.28195513430713637
0.17150165140628815,0.26487814888794975,-0.0933764974816616
0.19002307951450348,0.2197530116927782,-0.029729932178274715
0.34159570932388306,0.29024867627079787,0.05134703305308519
0.12117773294448853,0.22873023271503676,-0.10755249977054823
0.2110418826341629,0.22467165704406186,-0.01362977440989896
0.35613593459129333,0.31351373248009484,0.04262220211119849
0.593706488609314,0.2919773786350647,0.3017291099742493
0.06735850125551224,0.2142177745756149,-0.14685927332010265
0.1579541116952896,0.163806593172025,-0.005852481476735394
0.12144418805837631,0.29265171262857337,-0.17120752457019706
0.8043334484100342,0.3739671447163253,0.4303663036937089
0.2838161885738373,0.23609431015903434,0.04772187841480294
0.4347722828388214,0.3229669613888258,0.11180532144999561
0.06534178555011749,0.21028329441884777,-0.14494150886873028
0.23502308130264282,0.2824724360777637,-0.047449354775120856
0.48480886220932007,0.2182651042197154,0.26654375798960467
0.1984504610300064,0.2917883894896337,-0.0933379284596273
0.31269288063049316,0.30224835515951043,0.010444525470982735
0.09151210635900497,0.28271889207966755,-0.19120678572066258
0.06949538737535477,0.18565456537279915,-0.11615917799744438
0.03542537987232208,0.1949936495155338,-0.15956826964321172
0.17386843264102936,0.24849127260849194,-0.07462283996746258
0.22462600469589233,0.16166059746374636,0.06296540723214597
0.3799499273300171,0.31370351202119373,0.06624641530882336
0.07980886846780777,0.2657171200845579,-0.18590825161675012
0.3504880666732788,0.2479185630800617,0.10256950359321712
0.5133512020111084,0.29540996052574453,0.21794124148536387
0.42261451482772827,0.2738877582788557,0.14872675654887257
0.17166362702846527,0.29603124515777557,-0.1243676181293103
0.27000218629837036,0.2366156960074398,0.03338649029093055
0.14065003395080566,0.24893248454464342,-0.10828245059383776
0.46807950735092163,0.21092414357460185,0.25715536377631976
0.09903562068939209,0.22706486231392484,-0.12802924162453275
0.32004398107528687,0.21620625042049949,0.10383773065478738
0.2288266271352768,0.24233609218788849,-0.013509465052611691
0.5929645895957947,0.3248671410798176,0.26809744851597705
0.2962874472141266,0.27714197778601385,0.019145469428112738
0.3835862874984741,0.19851734031257548,0.18506894718589864
0.35834595561027527,0.28657353219939397,0.0717724234108813
0.21746300160884857,0.27678255665377477,-0.0593195550449262
0.32765108346939087,0.23379062228572997,0.0938604611836609
0.18286007642745972,0.28672247581260135,-0.10386239938514163
0.24958942830562592,0.31390780883640224,-0.06431838053077632
0.1236124187707901,0.23135015587342875,-0.10773773710263865
0.24892589449882507,0.35068040462445016,-0.10175451012562509
0.19453196227550507,0.20501819560107268,-0.010486233325567612
0.10090604424476624,0.27191929437099305,-0.1710132501262268
0.2278391718864441,0.25695882903632006,-0.029119657149875966
0.22590604424476624,0.2170594419741264,0.008846602270639825
0.37975138425827026,0.19154532444598413,0.18820605981228614
0.48551419377326965,0.22811360834272731,0.25740058543054234
0.43100008368492126,0.2620816241832759,0.16891845950164536
0.12970437109470367,0.27287813871691863,-0.14317376762221495
0.23979319632053375,0.29712711317142515,-0.0573339168508914
0.3154515027999878,0.2611131386973938,0.05433836410259402
0.09676288813352585,0.21565334557856522,-0.11889045744503937
0.44380050897598267,0.2908877925881704,0.1529127163878123
0.11819444596767426,0.27245542305765486,-0.1542609770899806
0.5252372622489929,0.27176488864772963,0.2534723736012633
0.2763606011867523,0.2936494602765034,-0.017288859089751085
0.41072317957878113,0.30566018942343354,0.10506299015534759
0.13066571950912476,0.22806603649195442,-0.09740031698282967
0.3875715434551239,0.2509538116040633,0.13661773185106058
0.3701745867729187,0.2798458151801776,0.09032877159274111
0.27152255177497864,0.2792756339871635,-0.0077530822121848475
0.5833145976066589,0.2569676806832735,0.3263469169233854
0.01754659041762352,0.25231027074170154,-0.23476368032407802
0.3735183775424957,0.2850947821154679,0.08842359542702782
0.35463646054267883,0.22727647437131995,0.12735998617135888
0.6059374213218689,0.3187110987877524,0.2872263225341165
0.6633407473564148,0.291715400672819,0.3716253466835958
0.15641283988952637,0.25290216659555487,-0.0964893267060285
0.03371691331267357,0.2059509805968072,-0.17223406728413362
0.4940513074398041,0.318035718786396,0.17601558865340805
0.09967302531003952,0.2263304363619184,-0.1266574110518789
0.6718360185623169,0.23210347059495856,0.43973254796735833
0.19193530082702637,0.24344475311971683,-0.051509452292690466
0.20358629524707794,0.22159418220485752,-0.01800788695777958
0.47380051016807556,0.3974642321677371,0.07633627800033849
0.4460941255092621,0.30724977432059386,0.13884435118866822
0.5215069055557251,0.2738644699378006,0.24764243561792448
0.38366466760635376,0.22754941809362508,0.15611524951272868
0.5617054104804993,0.331390137736856,0.23031527274364327
0.756203830242157,0.3303029542367413,0.4259008760054157
0.033345963805913925,0.3331831791850575,-0.2998372153791436
0.3560680150985718,0.21372486209701866,0.14234315300155312
0.2378966361284256,0.34898254110457405,-0.11108590497614845
0.31956854462623596,0.18879723130924808,0.13077131331698788
0.27409830689430237,0.17419192233035985,0.09990638456394252
0.1037534847855568,0.23653687248076952,-0.13278338769521272
0.04866466671228409,0.17114195549089545,-0.12247728877861136
0.4690983295440674,0.27206434526848955,0.19703398427557783
0.16221743822097778,0.2388088289428025,-0.07659139072182472
0.3851066827774048,0.3262692049505884,0.058837477826816365
0.4001275599002838,0.2310749327685883,0.16905262713169553
0.3402216136455536,0.31843394018345417,0.02178767346209942
0.17554032802581787,0.223596433049223,-0.04805610502340513
0.36958420276641846,0.2592633887890991,0.11032081397731935
0.3327398896217346,0.39767238668699456,-0.06493249706525994
0.08516936749219894,0.267134337783734,-0.18196497029153508
0.15567615628242493,0.34166492207840365,-0.18598876579597873
0.21783916652202606,0.22480581252066997,-0.006966645998643911
0.29572317004203796,0.29639354516193134,-0.0006703751198933738
0.37474095821380615,0.30616739951299105,0.06857355870081511
0.30155912041664124,0.29587870766960195,0.005680412747039287
0.17546717822551727,0.20813962656926924,-0.032672448343751964
0.19733759760856628,0.2401845559085931,-0.04284695830002683
0.08327804505825043,0.2786728161987666,-0.19539477114051618
0.039850667119026184,0.23734466353718695,-0.19749399641816076
0.568722128868103,0.23104151245937585,0.33768061640872715
0.11898337304592133,0.2843311438777263,-0.16534777083180496
0.2101536989212036,0.2126642720740218,-0.0025105731528181907
0.42541491985321045,0.23672331207770322,0.18869160777550723
0.16842955350875854,0.2713580170669532,-0.10292846355819468
0.383450448513031,0.36100445345142057,0.022445995061610435
0.2630324959754944,0.2820344723324876,-0.01900197635699319
0.5027033090591431,0.27591683671076805,0.226786472348375
0.3796573579311371,0.3023533110440477,0.07730404688708936
0.23405128717422485,0.26903949377754693,-0.03498820660332208
0.2737116813659668,0.2647631003332814,0.008948581032685421
0.13108891248703003,0.21570557294438233,-0.0846166604573523
0.2355925738811493,0.25072966156963744,-0.015137087688488149
0.46771901845932007,0.20367191290064854,0.2640471055586715
0.3039102256298065,0.285148839402163,0.018761386227643506
0.2836594581604004,0.19956935323826094,0.08409010492213945
0.1704253852367401,0.26661877857811767,-0.09619339334137755
0.0787273645401001,0.2429215904726104,-0.1641942259325103
0.6025100350379944,0.2200087978767893,0.3825012371612051
0.2785288393497467,0.2929239768283879,-0.014395137478641185
0.6620398163795471,0.31383221183596677,0.34820760454358035
0.3890460729598999,0.3318557322664123,0.05719034069348761
0.03308473154902458,0.2462852571861762,-0.2132005256371516
0.17696142196655273,0.23180574472992468,-0.05484432276337195
0.054746173322200775,0.200882592829034,-0.14613641950683323
0.1684609055519104,0.2583267288047235,-0.08986582325281312
0.4107440710067749,0.23562692465666674,0.17511714635010817
0.6804723739624023,0.38233568202477297,0.2981366919376294
0.18200844526290894,0.19914105431932302,-0.01713260905641409
0.6116322875022888,0.2759780218368273,0.3356542656654615
0.40781304240226746,0.25784195142564487,0.1499710909766226
0.2217681109905243,0.22264034916127415,-0.0008722381707498561
0.09681513905525208,0.22639483516248723,-0.12957969610723516
0.19745254516601562,0.21485855421381547,-0.017406009047799847
0.2561568319797516,0.360113245777294,-0.10395641379754239
0.4162038564682007,0.2250868803561392,0.1911169761120615
0.1438109576702118,0.23992036715701087,-0.09610940948679908
0.5644065737724304,0.30312839829713,0.2612781754753004
0.16579632461071014,0.16744018438197078,-0.0016438597712606362
0.3331160843372345,0.2821996224682718,0.050916461868962704
0.14527909457683563,0.2228209802108146,-0.07754188563397896
0.2793595492839813,0.1869876619114006,0.09237188737258073
0.0392916277050972,0.23679402941016955,-0.19750240170507236
0.2735079228878021,0.2371403305835792,0.03636759230422293
0.22468870878219604,0.2792873403475389,-0.05459863156534284
0.334615558385849,0.2860817734447127,0.048533784941136304
0.44606801867485046,0.33947873209584045,0.10658928657901001
0.12035223096609116,0.22337752783358272,-0.10302529686749157
0.30104711651802063,0.22817007954256,0.07287703697546064
0.07081200182437897,0.20494827695286533,-0.13413627512848636
0.11498650908470154,0.255975302410931,-0.1409887933262295
0.34426549077033997,0.33487260570624566,0.009392885064094303
0.2996312379837036,0.28085709021906324,0.01877414776464037
0.19189873337745667,0.2688119636397259,-0.07691323026226926
0.3421233892440796,0.2805856613326828,0.06153772791139678
0.2248402237892151,0.25988780610030265,-0.035047582311087566
0.32653823494911194,0.22011227399005748,0.10642596095905446
0.22043582797050476,0.3677536768971771,-0.14731784892667232
0.36963123083114624,0.3086063821979179,0.061024848633228324
0.27371692657470703,0.3012496425660792,-0.027532715991372192
0.06575453281402588,0.20067254205988802,-0.13491800924586214
0.5563240051269531,0.31621637985775486,0.24010762526919827
0.2215747982263565,0.2430581489779674,-0.021483350751610897
0.2835131585597992,0.2976143273044535,-0.01410116874465428
0.5589938163757324,0.33441119746764836,0.22458261890808406
0.215467169880867,0.2661322165140203,-0.0506650466331533
0.05601054057478905,0.254048302358349,-0.19803776178355997
0.05547240003943443,0.2499113547659557,-0.19443895472652126
0.17176289856433868,0.3619391239272234,-0.1901762253628847
0.21083290874958038,0.21552251036101655,-0.004689601611436167
0.12059256434440613,0.3099534745966971,-0.18936091025229096
0.02849225513637066,0.17083282326825142,-0.14234056813188076
0.04633446782827377,0.32114201862152214,-0.27480755079324837
0.18502308428287506,0.3555647419950188,-0.17054165771214375
0.13416101038455963,0.23122519143411488,-0.09706418104955525
0.5063762664794922,0.30597404584675075,0.20040222063274143
0.6050752997398376,0.34202239878151397,0.2630529009583237
0.577687680721283,0.3205165398278137,0.25717114089346926
0.30515891313552856,0.23913527108207958,0.06602364205344899
0.17715473473072052,0.31224461898131883,-0.1350898842505983
0.33925506472587585,0.34422451388142544,-0.004969449155549588
0.6625988483428955,0.35965212659497603,0.3029467217479195
0.5900805592536926,0.3506801227585744,0.23940043649511822
0.3588632047176361,0.2692247810371477,0.08963842368048841
0.08208159357309341,0.23111010140704089,-0.14902850783394747
0.4123898446559906,0.22015451785936738,0.19223532679662322
0.07410354167222977,0.22651397679826216,-0.1524104351260324
0.4049394726753235,0.277831777722854,0.12710769495246949
0.2977398931980133,0.22571361491327216,0.07202627828474115
0.09941179305315018,0.29645874408169404,-0.19704695102854386
0.4209112823009491,0.21061325349492924,0.21029802880601986
0.030033528804779053,0.15034536058044282,-0.12031183177566376
0.25819966197013855,0.2748396432950782,-0.016639981324939657
0.5381526350975037,0.3037212362525937,0.23443139884491
0.4324682354927063,0.3231606302327563,0.10930760525994998
0.2946573495864868,0.2758655087022299,0.018791840884256894
0.3408590257167816,0.24291589752533468,0.09794312819144693
0.3197910189628601,0.22068632937590307,0.09910468958695703
0.8610658049583435,0.24685824179519517,0.6142075631631483
0.2379205822944641,0.21584259031944697,0.02207799197501714
0.42607104778289795,0.32711930985107607,0.09895173793182188
0.12827585637569427,0.26175232710196183,-0.13347647072626756
0.054284222424030304,0.30311500797881097,-0.24883078555478066
0.48256009817123413,0.28506202524219304,0.1974980729290411
0.25113898515701294,0.19914061721530965,0.05199836794170329
0.06828631460666656,0.2935871000645079,-0.22530078545784132
0.44705328345298767,0.26837010249146986,0.1786831809615178
0.3111598789691925,0.2387728705727185,0.072387008396474
0.08592476695775986,0.22240909984570104,-0.13648433288794118
0.09650992602109909,0.20770109980260734,-0.11119117378150825
0.5381922721862793,0.20275302846500123,0.3354392437212781
0.032445140182971954,0.2869901347647857,-0.25454499458181373
0.47620689868927,0.3010998692005732,0.17510702948869683
0.554858922958374,0.25259302764996694,0.3022658953084071
0.1555381417274475,0.35812398045697497,-0.20258583872952746
0.22016718983650208,0.34282941516252824,-0.12266222532602616
0.35357367992401123,0.2599547813848772,0.09361889853913402
0.3506792187690735,0.34172354257043713,0.008955676198636353
0.24526645243167877,0.25452291929753296,-0.009256466865854185
0.48153606057167053,0.280595394347036,0.20094066622463452
0.013855799101293087,0.20306368121036597,-0.18920788210907288
0.25478577613830566,0.3448056067171671,-0.09001983057886143
0.5212225914001465,0.23044632932581022,0.29077626207433627
0.060386624187231064,0.1892158822853232,-0.12882925809809215
0.036029256880283356,0.20176754369819141,-0.16573828681790806
0.3785475492477417,0.232951467450318,0.1455960817974237
0.07692790031433105,0.35226997226379575,-0.2753420719494647
0.24138976633548737,0.19236809614300457,0.0490216701924828
0.1260501593351364,0.24305865228521806,-0.11700849295008164
0.17415882647037506,0.24958296075906186,-0.0754241342886868
0.2513270676136017,0.24589776215432738,0.005429305459274308
0.24961337447166443,0.26072956633871935,-0.011116191867054925
0.1583176553249359,0.3806507814206279,-0.222333126095692
0.02723092958331108,0.35643455089770354,-0.32920362131439246
0.14386625587940216,0.23159822468776797,-0.08773196880836581
0.12959247827529907,0.28863336854663435,-0.15904089027133528
0.2720271646976471,0.18164453339464035,0.09038263130300675
0.4178265333175659,0.31963025634393083,0.09819627697363509
0.7721211910247803,0.18955639392679483,0.5825647970979855
0.0965726226568222,0.2048243487168753,-0.1082517260600531
0.17850574851036072,0.291950555399589,-0.11344480688922826
0.08484848588705063,0.19763186512277373,-0.1127833792357231
0.49287354946136475,0.29419203065876764,0.1986815188025971
0.47301986813545227,0.2399935336948552,0.23302633444059706
0.03699059411883354,0.23725263481538728,-0.20026204069655373
0.17506791651248932,0.17635269527506783,-0.0012847787625785145
0.462894469499588,0.2093881400816485,0.2535063294179395
0.1536468118429184,0.19426058916449998,-0.040613777321581584
0.11490073055028915,0.22496616055480187,-0.11006543000451272
0.08454545587301254,0.24531802317533713,-0.1607725673023246
0.06817136704921722,0.2842272304795619,-0.21605586343034466
0.2561546564102173,0.20676279899599018,0.04939185741422711
0.3887878656387329,0.27072097117775207,0.11806689446098084
0.27672937512397766,0.2566199659847959,0.020109409139181744
0.3705642521381378,0.34646219246311727,0.02410205967502055
0.4597596526145935,0.25365561219980476,0.20610404041478875
0.5313270688056946,0.31976607530615486,0.21156099349953972
0.45752352476119995,0.18038023729540575,0.2771432874657942
0.5140438675880432,0.34063933408804725,0.17340453349999596
0.08800417929887772,0.23915991709049297,-0.15115573779161526
0.29379311203956604,0.2313879721853392,0.062405139854226827
0.888505756855011,0.33123933123205546,0.5572664256229556
0.5807628035545349,0.25621681452527856,0.32454598902925635
0.20350052416324615,0.3265050944333233,-0.12300457027007716
0.25991639494895935,0.24103953225620597,0.018876862692753377
0.06246604025363922,0.21233991211267447,-0.14987387185903525
0.014294670894742012,0.18829296821484678,-0.17399829732010477
0.004179728217422962,0.17707739654088206,-0.1728976683234591
0.16341692209243774,0.26825815554022936,-0.10484123344779162
0.050114940851926804,0.2940202732744934,-0.24390533242256662
0.30169278383255005,0.3042052805928929,-0.002512496760342875
0.13591431081295013,0.24060741919465287,-0.10469310838170273
0.4494566321372986,0.3184498420472327,0.13100679009006588
0.02020898647606373,0.20141857210927408,-0.18120958563321035
0.10746081173419952,0.2517022582319377,-0.14424144649773818
0.539864182472229,0.25218318968015374,0.28768099279207526
0.44434690475463867,0.20507161212411226,0.2392752926305264
0.6236363649368286,0.24696525099768352,0.3766711139391451
0.265381395816803,0.308772258496245,-0.04339086267944203
0.6868129372596741,0.2939583425547865,0.3928545947048876
0.5442319512367249,0.20607622835530728,0.3381557228814176
0.7403134703636169,0.27317293757795963,0.4671405327856573
0.63170325756073,0.2530718787311979,0.3786313788295321
0.04641588404774666,0.2119469978939015,-0.16553111384615485
0.2321525663137436,0.2139668464975035,0.018185719816240092
0.13643677532672882,0.2562630929378532,-0.11982631761112439
0.24218390882015228,0.25198161941858854,-0.00979771059843626
0.1355067938566208,0.29584112798891815,-0.16033433413229736
0.5489864349365234,0.31193047109937644,0.237055963837147
0.43381398916244507,0.3532611561753683,0.08055283298707677
0.20653082430362701,0.22308479605030382,-0.016553971746676804
0.27821317315101624,0.2959373803931936,-0.01772420724217738
0.05160919576883316,0.19181367938507662,-0.14020448361624346
0.6707001328468323,0.23792051864914981,0.43277961419768246
0.018631139770150185,0.1802647140725294,-0.1616335743023792
0.4427899718284607,0.2456642627100266,0.1971257091184341
0.2651306092739105,0.23286458722496203,0.03226602204894849
0.540501594543457,0.2460874285396342,0.29441416600382286
0.3426332175731659,0.26794863895908977,0.07468457861407612
0.36489027738571167,0.2618907876333371,0.10299948975237455
0.08050156384706497,0.2231752678142538,-0.14267370396718884
0.0710449293255806,0.2496244331643869,-0.1785795038388063
0.0760188102722168,0.17307418678791878,-0.09705537651570198
0.5031765699386597,0.31363733387045156,0.1895392360682081
0.133092999458313,0.2881766417856543,-0.1550836423273413
0.7075026035308838,0.3239458667032238,0.38355673682766
0.3121107518672943,0.21376786884926477,0.09834288301802954
0.49507835507392883,0.30566422524097847,0.18941412983295036
0.5967398285865784,0.32133132289872335,0.275408505687855
0.08752351254224777,0.2608327784846613,-0.17330926594241353
0.1913897544145584,0.2457814853944069,-0.05439173097984848
0.058066874742507935,0.24975031453392957,-0.19168343979142163
0.12121212482452393,0.23705957787607948,-0.11584745305155555
0.21677115559577942,0.2678117351144369,-0.05104057951865748
0.056938350200653076,0.19502585233326838,-0.1380875021326153
0.3358098268508911,0.2428997189997345,0.09291010785115661
0.48804599046707153,0.3576550633310275,0.13039092713604405
0.772016704082489,0.35061953954777136,0.42139716453471765
0.19515150785446167,0.2633974120358273,-0.06824590418136561
0.1030825525522232,0.16828313083859342,-0.06520057828637021
0.6303343772888184,0.2565032941155613,0.3738310831732571
0.08982235938310623,0.20486312015258276,-0.11504076076947653
0.2735423147678375,0.3403800640953839,-0.06683774932754638
0.2268861085176468,0.2135779171677315,0.013308191349915288
0.3196447193622589,0.31978038299894435,-0.00013566363668543469
0.352152556180954,0.3342844543264931,0.01786810185446086
0.027972832322120667,0.19058044454721254,-0.16260761222509187
0.36124345660209656,0.3401116353339386,0.021131821268157935
0.3040856719017029,0.21835509366215658,0.0857305782395463
0.138652041554451,0.29517301769341775,-0.15652097613896676
0.4317450225353241,0.26834144923185027,0.16340357330347383
0.44866248965263367,0.31430098834325765,0.13436150130937602
0.3524138033390045,0.34078406459524,0.011629738743764495
0.26182863116264343,0.26851412083082116,-0.006685489668177724
0.4339916408061981,0.26641787055192145,0.16757377025427667
0.2657993733882904,0.23727645199280434,0.028522921395486067
0.1761128455400467,0.3346133690341009,-0.1585005234940542
0.41436782479286194,0.3110559735190659,0.10331185127379605
0.10318703949451447,0.25306672559486376,-0.1498796861003493
0.1327272653579712,0.3489004048819975,-0.21617313952402628
0.2800627052783966,0.22893016463834512,0.05113254064005149
0.5704492926597595,0.27785827215021136,0.29259102050954816
0.13838034868240356,0.2742989070037963,-0.1359185583213927
0.37792059779167175,0.26472455532714534,0.11319604246452641
0.6960919499397278,0.2321850430915923,0.4639069068481355
0.0014420063234865665,0.2257590777441352,-0.22431707142064863
0.31572622060775757,0.2502571608924244,0.06546905971533318
0.16668756306171417,0.2813825654143283,-0.11469500235261415
0.1251097172498703,0.3621051541290049,-0.2369954368791346
0.32525601983070374,0.259168731505774,0.06608728832492972
0.13707418739795685,0.23970674919852636,-0.10263256180056951
0.18143156170845032,0.24842234107335803,-0.06699077936490772
0.39198535680770874,0.2583996365425562,0.13358572026515253
0.0787983313202858,0.18074010795677667,-0.10194177663649087
0.07152560353279114,0.25865469413454034,-0.1871290906017492
0.5617032647132874,0.183013992375966,0.37868927233732136
0.47751307487487793,0.2828549260333922,0.19465814884148575
0.4780355393886566,0.31452078762649427,0.16351475176216235
0.7074817419052124,0.16584201145260208,0.5416397304526104
0.7345036864280701,0.2985319012152836,0.43597178521278646
0.2954963445663452,0.2952081473036382,0.00028819726270701285
0.40777429938316345,0.24102779072072375,0.1667465086624397
0.06942528486251831,0.2172275586437383,-0.14780227378122
0.4853500425815582,0.2806090079299236,0.20474103465163462
0.21901775896549225,0.2655809742368016,-0.046563215271309355
0.5946186184883118,0.2854939438056465,0.30912467468266525
0.4071682393550873,0.31047645550425096,0.09669178385083632
0.5749843120574951,0.19319747090069697,0.3817868411567982
0.4670114815235138,0.20675679688015394,0.2602546846433599
0.08285266160964966,0.23825327823987302,-0.15540061663022336
0.13256008923053741,0.24159329906816007,-0.10903320983762266
0.015485893003642559,0.24122921305936765,-0.2257433200557251
0.21520376205444336,0.21978714404456964,-0.004583381990126284
0.18160919845104218,0.2710352289652119,-0.08942603051416975
0.6169697046279907,0.3196064098618788,0.2973632947661119
0.42695924639701843,0.3059214589310635,0.12103778746595495
0.0005538139957934618,0.1911549753073903,-0.19060116131159685
0.17938348650932312,0.250005468716969,-0.07062198220764587
0.05660397186875343,0.25399852475082957,-0.19739455288207614
0.6082236170768738,0.24551732828057946,0.3627062887962943
0.374973863363266,0.3590896302686576,0.015884233094608402
0.1160397082567215,0.24877411936345115,-0.13273441110672965
0.33879831433296204,0.24413218460791491,0.09466612972504712
0.12318704277276993,0.1978140894585391,-0.07462704668576917
0.1334482729434967,0.3268406612826844,-0.1933923883391877
0.15673981606960297,0.20998612793981644,-0.053246311870213475
0.19862069189548492,0.2610922062513759,-0.06247151435589099
0.18223614990711212,0.2587159680056055,-0.07647981809849336
0.21187043190002441,0.24964284801280276,-0.037772416112778345
0.30870428681373596,0.284110990181124,0.02459329663261195
0.39256009459495544,0.25259332265706375,0.1399667719378917
0.215109720826149,0.21893270886046554,-0.003822988034316549
0.43300941586494446,0.22052372215229835,0.2124856937126461
0.2299477607011795,0.24895785858551703,-0.019010097884337523
0.011682340875267982,0.21768676505489573,-0.20600442417962775
0.6411494016647339,0.36118312395093133,0.27996627771380256
0.09563218057155609,0.18095274731937003,-0.08532056674781394
0.15352141857147217,0.30720439464312327,-0.1536829760716511
0.21329154074192047,0.2886213356510169,-0.07532979490909641
0.11253918707370758,0.2036304015358423,-0.09109121446213472
0.2653605043888092,0.2857117944194619,-0.02035129003065267
0.04878787696361542,0.26482760943517,-0.21603973247155456
0.5934587121009827,0.27968269029402715,0.3137760218069555
0.582675039768219,0.2604616484909168,0.3222133912773022
0.371170312166214,0.2546157516299497,0.11655456053626428
0.6185789108276367,0.3996428195132321,0.2189360913144046
0.43718913197517395,0.22040915850948348,0.21677997346569047
0.0954023003578186,0.24545337748560173,-0.15005107712778312
0.2297283113002777,0.22368958685194415,0.00603872444833356
0.39081504940986633,0.29635409917789235,0.09446095023197398
0.433218389749527,0.25027307778446084,0.18294531196506614
0.09820272028446198,0.1895208001109233,-0.09131807982646131
0.5872518420219421,0.29162549541791105,0.2956263466040311
0.43812957406044006,0.28402959670845335,0.15409997735198672
0.2494879812002182,0.2321252537442027,0.017362727456015498
0.438119113445282,0.178459584155198,0.25965952929008396
0.5530198812484741,0.19977654742617082,0.35324333382230333
0.24782654643058777,0.2736526365333927,-0.025826090102804955
0.5658202767372131,0.25562148571576476,0.3101987910214484
0.3911285400390625,0.34373429626563556,0.047394243773426936
0.06576802581548691,0.29802652275377833,-0.23225849693829143
0.5629571676254272,0.30810667403849135,0.2548504935869359
0.26296761631965637,0.2190776349687917,0.043889981350864665
0.00015673981397412717,0.22333912861542923,-0.2231823888014551
0.2846603989601135,0.20346912525759478,0.08119127370251875
0.24864159524440765,0.26382252937183914,-0.015180934127431489
0.015266457572579384,0.21405826417419152,-0.19879180660161214
0.21783699095249176,0.33066291921431945,-0.11282592826182769
0.1678265482187271,0.23822220013232628,-0.07039565191359917
0.04121212288737297,0.21626008608600225,-0.17504796319862928
0.2900731563568115,0.2374206919272433,0.052652464429568224
0.2431974858045578,0.2512422592883111,-0.00804477348375332
0.08284221589565277,0.3048863338367007,-0.22204411794104795
0.5433019995689392,0.34634031487320993,0.19696168469572928
0.22852665185928345,0.21185989502477323,0.016666756834510216
0.11884012818336487,0.23624743027522188,-0.11740730209185701
0.4216196537017822,0.3570151061600997,0.06460454754168254
0.8311807513237,0.26774541385645406,0.5634353374672458
0.025172414258122444,0.24883580471282052,-0.22366339045469807
0.2816614508628845,0.24063606040734126,0.041025390455543265
0.10866248607635498,0.2031686140282887,-0.09450612795193372
0.49945664405822754,0.2498820740227022,0.24957457003552533
0.03729362413287163,0.2292559071996803,-0.19196228306680868
0.21280041337013245,0.2806154282173423,-0.06781501484720986
0.19143155217170715,0.21201243319241583,-0.02058088102070868
0.010459770448505878,0.15142546650774447,-0.1409656960592386
0.058014627546072006,0.23517498632455883,-0.17716035877848682
0.16579937934875488,0.29090458636892674,-0.12510520702017186
0.6088087558746338,0.2704936153344492,0.3383151405401846
0.06175548583269119,0.2203723983737582,-0.158616912541067
0.11724138259887695,0.18919440109107452,-0.07195301849219757
0.16158829629421234,0.22401124041298723,-0.06242294411877489
0.2892058491706848,0.2689413268440842,0.020264522326600587
0.19225704669952393,0.20982196394734595,-0.017564917247822026
0.40500521659851074,0.23300436317101322,0.17200085342749752
0.05876697972416878,0.21538522839017213,-0.15661824866600335
0.23366771638393402,0.3519084303528562,-0.11824071396892216
0.30159875750541687,0.21424704970313083,0.08735170780228604
0.6350574493408203,0.25287205963681053,0.3821853897040098
0.06118077412247658,0.18528694026587775,-0.12410616614340117
0.08902820944786072,0.19317124805444694,-0.10414303860658622
0.10518286377191544,0.22828271902176614,-0.1230998552498507
0.013636363670229912,0.20654459338730188,-0.19290822971707197
0.16319748759269714,0.35512338111642106,-0.1919258935237239
0.8410031199455261,0.2378285880645719,0.6031745318809543
0.02774294652044773,0.23608449501842316,-0.20834154849797543
0.459676057100296,0.26004618958353826,0.19962986751675776
0.2901671826839447,0.29632603438656147,-0.006158851702616763
0.20897597074508667,0.26445034897850955,-0.05547437823342288
0.03313479572534561,0.2967042449466383,-0.26356944922129266
0.24536050856113434,0.27082849425802813,-0.02546798569689379
0.42198535799980164,0.3318837853341241,0.09010157266567753
0.7329153418540955,0.32444922083162214,0.4084661210224733
0.0730929970741272,0.17852682434726638,-0.10543382727313919
0.27110761404037476,0.22054386074905294,0.05056375329132182
0.2526959180831909,0.2739230351893919,-0.021227117106200954
0.5057366490364075,0.24891853300993974,0.25681811602646776
0.37615466117858887,0.2422657295001135,0.13388893167847538
0.16208986937999725,0.24177239849603202,-0.07968252911603477
0.6577116250991821,0.26493404026717493,0.3927775848320072
0.04853709414601326,0.2355786208476631,-0.18704152670164984
0.14452455937862396,0.2690673549808498,-0.12454279560222586
0.21901775896549225,0.2737551344339975,-0.05473737546850527
0.41925808787345886,0.18632502727507133,0.23293306059838753
0.6294670701026917,0.3980284263215662,0.23143864378112544
0.2475757598876953,0.283681098738651,-0.03610533885095568
0.1804911196231842,0.2906744324621077,-0.11018331283892352
0.7140334248542786,0.314097748093082,0.39993567676119657
0.6983489990234375,0.34272756934008286,0.35562142968335464
0.16378265619277954,0.3154142242406248,-0.15163156804784528
0.008014628663659096,0.232998306862043,-0.2249836781983839
0.19859978556632996,0.24855022413219527,-0.04995043856586531
0.07079415023326874,0.23754478419302885,-0.16675063395976011
0.1682758629322052,0.26510589573136384,-0.09683003279915864
0.20987461507320404,0.2887512296145022,-0.07887661454129818
0.008328109048306942,0.26921011279302426,-0.2608820037447173
0.22501567006111145,0.19542922563124288,0.029586444429868575
0.39146289229393005,0.2921647791067781,0.09929811318715193
0.011316614225506783,0.3249620575337423,-0.3136454433082355
0.005506792105734348,0.18164165963146675,-0.1761348675257324
0.6565203666687012,0.33598289984583873,0.32053746682286244
0.23824451863765717,0.23819641301490294,4.8105622754229804e-05
0.06096133589744568,0.22175713069170108,-0.1607957947942554
0.15733543038368225,0.30880584390559995,-0.1514704135219177
0.04464994743466377,0.28040231105661806,-0.2357523636219543
0.033542320132255554,0.2232775629132293,-0.18973524278097376
0.47809821367263794,0.33440366139130434,0.1436945522813336
0.3715256154537201,0.2751180239428705,0.0964075915108496
0.005924765020608902,0.15077912707819585,-0.14485436205758695
0.17006269097328186,0.23211273784225764,-0.06205004686897578
0.046353187412023544,0.17901511740774304,-0.1326619299957195
0.12958203256130219,0.20178852309800252,-0.07220649053670034
0.42012539505958557,0.3327754303409113,0.08734996471867429
0.5803866386413574,0.3591521552866097,0.2212344833547477
0.1484535038471222,0.24093498182580345,-0.09248147797868125
0.014242424629628658,0.1978253993607099,-0.18358297473108123
0.22137930989265442,0.18523882731816785,0.03614048257448657
0.058892372995615005,0.2072610632786254,-0.1483686902830104
0.6018913388252258,0.2770061620976813,0.3248851767275445
0.5857262015342712,0.31519899495956977,0.2705272065747015
0.17921629548072815,0.22215779750480594,-0.04294150202407779
0.49045976996421814,0.31709116107568325,0.1733686088885349
0.12067920714616776,0.1777126508137804,-0.05703344366761265
0.2838871479034424,0.20346509801443388,0.0804220498890085
0.5160815119743347,0.30935846249278415,0.20672304948155057
0.5887669920921326,0.2824340741400481,0.30633291795208445
0.5059247612953186,0.23641676606985307,0.26950799522546554
0.2569279074668884,0.21339951781464464,0.04352838965224379
0.23592476546764374,0.2763078898250817,-0.04038312435743796
0.6988087892532349,0.37395038478849696,0.3248584044647379
0.4564785659313202,0.30919879953026996,0.14727976640105023
0.742392897605896,0.2238605566113663,0.5185323409945297
0.1456008404493332,0.22919937831163792,-0.08359853786230473
0.4065099358558655,0.30552063841707156,0.10098929743879392
0.6335422992706299,0.2564583868963693,0.3770839123742606
0.13523511588573456,0.26797932668746777,-0.1327442108017332
0.015987461432814598,0.21066265190110142,-0.19467519046828682
0.0386311374604702,0.20508756804696834,-0.16645643058649814
0.2521421015262604,0.2690886959577396,-0.016946594431479223
0.5327063798904419,0.3126066237890106,0.2200997561014313
0.2080041766166687,0.196475305038767,0.011528871577901695
0.10612329840660095,0.247901854819638,-0.14177855641303705
0.45862069725990295,0.2598465913368833,0.19877410592301964
0.13867293298244476,0.29741462060433427,-0.1587416876218895
0.24387669563293457,0.2258779798132595,0.017998715819675076
0.2632392942905426,0.2621492727610095,0.0010900215295330806
0.502079427242279,0.2555276799445036,0.24655174729777546
0.11256008595228195,0.20628182069357068,-0.09372173474128873
0.053772203624248505,0.2724597163614964,-0.2186875127372479
0.4229780435562134,0.22306216237872903,0.19991588117748435
0.1514524519443512,0.34692357250123695,-0.19547112055688576
0.07123301923274994,0.20811215300035937,-0.13687913376760943
0.008808777667582035,0.1592522854966994,-0.15044350782911736
0.21073144674301147,0.21040308254628584,0.00032836419672563344
0.461159884929657,0.2056387054843449,0.25552117944531205
0.17637409269809723,0.2204747947837646,-0.04410070208566738
0.10753396153450012,0.23422062153828874,-0.12668666000378861
0.28755486011505127,0.31268124323062296,-0.025126383115571693
0.0974503681063652,0.27522619559567185,-0.17777582748930665
0.04422152414917946,0.21028859037375205,-0.1660670662245726
0.5144409537315369,0.2280569189695565,0.2863840347619804
0.29277950525283813,0.21223791740432849,0.08054158784850965
0.11078369617462158,0.18677826950931273,-0.07599457333469115
0.024587251245975494,0.16889771542253043,-0.14431046417655494
0.3759038746356964,0.14409747738510525,0.23180639725059116
0.02003134787082672,0.22238738196821503,-0.2023560340973883
0.06934168934822083,0.2002839011132875,-0.13094221176506668
0.46932080388069153,0.23873645179775446,0.23058435208293707
0.11175548285245895,0.2307431292413917,-0.11898764638893275
0.09743991494178772,0.27872727128269814,-0.18128735634091042
0.14966562390327454,0.25506811641534705,-0.10540249251207251
0.16925810277462006,0.2915570911586667,-0.12229898838404663
0.6887878775596619,0.23237670246728578,0.45641117509237605
0.060825496912002563,0.3093579103574804,-0.24853241344547783
0.5982758402824402,0.2759773728870788,0.3222984673953614
0.6995924711227417,0.3848970701658772,0.3146954009568645
0.39220482110977173,0.2648905602252745,0.1273142608844972
0.16844305396080017,0.20835385979768364,-0.03991080583688347
0.22100313007831573,0.30648308602601504,-0.0854799559476993
0.0366562157869339,0.19454097606507945,-0.15788476027814555
0.0053500523790717125,0.2192741429966483,-0.21392409061757658
0.05708463862538338,0.2735492597487417,-0.21646462112335835
0.18549634516239166,0.20514985167092517,-0.019653506508533508
0.15742947161197662,0.21917754614885052,-0.06174807453687389
0.016948798671364784,0.2573431978117683,-0.2403943991404035
0.1384952962398529,0.23974752221676815,-0.10125222597691524
0.24908046424388885,0.2700721704066724,-0.020991706162783563
0.2945350110530853,0.1686839825884417,0.12585102846464363
0.20738767087459564,0.22449709494757872,-0.017109424072983076
0.07709509134292603,0.31588209273737344,-0.23878700139444742
0.27045977115631104,0.2710154508554111,-0.0005556796991000867
0.059623826295137405,0.3084898864805462,-0.2488660601854088
0.5430616736412048,0.26286125128663784,0.280200422354567
0.531619668006897,0.3018975827309419,0.22972208527595506
0.5014106631278992,0.22945043239693017,0.271960230730969
0.09743991494178772,0.366019847212828,-0.26857993227104027
0.3508986532688141,0.23884387503274918,0.11205477823606491
0.059770114719867706,0.21193914843973813,-0.15216903371987042
0.07140021026134491,0.25939726203971114,-0.18799705177836623
0.03587251901626587,0.1889747688931914,-0.15310224987692553
0.5869696736335754,0.35885370529158256,0.22811596834199288
0.22810867428779602,0.22518306205337388,0.0029256122344221425
0.3280564248561859,0.2100498401298103,0.11800658472637562
0.4969383478164673,0.23193865101261407,0.2649996968038532
0.8008150458335876,0.24957029882499168,0.5512447470085959
0.2118913233280182,0.2724414393838105,-0.0605501160557923
0.5553709268569946,0.3375371986096279,0.21783372824736674
0.2689550817012787,0.22930835943146768,0.039646722269811
0.40551725029945374,0.26215964104408984,0.1433576092553639
0.009184952825307846,0.17869709249856405,-0.1695121396732562
0.11664576828479767,0.28620097500253083,-0.16955520671773316
0.08723092824220657,0.18910949684615666,-0.10187856860395009
0.4527586102485657,0.28946958108590753,0.16328902916265814
0.35252872109413147,0.22659204470035474,0.12593667639377673
0.4082654118537903,0.30101154868294655,0.10725386317084373
0.42130616307258606,0.36444560284433813,0.056860560228247925
0.37822362780570984,0.2860224204518182,0.09220120735389165
0.3122048079967499,0.2325753908357367,0.07962941716101318
0.30124348402023315,0.3308234418029693,-0.029579957782736144
0.2524033486843109,0.21667411107149057,0.03572923761282035
0.03999999910593033,0.26126984097385536,-0.22126984186792503
0.38340649008750916,0.2119201880736721,0.17148630201383705
0.23340648412704468,0.21928176343282121,0.014124720694223464
0.2229362577199936,0.2477311045977126,-0.024794846877719018
0.04567398130893707,0.24225670837110388,-0.1965827270621668
0.09577847272157669,0.2055302005353781,-0.10975172781380141
0.6674190163612366,0.29125790094718973,0.37616111541404684
0.17782653868198395,0.20809084215328025,-0.0302643034712963
0.02357366681098938,0.2647193576676583,-0.24114569085666893
0.2592894434928894,0.22938930728988463,0.029900136203004773
0.07430511713027954,0.28060491174308105,-0.2062997946128015
0.5965830683708191,0.2709263005759513,0.3256567677948678
0.06249738857150078,0.25121314960608965,-0.18871576103458887
0.18140020966529846,0.2654110079422706,-0.08401079827697217
0.09519331157207489,0.2782790801842154,-0.1830857686121405
0.07580982148647308,0.23843030509315324,-0.16262048360668016
0.08955068141222,0.2594143290537676,-0.1698636476415476
0.4342110753059387,0.28227863152822413,0.1519324437777146
0.3347857892513275,0.17682589518155625,0.15795989406977126
0.1098223626613617,0.17130114895247195,-0.061478786291110255
0.48649948835372925,0.2506111533340091,0.23588833501972017
0.24820271134376526,0.3020089687407788,-0.05380625739701356
0.5032706260681152,0.3420473406670822,0.16122328540103303
0.26137930154800415,0.3729086791077485,-0.11152937755974435
0.13357366621494293,0.2636659192160962,-0.1300922530011533
0.08249738812446594,0.19588267579051274,-0.1133852876660468
0.11461859941482544,0.2484063744027329,-0.13378777498790745
0.13848485052585602,0.2497861073125499,-0.11130125678669389
0.3266039788722992,0.20314207959145356,0.12346189928084564
0.39672935009002686,0.32737489768795536,0.0693544524020715
0.24205851554870605,0.2924643174473692,-0.05040580189866317
0.11637408286333084,0.25033304236948367,-0.13395895950615283
0.3189028203487396,0.19582444150107267,0.12307837884766695
0.3726332187652588,0.2527173963608355,0.11991582240442328
0.24793103337287903,0.23713932039374522,0.01079171297913381
0.61771160364151,0.2946847947101713,0.3230268089313387
0.09857889264822006,0.1964976046255624,-0.09791871197734234
0.2336154580116272,0.330680840189151,-0.0970653821775238
0.021473353728652,0.32367502848202445,-0.30220167475337245
0.23619644343852997,0.20014619053291835,0.03605025290561162
0.28288400173187256,0.2728769064075933,0.010007095324279236
0.6819958090782166,0.3056086702153853,0.37638713886283126
0.6190699934959412,0.3349624506989497,0.28410754279699146
0.029362590983510017,0.16393684652124926,-0.13457425553773925
0.40646812319755554,0.20395265876771448,0.20251546442984106
0.039278995245695114,0.2951954967218995,-0.25591650147620437
0.3167084753513336,0.2676440372578514,0.04906443809348221
0.6094043850898743,0.2934698247990309,0.3159345602908434
0.5484848618507385,0.26899353103328144,0.2794913308174571
0.5495924949645996,0.2224169095309469,0.3271755854336527
0.32342737913131714,0.24900937505033885,0.07441800408097829
0.18924765288829803,0.29332976773140496,-0.10408211484310692
0.10709509253501892,0.23625536250887869,-0.12916026997385976
0.31647858023643494,0.30058511984111935,0.015893460395315584
0.3988923728466034,0.24890056137437383,0.14999181147222956
0.22176593542099,0.24003148256968446,-0.018265547148694466
0.02366771176457405,0.1618659020797156,-0.13819819031514155
0.17388714849948883,0.2448016807552044,-0.07091453225571556
0.5719226598739624,0.3115693508958242,0.2603533089781382
0.09466039389371872,0.2710193603580882,-0.1763589664643695
0.4308463931083679,0.26467062519778833,0.16617576791057959
0.19846394658088684,0.20145476517945202,-0.002990818598565176
0.25897595286369324,0.29766696758765876,-0.03869101472396552
0.03132706508040428,0.22318641951879545,-0.19185935443839117
0.19727273285388947,0.2617795895003479,-0.06450685664645844
0.3046499490737915,0.21856494070521246,0.08608500836857905
0.1666039675474167,0.31821948221084184,-0.15161551466342515
0.15556949377059937,0.2535179627570001,-0.09794846898640075
0.12699060142040253,0.30643940442015816,-0.17944880299975563
0.18249738216400146,0.27742810530952067,-0.0949307231455192
0.45576801896095276,0.23644394175266845,0.2193240772082843
0.05678160861134529,0.20990402026295094,-0.15312241165160564
0.1916196495294571,0.21325782586993228,-0.021638176340475185
0.29584115743637085,0.2314939203827329,0.06434723705363796
0.4475443959236145,0.31099610855189874,0.13654828737171576
0.2241797298192978,0.2764774556817546,-0.05229772586245679
0.6960501670837402,0.2766773683634612,0.41937279872027905
0.46965518593788147,0.24089529074031493,0.22875989519756654
0.2669592499732971,0.2674911613476131,-0.0005319113743159631
0.22495298087596893,0.2508667682751084,-0.025913787399139465
0.06198536977171898,0.18161690706906172,-0.11963153729734274
0.013740857131779194,0.24238753734816978,-0.2286466802163906
0.07297805696725845,0.3118191181643877,-0.23884106119712922
0.01661442033946514,0.2475540564039602,-0.23093963606449505
0.012622779235243797,0.21636895152390406,-0.20374617228866027
0.03866248577833176,0.2694543076618653,-0.23079182188353353
0.283134788274765,0.20327271675513311,0.0798620715196319
0.20804597437381744,0.19579535353505384,0.012250620838763604
0.08714733272790909,0.25572162172069973,-0.16857428899279064
0.17543365061283112,0.22747333275967965,-0.05203968214684854
0.04445141181349754,0.23973298274110624,-0.1952815709276087
0.37463951110839844,0.23492835353278876,0.13971115757560967
0.09303030371665955,0.20237889001160425,-0.1093485862949447
0.19708463549613953,0.25545376557551647,-0.05836913007937694
0.40873563289642334,0.25120618980692444,0.1575294430894989
0.37718912959098816,0.2433628437811258,0.13382628580986236
0.3365726172924042,0.3298889233752347,0.006683693917169498
0.10215256363153458,0.25408152988850663,-0.15192896625697205
0.08075235038995743,0.2017544397321218,-0.12100208934216436
0.10817136615514755,0.2205255553890267,-0.11235418923387916
0.38574713468551636,0.2745869160658914,0.11116021861962494
0.03818181902170181,0.18215148268851702,-0.1439696636668152
0.5258620977401733,0.3209795861510567,0.20488251158911663
0.09593521058559418,0.17436858238232325,-0.07843337179672907
0.6218181848526001,0.26084842768377164,0.36096975716882845
0.24394984543323517,0.31227132161694626,-0.0683214761837111
0.4064994752407074,0.2535431019067722,0.1529563733339352
0.15555903315544128,0.21459289552189542,-0.05903386236645414
0.2975444197654724,0.21084459724105117,0.08669982252442124
0.5026123523712158,0.31716905153410224,0.18544330083711358
0.03625914454460144,0.2794081512645775,-0.24314900671997608
0.37295717000961304,0.27339410721880886,0.09956306279080418
0.26803553104400635,0.27351947862375153,-0.005483947579745185
0.29863113164901733,0.2476304418796495,0.051000689769367835
0.3327272832393646,0.25011570808390926,0.08261157515545536
0.1904701590538025,0.25060704669572265,-0.060136887641920156
0.3319605588912964,0.26647929072558285,0.06548126816571354
0.04256144165992737,0.15589646955025258,-0.11333502789032521
0.48201584815979004,0.2534190032090105,0.22859684495077953
0.3154468238353729,0.22566742426014916,0.08977939957522377
0.20013172924518585,0.23665416041087117,-0.03652243116568532
0.23952758312225342,0.3314698057003519,-0.09194222257809848
0.3518174886703491,0.2738877582788557,0.07792973039149342
0.21870426833629608,0.23068320088122515,-0.011978932544929072
0.06309811770915985,0.2415780406665371,-0.17847992295737725
0.21359479427337646,0.2606005660606469,-0.047005771787270445
0.2560151219367981,0.33850825284257186,-0.08249313090577376
0.28026100993156433,0.24107983299413302,0.03918117693743131
0.31329435110092163,0.2622302743046665,0.05106407679625513
0.18392382562160492,0.30992748910714607,-0.12600366348554115
0.23661960661411285,0.27280593059265085,-0.03618632397853799
0.37384870648384094,0.3704261684581176,0.003422538025723343
0.18012984097003937,0.3081888778665839,-0.12805903689654452
0.15521761775016785,0.29073358002653954,-0.1355159622763717
0.03069385699927807,0.2249395283788592,-0.19424567137958113
0.23250889778137207,0.2850648169398909,-0.052555919158518816
0.4095008671283722,0.20116489641269522,0.20833597071567697
0.18776783347129822,0.2377758805320365,-0.050008047060738275
0.27237221598625183,0.2282308534292565,0.04414136255699533
0.43286049365997314,0.23693049640479374,0.1959299972551794
0.24934501945972443,0.28027283077063553,-0.030927811310911102
0.2756304144859314,0.23559665977462743,0.040033754711303965
0.17786401510238647,0.276823792390278,-0.09895977728789151
0.15412533283233643,0.26339916337143127,-0.10927383053909484
0.21168294548988342,0.21541132032000518,-0.0037283748301217556
0.2837334871292114,0.29741462060433427,-0.013681133475122842
0.1874687820672989,0.2785211364905985,-0.09105235442329962
0.26102590560913086,0.22316479134637346,0.0378611142627574
0.6099406480789185,0.3151584220781114,0.29478222600080706
0.030842697247862816,0.26320393053019386,-0.23236123328233105
0.18547466397285461,0.20204112942765132,-0.016566465454796703
0.3189954161643982,0.16549694082078487,0.15349847534361333
0.5154640078544617,0.2697046816491925,0.2457593262052692
0.20159442722797394,0.2111740156915066,-0.009579588463532657
0.20031115412712097,0.24020474811898845,-0.03989359399186748
0.17084671556949615,0.2332676670049482,-0.06242095143545204
0.21434664726257324,0.20916180770370596,0.005184839558867282
0.06968620419502258,0.20213166514464087,-0.1324454609496183
0.21398426592350006,0.2581558458044836,-0.044171579880983525
0.33282965421676636,0.2787588713965237,0.054070782820242635
0.08820156753063202,0.19849356934796128,-0.11029200181732926
0.21907466650009155,0.2809538405549742,-0.061879174054882635
0.3754766881465912,0.2902014085560037,0.0852752795905875
0.3476198613643646,0.26214839601458295,0.08547146534978167
0.17821523547172546,0.278459428197101,-0.10024419272537555
0.2715308368206024,0.31779048152202916,-0.04625964470142674
0.17574602365493774,0.22982668197610576,-0.05408065832116801
0.233893483877182,0.3564916474542299,-0.12259816357704789
0.24599705636501312,0.22291823492002824,0.02307882144498488
0.2839707136154175,0.23895645321228007,0.04501426040313741
0.030038056895136833,0.22689663370784438,-0.19685857681270755
0.2326291799545288,0.16599112381477937,0.06663805613974944
0.1629113107919693,0.28705996051267885,-0.12414864972070955
0.10545450448989868,0.175352379489769,-0.06989787499987032
0.12456635385751724,0.14327479966064705,-0.018708445803129803
0.1715509295463562,0.2693397592190479,-0.0977888296726917
0.18407581746578217,0.26222336124788626,-0.07814754378210409
0.1421099305152893,0.23321994548592215,-0.09111001497063284
0.35241514444351196,0.23336569222037098,0.11904945222314098
0.11733776330947876,0.2082442171699709,-0.09090645386049215
0.23071205615997314,0.1808138312954665,0.04989822486450665
0.1462864726781845,0.15750296806138692,-0.011216495383202407
0.27179834246635437,0.27172712771115076,7.121475520360798e-05
0.1865793913602829,0.1441039830272587,0.04247540833302421
0.10839958488941193,0.2939422347899378,-0.18554264990052588
0.18153397738933563,0.2672547841022084,-0.08572080671287274
0.041930973529815674,0.22737445078426585,-0.18544347725445018
0.24333912134170532,0.24894696620867382,-0.005607844866968498
0.25883254408836365,0.2380257855115756,0.020806758576788043
0.27944958209991455,0.3139709757273217,-0.03452139362740714
0.16880996525287628,0.23014292084041324,-0.06133295558753696
0.22393448650836945,0.2454342618785253,-0.02149977537015585
0.22439780831336975,0.1886580157445155,0.03573979256885426
0.2432376742362976,0.21686329175191474,0.02637438248438287
0.35164356231689453,0.3399339795313305,0.011709582785564054
0.15775743126869202,0.2791566303285396,-0.12139919905984758
0.3550173044204712,0.2497604459513656,0.1052568584691056
0.26365986466407776,0.29359185814703,-0.029931993482952224
0.25079280138015747,0.28405401121725654,-0.03326120983709907
0.2198362946510315,0.22238931757841954,-0.0025530229273880434
0.24984043836593628,0.29024867627079787,-0.04040823790486159
0.240941122174263,0.23889210386577545,0.0020490183084875546
0.22177836298942566,0.2858080407013223,-0.06402967771189666
0.1636899709701538,0.24607270617339402,-0.08238273520324021
0.2280115932226181,0.24173778401571358,-0.013726190793095477
0.16688519716262817,0.26948875407194994,-0.10260355690932177
0.19873586297035217,0.24259255447261655,-0.04385669150226437
0.15477648377418518,0.20527520038813238,-0.0504987166139472
0.1699695885181427,0.2730870883556725,-0.10311749983752982
0.03100884146988392,0.166395708980304,-0.1353868675104201
0.32696646451950073,0.23856433736910396,0.08840212715039678
0.18676821887493134,0.3487948322255292,-0.16202661335059787
0.2871237099170685,0.2599354211521496,0.027188288764918855
0.29571428894996643,0.3312671819085382,-0.03555289295857178
0.2765558063983917,0.2719135392649714,0.004642267133420308
0.4008508324623108,0.30133930302897194,0.09951152943333885
0.3317733407020569,0.24161157749655485,0.09016176320550204
0.3093244433403015,0.1753777597693734,0.13394668357092812
0.28607630729675293,0.231229786859078,0.054846520437674934
0.22970226407051086,0.29129230978298437,-0.06159004571247351
0.32875052094459534,0.3636131956403572,-0.034862674695761875
0.07338852435350418,0.23975061990338764,-0.16636209554988346
0.2879599332809448,0.3220160357651348,-0.03405610248419
0.3290327787399292,0.29475792936237155,0.03427484937755765
0.18629047274589539,0.21245100221016153,-0.02616052946426614
0.3260194957256317,0.23947047024787194,0.08654902547775978
0.16417033970355988,0.19793379224780008,-0.03376345254424021
0.1587219387292862,0.21784323965365426,-0.05912130092436807
0.18296895921230316,0.33697044517724284,-0.15400148596493968
0.20481234788894653,0.2567686046355406,-0.05195625674659404
0.2988685369491577,0.16116121941867234,0.13770731753048537
0.23171116411685944,0.2660071145950609,-0.03429595047820144
0.25049373507499695,0.2885679556737648,-0.03807422059876786
0.33241474628448486,0.23654740328031115,0.09586734300417371
0.047263260930776596,0.22470638101551788,-0.17744312008474128
0.4792868196964264,0.2581628399117026,0.2211239797847238
0.22406627237796783,0.28103806070825593,-0.0569717883302881
0.23742714524269104,0.27491805550932785,-0.03749091026663681
0.21900369226932526,0.23150384258178477,-0.012500150312459518
0.3277551829814911,0.24456005748441229,0.0831951254970788
0.305838942527771,0.2822694058149436,0.02356953671282741
0.033634670078754425,0.21618937961072943,-0.182554709531975
0.38981273770332336,0.28095605214384556,0.1088566855594778
0.40782713890075684,0.27405072863257585,0.133776410268181
0.40727829933166504,0.28380201782206027,0.12347628150960477
0.029796678572893143,0.14828113266386309,-0.11848445409096994
0.25696471333503723,0.2618807938253764,-0.0049160804903391475
0.2054242640733719,0.20246122515286535,0.0029630389205065333
0.23569084703922272,0.3066457770752687,-0.07095493003604597
0.22069749236106873,0.25002007028277845,-0.029322577921709725
0.5352916121482849,0.3434176763795943,0.1918739357686906
0.25370916724205017,0.22268849767305934,0.031020669568990827
0.04132194444537163,0.23791965165492715,-0.19659770720955552
0.3256755471229553,0.3996428195132321,-0.07396727239027678
0.17165185511112213,0.2167487753008315,-0.04509692018970937
0.1812843233346939,0.1923338976600306,-0.01104957432533668
0.1595648229122162,0.19233573810427076,-0.03277091519205458
0.17110225558280945,0.30614325617290283,-0.13504100059009339
0.3235373795032501,0.178459584155198,0.14507779534805212
0.311290979385376,0.24776670769636078,0.0635242716890152
0.4353187680244446,0.23550591810292995,0.19981284992151463
0.3296924829483032,0.28262642693042694,0.04706605601787628
0.06621849536895752,0.21762215510451816,-0.15140365973556064
0.19565635919570923,0.291715400672819,-0.09605904147710975
0.06134388595819473,0.26078968773641215,-0.1994458017782174
0.043035298585891724,0.2024135856637896,-0.1593782870778979
0.1652984917163849,0.28042803970103364,-0.11512954798464875
0.5766581296920776,0.2397723173555262,0.33688581233655146
0.29169484972953796,0.30063206294743333,-0.008937213217895368
0.15549448132514954,0.1783409264572197,-0.022846445132070153
0.30019015073776245,0.1899355944494479,0.11025455628831454
0.25920820236206055,0.2721040035234019,-0.01289580116134137
0.1941048949956894,0.2527922058553576,-0.05868731085966822
0.27311742305755615,0.21781102566180852,0.055306397395747636
0.3429443836212158,0.30885906822177417,0.03408531539944165
0.32219818234443665,0.1789501581906002,0.14324802415383645
0.25323793292045593,0.27885851220504687,-0.02562057928459094
0.2607857584953308,0.2570527114869457,0.0037330470083851153
0.19455015659332275,0.2138699906969413,-0.01931983410361854
0.3545949161052704,0.21804321367367188,0.1365517024315985
0.19692671298980713,0.23403151507250494,-0.03710480208269781
0.33688557147979736,0.3457270121542725,-0.00884144067447512
0.4061105251312256,0.20945065237805996,0.19665987275316563
0.5735613107681274,0.2810021393760217,0.29255917139210574
0.43654489517211914,0.24329345296304544,0.1932514422090737
0.3616451919078827,0.23481058104096095,0.12683461086692174
0.5344473123550415,0.25009941096120747,0.28434790139383403
0.17298652231693268,0.29533892402513007,-0.12235240170819739
0.25295954942703247,0.2300402289137364,0.022919320513296065
0.3119491636753082,0.25376649720275213,0.0581826664725561
0.15743529796600342,0.24308896671904287,-0.08565366875303945
0.1591462641954422,0.1956589148509908,-0.036512650655548595
0.05524307116866112,0.2470126375634227,-0.1917695663947616
0.23109297454357147,0.28170596803492315,-0.05061299349135168
0.18235129117965698,0.2039809028294421,-0.021629611649785108
0.31675779819488525,0.20187164145073697,0.11488615674414829
0.17292018234729767,0.27979658668541174,-0.10687640433811407
0.49907806515693665,0.2666040385243725,0.23247402663256417
0.2816178798675537,0.1911631969303603,0.09045468293719341
0.3817710876464844,0.2528955429373794,0.12887554470910495
0.1776709109544754,0.2716626694113484,-0.09399175845687302
0.22999843955039978,0.19770910812802867,0.032289331422371115
0.32375064492225647,0.3056417972142548,0.018108847708001696
0.16545623540878296,0.25435994190089284,-0.08890370649210988
0.17735831439495087,0.28803864652216,-0.11068033212720912
0.2630438208580017,0.20975720131217382,0.05328661954582789
0.32171830534935,0.30880352692091984,0.01291477842843014
0.3834663927555084,0.14160347840919804,0.24186291434631038
0.07318025082349777,0.16086301052218543,-0.08768275969868766
0.31902939081192017,0.3089614546125483,0.010067936199371852
0.36423754692077637,0.22656632711671926,0.1376712198040571
0.17068056762218475,0.30746389488461123,-0.13678332726242648
0.16817060112953186,0.17624893009086642,-0.008078328961334563
0.38891029357910156,0.20239362181056672,0.18651667176853484
0.19929447770118713,0.26265467001534665,-0.06336019231415951
0.22163015604019165,0.23666612918561578,-0.015035973145424125
0.18826903402805328,0.3079850400460612,-0.11971600601800791
0.1583525389432907,0.20837667773623042,-0.05002413879293971
0.34994563460350037,0.16325539062244965,0.18669024398105072
0.17400595545768738,0.19989002805036712,-0.025884072592679747
0.21726778149604797,0.28512914545743473,-0.06786136396138676
0.2894223928451538,0.2635499889967831,0.025872403848370695
0.30884596705436707,0.24195163760279162,0.06689432945157545
0.33176320791244507,0.26285805379980937,0.0689051541126357
0.26093655824661255,0.2741877821729293,-0.013251223926316724
0.2006598711013794,0.28733506817963095,-0.08667519707825155
0.31162136793136597,0.22191361450097447,0.0897077534303915
0.0327761135995388,0.2043506355730935,-0.1715745219735547
0.307193785905838,0.1939110053980933,0.11328278050774471
0.26650863885879517,0.22674476290711615,0.03976387595167902
0.07479805499315262,0.3227784445047861,-0.24798038951163348
0.2358824461698532,0.27042059910642535,-0.03453815293657214
0.3431738615036011,0.2890652094628288,0.054108652040772254
0.15367454290390015,0.22991328010782733,-0.07623873720392718
0.384060263633728,0.34014069896898824,0.043919564664739785
0.20943555235862732,0.2543569397698675,-0.04492138741124019
0.23569786548614502,0.31938112814636155,-0.08368326266021653
0.4337386190891266,0.23872627099536728,0.1950123480937593
0.197421133518219,0.2289809584909164,-0.03155982497269741
0.03199855983257294,0.239806526196389,-0.20780796636381607
0.17169460654258728,0.2873997276067002,-0.1157051210641129
0.623167097568512,0.30116997313402794,0.32199712443448403
0.27109235525131226,0.19888073940512244,0.07221161584618982
0.18641021847724915,0.30174620491382664,-0.1153359864365775
0.043770596385002136,0.20672038833369108,-0.16294979194868894
0.3428112268447876,0.2676915096338593,0.0751197172109283
0.08662426471710205,0.14911346622792518,-0.06248920151082313
0.18263918161392212,0.22714253570862622,-0.0445033540947041
0.31743767857551575,0.29024340737386317,0.027194271201652576
0.2601471543312073,0.23518720460672346,0.024959949724483815
0.20912571251392365,0.2455110147686162,-0.03638530225469255
0.16126589477062225,0.22141444509425953,-0.06014855032363728
0.45931655168533325,0.21684769232664966,0.2424688593586836
0.26787054538726807,0.2360687351426933,0.03180181024457476
0.26581811904907227,0.27770581242565107,-0.0118876933765788
0.26537248492240906,0.2882834994141889,-0.022911014491779846
0.17810676991939545,0.27887853275043945,-0.100771762831044
0.18903478980064392,0.25477844682469625,-0.06574365702405233
0.25177010893821716,0.21294550494513484,0.038824603993082324
0.36172720789909363,0.3752099085945241,-0.01348270069543045
0.2709575593471527,0.2110927036050313,0.059864855742121414
0.18880055844783783,0.1831630287265873,0.005637529721250534
0.44031843543052673,0.2663727287194334,0.17394570671109333
0.27505210041999817,0.24355971108213859,0.03149238933785958
0.29166024923324585,0.28463229937388523,0.007027949859360616
0.07789184898138046,0.15770555759582688,-0.07981370861444642
0.45127367973327637,0.22262825051982407,0.2286454292134523
0.15529736876487732,0.21891064213886727,-0.06361327337398995
0.25968432426452637,0.25368426508616637,0.0060000591783599955
0.34464231133461,0.2768334693594723,0.0678088419751377
0.30496445298194885,0.21662902713059665,0.0883354258513522
0.5763340592384338,0.23542033615500457,0.34091372308342927
0.24122124910354614,0.21609092237659397,0.025130326726952174
0.2271084040403366,0.2759356671967503,-0.04882726315641367
0.15981560945510864,0.27965506066897544,-0.1198394512138668
0.271065890789032,0.23443790837718315,0.036627982411848836
0.21937787532806396,0.29526635768714315,-0.07588848235907919
0.25236672163009644,0.2192550860797566,0.03311163555033983
0.2480727881193161,0.301934387230604,-0.053861599111287906
0.1858072131872177,0.21669768473636883,-0.030890471549151116
0.2611382305622101,0.2235288927084101,0.037609337853799996
0.25044357776641846,0.26121422560216745,-0.010770647835748992
0.20425398647785187,0.23380101866277173,-0.029547032184919858
0.05092344805598259,0.17432714923166082,-0.12340370117567823
0.027812225744128227,0.20022611597833603,-0.1724138902342078
0.08658451586961746,0.25608360961033627,-0.1694990937407188
0.33588746190071106,0.23993078033204185,0.09595668156866921
0.324298232793808,0.2111941725169463,0.11310406027686168
0.29143455624580383,0.23948708888060652,0.051947467365197314
0.25988897681236267,0.29710861542717526,-0.03721963861481259
0.3765411376953125,0.20477693524658033,0.17176420244873217
0.3186267614364624,0.30495687577574415,0.01366988566071825
0.3875715434551239,0.2509538116040633,0.13661773185106058
0.31615257263183594,0.19774829098297866,0.11840428164885727
0.12807369232177734,0.1405720598093395,-0.012498367487562168
0.20473350584506989,0.19710215640121745,0.0076313494438524365
0.1210976392030716,0.15531012731093055,-0.03421248810785896
0.21306215226650238,0.18589311983691012,0.02716903242959226
0.11039293557405472,0.21583900707037704,-0.10544607149632232
0.1909572035074234,0.18935003760227148,0.0016071659051519194
0.150172621011734,0.1890556189516693,-0.0388829979399353
0.15764547884464264,0.23231253552573547,-0.07466705668109283
0.26729902625083923,0.23902029181952908,0.028278734431310154
0.2158917486667633,0.16977668550706246,0.04611506315970085
0.1391456574201584,0.1832612753888094,-0.044115617968651016
0.10456522554159164,0.2111438223177213,-0.10657859677612966
0.19589826464653015,0.2625819581408725,-0.06668369349434233
0.1315283626317978,0.16499513845662095,-0.03346677582482316
0.14791907370090485,0.17437646532831824,-0.026457391627413396
0.173574760556221,0.16609831139324258,0.007476449162978432
0.14632610976696014,0.15705177224518188,-0.010725662478221737
0.1502542495727539,0.22481263855769526,-0.07455838898494135
0.18583469092845917,0.15398700819934671,0.03184768272911245
0.3191518187522888,0.1944738951306153,0.12467792362167351
0.20910315215587616,0.19836186753435972,0.01074128462151644
0.24521788954734802,0.3461885830642345,-0.10097069351688648
0.1495634764432907,0.21104376952328543,-0.061480293079994724
0.09947720170021057,0.1759463772454342,-0.07646917554522362
0.19826415181159973,0.24903963319215333,-0.0507754813805536
0.11909350007772446,0.24539212099897553,-0.12629862092125108
0.187056764960289,0.27074171989611856,-0.08368495493582956
0.2413608431816101,0.20380495935945384,0.03755588382215627
0.16716234385967255,0.18591329123824057,-0.018750947378568028
0.17853839695453644,0.1981789554254924,-0.01964055847095597
0.17439907789230347,0.24192135771257078,-0.06752227982026732
0.23399005830287933,0.24140308198537794,-0.007413023682498604
0.17100898921489716,0.27878308664411916,-0.107774097429222
0.1327625960111618,0.1889948899222995,-0.05623229391113771
0.16752171516418457,0.19145087370497368,-0.023929158540789114
0.2814517319202423,0.1984364301632955,0.0830153017569468
0.15584233403205872,0.19633899164094362,-0.040496657608884906
0.1015210896730423,0.2580333528753416,-0.15651226320229933
0.10791996121406555,0.2248029034562727,-0.11688294224220716
0.24676786363124847,0.18614650894709242,0.060621354684156054
0.2655114233493805,0.20827787751568352,0.05723354583369697
0.17307142913341522,0.2645024012831584,-0.09143097214974316
0.1804874837398529,0.21839566414849207,-0.037908180408639164
0.11174465715885162,0.14318441717274014,-0.03143976001388851
0.16024747490882874,0.13263990291960212,0.027607571989226615
