y_true,y_pred,error
0.10753051191568375,0.26576995849609375,-0.15823944658041
0.15470680594444275,0.22746658325195312,-0.07275977730751038
0.17939570546150208,0.2701301574707031,-0.09073445200920105
0.07438526302576065,0.20219802856445312,-0.12781276553869247
0.18277369439601898,0.2601890563964844,-0.0774153620004654
0.1833484023809433,0.18489456176757812,-0.0015461593866348267
0.12606415152549744,0.24694442749023438,-0.12088027596473694
0.11611462384462357,0.22840499877929688,-0.11229037493467331
0.1611488163471222,0.20157241821289062,-0.04042360186576843
0.13443513214588165,0.21725845336914062,-0.08282332122325897
0.12364858388900757,0.2293701171875,-0.10572153329849243
0.13128988444805145,0.22939682006835938,-0.09810693562030792
0.09020553529262543,0.2917022705078125,-0.20149673521518707
0.12011148780584335,0.20295333862304688,-0.08284185081720352
0.16512371599674225,0.2630615234375,-0.09793780744075775
0.21269947290420532,0.19070053100585938,0.021998941898345947
0.11902131140232086,0.21518707275390625,-0.09616576135158539
0.18698368966579437,0.17505264282226562,0.011931046843528748
0.13712623715400696,0.23048782348632812,-0.09336158633232117
0.08658287674188614,0.18731307983398438,-0.10073020309209824
0.1147385686635971,0.176116943359375,-0.06137837469577789
0.0907469317317009,0.2674674987792969,-0.17672056704759598
0.11509384214878082,0.21559524536132812,-0.1005014032125473
0.11087754368782043,0.22753143310546875,-0.11665388941764832
0.23661960661411285,0.2720680236816406,-0.03544841706752777
0.5979249477386475,0.3277015686035156,0.27022337913513184
0.221977099776268,0.18932723999023438,0.03264985978603363
0.21937739849090576,0.3455696105957031,-0.12619221210479736
0.14946100115776062,0.2617759704589844,-0.11231496930122375
0.21852360665798187,0.3382606506347656,-0.11973704397678375
0.29021334648132324,0.3196258544921875,-0.029412508010864258
0.14556121826171875,0.16820144653320312,-0.022640228271484375
0.32984021306037903,0.297637939453125,0.03220227360725403
0.5768569111824036,0.28125762939453125,0.2955992817878723
0.32817572355270386,0.3050880432128906,0.023087680339813232
0.12117773294448853,0.22836685180664062,-0.1071891188621521
0.16946403682231903,0.3322029113769531,-0.1627388745546341
0.1579541116952896,0.16555023193359375,-0.007596120238304138
0.2838161885738373,0.23486709594726562,0.048949092626571655
0.15895943343639374,0.22606277465820312,-0.06710334122180939
0.23450802266597748,0.20895767211914062,0.025550350546836853
0.07700540870428085,0.17687606811523438,-0.09987065941095352
0.06949538737535477,0.18572616577148438,-0.11623077839612961
0.22462600469589233,0.12738037109375,0.09724563360214233
0.27000218629837036,0.23521804809570312,0.034784138202667236
0.18752047419548035,0.2643775939941406,-0.07685711979866028
0.5929645895957947,0.3246421813964844,0.2683224081993103
0.40404605865478516,0.20126724243164062,0.20277881622314453
0.35834595561027527,0.2870140075683594,0.0713319480419159
0.5023480653762817,0.22764968872070312,0.2746983766555786
0.24958942830562592,0.3389778137207031,-0.08938838541507721
0.13350488245487213,0.23673629760742188,-0.10323141515254974
0.2278391718864441,0.2547416687011719,-0.026902496814727783
0.6068465113639832,0.3182258605957031,0.28862065076828003
0.2248319536447525,0.2596855163574219,-0.03485356271266937
0.09234500676393509,0.18950271606445312,-0.09715770930051804
0.12970437109470367,0.2779045104980469,-0.1482001394033432
0.27453938126564026,0.31649017333984375,-0.04195079207420349
0.01661878265440464,0.2341766357421875,-0.21755785308778286
0.41072317957878113,0.3053398132324219,0.10538336634635925
0.4807044565677643,0.2571678161621094,0.2235366404056549
0.19392286241054535,0.2575874328613281,-0.06366457045078278
0.21063132584095,0.2527732849121094,-0.04214195907115936
0.15317051112651825,0.24644088745117188,-0.09327037632465363
0.3701745867729187,0.28202056884765625,0.08815401792526245
0.27152255177497864,0.2798652648925781,-0.008342713117599487
0.2992415726184845,0.21986770629882812,0.07937386631965637
0.6059374213218689,0.3200035095214844,0.2859339118003845
0.4940513074398041,0.3169746398925781,0.17707666754722595
0.5402424931526184,0.19739913940429688,0.34284335374832153
0.47380051016807556,0.4017486572265625,0.07205185294151306
0.0333690419793129,0.21329498291015625,-0.17992594093084335
0.22682777047157288,0.19009780883789062,0.03672996163368225
0.16221743822097778,0.23678207397460938,-0.07456463575363159
0.3402216136455536,0.3220252990722656,0.018196314573287964
0.15567615628242493,0.3463630676269531,-0.1906869113445282
0.3975801169872284,0.22330093383789062,0.17427918314933777
0.24023424088954926,0.18342208862304688,0.05681215226650238
0.3796573579311371,0.30377197265625,0.07588538527488708
0.2737116813659668,0.2686805725097656,0.005031108856201172
0.23674418032169342,0.3030281066894531,-0.0662839263677597
0.6620398163795471,0.3161430358886719,0.34589678049087524
0.38156434893608093,0.21960067749023438,0.16196367144584656
0.17696142196655273,0.23461532592773438,-0.05765390396118164
0.6116322875022888,0.2772789001464844,0.33435338735580444
0.2217681109905243,0.2239532470703125,-0.002185136079788208
0.1438109576702118,0.23959732055664062,-0.09578636288642883
0.3331160843372345,0.2830696105957031,0.05004647374153137
0.02056862600147724,0.2715339660644531,-0.2509653400629759
0.25605452060699463,0.15465927124023438,0.10139524936676025
0.3484974801540375,0.29622650146484375,0.052270978689193726
0.12035223096609116,0.2257080078125,-0.10535577684640884
0.14012235403060913,0.19153976440429688,-0.051417410373687744
0.11498650908470154,0.2555656433105469,-0.14057913422584534
0.6758037209510803,0.3433952331542969,0.33240848779678345
0.2996312379837036,0.2791252136230469,0.02050602436065674
0.40691137313842773,0.22142410278320312,0.1854872703552246
0.03547980636358261,0.20225143432617188,-0.16677162796258926
0.22043582797050476,0.3687248229980469,-0.14828899502754211
0.19817572832107544,0.2747459411621094,-0.07657021284103394
0.36963123083114624,0.3087310791015625,0.06090015172958374
0.1999625712633133,0.19004440307617188,0.009918168187141418
0.180788055062294,0.3735542297363281,-0.19276617467403412
0.05601054057478905,0.2516975402832031,-0.19568699970841408
0.05547240003943443,0.2509117126464844,-0.19543931260704994
0.20078806579113007,0.2738494873046875,-0.07306142151355743
0.13416101038455963,0.23093795776367188,-0.09677694737911224
0.5063762664794922,0.3089942932128906,0.19738197326660156
0.11184344440698624,0.2877349853515625,-0.17589154094457626
0.002345010172575712,0.20862197875976562,-0.2062769685871899
0.33925506472587585,0.3448677062988281,-0.0056126415729522705
0.12046413123607635,0.2997703552246094,-0.17930622398853302
0.08208159357309341,0.23219680786132812,-0.1501152142882347
0.030033528804779053,0.1498870849609375,-0.11985355615615845
0.5381526350975037,0.3034477233886719,0.2347049117088318
0.07102839648723602,0.2064056396484375,-0.13537724316120148
0.24390195310115814,0.24229049682617188,0.001611456274986267
0.2704567313194275,0.2568244934082031,0.013632237911224365
0.24513497948646545,0.19954299926757812,0.04559198021888733
0.045427560806274414,0.22385025024414062,-0.1784226894378662
0.011676253750920296,0.24982070922851562,-0.23814445547759533
0.3408590257167816,0.2658195495605469,0.07503947615623474
0.14642050862312317,0.19068527221679688,-0.044264763593673706
0.0629328042268753,0.15204620361328125,-0.08911339938640594
0.16908401250839233,0.18467330932617188,-0.015589296817779541
0.1353745013475418,0.22072601318359375,-0.08535151183605194
0.16676770150661469,0.19049453735351562,-0.02372683584690094
0.16499832272529602,0.202728271484375,-0.03772994875907898
0.11641942709684372,0.2754402160644531,-0.1590207889676094
0.09263500571250916,0.2628974914550781,-0.17026248574256897
0.16702371835708618,0.26799774169921875,-0.10097402334213257
0.13510911166667938,0.17538833618164062,-0.04027922451496124
0.13448214530944824,0.17776107788085938,-0.04327893257141113
0.13156917691230774,0.28385162353515625,-0.1522824466228485
0.11231107264757156,0.17821884155273438,-0.06590776890516281
0.1376848667860031,0.16955947875976562,-0.03187461197376251
0.1866893321275711,0.19163131713867188,-0.004941985011100769
0.1239934116601944,0.17623519897460938,-0.05224178731441498
0.10531525313854218,0.18869400024414062,-0.08337874710559845
0.15461169183254242,0.18038558959960938,-0.025773897767066956
0.18650124967098236,0.21764373779296875,-0.03114248812198639
0.19063051044940948,0.19221115112304688,-0.0015806406736373901
0.11014284193515778,0.253082275390625,-0.14293943345546722
0.2443254142999649,0.21429061889648438,0.03003479540348053
0.12470396608114243,0.20559310913085938,-0.08088914304971695
0.11863468587398529,0.21567153930664062,-0.09703685343265533
0.13537034392356873,0.16121292114257812,-0.0258425772190094
0.12411119788885117,0.19851303100585938,-0.07440183311700821
0.21324282884597778,0.2180938720703125,-0.004851043224334717
0.19981545209884644,0.18684005737304688,0.01297539472579956
0.144684836268425,0.2220458984375,-0.07736106216907501
0.13836300373077393,0.19205093383789062,-0.0536879301071167
0.1660432517528534,0.2537269592285156,-0.08768370747566223
0.1844862997531891,0.213287353515625,-0.028801053762435913
0.13682694733142853,0.23392105102539062,-0.0970941036939621
0.13731807470321655,0.19195938110351562,-0.05464130640029907
0.15425749123096466,0.2568016052246094,-0.10254411399364471
0.12227972596883774,0.3622016906738281,-0.2399219647049904
0.07991817593574524,0.15163040161132812,-0.07171222567558289
0.17800772190093994,0.3581199645996094,-0.18011224269866943
0.14299550652503967,0.3082084655761719,-0.1652129590511322
0.12878204882144928,0.17648696899414062,-0.047704920172691345
0.13183040916919708,0.32337188720703125,-0.19154147803783417
0.20900040864944458,0.23524093627929688,-0.026240527629852295
0.3874225616455078,0.2209625244140625,0.1664600372314453
0.1594664752483368,0.3046836853027344,-0.14521721005439758
0.15152914822101593,0.18505096435546875,-0.03352181613445282
0.24655526876449585,0.3109931945800781,-0.06443792581558228
0.13635258376598358,0.2736244201660156,-0.13727183640003204
0.13536404073238373,0.2889823913574219,-0.15361835062503815
0.062384217977523804,0.224945068359375,-0.1625608503818512
0.19724076986312866,0.21662521362304688,-0.019384443759918213
0.14215610921382904,0.2774391174316406,-0.13528300821781158
0.11272381991147995,0.2945976257324219,-0.18187380582094193
0.19231285154819489,0.18807601928710938,0.00423683226108551
0.22442467510700226,0.2744636535644531,-0.05003897845745087
0.14368516206741333,0.16870498657226562,-0.025019824504852295
0.10826896131038666,0.17858505249023438,-0.07031609117984772
0.19398295879364014,0.2674217224121094,-0.07343876361846924
0.15233375132083893,0.19098663330078125,-0.03865288197994232
0.1508917361497879,0.15582656860351562,-0.004934832453727722
0.1304928958415985,0.21014785766601562,-0.07965496182441711
0.09767679870128632,0.2533111572265625,-0.15563435852527618
0.09162142127752304,0.17361831665039062,-0.08199689537286758
0.2408081442117691,0.2608757019042969,-0.02006755769252777
0.1858823597431183,0.2703590393066406,-0.08447667956352234
0.1331365704536438,0.20781326293945312,-0.07467669248580933
0.13255424797534943,0.24126815795898438,-0.10871390998363495
0.14773604273796082,0.13605117797851562,0.01168486475944519
0.09411358088254929,0.23982620239257812,-0.14571262151002884
0.1584814041852951,0.2816352844238281,-0.12315388023853302
0.20873501896858215,0.28838348388671875,-0.0796484649181366
0.10765589773654938,0.1985015869140625,-0.09084568917751312
0.11400563269853592,0.21252059936523438,-0.09851496666669846
0.12448630481958389,0.20556259155273438,-0.08107628673315048
0.27691054344177246,0.2541770935058594,0.022733449935913086
0.19952288269996643,0.24262237548828125,-0.04309949278831482
0.10131316632032394,0.30231475830078125,-0.2010015919804573
0.07851796597242355,0.17187881469726562,-0.09336084872484207
0.14770469069480896,0.17461776733398438,-0.026913076639175415
0.3218217194080353,0.19284439086914062,0.12897732853889465
0.06994755566120148,0.11950302124023438,-0.0495554655790329
0.11481171101331711,0.19588851928710938,-0.08107680827379227
0.21316072344779968,0.1703948974609375,0.04276582598686218
0.16491620242595673,0.22948074340820312,-0.0645645409822464
0.1357417106628418,0.20922470092773438,-0.07348299026489258
0.08271662890911102,0.26186370849609375,-0.17914707958698273
0.09232477843761444,0.18178939819335938,-0.08946461975574493
0.0992683470249176,0.18096923828125,-0.0817008912563324
0.14196427166461945,0.24206924438476562,-0.10010497272014618
0.06394442170858383,0.214263916015625,-0.15031949430704117
0.1900363713502884,0.18896484375,0.0010715276002883911
0.1416560262441635,0.27251434326171875,-0.13085831701755524
0.1563686579465866,0.20075225830078125,-0.04438360035419464
0.09627462178468704,0.21999359130859375,-0.12371896952390671
0.2102871537208557,0.2699928283691406,-0.05970567464828491
0.1201983392238617,0.2527313232421875,-0.1325329840183258
0.2028733640909195,0.2700233459472656,-0.06714998185634613
0.1559297889471054,0.22134017944335938,-0.06541039049625397
0.10707399249076843,0.15723037719726562,-0.05015638470649719
0.12060586363077164,0.3278999328613281,-0.2072940692305565
0.1298796385526657,0.22756576538085938,-0.09768612682819366
0.09598203748464584,0.22252273559570312,-0.12654069811105728
0.08164557069540024,0.210357666015625,-0.12871209532022476
0.08941464126110077,0.16957473754882812,-0.08016009628772736
0.1577688753604889,0.2617378234863281,-0.10396894812583923
0.11103428155183792,0.2561988830566406,-0.1451646015048027
0.09074170142412186,0.23821258544921875,-0.1474708840250969
0.3550173044204712,0.2500953674316406,0.10492193698883057
0.3290327787399292,0.2915687561035156,0.037464022636413574
0.3235373795032501,0.178009033203125,0.14552834630012512
0.4353187680244446,0.23828506469726562,0.19703370332717896
0.5344473123550415,0.2511253356933594,0.28332197666168213
0.26093655824661255,0.2729759216308594,-0.012039363384246826
0.5763340592384338,0.23256301879882812,0.3437710404396057
0.30901995301246643,0.22235107421875,0.08666887879371643
0.049887239933013916,0.20487213134765625,-0.15498489141464233
0.28282350301742554,0.24489974975585938,0.03792375326156616
0.15454982221126556,0.23952484130859375,-0.08497501909732819
0.24830111861228943,0.2936668395996094,-0.045365720987319946
0.246721088886261,0.19091415405273438,0.05580693483352661
0.09027386456727982,0.30428314208984375,-0.21400927752256393
0.4884191155433655,0.2880134582519531,0.20040565729141235
0.2799812853336334,0.2765464782714844,0.003434807062149048
0.5368360280990601,0.2540397644042969,0.2827962636947632
0.3019479215145111,0.21786880493164062,0.08407911658287048
0.0702425166964531,0.17563247680664062,-0.10538996011018753
0.47740551829338074,0.2907371520996094,0.18666836619377136
0.346232146024704,0.30107879638671875,0.04515334963798523
0.1627190113067627,0.31909942626953125,-0.15638041496276855
0.06548807770013809,0.20977783203125,-0.1442897543311119
0.37359675765037537,0.21474838256835938,0.158848375082016
0.08541711419820786,0.22694778442382812,-0.14153067022562027
0.09009840339422226,0.18667221069335938,-0.09657380729913712
0.209443137049675,0.22359848022460938,-0.014155343174934387
0.18073581159114838,0.3838615417480469,-0.2031257301568985
0.11026863753795624,0.19913864135742188,-0.08887000381946564
0.042648039758205414,0.18262863159179688,-0.13998059183359146
0.21420498192310333,0.18070602416992188,0.03349895775318146
0.31017154455184937,0.3185386657714844,-0.00836712121963501
0.2667890191078186,0.24492263793945312,0.02186638116836548
0.25714126229286194,0.2968406677246094,-0.039699405431747437
0.06473572552204132,0.24755096435546875,-0.18281523883342743
0.5985832810401917,0.23888778686523438,0.3596954941749573
0.18447448313236237,0.18874740600585938,-0.004272922873497009
0.1255037486553192,0.24007034301757812,-0.11456659436225891
0.23213383555412292,0.23826217651367188,-0.00612834095954895
0.06406174600124359,0.24534225463867188,-0.18128050863742828
0.6741662621498108,0.24606704711914062,0.42809921503067017
0.4853835701942444,0.20477676391601562,0.28060680627822876
0.17150165140628815,0.2640571594238281,-0.09255550801753998
0.06631575524806976,0.24551010131835938,-0.1791943460702896
0.19002307951450348,0.21929550170898438,-0.029272422194480896
0.34159570932388306,0.3640785217285156,-0.02248281240463257
0.4045393764972687,0.1959686279296875,0.20857074856758118
0.2110418826341629,0.22472000122070312,-0.013678118586540222
0.2365456372499466,0.21638870239257812,0.02015693485736847
0.35613593459129333,0.3143463134765625,0.041789621114730835
0.593706488609314,0.2918739318847656,0.30183255672454834
0.2053753137588501,0.225250244140625,-0.019874930381774902
0.4020397961139679,0.224761962890625,0.1772778332233429
0.06735850125551224,0.21396636962890625,-0.146607868373394
0.12144418805837631,0.2934303283691406,-0.1719861403107643
0.15996256470680237,0.18548965454101562,-0.025527089834213257
0.8043334484100342,0.3727378845214844,0.4315955638885498
0.09473790228366852,0.2814445495605469,-0.18670664727687836
0.4822300672531128,0.2933464050292969,0.18888366222381592
0.4347722828388214,0.3247261047363281,0.11004617810249329
0.06534178555011749,0.21163558959960938,-0.14629380404949188
0.23502308130264282,0.22674942016601562,0.008273661136627197
0.22231365740299225,0.22624588012695312,-0.0039322227239608765
0.48480886220932007,0.21825027465820312,0.26655858755111694
0.31317049264907837,0.19952011108398438,0.113650381565094
0.1984504610300064,0.2901763916015625,-0.09172593057155609
0.31269288063049316,0.3026847839355469,0.010008096694946289
0.09151210635900497,0.2851371765136719,-0.1936250701546669
0.03542537987232208,0.19338226318359375,-0.15795688331127167
0.17386843264102936,0.24991989135742188,-0.07605145871639252
0.700296938419342,0.23057937622070312,0.4697175621986389
0.06271900236606598,0.28470611572265625,-0.22198711335659027
0.4130115807056427,0.19354629516601562,0.21946528553962708
0.314372181892395,0.2596397399902344,0.054732441902160645
0.3799499273300171,0.3128509521484375,0.06709897518157959
0.04677552357316017,0.20012283325195312,-0.15334730967879295
0.07980886846780777,0.2673187255859375,-0.18750985711812973
0.5364202260971069,0.3009796142578125,0.23544061183929443
0.2898998558521271,0.2966728210449219,-0.0067729651927948
0.3504880666732788,0.24817657470703125,0.10231149196624756
0.5133512020111084,0.2947502136230469,0.21860098838806152
0.42261451482772827,0.2771186828613281,0.14549583196640015
0.17166362702846527,0.2957572937011719,-0.1240936666727066
0.14065003395080566,0.24954605102539062,-0.10889601707458496
0.46807950735092163,0.21109390258789062,0.256985604763031
0.07005660980939865,0.19311141967773438,-0.12305480986833572
0.283598929643631,0.23287582397460938,0.050723105669021606
0.1252843141555786,0.3250770568847656,-0.199792742729187
0.1739124059677124,0.23456192016601562,-0.06064951419830322
0.09903562068939209,0.22629547119140625,-0.12725985050201416
0.32004398107528687,0.2172088623046875,0.10283511877059937
0.2288266271352768,0.24354171752929688,-0.01471509039402008
0.0954066589474678,0.20846939086914062,-0.11306273192167282
0.2962874472141266,0.27748870849609375,0.018798738718032837
0.2487504482269287,0.2545967102050781,-0.005846261978149414
0.3835862874984741,0.19895553588867188,0.18463075160980225
0.5267859697341919,0.2797889709472656,0.24699699878692627
0.2440064549446106,0.2561683654785156,-0.01216191053390503
0.7073502540588379,0.2937202453613281,0.41363000869750977
0.21746300160884857,0.2798042297363281,-0.06234122812747955
0.32765108346939087,0.2355499267578125,0.09210115671157837
0.06972222775220871,0.2836875915527344,-0.21396536380052567
0.18286007642745972,0.2877693176269531,-0.10490924119949341
0.2077055126428604,0.2844123840332031,-0.07670687139034271
0.18969915807247162,0.3085517883300781,-0.1188526302576065
0.1236124187707901,0.23159408569335938,-0.10798166692256927
0.252031534910202,0.3083305358886719,-0.05629900097846985
0.24892589449882507,0.3529853820800781,-0.10405948758125305
0.048645950853824615,0.3494987487792969,-0.30085279792547226
0.06341911107301712,0.22639846801757812,-0.162979356944561
0.3562321662902832,0.23082351684570312,0.12540864944458008
0.08584553003311157,0.17193222045898438,-0.0860866904258728
0.45913708209991455,0.2593116760253906,0.19982540607452393
0.1405581831932068,0.3094978332519531,-0.16893965005874634
0.19453196227550507,0.20521163940429688,-0.010679677128791809
0.10090604424476624,0.2705345153808594,-0.16962847113609314
0.013055563904345036,0.1966400146484375,-0.18358445074409246
0.22590604424476624,0.21691513061523438,0.00899091362953186
0.42724573612213135,0.31679534912109375,0.1104503870010376
0.37975138425827026,0.18997955322265625,0.189771831035614
0.15699495375156403,0.257904052734375,-0.10090909898281097
0.48551419377326965,0.23003768920898438,0.2554765045642853
0.22422589361667633,0.2635536193847656,-0.039327725768089294
0.3013000786304474,0.2760276794433594,0.025272399187088013
0.07173895090818405,0.2602577209472656,-0.18851877003908157
0.0037765672896057367,0.15333938598632812,-0.1495628186967224
0.030171550810337067,0.19445419311523438,-0.1642826423048973
0.05821752920746803,0.20701217651367188,-0.14879464730620384
0.43100008368492126,0.26074981689453125,0.17025026679039001
0.252836138010025,0.2545814514160156,-0.0017453134059906006
0.23979319632053375,0.2982368469238281,-0.05844365060329437
0.3157075047492981,0.273956298828125,0.041751205921173096
0.667151689529419,0.30887603759765625,0.3582756519317627
0.2786772847175598,0.24149703979492188,0.03718024492263794
0.04414229467511177,0.24268722534179688,-0.1985449306666851
0.026493391022086143,0.1782684326171875,-0.15177504159510136
0.3154515027999878,0.2591896057128906,0.05626189708709717
0.04482150077819824,0.21503448486328125,-0.170212984085083
0.045082733035087585,0.3586463928222656,-0.31356365978717804
0.09676288813352585,0.21303939819335938,-0.11627651005983353
0.5682832598686218,0.2822914123535156,0.2859918475151062
0.44380050897598267,0.2911567687988281,0.15264374017715454
0.11819444596767426,0.2723884582519531,-0.15419401228427887
0.5252372622489929,0.2726173400878906,0.2526199221611023
0.2763606011867523,0.2927742004394531,-0.016413599252700806
0.13066571950912476,0.230133056640625,-0.09946733713150024
0.05653518810868263,0.20552825927734375,-0.14899307116866112
0.17249956727027893,0.19785690307617188,-0.025357335805892944
0.0363679975271225,0.24305343627929688,-0.20668543875217438
0.3875715434551239,0.2653160095214844,0.12225553393363953
0.34610676765441895,0.22024154663085938,0.12586522102355957
0.3235466778278351,0.2857780456542969,0.03776863217353821
0.08756966888904572,0.2920494079589844,-0.20447973906993866
0.39160093665122986,0.3081474304199219,0.08345350623130798
0.1578100025653839,0.2669258117675781,-0.10911580920219421
0.4755529463291168,0.24419021606445312,0.2313627302646637
0.3231705129146576,0.2546501159667969,0.06852039694786072
0.08229276537895203,0.23036575317382812,-0.1480729877948761
0.04822579771280289,0.18698501586914062,-0.13875921815633774
0.5833145976066589,0.2546119689941406,0.3287026286125183
0.459973007440567,0.3219184875488281,0.1380545198917389
0.2516762614250183,0.32330322265625,-0.07162696123123169
0.47632619738578796,0.23551177978515625,0.2408144176006317
0.3101506531238556,0.2852058410644531,0.024944812059402466
0.01754659041762352,0.2560157775878906,-0.2384691871702671
0.3735183775424957,0.2864227294921875,0.08709564805030823
0.35463646054267883,0.22562789916992188,0.12900856137275696
0.4257284104824066,0.2618217468261719,0.16390666365623474
0.6277055144309998,0.3089942932128906,0.31871122121810913
0.14396464824676514,0.19284820556640625,-0.04888355731964111
0.6633407473564148,0.2899742126464844,0.3733665347099304
0.08378483355045319,0.2836112976074219,-0.1998264640569687
0.15641283988952637,0.2517433166503906,-0.09533047676086426
0.03371691331267357,0.20621871948242188,-0.1725018061697483
0.35261669754981995,0.2795066833496094,0.07311001420021057
0.09967302531003952,0.22761917114257812,-0.1279461458325386
0.27475881576538086,0.19357681274414062,0.08118200302124023
0.6244766712188721,0.23591232299804688,0.3885643482208252
0.6718360185623169,0.23395156860351562,0.43788444995880127
0.19193530082702637,0.24393081665039062,-0.05199551582336426
0.17514324188232422,0.3263206481933594,-0.15117740631103516
0.5468382239341736,0.2818031311035156,0.26503509283065796
0.08974312990903854,0.23066329956054688,-0.14092016965150833
0.20358629524707794,0.22253036499023438,-0.018944069743156433
0.14703676104545593,0.1652374267578125,-0.018200665712356567
0.2538079023361206,0.23428726196289062,0.01952064037322998
0.4460941255092621,0.3066368103027344,0.1394573152065277
0.22428858280181885,0.3096656799316406,-0.08537709712982178
0.5215069055557251,0.2749977111816406,0.24650919437408447
0.38366466760635376,0.22864151000976562,0.15502315759658813
0.5617054104804993,0.3310737609863281,0.23063164949417114
0.2979145050048828,0.21454238891601562,0.08337211608886719
0.23819966614246368,0.3229942321777344,-0.08479456603527069
0.756203830242157,0.3326759338378906,0.42352789640426636
0.07945359498262405,0.2511863708496094,-0.17173277586698532
0.033345963805913925,0.3351554870605469,-0.30180952325463295
0.3560680150985718,0.2130279541015625,0.14304006099700928
0.2378966361284256,0.3320121765136719,-0.09411554038524628
0.0376846119761467,0.2531700134277344,-0.21548540145158768
0.31956854462623596,0.1893768310546875,0.13019171357154846
0.27409830689430237,0.1751708984375,0.09892740845680237
0.1037534847855568,0.23698806762695312,-0.13323458284139633
0.04866466671228409,0.17142868041992188,-0.12276401370763779
0.17434082925319672,0.36072540283203125,-0.18638457357883453
0.4690983295440674,0.27413177490234375,0.19496655464172363
0.3851066827774048,0.32697296142578125,0.058133721351623535
0.4001275599002838,0.23206329345703125,0.16806426644325256
0.17554032802581787,0.22504043579101562,-0.049500107765197754
0.42622169852256775,0.3162422180175781,0.10997948050498962
0.36958420276641846,0.2587928771972656,0.11079132556915283
0.008290673606097698,0.17895126342773438,-0.17066058982163668
0.3327398896217346,0.4006462097167969,-0.06790632009506226
0.4258328974246979,0.2957649230957031,0.13006797432899475
0.4223763644695282,0.32700347900390625,0.09537288546562195
0.30300331115722656,0.2719841003417969,0.031019210815429688
0.21887584030628204,0.2805900573730469,-0.06171421706676483
0.07552160322666168,0.2911643981933594,-0.2156427949666977
0.08516936749219894,0.3229827880859375,-0.23781342059373856
0.2708612084388733,0.2722282409667969,-0.001367032527923584
0.21783916652202606,0.20767974853515625,0.010159417986869812
0.2986668348312378,0.2540092468261719,0.04465758800506592
0.06638889759778976,0.3153953552246094,-0.2490064576268196
0.15973268449306488,0.23882675170898438,-0.0790940672159195
0.29572317004203796,0.2961616516113281,-0.00043848156929016113
0.37474095821380615,0.3088264465332031,0.06591451168060303
0.30155912041664124,0.2944526672363281,0.00710645318031311
0.17546717822551727,0.204010009765625,-0.028542831540107727
0.03294062241911888,0.2077484130859375,-0.17480779066681862
0.5153126120567322,0.3229255676269531,0.19238704442977905
0.06528431177139282,0.3597908020019531,-0.2945064902305603
0.19733759760856628,0.23860549926757812,-0.04126790165901184
0.08327804505825043,0.2774848937988281,-0.1942068487405777
0.2068099081516266,0.24713516235351562,-0.04032525420188904
0.039850667119026184,0.23782730102539062,-0.19797663390636444
0.568722128868103,0.23265457153320312,0.3360675573348999
0.11898337304592133,0.2850608825683594,-0.16607750952243805
0.2101536989212036,0.2121124267578125,-0.0019587278366088867
0.6374525427818298,0.242919921875,0.39453262090682983
0.5846678018569946,0.22282028198242188,0.36184751987457275
0.16460205614566803,0.2474517822265625,-0.08284972608089447
0.42541491985321045,0.2381591796875,0.18725574016571045
0.16842955350875854,0.2740325927734375,-0.10560303926467896
0.383450448513031,0.3614234924316406,0.02202695608139038
0.2630324959754944,0.2820472717285156,-0.01901477575302124
0.18965953588485718,0.22584152221679688,-0.0361819863319397
0.5027033090591431,0.275146484375,0.22755682468414307
0.23405128717422485,0.2701911926269531,-0.03613990545272827
0.13108891248703003,0.2155609130859375,-0.08447200059890747
0.5085445046424866,0.3297386169433594,0.1788058876991272
0.2355925738811493,0.24965286254882812,-0.014060288667678833
0.46771901845932007,0.20425033569335938,0.2634686827659607
0.3039102256298065,0.2829322814941406,0.020977944135665894
0.2836594581604004,0.19601058959960938,0.08764886856079102
0.6232959032058716,0.3256988525390625,0.2975970506668091
0.2451767772436142,0.2827415466308594,-0.03756476938724518
0.13479015231132507,0.19957733154296875,-0.06478717923164368
0.1704253852367401,0.2674140930175781,-0.09698870778083801
0.0787273645401001,0.24435043334960938,-0.16562306880950928
0.6025100350379944,0.22053146362304688,0.3819785714149475
0.2785288393497467,0.2947883605957031,-0.01625952124595642
0.5536929965019226,0.22240829467773438,0.33128470182418823
0.3890460729598999,0.3330879211425781,0.05595815181732178
0.03308473154902458,0.24803543090820312,-0.21495069935917854
0.054746173322200775,0.19965362548828125,-0.14490745216608047
0.12327499687671661,0.21164321899414062,-0.08836822211742401
0.1684609055519104,0.2584571838378906,-0.08999627828598022
0.08160310983657837,0.2066497802734375,-0.12504667043685913
0.2388758361339569,0.2654457092285156,-0.026569873094558716
0.2658851444721222,0.235260009765625,0.030625134706497192
0.4107440710067749,0.23485946655273438,0.17588460445404053
0.148604154586792,0.24876785278320312,-0.10016369819641113
0.6804723739624023,0.3831939697265625,0.29727840423583984
0.18200844526290894,0.20011520385742188,-0.01810675859451294
0.21774731576442719,0.255706787109375,-0.037959471344947815
0.2876637279987335,0.15787124633789062,0.1297924816608429
0.02921021357178688,0.15704727172851562,-0.12783705815672874
0.08241815865039825,0.17618179321289062,-0.09376363456249237
0.24098441004753113,0.21415328979492188,0.026831120252609253
0.3329227566719055,0.31670379638671875,0.016218960285186768
0.40781304240226746,0.2510261535644531,0.15678688883781433
0.12706592679023743,0.18841171264648438,-0.06134578585624695
0.6142467856407166,0.2729759216308594,0.3412708640098572
0.13130007684230804,0.16434860229492188,-0.03304852545261383
0.3314463794231415,0.22238540649414062,0.10906097292900085
0.09681513905525208,0.22818374633789062,-0.13136860728263855
0.19745254516601562,0.2152862548828125,-0.017833709716796875
0.19731147587299347,0.22055435180664062,-0.023242875933647156
0.2540169060230255,0.30205535888671875,-0.04803845286369324
0.2561568319797516,0.3631324768066406,-0.10697564482688904
0.5593251585960388,0.29859161376953125,0.26073354482650757
0.4162038564682007,0.22620773315429688,0.1899961233139038
0.5644065737724304,0.310760498046875,0.2536460757255554
0.17021334171295166,0.264373779296875,-0.09416043758392334
0.2976532578468323,0.213134765625,0.08451849222183228
0.16579632461071014,0.167205810546875,-0.001409485936164856
0.10033133625984192,0.25362396240234375,-0.15329262614250183
0.14527909457683563,0.22336959838867188,-0.07809050381183624
0.4647274613380432,0.14584732055664062,0.3188801407814026
0.2793595492839813,0.18359756469726562,0.0957619845867157
0.31163445115089417,0.24982070922851562,0.06181374192237854
0.10193748772144318,0.3921928405761719,-0.2902553528547287
0.0392916277050972,0.23825454711914062,-0.19896291941404343
0.2735079228878021,0.23337936401367188,0.04012855887413025
0.3396490812301636,0.3227195739746094,0.0169295072555542
0.7077264189720154,0.3587379455566406,0.34898847341537476
0.023513153195381165,0.16427993774414062,-0.14076678454875946
0.5583324432373047,0.2684440612792969,0.2898883819580078
0.22468870878219604,0.2797050476074219,-0.05501633882522583
0.334615558385849,0.287078857421875,0.047536700963974
0.44606801867485046,0.34096527099609375,0.10510274767875671
0.042083777487277985,0.19498062133789062,-0.15289684385061264
0.1462530493736267,0.20330810546875,-0.05705505609512329
0.18304511904716492,0.25946807861328125,-0.07642295956611633
0.10477970540523529,0.23993301391601562,-0.13515330851078033
0.09054772555828094,0.19747543334960938,-0.10692770779132843
0.17553205788135529,0.2556877136230469,-0.08015565574169159
0.30104711651802063,0.2560920715332031,0.044955044984817505
0.18271073698997498,0.3044242858886719,-0.1217135488986969
0.07081200182437897,0.20439529418945312,-0.13358329236507416
0.5484504699707031,0.24766921997070312,0.30078125
0.34426549077033997,0.33585357666015625,0.008411914110183716
0.19189873337745667,0.2676048278808594,-0.07570609450340271
0.5101611018180847,0.27520751953125,0.23495358228683472
0.3421233892440796,0.28047943115234375,0.06164395809173584
0.2248402237892151,0.2596397399902344,-0.03479951620101929
0.05201367661356926,0.2696495056152344,-0.21763582900166512
0.5389280915260315,0.3294181823730469,0.20950990915298462
0.32653823494911194,0.21965789794921875,0.10688033699989319
0.4323868155479431,0.2943916320800781,0.137995183467865
0.33726969361305237,0.23107528686523438,0.106194406747818
0.4273114800453186,0.4074058532714844,0.01990562677383423
0.3415508568286896,0.3322563171386719,0.0092945396900177
0.15952369570732117,0.2765655517578125,-0.11704185605049133
0.27371692657470703,0.2670097351074219,0.006707191467285156
0.02533351629972458,0.1571502685546875,-0.13181675225496292
0.06575453281402588,0.12044906616210938,-0.054694533348083496
0.06810258328914642,0.2501258850097656,-0.1820233017206192
0.6294431686401367,0.2970466613769531,0.3323965072631836
0.5563240051269531,0.3211174011230469,0.23520660400390625
0.2215747982263565,0.24504852294921875,-0.023473724722862244
0.06510145217180252,0.2953643798828125,-0.23026292771100998
0.49424460530281067,0.3353538513183594,0.1588907539844513
0.1533459573984146,0.2906837463378906,-0.137337788939476
0.10406915098428726,0.19144821166992188,-0.08737906068563461
0.43119558691978455,0.17216873168945312,0.2590268552303314
0.2798580825328827,0.23762130737304688,0.042236775159835815
0.2835131585597992,0.2971458435058594,-0.01363268494606018
0.4097304940223694,0.2819633483886719,0.1277671456336975
0.5589938163757324,0.3344230651855469,0.22457075119018555
0.215467169880867,0.2653694152832031,-0.04990224540233612
0.21805338561534882,0.21572494506835938,0.002328440546989441
0.5152185559272766,0.17012405395507812,0.3450945019721985
0.1480921357870102,0.24906539916992188,-0.10097326338291168
0.03266894072294235,0.279052734375,-0.24638379365205765
0.17176289856433868,0.364898681640625,-0.19313578307628632
0.1718643456697464,0.22058486938476562,-0.048720523715019226
0.3948841989040375,0.23199844360351562,0.16288575530052185
0.21083290874958038,0.21533584594726562,-0.004502937197685242
0.12059256434440613,0.3174781799316406,-0.1968856155872345
0.26964908838272095,0.3278541564941406,-0.05820506811141968
0.02849225513637066,0.17064666748046875,-0.1421544123440981
0.04633446782827377,0.3214683532714844,-0.2751338854432106
0.18502308428287506,0.3566474914550781,-0.17162440717220306
0.32104188203811646,0.20955657958984375,0.1114853024482727
0.027130799368023872,0.16429519653320312,-0.13716439716517925
0.6050752997398376,0.34220123291015625,0.2628740668296814
0.4196782410144806,0.3373298645019531,0.08234837651252747
0.577687680721283,0.3255119323730469,0.2521757483482361
0.23629485070705414,0.25473785400390625,-0.018443003296852112
0.09381836652755737,0.19245529174804688,-0.0986369252204895
0.6050618290901184,0.21957015991210938,0.38549166917800903
0.24855190515518188,0.2911376953125,-0.042585790157318115
0.15330635011196136,0.21998977661132812,-0.06668342649936676
0.22787269949913025,0.23555374145507812,-0.007681041955947876
0.30515891313552856,0.23888778686523438,0.06627112627029419
0.17715473473072052,0.31366729736328125,-0.13651256263256073
0.1107776090502739,0.2740364074707031,-0.16325879842042923
0.46205243468284607,0.3116035461425781,0.15044888854026794
0.2282070815563202,0.18579483032226562,0.042412251234054565
0.6625988483428955,0.3627433776855469,0.29985547065734863
0.5900805592536926,0.3513679504394531,0.2387126088142395
0.3588632047176361,0.2767524719238281,0.08211073279380798
0.10217782109975815,0.3124198913574219,-0.21024207025766373
0.08259883522987366,0.3010215759277344,-0.21842274069786072
0.4123898446559906,0.24910354614257812,0.16328629851341248
0.2342781275510788,0.2653694152832031,-0.03109128773212433
0.07410354167222977,0.22533798217773438,-0.1512344405055046
0.06405869871377945,0.21064376831054688,-0.14658506959676743
0.1229197233915329,0.21852874755859375,-0.09560902416706085
0.4049394726753235,0.2780342102050781,0.12690526247024536
0.630861222743988,0.17690658569335938,0.45395463705062866
0.3676428198814392,0.2501487731933594,0.11749404668807983
0.2977398931980133,0.22481155395507812,0.07292833924293518
0.3319374918937683,0.2517890930175781,0.08014839887619019
0.09941179305315018,0.29936981201171875,-0.19995801895856857
0.4209112823009491,0.20962905883789062,0.21128222346305847
0.2511851489543915,0.3201446533203125,-0.06895950436592102
0.41262713074684143,0.2693748474121094,0.14325228333473206
0.23031044006347656,0.2513008117675781,-0.020990371704101562
0.25819966197013855,0.275146484375,-0.01694682240486145
0.048753488808870316,0.2732276916503906,-0.2244742028415203
0.28347134590148926,0.2520942687988281,0.03137707710266113
0.4324682354927063,0.3262596130371094,0.10620862245559692
0.2946573495864868,0.2767219543457031,0.01793539524078369
0.1600043624639511,0.2827949523925781,-0.12279058992862701
0.5369217991828918,0.2505912780761719,0.28633052110671997
0.5149677991867065,0.22986602783203125,0.2851017713546753
0.5946020483970642,0.2769126892089844,0.31768935918807983
0.013504885137081146,0.16923141479492188,-0.15572652965784073
0.7459604740142822,0.3072929382324219,0.43866753578186035
0.41978493332862854,0.2954673767089844,0.12431755661964417
0.3431391716003418,0.21501922607421875,0.12811994552612305
0.42921021580696106,0.3439979553222656,0.08521226048469543
0.5321050882339478,0.20746994018554688,0.3246351480484009
0.4348195195198059,0.23944473266601562,0.19537478685379028
0.43617069721221924,0.22542572021484375,0.2107449769973755
0.45434829592704773,0.24571609497070312,0.2086322009563446
0.3229745626449585,0.3116798400878906,0.011294722557067871
0.27531376481056213,0.3278656005859375,-0.052551835775375366
0.20849816501140594,0.2903022766113281,-0.08180411159992218
0.2761688828468323,0.23535537719726562,0.04081350564956665
0.2582780122756958,0.2590789794921875,-0.0008009672164916992
0.2590477764606476,0.3272438049316406,-0.06819602847099304
0.42904776334762573,0.21293258666992188,0.21611517667770386
0.13558952510356903,0.2869148254394531,-0.1513253003358841
0.06704004108905792,0.19245529174804688,-0.12541525065898895
0.38809579610824585,0.18513870239257812,0.20295709371566772
0.06906769424676895,0.24708175659179688,-0.17801406234502792
0.0981854498386383,0.24563217163085938,-0.14744672179222107
0.3448922336101532,0.2618370056152344,0.08305522799491882
0.19728286564350128,0.17330169677734375,0.023981168866157532
0.07611510157585144,0.2606773376464844,-0.18456223607063293
0.05836302414536476,0.3676643371582031,-0.30930131301283836
0.4903244376182556,0.20289230346679688,0.28743213415145874
0.08663668483495712,0.2724952697753906,-0.1858585849404335
0.15851327776908875,0.20368576049804688,-0.04517248272895813
0.08175406605005264,0.1874237060546875,-0.10566964000463486
0.07746940851211548,0.18369674682617188,-0.1062273383140564
0.12420948594808578,0.3665428161621094,-0.2423333302140236
0.22562512755393982,0.19753646850585938,0.028088659048080444
0.11918742954730988,0.2849845886230469,-0.165797159075737
0.12752088904380798,0.15544891357421875,-0.027928024530410767
0.3348729610443115,0.23356246948242188,0.10131049156188965
0.14019249379634857,0.2981681823730469,-0.1579756885766983
0.08155328035354614,0.30826568603515625,-0.2267124056816101
0.153616264462471,0.3079948425292969,-0.15437857806682587
0.1500781625509262,0.218963623046875,-0.06888546049594879
0.3406795859336853,0.20534133911132812,0.13533824682235718
0.06610157340765,0.26644134521484375,-0.20033977180719376
0.1273258775472641,0.20301437377929688,-0.07568849623203278
0.20457352697849274,0.2592506408691406,-0.05467711389064789
0.21297287940979004,0.19803237915039062,0.014940500259399414
0.15566129982471466,0.2835502624511719,-0.12788896262645721
0.14391610026359558,0.39910888671875,-0.2551927864551544
0.13898047804832458,0.23600387573242188,-0.09702339768409729
0.10467711836099625,0.2595176696777344,-0.15484055131673813
0.10454735159873962,0.32190704345703125,-0.21735969185829163
0.3365698456764221,0.26599884033203125,0.07057100534439087
0.3600824177265167,0.3549842834472656,0.005098134279251099
0.21715104579925537,0.3006401062011719,-0.0834890604019165
0.1799926608800888,0.19527435302734375,-0.015281692147254944
0.12128030508756638,0.3203277587890625,-0.19904745370149612
0.11516455560922623,0.19705963134765625,-0.08189507573843002
0.19879774749279022,0.20431137084960938,-0.005513623356819153
0.3923512399196625,0.14719009399414062,0.24516114592552185
0.16691558063030243,0.3475608825683594,-0.18064530193805695
0.1101604551076889,0.24541091918945312,-0.13525046408176422
0.4858737587928772,0.2384185791015625,0.2474551796913147
0.24998688697814941,0.1653900146484375,0.08459687232971191
0.22402475774288177,0.2845268249511719,-0.0605020672082901
0.28069987893104553,0.227630615234375,0.05306926369667053
0.327036052942276,0.010890960693359375,0.3161450922489166
0.18536201119422913,0.2622413635253906,-0.0768793523311615
0.49089232087135315,0.16704177856445312,0.3238505423069
0.2188611626625061,0.12533187866210938,0.09352928400039673
0.37745556235313416,0.18995285034179688,0.18750271201133728
0.5005176067352295,0.13959884643554688,0.3609187602996826
0.29953718185424805,0.15352630615234375,0.1460108757019043
0.33072468638420105,0.18514251708984375,0.1455821692943573
0.11445216834545135,0.19663238525390625,-0.0821802169084549
0.25527244806289673,0.21236038208007812,0.042912065982818604
0.1350385844707489,0.21385574340820312,-0.07881715893745422
0.11628124862909317,0.20221328735351562,-0.08593203872442245
0.2523724436759949,0.22513961791992188,0.027232825756072998
0.06302139908075333,0.15685653686523438,-0.09383513778448105
0.1448521614074707,0.18966293334960938,-0.04481077194213867
0.21190927922725677,0.1928863525390625,0.019022926688194275
0.10739373415708542,0.20838165283203125,-0.10098791867494583
0.5289607644081116,0.24812698364257812,0.28083378076553345
0.29410621523857117,0.2651023864746094,0.029003828763961792
0.16959086060523987,0.2586402893066406,-0.08904942870140076
0.14492866396903992,0.31493377685546875,-0.17000511288642883
0.15461815893650055,0.17267608642578125,-0.0180579274892807
0.14545805752277374,0.1780242919921875,-0.03256623446941376
0.18543115258216858,0.2729911804199219,-0.0875600278377533
0.128003790974617,0.28418731689453125,-0.15618352591991425
0.056658871471881866,0.34160614013671875,-0.2849472686648369
0.17052394151687622,0.24413681030273438,-0.07361286878585815
0.2802475392818451,0.2728691101074219,0.007378429174423218
0.4871470332145691,0.21473312377929688,0.2724139094352722
0.24341754615306854,0.2742652893066406,-0.030847743153572083
0.27345073223114014,0.22210311889648438,0.05134761333465576
0.4609324634075165,0.3057899475097656,0.15514251589775085
0.2945985496044159,0.15063858032226562,0.14395996928215027
0.1424863487482071,0.2596855163574219,-0.11719916760921478
0.1587747186422348,0.2547645568847656,-0.09598983824253082
0.07190873473882675,0.2503395080566406,-0.17843077331781387
0.2174195796251297,0.23220443725585938,-0.014784857630729675
0.12029458582401276,0.2703437805175781,-0.15004919469356537
0.09906625747680664,0.21882247924804688,-0.11975622177124023
0.16694222390651703,0.2808570861816406,-0.1139148622751236
0.23908154666423798,0.16816329956054688,0.0709182471036911
0.1897488236427307,0.20225143432617188,-0.012502610683441162
0.22930285334587097,0.24103164672851562,-0.011728793382644653
0.16553591191768646,0.22497940063476562,-0.05944348871707916
0.2916179597377777,0.3333473205566406,-0.041729360818862915
0.19438520073890686,0.2532157897949219,-0.058830589056015015
0.15985839068889618,0.2707481384277344,-0.1108897477388382
0.33574050664901733,0.2873344421386719,0.04840606451034546
0.21727553009986877,0.2180023193359375,-0.0007267892360687256
0.31575247645378113,0.17288589477539062,0.1428665816783905
0.3257041573524475,0.3426780700683594,-0.016973912715911865
0.35515186190605164,0.20189285278320312,0.1532590091228485
0.29135093092918396,0.2833099365234375,0.00804099440574646
0.22476379573345184,0.3126869201660156,-0.08792312443256378
0.19662131369113922,0.2587013244628906,-0.062080010771751404
0.1486663669347763,0.19660568237304688,-0.04793931543827057
0.344836562871933,0.350921630859375,-0.006085067987442017
0.3537799119949341,0.31911468505859375,0.03466522693634033
0.2998848259449005,0.4032707214355469,-0.10338589549064636
0.4080480635166168,0.210601806640625,0.19744625687599182
0.20975357294082642,0.24561691284179688,-0.03586333990097046
0.32707157731056213,0.20856857299804688,0.11850300431251526
0.29552096128463745,0.22020339965820312,0.07531756162643433
0.20640549063682556,0.183624267578125,0.02278122305870056
0.19575205445289612,0.3094367980957031,-0.113684743642807
0.2656961977481842,0.2715301513671875,-0.005833953619003296
0.44541043043136597,0.24621963500976562,0.19919079542160034
0.28839758038520813,0.3586463928222656,-0.0702488124370575
0.1676829606294632,0.2532768249511719,-0.08559386432170868
0.32213205099105835,0.2613868713378906,0.060745179653167725
0.29707807302474976,0.2968788146972656,0.00019925832748413086
0.15569494664669037,0.3139076232910156,-0.15821267664432526
0.25152477622032166,0.23470687866210938,0.01681789755821228
0.18584135174751282,0.3482551574707031,-0.1624138057231903
0.24067062139511108,0.19498062133789062,0.04569000005722046
0.1988840103149414,0.19981002807617188,-0.0009260177612304688
0.14862436056137085,0.3146247863769531,-0.16600042581558228
0.4330183267593384,0.3038444519042969,0.1291738748550415
0.24072962999343872,0.18888473510742188,0.051844894886016846
0.5236981511116028,0.26169586181640625,0.26200228929519653
0.16063809394836426,0.22198867797851562,-0.06135058403015137
0.14806032180786133,0.2619209289550781,-0.1138606071472168
0.17814300954341888,0.31584930419921875,-0.13770629465579987
0.21864566206932068,0.2759590148925781,-0.057313352823257446
0.48435744643211365,0.18733596801757812,0.2970214784145355
0.14156605303287506,0.184326171875,-0.04276011884212494
0.3099322021007538,0.19652175903320312,0.11341044306755066
0.48047515749931335,0.16775894165039062,0.31271621584892273
0.27421483397483826,0.2502479553222656,0.023966878652572632
0.4602142870426178,0.2653236389160156,0.19489064812660217
0.44847649335861206,0.24580001831054688,0.20267647504806519
0.4581218361854553,0.19494247436523438,0.26317936182022095
0.16563266515731812,0.20743179321289062,-0.04179912805557251
0.16857722401618958,0.23130416870117188,-0.0627269446849823
0.23140715062618256,0.21729660034179688,0.014110550284385681
0.1416017860174179,0.22336196899414062,-0.08176018297672272
0.1581336110830307,0.20333480834960938,-0.045201197266578674
0.2395026683807373,0.23442840576171875,0.005074262619018555
0.4456648528575897,0.25408935546875,0.19157549738883972
0.4431150257587433,0.16273117065429688,0.2803838551044464
0.5031903386116028,0.3130073547363281,0.19018298387527466
0.4422844648361206,0.20198440551757812,0.24030005931854248
0.5234626531600952,0.20487594604492188,0.31858670711517334
0.08048319071531296,0.16118240356445312,-0.08069921284914017
0.48036277294158936,0.19556808471679688,0.2847946882247925
0.1297098845243454,0.3203086853027344,-0.19059880077838898
0.4676100015640259,0.21268081665039062,0.25492918491363525
0.4017603397369385,0.16682815551757812,0.23493218421936035
0.3599172830581665,0.24923324584960938,0.11068403720855713
0.2324042171239853,0.24789810180664062,-0.015493884682655334
0.10325261205434799,0.17888641357421875,-0.07563380151987076
0.3298896551132202,0.22470474243164062,0.10518491268157959
0.1577063500881195,0.2721061706542969,-0.11439982056617737
0.2240416407585144,0.19095993041992188,0.03308171033859253
0.505437970161438,0.2461090087890625,0.2593289613723755
0.41756823658943176,0.20537185668945312,0.21219637989997864
0.47202759981155396,0.18270492553710938,0.2893226742744446
0.047806285321712494,0.2618675231933594,-0.21406123787164688
0.058388322591781616,0.3260841369628906,-0.267695814371109
0.07866775989532471,0.2519111633300781,-0.17324340343475342
0.23020093142986298,0.18826675415039062,0.04193417727947235
0.17405231297016144,0.19283676147460938,-0.018784448504447937
0.4865724742412567,0.15143203735351562,0.3351404368877411
0.18051104247570038,0.2804603576660156,-0.09994931519031525
0.26601436734199524,0.22620010375976562,0.039814263582229614
0.417183518409729,0.1691131591796875,0.2480703592300415
0.0726172998547554,0.29967498779296875,-0.22705768793821335
0.09230393171310425,0.226531982421875,-0.13422805070877075
0.27841657400131226,0.2503547668457031,0.02806180715560913
0.48934730887413025,0.2541046142578125,0.23524269461631775
0.2953876554965973,0.18813705444335938,0.10725060105323792
0.0660896971821785,0.16218185424804688,-0.09609215706586838
0.44137337803840637,0.17542648315429688,0.2659468948841095
0.19213004410266876,0.23775863647460938,-0.04562859237194061
0.5131813883781433,0.2626075744628906,0.2505738139152527
0.35610806941986084,0.2649879455566406,0.09112012386322021
0.4432428479194641,0.14603042602539062,0.2972124218940735
0.3052818179130554,0.17456436157226562,0.1307174563407898
0.11088380962610245,0.23865127563476562,-0.12776746600866318
0.43607592582702637,0.1984405517578125,0.23763537406921387
0.5223489999771118,0.24962234497070312,0.2727266550064087
0.16369789838790894,0.23366928100585938,-0.06997138261795044
0.14658010005950928,0.19018936157226562,-0.04360926151275635
0.1575758457183838,0.2657432556152344,-0.10816740989685059
0.09684475511312485,0.3679847717285156,-0.2711400166153908
0.16186854243278503,0.3248481750488281,-0.1629796326160431
0.08431252092123032,0.19293975830078125,-0.10862723737955093
0.09072031080722809,0.2679634094238281,-0.17724309861660004
0.4390655755996704,0.18682861328125,0.2522369623184204
0.4446443021297455,0.21136856079101562,0.23327574133872986
0.1880524605512619,0.2772560119628906,-0.08920355141162872
0.09379297494888306,0.22419357299804688,-0.13040059804916382
0.3305138051509857,0.20508956909179688,0.12542423605918884
0.1393725425004959,0.19191360473632812,-0.052541062235832214
0.1553080976009369,0.2539100646972656,-0.09860196709632874
0.5113717317581177,0.17402267456054688,0.3373490571975708
0.09551583975553513,0.20305252075195312,-0.107536680996418
0.10095666348934174,0.24210739135742188,-0.14115072786808014
0.4050433337688446,0.21867752075195312,0.18636581301689148
0.17806069552898407,0.1801910400390625,-0.00213034451007843
0.11738792061805725,0.19762420654296875,-0.0802362859249115
0.4084603786468506,0.15465927124023438,0.2538011074066162
0.10811076313257217,0.2564888000488281,-0.14837803691625595
0.2828074097633362,0.20925140380859375,0.07355600595474243
0.4645336866378784,0.2862548828125,0.17827880382537842
0.12325147539377213,0.21924209594726562,-0.0959906205534935
0.12194883823394775,0.3298454284667969,-0.20789659023284912
0.45657920837402344,0.3054771423339844,0.15110206604003906
0.5421575307846069,0.291900634765625,0.25025689601898193
0.34837183356285095,0.18148422241210938,0.16688761115074158
0.3878350257873535,0.24055099487304688,0.14728403091430664
0.24360540509223938,0.3198204040527344,-0.076214998960495
0.20674070715904236,0.30786895751953125,-0.10112825036048889
0.3736976385116577,0.3041725158691406,0.06952512264251709
0.18529625236988068,0.3088798522949219,-0.1235835999250412
0.2514362037181854,0.19183731079101562,0.0595988929271698
0.1790347844362259,0.24526596069335938,-0.06623117625713348
0.22542151808738708,0.31964111328125,-0.09421959519386292
0.21227040886878967,0.225189208984375,-0.012918800115585327
0.3082324266433716,0.23935317993164062,0.06887924671173096
0.25739651918411255,0.24797439575195312,0.009422123432159424
0.23889708518981934,0.18324661254882812,0.05565047264099121
0.21712161600589752,0.2845420837402344,-0.06742046773433685
0.24303777515888214,0.2764015197753906,-0.033363744616508484
0.2584850490093231,0.22967529296875,0.02880975604057312
0.2621951103210449,0.22152328491210938,0.04067182540893555
0.20836418867111206,0.2548027038574219,-0.046438515186309814
0.19186685979366302,0.18335342407226562,0.0085134357213974
0.4673587679862976,0.13764572143554688,0.32971304655075073
0.46320196986198425,0.25426483154296875,0.2089371383190155
0.21641385555267334,0.23398971557617188,-0.017575860023498535
0.1508357673883438,0.278289794921875,-0.1274540275335312
0.08866017311811447,0.13926315307617188,-0.050602979958057404
0.3445891737937927,0.19723129272460938,0.14735788106918335
0.15014667809009552,0.24276351928710938,-0.09261684119701385
0.14996884763240814,0.20744705200195312,-0.05747820436954498
0.14234574139118195,0.22974014282226562,-0.08739440143108368
0.42108285427093506,0.1695556640625,0.25152719020843506
0.438037633895874,0.16505050659179688,0.27298712730407715
0.14006517827510834,0.2587432861328125,-0.11867810785770416
0.47133776545524597,0.19716262817382812,0.27417513728141785
0.22387807071208954,0.22025680541992188,0.0036212652921676636
0.1395772397518158,0.16302871704101562,-0.02345147728919983
0.15435589849948883,0.24928665161132812,-0.0949307531118393
0.1522877961397171,0.24335479736328125,-0.09106700122356415
0.46335065364837646,0.24081802368164062,0.22253262996673584
0.11161712557077408,0.21116256713867188,-0.0995454415678978
0.14499202370643616,0.16738128662109375,-0.022389262914657593
0.10906695574522018,0.21561813354492188,-0.10655117779970169
0.24351078271865845,0.20981979370117188,0.03369098901748657
0.14764483273029327,0.2797355651855469,-0.1320907324552536
0.15352420508861542,0.18928146362304688,-0.03575725853443146
0.4897216558456421,0.20615768432617188,0.2835639715194702
0.17333272099494934,0.24923324584960938,-0.07590052485466003
0.14984484016895294,0.212860107421875,-0.06301526725292206
0.14890162646770477,0.2476806640625,-0.09877903759479523
0.1381906419992447,0.3087806701660156,-0.17059002816677094
0.16286693513393402,0.24027633666992188,-0.07740940153598785
0.1600991040468216,0.16168594360351562,-0.0015868395566940308
0.2806263864040375,0.2697563171386719,0.0108700692653656
0.09022350609302521,0.2755241394042969,-0.18530063331127167
0.15145976841449738,0.313140869140625,-0.16168110072612762
0.3295998275279999,0.22330856323242188,0.106291264295578
0.16614696383476257,0.28281402587890625,-0.11666706204414368
0.3461360037326813,0.23990249633789062,0.10623350739479065
0.43967318534851074,0.2977180480957031,0.14195513725280762
0.21111945807933807,0.17257308959960938,0.0385463684797287
0.22260664403438568,0.21608352661132812,0.006523117423057556
0.2533271908760071,0.21398544311523438,0.039341747760772705
0.17898587882518768,0.21151351928710938,-0.03252764046192169
0.1478407233953476,0.2579536437988281,-0.11011292040348053
0.14916671812534332,0.27451324462890625,-0.12534652650356293
0.1976097673177719,0.19777679443359375,-0.00016702711582183838
0.15642835199832916,0.3452491760253906,-0.18882082402706146
0.3730525076389313,0.20875167846679688,0.1643008291721344
0.16309362649917603,0.17378616333007812,-0.0106925368309021
0.09987359493970871,0.23138046264648438,-0.13150686770677567
0.20221491158008575,0.22095108032226562,-0.01873616874217987
0.2411547154188156,0.306854248046875,-0.06569953262805939
0.09832802414894104,0.2556419372558594,-0.15731391310691833
0.10322397202253342,0.26923370361328125,-0.16600973159074783
0.19929239153862,0.28343963623046875,-0.08414724469184875
0.13963943719863892,0.22780990600585938,-0.08817046880722046
0.2294146865606308,0.2552947998046875,-0.0258801132440567
0.13843362033367157,0.18017578125,-0.04174216091632843
0.15621140599250793,0.2977867126464844,-0.14157530665397644
0.07559077441692352,0.19417190551757812,-0.1185811311006546
0.15596960484981537,0.22222900390625,-0.06625939905643463
0.12239508330821991,0.24847030639648438,-0.12607522308826447
0.16164883971214294,0.16119003295898438,0.00045880675315856934
0.08463729172945023,0.20239639282226562,-0.1177591010928154
0.13314034044742584,0.2659797668457031,-0.13283942639827728
0.2560296356678009,0.2313690185546875,0.024660617113113403
0.1482870727777481,0.22461318969726562,-0.07632611691951752
0.07882297784090042,0.17195892333984375,-0.09313594549894333
0.21641364693641663,0.2849884033203125,-0.06857475638389587
0.27959519624710083,0.2642478942871094,0.015347301959991455
0.14017803966999054,0.2142791748046875,-0.07410113513469696
0.1994267702102661,0.19756317138671875,0.0018635988235473633
0.13200192153453827,0.34769439697265625,-0.21569247543811798
0.18401749432086945,0.21549606323242188,-0.03147856891155243
0.3284186124801636,0.21110916137695312,0.11730945110321045
0.18171456456184387,0.2710151672363281,-0.08930060267448425
0.1359739452600479,0.19702529907226562,-0.06105135381221771
0.17685852944850922,0.26317596435546875,-0.08631743490695953
0.23609068989753723,0.2537994384765625,-0.01770874857902527
0.3170934319496155,0.19266891479492188,0.1244245171546936
0.19916701316833496,0.3195457458496094,-0.12037873268127441
0.21983177959918976,0.21741104125976562,0.0024207383394241333
0.41746658086776733,0.27443695068359375,0.14302963018417358
0.1774134337902069,0.28460693359375,-0.10719349980354309
0.3853510916233063,0.20397567749023438,0.1813754141330719
0.3348985016345978,0.3386650085449219,-0.0037665069103240967
0.4004824459552765,0.3081092834472656,0.09237316250801086
0.2695342004299164,0.16570663452148438,0.103827565908432
0.4163322150707245,0.23736190795898438,0.1789703071117401
0.2673853039741516,0.2827568054199219,-0.015371501445770264
0.3312629759311676,0.22437667846679688,0.10688629746437073
0.24407462775707245,0.29360198974609375,-0.0495273619890213
0.40678131580352783,0.19881820678710938,0.20796310901641846
0.39606595039367676,0.22918319702148438,0.16688275337219238
0.21974360942840576,0.24166488647460938,-0.021921277046203613
0.283730149269104,0.3159751892089844,-0.03224503993988037
0.28944265842437744,0.3050498962402344,-0.015607237815856934
0.335814893245697,0.17323684692382812,0.1625780463218689
0.25252336263656616,0.2714729309082031,-0.018949568271636963
0.2765825688838959,0.2262115478515625,0.050371021032333374
0.31018537282943726,0.3753318786621094,-0.06514650583267212
0.2256363332271576,0.20904922485351562,0.016587108373641968
0.2789042890071869,0.2584495544433594,0.020454734563827515
0.15289908647537231,0.24751663208007812,-0.09461754560470581
0.40019679069519043,0.2699165344238281,0.1302802562713623
0.3703908622264862,0.3341064453125,0.036284416913986206
0.18911902606487274,0.22890090942382812,-0.03978188335895538
0.39835450053215027,0.2861061096191406,0.11224839091300964
0.32793372869491577,0.2906150817871094,0.037318646907806396
0.30152755975723267,0.2516632080078125,0.049864351749420166
0.2876511812210083,0.3341064453125,-0.0464552640914917
0.18485794961452484,0.22609329223632812,-0.041235342621803284
0.3175627589225769,0.2699546813964844,0.04760807752609253
0.260826051235199,0.2921485900878906,-0.03132253885269165
0.19729866087436676,0.25213623046875,-0.05483756959438324
0.20528706908226013,0.22913742065429688,-0.023850351572036743
0.14642050862312317,0.19068527221679688,-0.044264763593673706
0.0629328042268753,0.15204620361328125,-0.08911339938640594
0.16676770150661469,0.19049453735351562,-0.02372683584690094
0.09263500571250916,0.2628974914550781,-0.17026248574256897
0.13448214530944824,0.17776107788085938,-0.04327893257141113
0.1866893321275711,0.19163131713867188,-0.004941985011100769
0.1833484023809433,0.18489456176757812,-0.0015461593866348267
0.11611462384462357,0.22840499877929688,-0.11229037493467331
0.12470396608114243,0.20559310913085938,-0.08088914304971695
0.1611488163471222,0.20157241821289062,-0.04042360186576843
0.12364858388900757,0.2293701171875,-0.10572153329849243
0.09020553529262543,0.2917022705078125,-0.20149673521518707
0.062384217977523804,0.224945068359375,-0.1625608503818512
0.19724076986312866,0.21662521362304688,-0.019384443759918213
0.22442467510700226,0.2744636535644531,-0.05003897845745087
0.09767679870128632,0.2533111572265625,-0.15563435852527618
0.20873501896858215,0.28838348388671875,-0.0796484649181366
0.10630662739276886,0.17448806762695312,-0.06818144023418427
0.13745605945587158,0.23618698120117188,-0.09873092174530029
0.1180516704916954,0.25432586669921875,-0.13627419620752335
0.18238814175128937,0.24476242065429688,-0.06237427890300751
0.20674550533294678,0.19408798217773438,0.012657523155212402
0.110737144947052,0.212249755859375,-0.101512610912323
0.19550202786922455,0.21828460693359375,-0.0227825790643692
0.11919064074754715,0.18141555786132812,-0.062224917113780975
0.11896076053380966,0.24172592163085938,-0.12276516109704971
0.08271662890911102,0.26186370849609375,-0.17914707958698273
0.11891896277666092,0.14327621459960938,-0.024357251822948456
0.17253442108631134,0.22018051147460938,-0.047646090388298035
0.11655741184949875,0.18670272827148438,-0.07014531642198563
0.11756055057048798,0.18820571899414062,-0.07064516842365265
0.453380823135376,0.23820114135742188,0.2151796817779541
0.1647392362356186,0.20427322387695312,-0.039533987641334534
0.12884581089019775,0.19303512573242188,-0.06418931484222412
0.2341018170118332,0.21503448486328125,0.01906733214855194
0.14347486197948456,0.18684005737304688,-0.04336519539356232
0.1824299395084381,0.19205093383789062,-0.009620994329452515
0.29061174392700195,0.19195938110351562,0.09865236282348633
0.17297330498695374,0.21956634521484375,-0.046593040227890015
0.1900363713502884,0.18896484375,0.0010715276002883911
0.17829200625419617,0.2531700134277344,-0.07487800717353821
0.11526169627904892,0.2545051574707031,-0.1392434611916542
0.1563686579465866,0.20075225830078125,-0.04438360035419464
0.11509384214878082,0.21559524536132812,-0.1005014032125473
0.2028733640909195,0.2700233459472656,-0.06714998185634613
0.12386149168014526,0.17086029052734375,-0.046998798847198486
0.12060586363077164,0.3278999328613281,-0.2072940692305565
0.13089388608932495,0.18474197387695312,-0.053848087787628174
0.10617078840732574,0.2947196960449219,-0.18854890763759613
0.14888761937618256,0.24559402465820312,-0.09670640528202057
0.09598203748464584,0.22252273559570312,-0.12654069811105728
0.12332857400178909,0.19747543334960938,-0.07414685934782028
0.36004748940467834,0.20677947998046875,0.1532680094242096
0.1728583574295044,0.19160079956054688,-0.01874244213104248
0.14511540532112122,0.19771575927734375,-0.052600353956222534
0.15688134729862213,0.2196807861328125,-0.06279943883419037
0.29851144552230835,0.22339248657226562,0.07511895895004272
0.2339555323123932,0.17299652099609375,0.06095901131629944
0.1591697484254837,0.2501106262207031,-0.09094087779521942
0.13892941176891327,0.2562294006347656,-0.11729998886585236
0.26093655824661255,0.2729759216308594,-0.012039363384246826
0.30901995301246643,0.22235107421875,0.08666887879371643
0.4884191155433655,0.2880134582519531,0.20040565729141235
0.47740551829338074,0.2907371520996094,0.18666836619377136
0.06473572552204132,0.24755096435546875,-0.18281523883342743
0.16946403682231903,0.3322029113769531,-0.1627388745546341
0.4020397961139679,0.224761962890625,0.1772778332233429
0.06271900236606598,0.28470611572265625,-0.22198711335659027
0.4130115807056427,0.19354629516601562,0.21946528553962708
0.18752047419548035,0.2643775939941406,-0.07685711979866028
0.1252843141555786,0.3250770568847656,-0.199792742729187
0.40404605865478516,0.20126724243164062,0.20277881622314453
0.5023480653762817,0.22764968872070312,0.2746983766555786
0.18969915807247162,0.3085517883300781,-0.1188526302576065
0.06341911107301712,0.22639846801757812,-0.162979356944561
0.6068465113639832,0.3182258605957031,0.28862065076828003
0.3157075047492981,0.273956298828125,0.041751205921173096
0.5682832598686218,0.2822914123535156,0.2859918475151062
0.17249956727027893,0.19785690307617188,-0.025357335805892944
0.39160093665122986,0.3081474304199219,0.08345350623130798
0.04822579771280289,0.18698501586914062,-0.13875921815633774
0.4257284104824066,0.2618217468261719,0.16390666365623474
0.08378483355045319,0.2836112976074219,-0.1998264640569687
0.17514324188232422,0.3263206481933594,-0.15117740631103516
0.5402424931526184,0.19739913940429688,0.34284335374832153
0.23819966614246368,0.3229942321777344,-0.08479456603527069
0.07945359498262405,0.2511863708496094,-0.17173277586698532
0.4258328974246979,0.2957649230957031,0.13006797432899475
0.06528431177139282,0.3597908020019531,-0.2945064902305603
0.2068099081516266,0.24713516235351562,-0.04032525420188904
0.6374525427818298,0.242919921875,0.39453262090682983
0.5846678018569946,0.22282028198242188,0.36184751987457275
0.5085445046424866,0.3297386169433594,0.1788058876991272
0.38156434893608093,0.21960067749023438,0.16196367144584656
0.2658851444721222,0.235260009765625,0.030625134706497192
0.24098441004753113,0.21415328979492188,0.026831120252609253
0.3329227566719055,0.31670379638671875,0.016218960285186768
0.12706592679023743,0.18841171264648438,-0.06134578585624695
0.19731147587299347,0.22055435180664062,-0.023242875933647156
0.10033133625984192,0.25362396240234375,-0.15329262614250183
0.023513153195381165,0.16427993774414062,-0.14076678454875946
0.3484974801540375,0.29622650146484375,0.052270978689193726
0.14012235403060913,0.19153976440429688,-0.051417410373687744
0.5484504699707031,0.24766921997070312,0.30078125
0.05201367661356926,0.2696495056152344,-0.21763582900166512
0.33726969361305237,0.23107528686523438,0.106194406747818
0.4273114800453186,0.4074058532714844,0.01990562677383423
0.6294431686401367,0.2970466613769531,0.3323965072631836
0.06510145217180252,0.2953643798828125,-0.23026292771100998
0.49424460530281067,0.3353538513183594,0.1588907539844513
0.1533459573984146,0.2906837463378906,-0.137337788939476
0.4097304940223694,0.2819633483886719,0.1277671456336975
0.21805338561534882,0.21572494506835938,0.002328440546989441
0.32104188203811646,0.20955657958984375,0.1114853024482727
0.4196782410144806,0.3373298645019531,0.08234837651252747
0.08259883522987366,0.3010215759277344,-0.21842274069786072
0.23031044006347656,0.2513008117675781,-0.020990371704101562
0.048753488808870316,0.2732276916503906,-0.2244742028415203
0.28347134590148926,0.2520942687988281,0.03137707710266113
0.2704567313194275,0.2568244934082031,0.013632237911224365
0.1237931028008461,0.23952484130859375,-0.11573173850774765
0.031421106308698654,0.21373367309570312,-0.18231256678700447
0.07669801265001297,0.232635498046875,-0.15593748539686203
0.03415882959961891,0.24520111083984375,-0.21104228124022484
0.07383490353822708,0.21992111206054688,-0.1460862085223198
0.2698954939842224,0.2675895690917969,0.002305924892425537
0.01929989643394947,0.19146347045898438,-0.1721635740250349
0.09760710597038269,0.24878311157226562,-0.15117600560188293
0.22496342658996582,0.2410125732421875,-0.01604914665222168
0.22386625409126282,0.2932624816894531,-0.06939622759819031
0.1208672970533371,0.27752685546875,-0.1566595584154129
0.8043991923332214,0.2263946533203125,0.5780045390129089
0.15403343737125397,0.2578773498535156,-0.10384391248226166
0.22281086444854736,0.2586479187011719,-0.03583705425262451
0.25646811723709106,0.2859535217285156,-0.02948540449142456
0.40572622418403625,0.24009323120117188,0.16563299298286438
0.0422152541577816,0.3010368347167969,-0.2588215805590153
0.42891326546669006,0.2567634582519531,0.17214980721473694
0.7039393782615662,0.2945518493652344,0.4093875288963318
0.018192267045378685,0.2519340515136719,-0.2337417844682932
0.1515256017446518,0.21638870239257812,-0.06486310064792633
0.0853814035654068,0.23744583129882812,-0.15206442773342133
0.8432183861732483,0.2883872985839844,0.5548310875892639
0.7912852764129639,0.24371719360351562,0.5475680828094482
0.03997910022735596,0.3094978332519531,-0.26951873302459717
0.17454545199871063,0.235931396484375,-0.06138594448566437
0.06974921375513077,0.2602577209472656,-0.19050850719213486
0.03839080408215523,0.24162673950195312,-0.2032359354197979
0.2867293655872345,0.3583106994628906,-0.07158133387565613
0.08832810819149017,0.2668647766113281,-0.17853666841983795
0.2651306092739105,0.3610496520996094,-0.09591904282569885
0.05866248533129692,0.24305343627929688,-0.18439095094799995
0.025120167061686516,0.22481536865234375,-0.19969520159065723
0.24850574135780334,0.2575874328613281,-0.00908169150352478
0.14006268978118896,0.20261001586914062,-0.06254732608795166
0.03998954966664314,0.23374176025390625,-0.1937522105872631
0.12508882582187653,0.22546005249023438,-0.10037122666835785
0.3196342885494232,0.3065185546875,0.013115733861923218
0.33820271492004395,0.2971038818359375,0.041098833084106445
0.028349006548523903,0.23667526245117188,-0.20832625590264797
0.3876906931400299,0.2749443054199219,0.11274638772010803
0.08540230244398117,0.2513618469238281,-0.16595954447984695
0.6134691834449768,0.2831077575683594,0.33036142587661743
0.015600835904479027,0.20978164672851562,-0.1941808108240366
0.1725182831287384,0.20761489868164062,-0.03509661555290222
0.149258092045784,0.2795066833496094,-0.13024859130382538
0.03894461691379547,0.19324493408203125,-0.15430031716823578
0.020553814247250557,0.19540786743164062,-0.17485405318439007
0.45386624336242676,0.21953201293945312,0.23433423042297363
0.7462382316589355,0.21286392211914062,0.5333743095397949
0.027711598202586174,0.2800559997558594,-0.2523444015532732
0.07006269693374634,0.19041061401367188,-0.12034791707992554
0.30000001192092896,0.3096656799316406,-0.00966566801071167
0.1505015641450882,0.19009780883789062,-0.03959624469280243
0.5741170048713684,0.2346954345703125,0.3394215703010559
0.14192266762256622,0.3039512634277344,-0.16202859580516815
0.4613688588142395,0.3417701721191406,0.11959868669509888
0.8015882968902588,0.2363739013671875,0.5652143955230713
0.23847439885139465,0.2552528381347656,-0.01677843928337097
0.2679101228713989,0.2540092468261719,0.01390087604522705
0.0008150470093823969,0.21567916870117188,-0.21486412169178948
0.1625705361366272,0.20411300659179688,-0.04154247045516968
0.08415883034467697,0.2100372314453125,-0.12587840110063553
0.16108672320842743,0.2622184753417969,-0.10113175213336945
0.07438871264457703,0.24061203002929688,-0.16622331738471985
0.2985788881778717,0.21164321899414062,0.08693566918373108
0.15962383151054382,0.24190902709960938,-0.08228519558906555
0.8701881170272827,0.24092483520507812,0.6292632818222046
0.2318495362997055,0.2877464294433594,-0.05589689314365387
0.06257053464651108,0.22478103637695312,-0.16221050173044205
0.5463322997093201,0.2752838134765625,0.27104848623275757
0.47327062487602234,0.293121337890625,0.18014928698539734
0.44055381417274475,0.2986602783203125,0.14189353585243225
0.07588297128677368,0.2759132385253906,-0.20003026723861694
0.3625287413597107,0.24436569213867188,0.11816304922103882
0.12495297938585281,0.2218780517578125,-0.09692507237195969
0.1819644719362259,0.2634620666503906,-0.08149759471416473
0.12786833941936493,0.3449668884277344,-0.21709854900836945
0.7728840112686157,0.3389167785644531,0.4339672327041626
0.7167606949806213,0.16347885131835938,0.553281843662262
0.2880355417728424,0.1666717529296875,0.12136378884315491
0.28719958662986755,0.22142410278320312,0.06577548384666443
0.4493521451950073,0.3294181823730469,0.11993396282196045
0.6083594560623169,0.2701988220214844,0.3381606340408325
0.7947440147399902,0.2636146545410156,0.5311293601989746
0.5413166284561157,0.25061798095703125,0.2906986474990845
0.17952978610992432,0.3024864196777344,-0.12295663356781006
0.10961337387561798,0.1695404052734375,-0.05992703139781952
0.03655172511935234,0.18272018432617188,-0.14616845920681953
0.019676070660352707,0.2596626281738281,-0.23998655751347542
0.44529780745506287,0.21020889282226562,0.23508891463279724
0.12281087040901184,0.279052734375,-0.15624186396598816
0.06293626129627228,0.22058486938476562,-0.15764860808849335
0.1862800419330597,0.24796676635742188,-0.06168672442436218
0.42073145508766174,0.29595947265625,0.12477198243141174
0.6429989337921143,0.3278541564941406,0.31514477729797363
0.17160919308662415,0.22665786743164062,-0.05504867434501648
0.2316405475139618,0.28821563720703125,-0.05657508969306946
0.19405433535575867,0.19011688232421875,0.003937453031539917
0.26503658294677734,0.2801094055175781,-0.015072822570800781
0.3761964440345764,0.28353118896484375,0.09266525506973267
0.3298223614692688,0.2665557861328125,0.0632665753364563
0.5377534031867981,0.2910728454589844,0.24668055772781372
0.08967607468366623,0.22032928466796875,-0.13065320998430252
0.5720062851905823,0.2841377258300781,0.28786855936050415
0.18498432636260986,0.20095443725585938,-0.01597011089324951
0.35187041759490967,0.2983436584472656,0.05352675914764404
0.06371995806694031,0.2511253356933594,-0.18740537762641907
0.7589654922485352,0.3305549621582031,0.42841053009033203
0.24989551305770874,0.27146148681640625,-0.02156597375869751
0.036907002329826355,0.22726821899414062,-0.19036121666431427
0.21035528182983398,0.2652015686035156,-0.05484628677368164
0.08105538040399551,0.207611083984375,-0.12655570358037949
0.14365726709365845,0.3439979553222656,-0.20034068822860718
0.10753051191568375,0.26576995849609375,-0.15823944658041
0.16702371835708618,0.26799774169921875,-0.10097402334213257
0.13510911166667938,0.17538833618164062,-0.04027922451496124
0.13156917691230774,0.28385162353515625,-0.1522824466228485
0.11231107264757156,0.17821884155273438,-0.06590776890516281
0.1376848667860031,0.16955947875976562,-0.03187461197376251
0.15470680594444275,0.22746658325195312,-0.07275977730751038
0.17939570546150208,0.2701301574707031,-0.09073445200920105
0.07438526302576065,0.20219802856445312,-0.12781276553869247
0.1239934116601944,0.17623519897460938,-0.05224178731441498
0.10531525313854218,0.18869400024414062,-0.08337874710559845
0.18650124967098236,0.21764373779296875,-0.03114248812198639
0.11014284193515778,0.253082275390625,-0.14293943345546722
0.18277369439601898,0.2601890563964844,-0.0774153620004654
0.2443254142999649,0.21429061889648438,0.03003479540348053
0.13537034392356873,0.16121292114257812,-0.0258425772190094
0.12411119788885117,0.19851303100585938,-0.07440183311700821
0.13443513214588165,0.21725845336914062,-0.08282332122325897
0.15425749123096466,0.2568016052246094,-0.10254411399364471
0.12227972596883774,0.3622016906738281,-0.2399219647049904
0.07991817593574524,0.15163040161132812,-0.07171222567558289
0.14299550652503967,0.3082084655761719,-0.1652129590511322
0.12878204882144928,0.17648696899414062,-0.047704920172691345
0.13183040916919708,0.32337188720703125,-0.19154147803783417
0.1594664752483368,0.3046836853027344,-0.14521721005439758
0.13128988444805145,0.22939682006835938,-0.09810693562030792
0.13635258376598358,0.2736244201660156,-0.13727183640003204
0.11272381991147995,0.2945976257324219,-0.18187380582094193
0.14368516206741333,0.16870498657226562,-0.025019824504852295
0.12011148780584335,0.20295333862304688,-0.08284185081720352
0.19398295879364014,0.2674217224121094,-0.07343876361846924
0.1304928958415985,0.21014785766601562,-0.07965496182441711
0.09162142127752304,0.17361831665039062,-0.08199689537286758
0.1858823597431183,0.2703590393066406,-0.08447667956352234
0.1331365704536438,0.20781326293945312,-0.07467669248580933
0.13255424797534943,0.24126815795898438,-0.10871390998363495
0.09411358088254929,0.23982620239257812,-0.14571262151002884
0.1584814041852951,0.2816352844238281,-0.12315388023853302
0.10765589773654938,0.1985015869140625,-0.09084568917751312
0.10131316632032394,0.30231475830078125,-0.2010015919804573
0.07851796597242355,0.17187881469726562,-0.09336084872484207
0.06994755566120148,0.11950302124023438,-0.0495554655790329
0.14938917756080627,0.19944381713867188,-0.0500546395778656
0.2539868950843811,0.24259567260742188,0.011391222476959229
0.10860548168420792,0.24476242065429688,-0.13615693897008896
0.1115417405962944,0.23422622680664062,-0.12268448621034622
0.23479147255420685,0.21644210815429688,0.018349364399909973
0.13149994611740112,0.16485595703125,-0.03335601091384888
0.13390327990055084,0.23617935180664062,-0.10227607190608978
0.26588866114616394,0.24171829223632812,0.024170368909835815
0.20385104417800903,0.27079010009765625,-0.06693905591964722
0.1826493740081787,0.2838249206542969,-0.10117554664611816
0.11481171101331711,0.19588851928710938,-0.08107680827379227
0.17868907749652863,0.2671852111816406,-0.088496133685112
0.1263902187347412,0.17063522338867188,-0.044245004653930664
0.21316072344779968,0.1703948974609375,0.04276582598686218
0.15276430547237396,0.19897079467773438,-0.04620648920536041
0.16491620242595673,0.22948074340820312,-0.0645645409822464
0.2372470647096634,0.18918991088867188,0.048057153820991516
0.241123765707016,0.19544601440429688,0.045677751302719116
0.2313118577003479,0.225250244140625,0.0060616135597229
0.1357417106628418,0.20922470092773438,-0.07348299026489258
0.37994298338890076,0.20025634765625,0.17968663573265076
0.15550203621387482,0.1776580810546875,-0.022156044840812683
0.4559095501899719,0.16888046264648438,0.28702908754348755
0.10460339486598969,0.20012283325195312,-0.09551943838596344
0.10955636948347092,0.19515609741210938,-0.08559972792863846
0.1206848993897438,0.15368270874023438,-0.03299780935049057
0.13712623715400696,0.23048782348632812,-0.09336158633232117
0.13974446058273315,0.20788192749023438,-0.06813746690750122
0.08658287674188614,0.18731307983398438,-0.10073020309209824
0.09232477843761444,0.18178939819335938,-0.08946461975574493
0.2351154088973999,0.2187042236328125,0.016411185264587402
0.15846964716911316,0.19221115112304688,-0.033741503953933716
0.0992683470249176,0.18096923828125,-0.0817008912563324
0.1525866687297821,0.19247055053710938,-0.03988388180732727
0.13106107711791992,0.24370956420898438,-0.11264848709106445
0.13733066618442535,0.22723770141601562,-0.08990703523159027
0.17053860425949097,0.15479660034179688,0.015742003917694092
0.10736200958490372,0.20466232299804688,-0.09730031341314316
0.1925344318151474,0.24694442749023438,-0.054409995675086975
0.2945198118686676,0.1890106201171875,0.1055091917514801
0.15630662441253662,0.17984390258789062,-0.023537278175354004
0.14196427166461945,0.24206924438476562,-0.10010497272014618
0.16043411195278168,0.257904052734375,-0.09746994078159332
0.1594623327255249,0.19678878784179688,-0.03732645511627197
0.17389284074306488,0.23942184448242188,-0.065529003739357
0.1367036998271942,0.21384811401367188,-0.07714441418647766
0.13015198707580566,0.21701431274414062,-0.08686232566833496
0.1388980597257614,0.2956886291503906,-0.1567905694246292
0.17756055295467377,0.20701217651367188,-0.029451623558998108
0.13676640391349792,0.24074172973632812,-0.1039753258228302
0.21538709104061127,0.169769287109375,0.04561780393123627
0.2100265920162201,0.16943740844726562,0.04058918356895447
0.18029826879501343,0.21564483642578125,-0.03534656763076782
0.2596295177936554,0.230438232421875,0.029191285371780396
0.1147385686635971,0.176116943359375,-0.06137837469577789
0.11920109391212463,0.2341766357421875,-0.11497554183006287
0.16272251307964325,0.22015762329101562,-0.057435110211372375
0.11633797734975815,0.24644088745117188,-0.13010291010141373
0.12044455856084824,0.24899673461914062,-0.1285521760582924
0.0907469317317009,0.2674674987792969,-0.17672056704759598
0.13160443305969238,0.24126815795898438,-0.10966372489929199
0.2046033889055252,0.17010116577148438,0.03450222313404083
0.2764424681663513,0.2537269592285156,0.022715508937835693
0.29660966992378235,0.19012832641601562,0.10648134350776672
0.16953547298908234,0.22838592529296875,-0.058850452303886414
0.10513630509376526,0.23392105102539062,-0.12878474593162537
0.19453024864196777,0.23225021362304688,-0.0377199649810791
0.11918019503355026,0.2746467590332031,-0.15546656399965286
0.10639022290706635,0.23066329956054688,-0.12427307665348053
0.06394442170858383,0.214263916015625,-0.15031949430704117
0.12249262630939484,0.17661666870117188,-0.05412404239177704
0.190193772315979,0.22988510131835938,-0.03969132900238037
0.1416560262441635,0.27251434326171875,-0.13085831701755524
0.23920109868049622,0.21158981323242188,0.02761128544807434
0.11657831072807312,0.24325180053710938,-0.12667348980903625
0.13091477751731873,0.17917633056640625,-0.048261553049087524
0.15517809987068176,0.21601104736328125,-0.06083294749259949
0.1500370353460312,0.2996406555175781,-0.14960362017154694
0.25499001145362854,0.21504974365234375,0.03994026780128479
0.2362961769104004,0.2722282409667969,-0.035932064056396484
0.11386148631572723,0.19981765747070312,-0.08595617115497589
0.12344351410865784,0.19402313232421875,-0.07057961821556091
0.21693359315395355,0.18511962890625,0.03181396424770355
0.09627462178468704,0.21999359130859375,-0.12371896952390671
0.2102871537208557,0.2699928283691406,-0.05970567464828491
0.20981760323047638,0.24885940551757812,-0.039041802287101746
0.1201983392238617,0.2527313232421875,-0.1325329840183258
0.14663055539131165,0.16966629028320312,-0.02303573489189148
0.1877172887325287,0.172119140625,0.015598148107528687
0.13577371835708618,0.24369430541992188,-0.1079205870628357
0.1559297889471054,0.22134017944335938,-0.06541039049625397
0.20326587557792664,0.162261962890625,0.041003912687301636
0.10707399249076843,0.15723037719726562,-0.05015638470649719
0.2346033900976181,0.15111923217773438,0.08348415791988373
0.1429315060377121,0.17618179321289062,-0.03325028717517853
0.10787402838468552,0.17911911010742188,-0.07124508172273636
0.30999523401260376,0.20173263549804688,0.10826259851455688
0.26396599411964417,0.264373779296875,-0.00040778517723083496
0.1814790517091751,0.17445755004882812,0.007021501660346985
0.12643201649188995,0.18807601928710938,-0.06164400279521942
0.1298796385526657,0.22756576538085938,-0.09768612682819366
0.10719482600688934,0.20662307739257812,-0.09942825138568878
0.2458050698041916,0.21347427368164062,0.032330796122550964
0.17890851199626923,0.2850227355957031,-0.1061142235994339
0.28087297081947327,0.20974349975585938,0.07112947106361389
0.19629618525505066,0.21137237548828125,-0.01507619023323059
0.15099836885929108,0.2778282165527344,-0.1268298476934433
0.10807256400585175,0.2666130065917969,-0.15854044258594513
0.1716044396162033,0.19098663330078125,-0.019382193684577942
0.19482283294200897,0.21701812744140625,-0.022195294499397278
0.21049681305885315,0.2619361877441406,-0.051439374685287476
0.21489597856998444,0.19282913208007812,0.02206684648990631
0.21912795305252075,0.2840156555175781,-0.06488770246505737
0.10632752627134323,0.17161178588867188,-0.06528425961732864
0.169274240732193,0.16348648071289062,0.005787760019302368
0.1124926283955574,0.20621109008789062,-0.09371846169233322
0.15379878878593445,0.20969009399414062,-0.05589130520820618
0.14148949086666107,0.12779617309570312,0.013693317770957947
0.08164557069540024,0.210357666015625,-0.12871209532022476
0.08941464126110077,0.16957473754882812,-0.08016009628772736
0.23004749417304993,0.2877349853515625,-0.05768749117851257
0.17931602895259857,0.20721817016601562,-0.027902141213417053
0.1577688753604889,0.2617378234863281,-0.10396894812583923
0.1847705841064453,0.21818161010742188,-0.03341102600097656
0.11087754368782043,0.22753143310546875,-0.11665388941764832
0.13704852759838104,0.17729568481445312,-0.04024715721607208
0.1931195855140686,0.2699851989746094,-0.07686561346054077
0.12093567848205566,0.19687271118164062,-0.07593703269958496
0.1296922117471695,0.21393966674804688,-0.08424745500087738
0.10489597171545029,0.23664474487304688,-0.1317487731575966
0.20633797347545624,0.25811767578125,-0.05177970230579376
0.11103428155183792,0.2561988830566406,-0.1451646015048027
0.2403087168931961,0.20702743530273438,0.03328128159046173
0.36004748940467834,0.2648162841796875,0.09523120522499084
0.09074170142412186,0.23821258544921875,-0.1474708840250969
0.134363055229187,0.19668960571289062,-0.06232655048370361
0.16551248729228973,0.2548484802246094,-0.08933599293231964
0.1452825963497162,0.23331069946289062,-0.08802810311317444
0.12188656628131866,0.2916603088378906,-0.16977374255657196
0.1046660840511322,0.27387237548828125,-0.16920629143714905
0.17882491648197174,0.17937850952148438,-0.0005535930395126343
0.22252397239208221,0.21171951293945312,0.01080445945262909
0.2539137303829193,0.25904083251953125,-0.0051271021366119385
0.20659920573234558,0.23862075805664062,-0.032021552324295044
0.11543934047222137,0.1539764404296875,-0.038537099957466125
0.1235375627875328,0.2593193054199219,-0.13578174263238907
0.1550004631280899,0.24982070922851562,-0.09482024610042572
0.17671415209770203,0.24158859252929688,-0.06487444043159485
0.20749785006046295,0.3143272399902344,-0.10682938992977142
0.19874131679534912,0.229644775390625,-0.03090345859527588
0.3550173044204712,0.2500953674316406,0.10492193698883057
0.3290327787399292,0.2915687561035156,0.037464022636413574
0.23661960661411285,0.2720680236816406,-0.03544841706752777
0.4353187680244446,0.23828506469726562,0.19703370332717896
0.5344473123550415,0.2511253356933594,0.28332197666168213
0.5763340592384338,0.23256301879882812,0.3437710404396057
0.049887239933013916,0.20487213134765625,-0.15498489141464233
0.28282350301742554,0.24489974975585938,0.03792375326156616
0.246721088886261,0.19091415405273438,0.05580693483352661
0.09027386456727982,0.30428314208984375,-0.21400927752256393
0.2799812853336334,0.2765464782714844,0.003434807062149048
0.5368360280990601,0.2540397644042969,0.2827962636947632
0.0702425166964531,0.17563247680664062,-0.10538996011018753
0.221977099776268,0.18932723999023438,0.03264985978603363
0.21852360665798187,0.3382606506347656,-0.11973704397678375
0.14556121826171875,0.16820144653320312,-0.022640228271484375
0.1627190113067627,0.31909942626953125,-0.15638041496276855
0.06548807770013809,0.20977783203125,-0.1442897543311119
0.37359675765037537,0.21474838256835938,0.158848375082016
0.209443137049675,0.22359848022460938,-0.014155343174934387
0.11026863753795624,0.19913864135742188,-0.08887000381946564
0.2667890191078186,0.24492263793945312,0.02186638116836548
0.32984021306037903,0.297637939453125,0.03220227360725403
0.18447448313236237,0.18874740600585938,-0.004272922873497009
0.1255037486553192,0.24007034301757812,-0.11456659436225891
0.23213383555412292,0.23826217651367188,-0.00612834095954895
0.06406174600124359,0.24534225463867188,-0.18128050863742828
0.6741662621498108,0.24606704711914062,0.42809921503067017
0.5768569111824036,0.28125762939453125,0.2955992817878723
0.4853835701942444,0.20477676391601562,0.28060680627822876
0.17150165140628815,0.2640571594238281,-0.09255550801753998
0.19002307951450348,0.21929550170898438,-0.029272422194480896
0.34159570932388306,0.3640785217285156,-0.02248281240463257
0.12117773294448853,0.22836685180664062,-0.1071891188621521
0.2110418826341629,0.22472000122070312,-0.013678118586540222
0.35613593459129333,0.3143463134765625,0.041789621114730835
0.593706488609314,0.2918739318847656,0.30183255672454834
0.06735850125551224,0.21396636962890625,-0.146607868373394
0.1579541116952896,0.16555023193359375,-0.007596120238304138
0.12144418805837631,0.2934303283691406,-0.1719861403107643
0.8043334484100342,0.3727378845214844,0.4315955638885498
0.2838161885738373,0.23486709594726562,0.048949092626571655
0.4347722828388214,0.3247261047363281,0.11004617810249329
0.06534178555011749,0.21163558959960938,-0.14629380404949188
0.23502308130264282,0.22674942016601562,0.008273661136627197
0.48480886220932007,0.21825027465820312,0.26655858755111694
0.1984504610300064,0.2901763916015625,-0.09172593057155609
0.31269288063049316,0.3026847839355469,0.010008096694946289
0.09151210635900497,0.2851371765136719,-0.1936250701546669
0.06949538737535477,0.18572616577148438,-0.11623077839612961
0.03542537987232208,0.19338226318359375,-0.15795688331127167
0.17386843264102936,0.24991989135742188,-0.07605145871639252
0.22462600469589233,0.12738037109375,0.09724563360214233
0.3799499273300171,0.3128509521484375,0.06709897518157959
0.07980886846780777,0.2673187255859375,-0.18750985711812973
0.3504880666732788,0.24817657470703125,0.10231149196624756
0.5133512020111084,0.2947502136230469,0.21860098838806152
0.42261451482772827,0.2771186828613281,0.14549583196640015
0.17166362702846527,0.2957572937011719,-0.1240936666727066
0.27000218629837036,0.23521804809570312,0.034784138202667236
0.14065003395080566,0.24954605102539062,-0.10889601707458496
0.46807950735092163,0.21109390258789062,0.256985604763031
0.09903562068939209,0.22629547119140625,-0.12725985050201416
0.32004398107528687,0.2172088623046875,0.10283511877059937
0.2288266271352768,0.24354171752929688,-0.01471509039402008
0.5929645895957947,0.3246421813964844,0.2683224081993103
0.2962874472141266,0.27748870849609375,0.018798738718032837
0.3835862874984741,0.19895553588867188,0.18463075160980225
0.35834595561027527,0.2870140075683594,0.0713319480419159
0.21746300160884857,0.2798042297363281,-0.06234122812747955
0.32765108346939087,0.2355499267578125,0.09210115671157837
0.18286007642745972,0.2877693176269531,-0.10490924119949341
0.24958942830562592,0.3389778137207031,-0.08938838541507721
0.1236124187707901,0.23159408569335938,-0.10798166692256927
0.24892589449882507,0.3529853820800781,-0.10405948758125305
0.19453196227550507,0.20521163940429688,-0.010679677128791809
0.10090604424476624,0.2705345153808594,-0.16962847113609314
0.2278391718864441,0.2547416687011719,-0.026902496814727783
0.22590604424476624,0.21691513061523438,0.00899091362953186
0.37975138425827026,0.18997955322265625,0.189771831035614
0.48551419377326965,0.23003768920898438,0.2554765045642853
0.43100008368492126,0.26074981689453125,0.17025026679039001
0.12970437109470367,0.2779045104980469,-0.1482001394033432
0.23979319632053375,0.2982368469238281,-0.05844365060329437
0.3154515027999878,0.2591896057128906,0.05626189708709717
0.09676288813352585,0.21303939819335938,-0.11627651005983353
0.44380050897598267,0.2911567687988281,0.15264374017715454
0.11819444596767426,0.2723884582519531,-0.15419401228427887
0.5252372622489929,0.2726173400878906,0.2526199221611023
0.2763606011867523,0.2927742004394531,-0.016413599252700806
0.41072317957878113,0.3053398132324219,0.10538336634635925
0.13066571950912476,0.230133056640625,-0.09946733713150024
0.3875715434551239,0.2653160095214844,0.12225553393363953
0.3701745867729187,0.28202056884765625,0.08815401792526245
0.27152255177497864,0.2798652648925781,-0.008342713117599487
0.5833145976066589,0.2546119689941406,0.3287026286125183
0.01754659041762352,0.2560157775878906,-0.2384691871702671
0.3735183775424957,0.2864227294921875,0.08709564805030823
0.35463646054267883,0.22562789916992188,0.12900856137275696
0.6059374213218689,0.3200035095214844,0.2859339118003845
0.6633407473564148,0.2899742126464844,0.3733665347099304
0.15641283988952637,0.2517433166503906,-0.09533047676086426
0.03371691331267357,0.20621871948242188,-0.1725018061697483
0.4940513074398041,0.3169746398925781,0.17707666754722595
0.09967302531003952,0.22761917114257812,-0.1279461458325386
0.6718360185623169,0.23395156860351562,0.43788444995880127
0.19193530082702637,0.24393081665039062,-0.05199551582336426
0.20358629524707794,0.22253036499023438,-0.018944069743156433
0.47380051016807556,0.4017486572265625,0.07205185294151306
0.4460941255092621,0.3066368103027344,0.1394573152065277
0.5215069055557251,0.2749977111816406,0.24650919437408447
0.38366466760635376,0.22864151000976562,0.15502315759658813
0.5617054104804993,0.3310737609863281,0.23063164949417114
0.756203830242157,0.3326759338378906,0.42352789640426636
0.033345963805913925,0.3351554870605469,-0.30180952325463295
0.3560680150985718,0.2130279541015625,0.14304006099700928
0.2378966361284256,0.3320121765136719,-0.09411554038524628
0.31956854462623596,0.1893768310546875,0.13019171357154846
0.27409830689430237,0.1751708984375,0.09892740845680237
0.1037534847855568,0.23698806762695312,-0.13323458284139633
0.04866466671228409,0.17142868041992188,-0.12276401370763779
0.4690983295440674,0.27413177490234375,0.19496655464172363
0.16221743822097778,0.23678207397460938,-0.07456463575363159
0.3851066827774048,0.32697296142578125,0.058133721351623535
0.4001275599002838,0.23206329345703125,0.16806426644325256
0.3402216136455536,0.3220252990722656,0.018196314573287964
0.17554032802581787,0.22504043579101562,-0.049500107765197754
0.36958420276641846,0.2587928771972656,0.11079132556915283
0.3327398896217346,0.4006462097167969,-0.06790632009506226
0.08516936749219894,0.3229827880859375,-0.23781342059373856
0.15567615628242493,0.3463630676269531,-0.1906869113445282
0.21783916652202606,0.20767974853515625,0.010159417986869812
0.29572317004203796,0.2961616516113281,-0.00043848156929016113
0.37474095821380615,0.3088264465332031,0.06591451168060303
0.30155912041664124,0.2944526672363281,0.00710645318031311
0.17546717822551727,0.204010009765625,-0.028542831540107727
0.19733759760856628,0.23860549926757812,-0.04126790165901184
0.08327804505825043,0.2774848937988281,-0.1942068487405777
0.039850667119026184,0.23782730102539062,-0.19797663390636444
0.568722128868103,0.23265457153320312,0.3360675573348999
0.11898337304592133,0.2850608825683594,-0.16607750952243805
0.2101536989212036,0.2121124267578125,-0.0019587278366088867
0.42541491985321045,0.2381591796875,0.18725574016571045
0.16842955350875854,0.2740325927734375,-0.10560303926467896
0.383450448513031,0.3614234924316406,0.02202695608139038
0.2630324959754944,0.2820472717285156,-0.01901477575302124
0.5027033090591431,0.275146484375,0.22755682468414307
0.3796573579311371,0.30377197265625,0.07588538527488708
0.23405128717422485,0.2701911926269531,-0.03613990545272827
0.2737116813659668,0.2686805725097656,0.005031108856201172
0.13108891248703003,0.2155609130859375,-0.08447200059890747
0.2355925738811493,0.24965286254882812,-0.014060288667678833
0.46771901845932007,0.20425033569335938,0.2634686827659607
0.3039102256298065,0.2829322814941406,0.020977944135665894
0.2836594581604004,0.19601058959960938,0.08764886856079102
0.1704253852367401,0.2674140930175781,-0.09698870778083801
0.0787273645401001,0.24435043334960938,-0.16562306880950928
0.6025100350379944,0.22053146362304688,0.3819785714149475
0.2785288393497467,0.2947883605957031,-0.01625952124595642
0.6620398163795471,0.3161430358886719,0.34589678049087524
0.3890460729598999,0.3330879211425781,0.05595815181732178
0.03308473154902458,0.24803543090820312,-0.21495069935917854
0.17696142196655273,0.23461532592773438,-0.05765390396118164
0.054746173322200775,0.19965362548828125,-0.14490745216608047
0.1684609055519104,0.2584571838378906,-0.08999627828598022
0.4107440710067749,0.23485946655273438,0.17588460445404053
0.6804723739624023,0.3831939697265625,0.29727840423583984
0.18200844526290894,0.20011520385742188,-0.01810675859451294
0.6116322875022888,0.2772789001464844,0.33435338735580444
0.40781304240226746,0.2510261535644531,0.15678688883781433
0.2217681109905243,0.2239532470703125,-0.002185136079788208
0.09681513905525208,0.22818374633789062,-0.13136860728263855
0.19745254516601562,0.2152862548828125,-0.017833709716796875
0.2561568319797516,0.3631324768066406,-0.10697564482688904
0.4162038564682007,0.22620773315429688,0.1899961233139038
0.1438109576702118,0.23959732055664062,-0.09578636288642883
0.5644065737724304,0.310760498046875,0.2536460757255554
0.16579632461071014,0.167205810546875,-0.001409485936164856
0.3331160843372345,0.2830696105957031,0.05004647374153137
0.14527909457683563,0.22336959838867188,-0.07809050381183624
0.2793595492839813,0.18359756469726562,0.0957619845867157
0.0392916277050972,0.23825454711914062,-0.19896291941404343
0.2735079228878021,0.23337936401367188,0.04012855887413025
0.22468870878219604,0.2797050476074219,-0.05501633882522583
0.334615558385849,0.287078857421875,0.047536700963974
0.44606801867485046,0.34096527099609375,0.10510274767875671
0.12035223096609116,0.2257080078125,-0.10535577684640884
0.30104711651802063,0.2560920715332031,0.044955044984817505
0.07081200182437897,0.20439529418945312,-0.13358329236507416
0.11498650908470154,0.2555656433105469,-0.14057913422584534
0.34426549077033997,0.33585357666015625,0.008411914110183716
0.2996312379837036,0.2791252136230469,0.02050602436065674
0.19189873337745667,0.2676048278808594,-0.07570609450340271
0.3421233892440796,0.28047943115234375,0.06164395809173584
0.2248402237892151,0.2596397399902344,-0.03479951620101929
0.32653823494911194,0.21965789794921875,0.10688033699989319
0.22043582797050476,0.3687248229980469,-0.14828899502754211
0.36963123083114624,0.3087310791015625,0.06090015172958374
0.27371692657470703,0.2670097351074219,0.006707191467285156
0.06575453281402588,0.12044906616210938,-0.054694533348083496
0.5563240051269531,0.3211174011230469,0.23520660400390625
0.2215747982263565,0.24504852294921875,-0.023473724722862244
0.2835131585597992,0.2971458435058594,-0.01363268494606018
0.5589938163757324,0.3344230651855469,0.22457075119018555
0.215467169880867,0.2653694152832031,-0.04990224540233612
0.05601054057478905,0.2516975402832031,-0.19568699970841408
0.05547240003943443,0.2509117126464844,-0.19543931260704994
0.17176289856433868,0.364898681640625,-0.19313578307628632
0.21083290874958038,0.21533584594726562,-0.004502937197685242
0.12059256434440613,0.3174781799316406,-0.1968856155872345
0.02849225513637066,0.17064666748046875,-0.1421544123440981
0.04633446782827377,0.3214683532714844,-0.2751338854432106
0.18502308428287506,0.3566474914550781,-0.17162440717220306
0.13416101038455963,0.23093795776367188,-0.09677694737911224
0.5063762664794922,0.3089942932128906,0.19738197326660156
0.6050752997398376,0.34220123291015625,0.2628740668296814
0.577687680721283,0.3255119323730469,0.2521757483482361
0.30515891313552856,0.23888778686523438,0.06627112627029419
0.17715473473072052,0.31366729736328125,-0.13651256263256073
0.33925506472587585,0.3448677062988281,-0.0056126415729522705
0.6625988483428955,0.3627433776855469,0.29985547065734863
0.5900805592536926,0.3513679504394531,0.2387126088142395
0.3588632047176361,0.2767524719238281,0.08211073279380798
0.08208159357309341,0.23219680786132812,-0.1501152142882347
0.4123898446559906,0.24910354614257812,0.16328629851341248
0.07410354167222977,0.22533798217773438,-0.1512344405055046
0.4049394726753235,0.2780342102050781,0.12690526247024536
0.2977398931980133,0.22481155395507812,0.07292833924293518
0.09941179305315018,0.29936981201171875,-0.19995801895856857
0.4209112823009491,0.20962905883789062,0.21128222346305847
0.030033528804779053,0.1498870849609375,-0.11985355615615845
0.25819966197013855,0.275146484375,-0.01694682240486145
0.5381526350975037,0.3034477233886719,0.2347049117088318
0.4324682354927063,0.3262596130371094,0.10620862245559692
0.2946573495864868,0.2767219543457031,0.01793539524078369
0.3408590257167816,0.2658195495605469,0.07503947615623474
0.3197910189628601,0.20001983642578125,0.11977118253707886
0.8610658049583435,0.24558639526367188,0.6154794096946716
0.2379205822944641,0.21790313720703125,0.02001744508743286
0.42607104778289795,0.3288383483886719,0.09723269939422607
0.12827585637569427,0.2638587951660156,-0.13558293879032135
0.054284222424030304,0.304046630859375,-0.2497624084353447
0.48256009817123413,0.2860755920410156,0.1964845061302185
0.25113898515701294,0.19768905639648438,0.053449928760528564
0.06828631460666656,0.2936668395996094,-0.2253805249929428
0.44705328345298767,0.2671775817871094,0.1798757016658783
0.3111598789691925,0.23731613159179688,0.07384374737739563
0.08592476695775986,0.2205963134765625,-0.13467154651880264
0.09650992602109909,0.20589065551757812,-0.10938072949647903
0.5381922721862793,0.20096206665039062,0.33723020553588867
0.032445140182971954,0.2886314392089844,-0.2561862990260124
0.47620689868927,0.3030052185058594,0.17320168018341064
0.554858922958374,0.2549552917480469,0.29990363121032715
0.1555381417274475,0.361602783203125,-0.2060646414756775
0.22016718983650208,0.3455696105957031,-0.12540242075920105
0.35357367992401123,0.2617759704589844,0.09179770946502686
0.3506792187690735,0.34371185302734375,0.006967365741729736
0.24526645243167877,0.2535591125488281,-0.008292660117149353
0.48153606057167053,0.2816925048828125,0.19984355568885803
0.013855799101293087,0.202728271484375,-0.1888724723830819
0.25478577613830566,0.3437232971191406,-0.08893752098083496
0.5212225914001465,0.23105239868164062,0.29017019271850586
0.060386624187231064,0.18999481201171875,-0.1296081878244877
0.036029256880283356,0.20143890380859375,-0.1654096469283104
0.3785475492477417,0.23431777954101562,0.14422976970672607
0.07692790031433105,0.3546257019042969,-0.2776978015899658
0.24138976633548737,0.22947311401367188,0.01191665232181549
0.1260501593351364,0.24280929565429688,-0.11675913631916046
0.17415882647037506,0.23593521118164062,-0.061776384711265564
0.2513270676136017,0.2466583251953125,0.004668742418289185
0.24961337447166443,0.2601890563964844,-0.010575681924819946
0.1583176553249359,0.3611106872558594,-0.20279303193092346
0.02723092958331108,0.3550910949707031,-0.32786016538739204
0.14386625587940216,0.23350906372070312,-0.08964280784130096
0.12959247827529907,0.2890892028808594,-0.1594967246055603
0.2720271646976471,0.18070602416992188,0.09132114052772522
0.4178265333175659,0.3185386657714844,0.09928786754608154
0.7721211910247803,0.20048141479492188,0.5716397762298584
0.0965726226568222,0.20549392700195312,-0.10892130434513092
0.17850574851036072,0.2920951843261719,-0.11358943581581116
0.08484848588705063,0.19605636596679688,-0.11120788007974625
0.49287354946136475,0.2968406677246094,0.19603288173675537
0.47301986813545227,0.23888778686523438,0.2341320812702179
0.03699059411883354,0.23617172241210938,-0.19918112829327583
0.17506791651248932,0.17776870727539062,-0.002700790762901306
0.462894469499588,0.20978164672851562,0.2531128227710724
0.1536468118429184,0.19458389282226562,-0.04093708097934723
0.11490073055028915,0.22311782836914062,-0.10821709781885147
0.08454545587301254,0.24367141723632812,-0.15912596136331558
0.06817136704921722,0.2854728698730469,-0.21730150282382965
0.2561546564102173,0.20629501342773438,0.04985964298248291
0.3887878656387329,0.2705726623535156,0.11821520328521729
0.27672937512397766,0.2590484619140625,0.01768091320991516
0.3705642521381378,0.3477210998535156,0.022843152284622192
0.4597596526145935,0.2536659240722656,0.20609372854232788
0.5313270688056946,0.3249244689941406,0.20640259981155396
0.45752352476119995,0.18120193481445312,0.2763215899467468
0.5140438675880432,0.3413429260253906,0.1727009415626526
0.08800417929887772,0.23770523071289062,-0.1497010514140129
0.29379311203956604,0.2311553955078125,0.06263771653175354
0.888505756855011,0.3302497863769531,0.5582559704780579
0.5807628035545349,0.2557563781738281,0.3250064253807068
0.20350052416324615,0.32769775390625,-0.12419722974300385
0.25991639494895935,0.24196243286132812,0.017953962087631226
0.06246604025363922,0.21025848388671875,-0.14779244363307953
0.014294670894742012,0.18776702880859375,-0.17347235791385174
0.004179728217422962,0.17702102661132812,-0.17284129839390516
0.16341692209243774,0.267059326171875,-0.10364240407943726
0.050114940851926804,0.29621124267578125,-0.24609630182385445
0.30169278383255005,0.3081092834472656,-0.006416499614715576
0.13591431081295013,0.24082565307617188,-0.10491134226322174
0.4494566321372986,0.3191413879394531,0.13031524419784546
0.02020898647606373,0.2000885009765625,-0.17987951450049877
0.10746081173419952,0.2512245178222656,-0.1437637060880661
0.539864182472229,0.2499542236328125,0.2899099588394165
0.44434690475463867,0.23341751098632812,0.21092939376831055
0.6236363649368286,0.24700546264648438,0.37663090229034424
0.265381395816803,0.3125114440917969,-0.047130048274993896
0.6868129372596741,0.29619598388671875,0.3906169533729553
0.5442319512367249,0.20555496215820312,0.33867698907852173
0.7403134703636169,0.2719230651855469,0.46839040517807007
0.63170325756073,0.2532539367675781,0.37844932079315186
0.04641588404774666,0.22723770141601562,-0.18082181736826897
0.2321525663137436,0.21428680419921875,0.01786576211452484
0.13643677532672882,0.2576332092285156,-0.1211964339017868
0.24218390882015228,0.2521171569824219,-0.009933248162269592
0.1355067938566208,0.2964057922363281,-0.16089899837970734
0.5489864349365234,0.3119544982910156,0.2370319366455078
0.43381398916244507,0.35753631591796875,0.07627767324447632
0.20653082430362701,0.22372055053710938,-0.01718972623348236
0.27821317315101624,0.2948493957519531,-0.01663622260093689
0.05160919576883316,0.19163894653320312,-0.14002975076436996
0.6707001328468323,0.2371978759765625,0.4335022568702698
0.018631139770150185,0.18069839477539062,-0.16206725500524044
0.4427899718284607,0.24534988403320312,0.19744008779525757
0.2651306092739105,0.23343658447265625,0.03169402480125427
0.540501594543457,0.2613334655761719,0.27916812896728516
0.3426332175731659,0.27143096923828125,0.07120224833488464
0.36489027738571167,0.2596397399902344,0.1052505373954773
0.08050156384706497,0.22194671630859375,-0.14144515246152878
0.0710449293255806,0.2500877380371094,-0.17904280871152878
0.0760188102722168,0.17275238037109375,-0.09673357009887695
0.5031765699386597,0.3157463073730469,0.1874302625656128
0.133092999458313,0.2891120910644531,-0.15601909160614014
0.7075026035308838,0.3252410888671875,0.3822615146636963
0.3121107518672943,0.21432876586914062,0.09778198599815369
0.49507835507392883,0.3067054748535156,0.1883728802204132
0.5967398285865784,0.3216514587402344,0.275088369846344
0.08752351254224777,0.2599983215332031,-0.17247480899095535
0.1913897544145584,0.24852371215820312,-0.057133957743644714
0.058066874742507935,0.24874496459960938,-0.19067808985710144
0.12121212482452393,0.23456192016601562,-0.1133497953414917
0.21677115559577942,0.2663688659667969,-0.049597710371017456
0.056938350200653076,0.20290374755859375,-0.14596539735794067
0.3358098268508911,0.2425689697265625,0.09324085712432861
0.48804599046707153,0.35890960693359375,0.12913638353347778
0.772016704082489,0.3499336242675781,0.4220830798149109
0.19515150785446167,0.2630424499511719,-0.0678909420967102
0.1030825525522232,0.16893386840820312,-0.06585131585597992
0.6303343772888184,0.2545967102050781,0.37573766708374023
0.08982235938310623,0.20441818237304688,-0.11459582298994064
0.2735423147678375,0.3405952453613281,-0.0670529305934906
0.2268861085176468,0.21378707885742188,0.013099029660224915
0.3196447193622589,0.2525978088378906,0.06704691052436829
0.352152556180954,0.3351173400878906,0.017035216093063354
0.027972832322120667,0.19093704223632812,-0.16296420991420746
0.36124345660209656,0.3437232971191406,0.017520159482955933
0.3040856719017029,0.21801376342773438,0.0860719084739685
0.138652041554451,0.2984504699707031,-0.15979842841625214
0.4317450225353241,0.2675971984863281,0.16414782404899597
0.44866248965263367,0.3160285949707031,0.13263389468193054
0.3524138033390045,0.2894783020019531,0.06293550133705139
0.26182863116264343,0.26964569091796875,-0.007817059755325317
0.4339916408061981,0.3083305358886719,0.12566110491752625
0.2657993733882904,0.23614883422851562,0.02965053915977478
0.1761128455400467,0.3333473205566406,-0.15723447501659393
0.41436782479286194,0.3089103698730469,0.10545745491981506
0.10318703949451447,0.2515068054199219,-0.1483197659254074
0.1327272653579712,0.3494987487792969,-0.21677148342132568
0.2800627052783966,0.23082351684570312,0.04923918843269348
0.5704492926597595,0.2778739929199219,0.29257529973983765
0.13838034868240356,0.2740821838378906,-0.13570183515548706
0.37792059779167175,0.2651100158691406,0.11281058192253113
0.6960919499397278,0.23244094848632812,0.46365100145339966
0.0014420063234865665,0.2269134521484375,-0.22547144582495093
0.31572622060775757,0.2506370544433594,0.0650891661643982
0.16668756306171417,0.2816886901855469,-0.1150011271238327
0.1251097172498703,0.3632850646972656,-0.23817534744739532
0.32525601983070374,0.2606697082519531,0.06458631157875061
0.13707418739795685,0.22625732421875,-0.08918313682079315
0.18143156170845032,0.24718475341796875,-0.06575319170951843
0.39198535680770874,0.2570228576660156,0.13496249914169312
0.0787983313202858,0.18187332153320312,-0.10307499021291733
0.07152560353279114,0.2601661682128906,-0.1886405646800995
0.5617032647132874,0.18310546875,0.37859779596328735
0.47751307487487793,0.2839393615722656,0.1935737133026123
0.4780355393886566,0.31679534912109375,0.16124019026756287
0.7074817419052124,0.16512680053710938,0.542354941368103
0.7345036864280701,0.2653923034667969,0.4691113829612732
0.2954963445663452,0.2954902648925781,6.079673767089844e-06
0.40777429938316345,0.24048233032226562,0.16729196906089783
0.06942528486251831,0.21709060668945312,-0.14766532182693481
0.4853500425815582,0.2804756164550781,0.2048744261264801
0.21901775896549225,0.2635536193847656,-0.044535860419273376
0.5946186184883118,0.2840461730957031,0.31057244539260864
0.4071682393550873,0.3123817443847656,0.09478649497032166
0.5749843120574951,0.19487380981445312,0.380110502243042
0.4670114815235138,0.20722579956054688,0.2597856819629669
0.08285266160964966,0.2757453918457031,-0.19289273023605347
0.13256008923053741,0.24177932739257812,-0.10921923816204071
0.015485893003642559,0.24204635620117188,-0.22656046319752932
0.21520376205444336,0.21763229370117188,-0.0024285316467285156
0.18160919845104218,0.26934814453125,-0.08773894608020782
0.6169697046279907,0.3213615417480469,0.29560816287994385
0.42695924639701843,0.30887603759765625,0.11808320879936218
0.0005538139957934618,0.19045257568359375,-0.1898987616878003
0.17938348650932312,0.25626373291015625,-0.07688024640083313
0.05660397186875343,0.25745391845703125,-0.20084994658827782
0.6082236170768738,0.24448776245117188,0.3637358546257019
0.374973863363266,0.3588676452636719,0.016106218099594116
0.1160397082567215,0.2519798278808594,-0.13594011962413788
0.33879831433296204,0.24528884887695312,0.09350946545600891
0.12318704277276993,0.21902084350585938,-0.09583380073308945
0.1334482729434967,0.3277244567871094,-0.19427618384361267
0.15673981606960297,0.20932769775390625,-0.052587881684303284
0.19862069189548492,0.2641029357910156,-0.0654822438955307
0.18223614990711212,0.25931549072265625,-0.07707934081554413
0.21187043190002441,0.25411224365234375,-0.042241811752319336
0.30870428681373596,0.28554534912109375,0.023158937692642212
0.39256009459495544,0.2506980895996094,0.14186200499534607
0.215109720826149,0.1957244873046875,0.019385233521461487
0.43300941586494446,0.2571678161621094,0.17584159970283508
0.2299477607011795,0.2505226135253906,-0.02057485282421112
0.011682340875267982,0.2180938720703125,-0.20641153119504452
0.6411494016647339,0.36257171630859375,0.27857768535614014
0.09563218057155609,0.18217086791992188,-0.08653868734836578
0.15352141857147217,0.3068122863769531,-0.15329086780548096
0.21329154074192047,0.2884483337402344,-0.0751567929983139
0.11253918707370758,0.20695114135742188,-0.0944119542837143
0.2653605043888092,0.3345146179199219,-0.06915411353111267
0.04878787696361542,0.2651710510253906,-0.2163831740617752
0.5934587121009827,0.2816925048828125,0.31176620721817017
0.582675039768219,0.2589607238769531,0.32371431589126587
0.371170312166214,0.2546501159667969,0.11652019619941711
0.6185789108276367,0.39984893798828125,0.21872997283935547
0.43718913197517395,0.21986770629882812,0.21732142567634583
0.0954023003578186,0.24513626098632812,-0.14973396062850952
0.2297283113002777,0.22590255737304688,0.003825753927230835
0.39081504940986633,0.2972831726074219,0.09353187680244446
0.433218389749527,0.2502784729003906,0.18293991684913635
0.09820272028446198,0.18893051147460938,-0.0907277911901474
0.5872518420219421,0.2906761169433594,0.29657572507858276
0.43812957406044006,0.2850837707519531,0.15304580330848694
0.2494879812002182,0.23454666137695312,0.014941319823265076
0.438119113445282,0.16497802734375,0.273141086101532
0.5530198812484741,0.19977951049804688,0.35324037075042725
0.24782654643058777,0.2743873596191406,-0.026560813188552856
0.5658202767372131,0.2549781799316406,0.3108420968055725
0.3911285400390625,0.3462257385253906,0.044902801513671875
0.06576802581548691,0.3007698059082031,-0.23500178009271622
0.5629571676254272,0.3065986633300781,0.2563585042953491
0.26296761631965637,0.21236801147460938,0.050599604845047
0.00015673981397412717,0.22231674194335938,-0.22216000212938525
0.2846603989601135,0.20334243774414062,0.0813179612159729
0.24864159524440765,0.2637672424316406,-0.015125647187232971
0.015266457572579384,0.213287353515625,-0.19802089594304562
0.21783699095249176,0.3307380676269531,-0.11290107667446136
0.1678265482187271,0.23913192749023438,-0.07130537927150726
0.04121212288737297,0.21564865112304688,-0.1744365282356739
0.2900731563568115,0.2744712829589844,0.015601873397827148
0.2431974858045578,0.2534637451171875,-0.0102662593126297
0.08284221589565277,0.3036842346191406,-0.22084201872348785
0.5433019995689392,0.3491477966308594,0.19415420293807983
0.22852665185928345,0.21220779418945312,0.016318857669830322
0.11884012818336487,0.23660659790039062,-0.11776646971702576
0.4216196537017822,0.3590431213378906,0.0625765323638916
0.8311807513237,0.2680473327636719,0.5631334185600281
0.025172414258122444,0.24863052368164062,-0.22345810942351818
0.2816614508628845,0.234039306640625,0.04762214422225952
0.10866248607635498,0.20315170288085938,-0.0944892168045044
0.49945664405822754,0.24964523315429688,0.24981141090393066
0.03729362413287163,0.22797012329101562,-0.190676499158144
0.21280041337013245,0.3017539978027344,-0.08895358443260193
0.19143155217170715,0.21213912963867188,-0.02070757746696472
0.010459770448505878,0.14992904663085938,-0.1394692761823535
0.058014627546072006,0.23428726196289062,-0.17627263441681862
0.16579937934875488,0.2916412353515625,-0.12584185600280762
0.6088087558746338,0.2700386047363281,0.33877015113830566
0.06175548583269119,0.21927642822265625,-0.15752094238996506
0.11724138259887695,0.18861770629882812,-0.07137632369995117
0.16158829629421234,0.22806167602539062,-0.06647337973117828
0.2892058491706848,0.2688331604003906,0.02037268877029419
0.19225704669952393,0.20933151245117188,-0.01707446575164795
0.40500521659851074,0.2323760986328125,0.17262911796569824
0.05876697972416878,0.21034622192382812,-0.15157924219965935
0.23366771638393402,0.35303497314453125,-0.11936725676059723
0.30159875750541687,0.21454238891601562,0.08705636858940125
0.6350574493408203,0.2553062438964844,0.37975120544433594
0.06118077412247658,0.18451309204101562,-0.12333231791853905
0.08902820944786072,0.1923675537109375,-0.10333934426307678
0.10518286377191544,0.22861099243164062,-0.12342812865972519
0.013636363670229912,0.21134567260742188,-0.19770930893719196
0.16319748759269714,0.3677482604980469,-0.20455077290534973
0.8410031199455261,0.24123382568359375,0.5997692942619324
0.02774294652044773,0.23524093627929688,-0.20749798975884914
0.459676057100296,0.3097038269042969,0.14997223019599915
0.2901671826839447,0.36072540283203125,-0.07055822014808655
0.20897597074508667,0.2670707702636719,-0.058094799518585205
0.03313479572534561,0.2969169616699219,-0.26378216594457626
0.24536050856113434,0.2699851989746094,-0.024624690413475037
0.42198535799980164,0.3310127258300781,0.09097263216972351
0.7329153418540955,0.3218727111816406,0.41104263067245483
0.0730929970741272,0.17895126342773438,-0.10585826635360718
0.27110761404037476,0.22121429443359375,0.049893319606781006
0.2526959180831909,0.2719841003417969,-0.019288182258605957
0.5057366490364075,0.249908447265625,0.25582820177078247
0.37615466117858887,0.23806381225585938,0.1380908489227295
0.16208986937999725,0.241943359375,-0.07985348999500275
0.6577116250991821,0.2713203430175781,0.386391282081604
0.04853709414601326,0.23572921752929688,-0.18719212338328362
0.14452455937862396,0.2695045471191406,-0.12497998774051666
0.21901775896549225,0.2911643981933594,-0.07214663922786713
0.41925808787345886,0.18604660034179688,0.233211487531662
0.6294670701026917,0.3993263244628906,0.23014074563980103
0.2475757598876953,0.28360748291015625,-0.03603172302246094
0.1804911196231842,0.293609619140625,-0.1131184995174408
0.7140334248542786,0.314697265625,0.39933615922927856
0.6983489990234375,0.3437080383300781,0.3546409606933594
0.16378265619277954,0.3153953552246094,-0.15161269903182983
0.008014628663659096,0.22330093383789062,-0.21528630517423153
0.19859978556632996,0.24787521362304688,-0.04927542805671692
0.07079415023326874,0.23882675170898438,-0.16803260147571564
0.1682758629322052,0.2634849548339844,-0.09520909190177917
0.20987461507320404,0.2907295227050781,-0.08085490763187408
0.008328109048306942,0.2681312561035156,-0.2598031470552087
0.22501567006111145,0.196929931640625,0.02808573842048645
0.39146289229393005,0.24235916137695312,0.14910373091697693
0.011316614225506783,0.325439453125,-0.3141228388994932
0.005506792105734348,0.18247604370117188,-0.17696925159543753
0.6565203666687012,0.3363494873046875,0.32017087936401367
0.23824451863765717,0.2397003173828125,-0.0014557987451553345
0.06096133589744568,0.21864700317382812,-0.15768566727638245
0.15733543038368225,0.30857086181640625,-0.151235431432724
0.04464994743466377,0.2806396484375,-0.23598970100283623
0.033542320132255554,0.22251510620117188,-0.18897278606891632
0.47809821367263794,0.3376960754394531,0.14040213823318481
0.3715256154537201,0.2779655456542969,0.09356006979942322
0.005924765020608902,0.160400390625,-0.1544756256043911
0.17006269097328186,0.22979736328125,-0.05973467230796814
0.046353187412023544,0.1805572509765625,-0.13420406356453896
0.12958203256130219,0.2028045654296875,-0.07322253286838531
0.42012539505958557,0.3310661315917969,0.0890592634677887
0.5803866386413574,0.3636970520019531,0.2166895866394043
0.1484535038471222,0.2436676025390625,-0.09521409869194031
0.014242424629628658,0.1979217529296875,-0.18367932830005884
0.22137930989265442,0.18375396728515625,0.03762534260749817
0.058892372995615005,0.20724868774414062,-0.14835631474852562
0.6018913388252258,0.2789573669433594,0.32293397188186646
0.5857262015342712,0.3136253356933594,0.27210086584091187
0.17921629548072815,0.22027206420898438,-0.041055768728256226
0.49045976996421814,0.3177947998046875,0.17266497015953064
0.12067920714616776,0.17567062377929688,-0.05499141663312912
0.2838871479034424,0.20215988159179688,0.08172726631164551
0.5160815119743347,0.3109321594238281,0.2051493525505066
0.5887669920921326,0.2969207763671875,0.29184621572494507
0.5059247612953186,0.2397003173828125,0.2662244439125061
0.2569279074668884,0.21434402465820312,0.0425838828086853
0.23592476546764374,0.2770042419433594,-0.04107947647571564
0.6988087892532349,0.3761024475097656,0.32270634174346924
0.4564785659313202,0.3109931945800781,0.14548537135124207
0.742392897605896,0.22240829467773438,0.5199846029281616
0.1456008404493332,0.23128128051757812,-0.08568044006824493
0.4065099358558655,0.3049049377441406,0.10160499811172485
0.6335422992706299,0.2546348571777344,0.3789074420928955
0.13523511588573456,0.2691612243652344,-0.13392610847949982
0.015987461432814598,0.2088775634765625,-0.1928901020437479
0.0386311374604702,0.2066497802734375,-0.1680186428129673
0.2521421015262604,0.2654457092285156,-0.013303607702255249
0.5327063798904419,0.3305702209472656,0.20213615894317627
0.2080041766166687,0.1981964111328125,0.009807765483856201
0.10612329840660095,0.24876785278320312,-0.14264455437660217
0.45862069725990295,0.2596549987792969,0.19896569848060608
0.13867293298244476,0.2966728210449219,-0.1579998880624771
0.24387669563293457,0.2280120849609375,0.01586461067199707
0.2632392942905426,0.2621040344238281,0.0011352598667144775
0.502079427242279,0.2537879943847656,0.24829143285751343
0.11256008595228195,0.20643997192382812,-0.09387988597154617
0.053772203624248505,0.2742156982421875,-0.220443494617939
0.4229780435562134,0.2234039306640625,0.19957411289215088
0.1514524519443512,0.34871673583984375,-0.19726428389549255
0.07123301923274994,0.24554824829101562,-0.17431522905826569
0.008808777667582035,0.15738296508789062,-0.1485741874203086
0.21073144674301147,0.20888519287109375,0.0018462538719177246
0.461159884929657,0.20466995239257812,0.25648993253707886
0.17637409269809723,0.21591567993164062,-0.039541587233543396
0.10753396153450012,0.23503494262695312,-0.127500981092453
0.28755486011505127,0.3133583068847656,-0.025803446769714355
0.0974503681063652,0.2774391174316406,-0.17998874932527542
0.04422152414917946,0.20969009399414062,-0.16546856984496117
0.5144409537315369,0.22912979125976562,0.28531116247177124
0.29277950525283813,0.213134765625,0.07964473962783813
0.11078369617462158,0.18600082397460938,-0.07521712779998779
0.024587251245975494,0.19031906127929688,-0.16573181003332138
0.3759038746356964,0.14584732055664062,0.2300565540790558
0.02003134787082672,0.22045516967773438,-0.20042382180690765
0.06934168934822083,0.19873428344726562,-0.1293925940990448
0.46932080388069153,0.23947525024414062,0.2298455536365509
0.11175548285245895,0.23006057739257812,-0.11830509454011917
0.09743991494178772,0.2793388366699219,-0.18189892172813416
0.14966562390327454,0.2532234191894531,-0.10355779528617859
0.16925810277462006,0.2925376892089844,-0.12327958643436432
0.6887878775596619,0.2160186767578125,0.47276920080184937
0.060825496912002563,0.3111991882324219,-0.2503736913204193
0.5982758402824402,0.2754936218261719,0.3227822184562683
0.6995924711227417,0.3863487243652344,0.3132437467575073
0.39220482110977173,0.2684440612792969,0.12376075983047485
0.16844305396080017,0.21035385131835938,-0.041910797357559204
0.22100313007831573,0.2863044738769531,-0.06530134379863739
0.0366562157869339,0.19334793090820312,-0.15669171512126923
0.0053500523790717125,0.21807479858398438,-0.21272474620491266
0.05708463862538338,0.2742347717285156,-0.21715013310313225
0.18549634516239166,0.19765853881835938,-0.012162193655967712
0.15742947161197662,0.21866226196289062,-0.061232790350914
0.016948798671364784,0.2565956115722656,-0.23964681290090084
0.1384952962398529,0.23993301391601562,-0.10143771767616272
0.24908046424388885,0.26879119873046875,-0.019710734486579895
0.2945350110530853,0.16942214965820312,0.1251128613948822
0.20738767087459564,0.23541641235351562,-0.028028741478919983
0.07709509134292603,0.3178901672363281,-0.2407950758934021
0.27045977115631104,0.2704505920410156,9.179115295410156e-06
0.059623826295137405,0.3102378845214844,-0.25061405822634697
0.5430616736412048,0.2622833251953125,0.28077834844589233
0.531619668006897,0.3044242858886719,0.2271953821182251
0.5014106631278992,0.22708511352539062,0.27432554960250854
0.09743991494178772,0.36809539794921875,-0.27065548300743103
0.3508986532688141,0.24111557006835938,0.10978308320045471
0.059770114719867706,0.2105712890625,-0.1508011743426323
0.07140021026134491,0.2603569030761719,-0.18895669281482697
0.03587251901626587,0.19070053100585938,-0.1548280119895935
0.5869696736335754,0.35816192626953125,0.2288077473640442
0.22810867428779602,0.22434234619140625,0.0037663280963897705
0.3280564248561859,0.21065139770507812,0.11740502715110779
0.4969383478164673,0.23093032836914062,0.26600801944732666
0.8008150458335876,0.24798583984375,0.5528292059898376
0.2118913233280182,0.27520751953125,-0.06331619620323181
0.5553709268569946,0.3608207702636719,0.19455015659332275
0.2689550817012787,0.22995376586914062,0.03900131583213806
0.40551725029945374,0.2605400085449219,0.14497724175453186
0.009184952825307846,0.1788482666015625,-0.16966331377625465
0.11664576828479767,0.2849693298339844,-0.1683235615491867
0.08723092824220657,0.18899154663085938,-0.1017606183886528
0.4527586102485657,0.2895088195800781,0.16324979066848755
0.35252872109413147,0.22776412963867188,0.1247645914554596
0.4082654118537903,0.2727699279785156,0.13549548387527466
0.42130616307258606,0.3649330139160156,0.056373149156570435
0.37822362780570984,0.2851219177246094,0.09310171008110046
0.3122048079967499,0.23267745971679688,0.079527348279953
0.30124348402023315,0.3322563171386719,-0.03101283311843872
0.2524033486843109,0.3091621398925781,-0.05675879120826721
0.03999999910593033,0.2667045593261719,-0.22670456022024155
0.38340649008750916,0.211669921875,0.17173656821250916
0.23340648412704468,0.2199859619140625,0.013420522212982178
0.2229362577199936,0.2501258850097656,-0.027189627289772034
0.04567398130893707,0.24221420288085938,-0.1965402215719223
0.09577847272157669,0.20637130737304688,-0.11059283465147018
0.6674190163612366,0.2915000915527344,0.3759189248085022
0.17782653868198395,0.20537948608398438,-0.027552947402000427
0.02357366681098938,0.26265716552734375,-0.23908349871635437
0.2592894434928894,0.22796630859375,0.031323134899139404
0.07430511713027954,0.2813682556152344,-0.20706313848495483
0.5965830683708191,0.2729225158691406,0.32366055250167847
0.06249738857150078,0.24864578247070312,-0.18614839389920235
0.18140020966529846,0.2666664123535156,-0.08526620268821716
0.09519331157207489,0.2777290344238281,-0.18253572285175323
0.07580982148647308,0.23818588256835938,-0.1623760610818863
0.08955068141222,0.2608757019042969,-0.17132502049207687
0.4342110753059387,0.2820243835449219,0.15218669176101685
0.3347857892513275,0.17552566528320312,0.1592601239681244
0.1098223626613617,0.15088272094726562,-0.04106035828590393
0.48649948835372925,0.2523918151855469,0.23410767316818237
0.24820271134376526,0.3035316467285156,-0.055328935384750366
0.5032706260681152,0.3425865173339844,0.16068410873413086
0.26137930154800415,0.3601951599121094,-0.09881585836410522
0.13357366621494293,0.2648353576660156,-0.1312616914510727
0.08249738812446594,0.19519424438476562,-0.11269685626029968
0.11461859941482544,0.24988174438476562,-0.13526314496994019
0.13848485052585602,0.24906539916992188,-0.11058054864406586
0.3266039788722992,0.20444107055664062,0.12216290831565857
0.39672935009002686,0.3291664123535156,0.06756293773651123
0.24205851554870605,0.2911338806152344,-0.04907536506652832
0.11637408286333084,0.24916458129882812,-0.13279049843549728
0.3189028203487396,0.19391250610351562,0.124990314245224
0.3726332187652588,0.2541923522949219,0.11844086647033691
0.24793103337287903,0.23778533935546875,0.010145694017410278
0.61771160364151,0.2950248718261719,0.32268673181533813
0.09857889264822006,0.19795608520507812,-0.09937719255685806
0.2336154580116272,0.3349723815917969,-0.10135692358016968
0.021473353728652,0.3264045715332031,-0.3049312178045511
0.23619644343852997,0.20167160034179688,0.03452484309673309
0.28288400173187256,0.2738494873046875,0.009034514427185059
0.6819958090782166,0.33330535888671875,0.3486904501914978
0.6190699934959412,0.3363914489746094,0.2826785445213318
0.029362590983510017,0.16429519653320312,-0.1349326055496931
0.40646812319755554,0.20072174072265625,0.2057463824748993
0.039278995245695114,0.2971153259277344,-0.25783633068203926
0.3167084753513336,0.2698707580566406,0.04683771729469299
0.6094043850898743,0.2949943542480469,0.3144100308418274
0.5484848618507385,0.2722740173339844,0.27621084451675415
0.5495924949645996,0.22418594360351562,0.325406551361084
0.32342737913131714,0.24886703491210938,0.07456034421920776
0.18924765288829803,0.2911376953125,-0.10189004242420197
0.10709509253501892,0.2347564697265625,-0.12766137719154358
0.31647858023643494,0.3015861511230469,0.014892429113388062
0.3988923728466034,0.2503204345703125,0.1485719382762909
0.22176593542099,0.23853683471679688,-0.016770899295806885
0.02366771176457405,0.16134262084960938,-0.13767490908503532
0.17388714849948883,0.24658584594726562,-0.0726986974477768
0.5719226598739624,0.3116035461425781,0.2603191137313843
0.09466039389371872,0.2719001770019531,-0.1772397831082344
0.4308463931083679,0.2654914855957031,0.1653549075126648
0.19846394658088684,0.2005615234375,-0.002097576856613159
0.25897595286369324,0.29862213134765625,-0.03964617848396301
0.03132706508040428,0.22270965576171875,-0.19138259068131447
0.19727273285388947,0.2604026794433594,-0.06312994658946991
0.3046499490737915,0.21753692626953125,0.08711302280426025
0.1666039675474167,0.3192405700683594,-0.1526366025209427
0.15556949377059937,0.25310516357421875,-0.09753566980361938
0.12699060142040253,0.3058738708496094,-0.17888326942920685
0.18249738216400146,0.2787513732910156,-0.09625399112701416
0.45576801896095276,0.21961593627929688,0.23615208268165588
0.05678160861134529,0.21064376831054688,-0.15386215969920158
0.1916196495294571,0.21252059936523438,-0.020900949835777283
0.29584115743637085,0.23329544067382812,0.06254571676254272
0.4475443959236145,0.3098602294921875,0.137684166431427
0.2241797298192978,0.2771034240722656,-0.052923694252967834
0.6960501670837402,0.2782402038574219,0.41780996322631836
0.46965518593788147,0.23890304565429688,0.2307521402835846
0.2669592499732971,0.2649192810058594,0.002039968967437744
0.22495298087596893,0.2503929138183594,-0.025439932942390442
0.06198536977171898,0.185882568359375,-0.12389719858765602
0.013740857131779194,0.2419891357421875,-0.2282482786104083
0.07297805696725845,0.3275794982910156,-0.25460144132375717
0.01661442033946514,0.24772262573242188,-0.23110820539295673
0.012622779235243797,0.21624374389648438,-0.20362096466124058
0.03866248577833176,0.26894378662109375,-0.230281300842762
0.283134788274765,0.20289230346679688,0.08024248480796814
0.20804597437381744,0.21658706665039062,-0.008541092276573181
0.08714733272790909,0.2576637268066406,-0.17051639407873154
0.17543365061283112,0.2578849792480469,-0.08245132863521576
0.04445141181349754,0.2905158996582031,-0.24606448784470558
0.37463951110839844,0.23596572875976562,0.1386737823486328
0.09303030371665955,0.20512008666992188,-0.11208978295326233
0.19708463549613953,0.2570610046386719,-0.05997636914253235
0.40873563289642334,0.2505912780761719,0.15814435482025146
0.37718912959098816,0.24463272094726562,0.13255640864372253
0.3365726172924042,0.3309288024902344,0.0056438148021698
0.10215256363153458,0.2545204162597656,-0.15236785262823105
0.08075235038995743,0.19954299926757812,-0.1187906488776207
0.10817136615514755,0.22068405151367188,-0.11251268535852432
0.38574713468551636,0.2769126892089844,0.10883444547653198
0.03818181902170181,0.18399810791015625,-0.14581628888845444
0.5258620977401733,0.32205963134765625,0.2038024663925171
0.09593521058559418,0.17461776733398438,-0.0786825567483902
0.6218181848526001,0.25862884521484375,0.36318933963775635
0.24394984543323517,0.3123130798339844,-0.0683632344007492
0.4064994752407074,0.2530937194824219,0.15340575575828552
0.15555903315544128,0.21501922607421875,-0.059460192918777466
0.2975444197654724,0.21234130859375,0.08520311117172241
0.5026123523712158,0.3166618347167969,0.18595051765441895
0.03625914454460144,0.2811775207519531,-0.24491837620735168
0.37295717000961304,0.27153778076171875,0.10141938924789429
0.26803553104400635,0.27498626708984375,-0.006950736045837402
0.29863113164901733,0.2616844177246094,0.03694671392440796
0.3327272832393646,0.2525672912597656,0.080159991979599
0.1904701590538025,0.25193023681640625,-0.06146007776260376
0.3319605588912964,0.2651786804199219,0.06678187847137451
0.04256144165992737,0.15586471557617188,-0.1133032739162445
0.48201584815979004,0.2548484802246094,0.22716736793518066
0.3154468238353729,0.22455978393554688,0.09088703989982605
0.20013172924518585,0.23702621459960938,-0.03689448535442352
0.23952758312225342,0.33144378662109375,-0.09191620349884033
0.3518174886703491,0.2771186828613281,0.074698805809021
0.21870426833629608,0.22999191284179688,-0.011287644505500793
0.06309811770915985,0.2423248291015625,-0.17922671139240265
0.21359479427337646,0.2606544494628906,-0.04705965518951416
0.2560151219367981,0.3398094177246094,-0.08379429578781128
0.28026100993156433,0.24239730834960938,0.037863701581954956
0.31329435110092163,0.2619667053222656,0.051327645778656006
0.18392382562160492,0.24509811401367188,-0.061174288392066956
0.23661960661411285,0.2720680236816406,-0.03544841706752777
0.37384870648384094,0.3415641784667969,0.03228452801704407
0.18012984097003937,0.3090019226074219,-0.1288720816373825
0.15521761775016785,0.2935447692871094,-0.13832715153694153
0.03069385699927807,0.22683334350585938,-0.1961394865065813
0.23250889778137207,0.2854728698730469,-0.052963972091674805
0.4095008671283722,0.2027740478515625,0.2067268192768097
0.18776783347129822,0.23899459838867188,-0.05122676491737366
0.27237221598625183,0.22620773315429688,0.046164482831954956
0.43286049365997314,0.23787307739257812,0.19498741626739502
0.24934501945972443,0.2803306579589844,-0.03098563849925995
0.2756304144859314,0.23715591430664062,0.03847450017929077
0.17786401510238647,0.2781715393066406,-0.10030752420425415
0.15412533283233643,0.2630577087402344,-0.10893237590789795
0.21168294548988342,0.21638870239257812,-0.004705756902694702
0.2837334871292114,0.2966728210449219,-0.01293933391571045
0.1874687820672989,0.2777099609375,-0.09024117887020111
0.26102590560913086,0.22491455078125,0.03611135482788086
0.6099406480789185,0.3172492980957031,0.29269134998321533
0.030842697247862816,0.2640571594238281,-0.2332144621759653
0.18547466397285461,0.2024078369140625,-0.016933172941207886
0.3189954161643982,0.16512680053710938,0.15386861562728882
0.5154640078544617,0.2687644958496094,0.2466995120048523
0.20159442722797394,0.21078872680664062,-0.009194299578666687
0.20031115412712097,0.24320220947265625,-0.04289105534553528
0.17084671556949615,0.23540496826171875,-0.0645582526922226
0.21434664726257324,0.21237945556640625,0.001967191696166992
0.06968620419502258,0.19516372680664062,-0.12547752261161804
0.21398426592350006,0.2579994201660156,-0.044015154242515564
0.33282965421676636,0.2783622741699219,0.05446738004684448
0.08820156753063202,0.19729995727539062,-0.1090983897447586
0.21907466650009155,0.28179168701171875,-0.0627170205116272
0.3754766881465912,0.2905693054199219,0.08490738272666931
0.3476198613643646,0.2623939514160156,0.085225909948349
0.17821523547172546,0.279022216796875,-0.10080698132514954
0.2715308368206024,0.3196678161621094,-0.04813697934150696
0.17574602365493774,0.22868728637695312,-0.05294126272201538
0.233893483877182,0.3575706481933594,-0.12367716431617737
0.24599705636501312,0.2226715087890625,0.023325547575950623
0.2839707136154175,0.24087142944335938,0.043099284172058105
0.030038056895136833,0.22774124145507812,-0.1977031845599413
0.2326291799545288,0.16823196411132812,0.06439721584320068
0.1629113107919693,0.28684234619140625,-0.12393103539943695
0.10545450448989868,0.17560577392578125,-0.07015126943588257
0.12456635385751724,0.14420700073242188,-0.019640646874904633
0.1715509295463562,0.2726325988769531,-0.10108166933059692
0.18407581746578217,0.2614326477050781,-0.07735683023929596
0.1421099305152893,0.23126983642578125,-0.08915990591049194
0.35241514444351196,0.23352432250976562,0.11889082193374634
0.11733776330947876,0.21067428588867188,-0.09333652257919312
0.23071205615997314,0.17948532104492188,0.05122673511505127
0.1462864726781845,0.15607070922851562,-0.009784236550331116
0.27179834246635437,0.270172119140625,0.0016262233257293701
0.1865793913602829,0.14385604858398438,0.04272334277629852
0.10839958488941193,0.2969474792480469,-0.18854789435863495
0.18153397738933563,0.2685737609863281,-0.08703978359699249
0.041930973529815674,0.22846221923828125,-0.18653124570846558
0.24333912134170532,0.2514076232910156,-0.008068501949310303
0.25883254408836365,0.25991058349609375,-0.0010780394077301025
0.27944958209991455,0.3151512145996094,-0.035701632499694824
0.16880996525287628,0.230438232421875,-0.06162826716899872
0.22393448650836945,0.24494552612304688,-0.02101103961467743
0.22439780831336975,0.1884613037109375,0.03593650460243225
0.2432376742362976,0.21895980834960938,0.024277865886688232
0.35164356231689453,0.3418693542480469,0.009774208068847656
0.15775743126869202,0.2796173095703125,-0.12185987830162048
0.3550173044204712,0.2500953674316406,0.10492193698883057
0.26365986466407776,0.2950401306152344,-0.031380265951156616
0.25079280138015747,0.2838020324707031,-0.033009231090545654
0.2198362946510315,0.22270965576171875,-0.002873361110687256
0.24984043836593628,0.3640785217285156,-0.11423808336257935
0.240941122174263,0.24039840698242188,0.0005427151918411255
0.22177836298942566,0.2886199951171875,-0.06684163212776184
0.1636899709701538,0.24860000610351562,-0.08491003513336182
0.2280115932226181,0.2406463623046875,-0.012634769082069397
0.16688519716262817,0.26702117919921875,-0.10013598203659058
0.19873586297035217,0.24494171142578125,-0.04620584845542908
0.15477648377418518,0.20677566528320312,-0.051999181509017944
0.1699695885181427,0.2701759338378906,-0.10020634531974792
0.03100884146988392,0.16724014282226562,-0.1362313013523817
0.32696646451950073,0.2377166748046875,0.08924978971481323
0.18676821887493134,0.3528404235839844,-0.16607220470905304
0.2871237099170685,0.2636833190917969,0.023440390825271606
0.29571428894996643,0.3319435119628906,-0.036229223012924194
0.2765558063983917,0.2694969177246094,0.007058888673782349
0.4008508324623108,0.2892036437988281,0.11164718866348267
0.3317733407020569,0.2418975830078125,0.08987575769424438
0.3093244433403015,0.17601394653320312,0.1333104968070984
0.28607630729675293,0.24060821533203125,0.04546809196472168
0.22970226407051086,0.309478759765625,-0.07977649569511414
0.32875052094459534,0.3647270202636719,-0.03597649931907654
0.07338852435350418,0.24007797241210938,-0.1666894480586052
0.2879599332809448,0.3225555419921875,-0.034595608711242676
0.3290327787399292,0.2915687561035156,0.037464022636413574
0.18629047274589539,0.21287918090820312,-0.02658870816230774
0.3260194957256317,0.24156951904296875,0.08444997668266296
0.16417033970355988,0.2003631591796875,-0.036192819476127625
0.1587219387292862,0.21776580810546875,-0.059043869376182556
0.18296895921230316,0.3379478454589844,-0.1549788862466812
0.20481234788894653,0.2581062316894531,-0.05329388380050659
0.2988685369491577,0.1613616943359375,0.13750684261322021
0.23171116411685944,0.2658653259277344,-0.03415416181087494
0.25049373507499695,0.2890052795410156,-0.03851154446601868
0.33241474628448486,0.23725509643554688,0.09515964984893799
0.047263260930776596,0.22799301147460938,-0.18072975054383278
0.4792868196964264,0.2597007751464844,0.21958604454994202
0.22406627237796783,0.2815284729003906,-0.05746220052242279
0.23742714524269104,0.2513236999511719,-0.013896554708480835
0.21900369226932526,0.23179244995117188,-0.012788757681846619
0.3277551829814911,0.2463531494140625,0.08140203356742859
0.305838942527771,0.2834281921386719,0.02241075038909912
0.033634670078754425,0.21596908569335938,-0.18233441561460495
0.38981273770332336,0.2818641662597656,0.10794857144355774
0.40782713890075684,0.2777442932128906,0.1300828456878662
0.40727829933166504,0.2846946716308594,0.12258362770080566
0.029796678572893143,0.14699935913085938,-0.11720268055796623
0.25696471333503723,0.2609214782714844,-0.0039567649364471436
0.2054242640733719,0.20142364501953125,0.004000619053840637
0.23569084703922272,0.3089179992675781,-0.07322715222835541
0.22069749236106873,0.24846267700195312,-0.0277651846408844
0.5352916121482849,0.3453102111816406,0.1899814009666443
0.25370916724205017,0.22295379638671875,0.03075537085533142
0.04132194444537163,0.23763656616210938,-0.19631462171673775
0.3256755471229553,0.39984893798828125,-0.07417339086532593
0.17165185511112213,0.21665573120117188,-0.045003876090049744
0.1812843233346939,0.19071578979492188,-0.009431466460227966
0.1595648229122162,0.22212982177734375,-0.06256499886512756
0.17110225558280945,0.28662872314453125,-0.1155264675617218
0.3235373795032501,0.178009033203125,0.14552834630012512
0.311290979385376,0.2617988586425781,0.04949212074279785
0.4353187680244446,0.23828506469726562,0.19703370332717896
0.3296924829483032,0.28362274169921875,0.04606974124908447
0.06621849536895752,0.2174835205078125,-0.15126502513885498
0.19565635919570923,0.2899742126464844,-0.09431785345077515
0.06134388595819473,0.2613182067871094,-0.19997432082891464
0.043035298585891724,0.20230484008789062,-0.1592695415019989
0.1652984917163849,0.2821693420410156,-0.11687085032463074
0.5766581296920776,0.23963546752929688,0.33702266216278076
0.29169484972953796,0.3020591735839844,-0.010364323854446411
0.15549448132514954,0.1798095703125,-0.024315088987350464
0.30019015073776245,0.18972015380859375,0.1104699969291687
0.25920820236206055,0.2727012634277344,-0.013493061065673828
0.1941048949956894,0.2548637390136719,-0.06075884401798248
0.27311742305755615,0.22653579711914062,0.04658162593841553
0.3429443836212158,0.3117027282714844,0.031241655349731445
0.32219818234443665,0.17941665649414062,0.14278152585029602
0.25323793292045593,0.2798576354980469,-0.026619702577590942
0.2607857584953308,0.2584877014160156,0.0022980570793151855
0.19455015659332275,0.21426010131835938,-0.01970994472503662
0.3545949161052704,0.21700668334960938,0.137588232755661
0.19692671298980713,0.23291397094726562,-0.035987257957458496
0.33688557147979736,0.34706878662109375,-0.010183215141296387
0.4061105251312256,0.20976638793945312,0.19634413719177246
0.5735613107681274,0.2832374572753906,0.2903238534927368
0.43654489517211914,0.24518585205078125,0.1913590431213379
0.3616451919078827,0.23757553100585938,0.12406966090202332
0.5344473123550415,0.2511253356933594,0.28332197666168213
0.17298652231693268,0.2937583923339844,-0.1207718700170517
0.25295954942703247,0.23133468627929688,0.021624863147735596
0.3119491636753082,0.2514305114746094,0.06051865220069885
0.15743529796600342,0.24219512939453125,-0.08475983142852783
0.1591462641954422,0.1964111328125,-0.0372648686170578
0.05524307116866112,0.24460601806640625,-0.18936294689774513
0.23109297454357147,0.28324127197265625,-0.05214829742908478
0.18235129117965698,0.20209503173828125,-0.019743740558624268
0.31675779819488525,0.20261764526367188,0.11414015293121338
0.17292018234729767,0.2887611389160156,-0.11584095656871796
0.49907806515693665,0.2690773010253906,0.23000076413154602
0.2816178798675537,0.18922805786132812,0.09238982200622559
0.3817710876464844,0.2533149719238281,0.12845611572265625
0.1776709109544754,0.272216796875,-0.0945458859205246
0.22999843955039978,0.19844436645507812,0.031554073095321655
0.32375064492225647,0.3063011169433594,0.017449527978897095
0.16545623540878296,0.25118255615234375,-0.08572632074356079
0.17735831439495087,0.29071807861328125,-0.11335976421833038
0.2630438208580017,0.20159530639648438,0.061448514461517334
0.32171830534935,0.3109931945800781,0.01072511076927185
0.3834663927555084,0.13969039916992188,0.24377599358558655
0.07318025082349777,0.16218948364257812,-0.08900923281908035
0.31902939081192017,0.34723663330078125,-0.028207242488861084
0.36423754692077637,0.22774124145507812,0.13649630546569824
0.17068056762218475,0.3054466247558594,-0.13476605713367462
0.16817060112953186,0.17700576782226562,-0.008835166692733765
0.38891029357910156,0.20362472534179688,0.1852855682373047
0.19929447770118713,0.2504615783691406,-0.05116710066795349
0.22163015604019165,0.23111343383789062,-0.009483277797698975
0.18826903402805328,0.30941009521484375,-0.12114106118679047
0.1583525389432907,0.21085739135742188,-0.052504852414131165
0.34994563460350037,0.16522598266601562,0.18471965193748474
0.17400595545768738,0.19866561889648438,-0.024659663438796997
0.21726778149604797,0.2879753112792969,-0.0707075297832489
0.2894223928451538,0.2640953063964844,0.025327086448669434
0.30884596705436707,0.24092483520507812,0.06792113184928894
0.33176320791244507,0.2620887756347656,0.06967443227767944
0.26093655824661255,0.2729759216308594,-0.012039363384246826
0.2006598711013794,0.2881011962890625,-0.0874413251876831
0.31162136793136597,0.2232818603515625,0.08833950757980347
0.0327761135995388,0.19588088989257812,-0.16310477629303932
0.307193785905838,0.19196319580078125,0.11523059010505676
0.26650863885879517,0.22856521606445312,0.03794342279434204
0.07479805499315262,0.3247795104980469,-0.24998145550489426
0.2358824461698532,0.2709541320800781,-0.035071685910224915
0.3431738615036011,0.2880134582519531,0.05516040325164795
0.15367454290390015,0.23176193237304688,-0.07808738946914673
0.384060263633728,0.3412590026855469,0.04280126094818115
0.20943555235862732,0.2566795349121094,-0.047243982553482056
0.23569786548614502,0.31830596923828125,-0.08260810375213623
0.4337386190891266,0.23945999145507812,0.19427862763404846
0.197421133518219,0.22871780395507812,-0.03129667043685913
0.03199855983257294,0.23993301391601562,-0.2079344540834427
0.17169460654258728,0.28302764892578125,-0.11133304238319397
0.623167097568512,0.3033256530761719,0.3198414444923401
0.27109235525131226,0.195953369140625,0.07513898611068726
0.18641021847724915,0.3064765930175781,-0.12006637454032898
0.043770596385002136,0.20608901977539062,-0.1623184233903885
0.3428112268447876,0.2668952941894531,0.07591593265533447
0.08662426471710205,0.14928054809570312,-0.06265628337860107
0.18263918161392212,0.22792816162109375,-0.04528898000717163
0.31743767857551575,0.2927742004394531,0.024663478136062622
0.2601471543312073,0.23586654663085938,0.0242806077003479
0.20912571251392365,0.24380111694335938,-0.03467540442943573
0.16126589477062225,0.24910736083984375,-0.0878414660692215
0.45931655168533325,0.19675827026367188,0.2625582814216614
0.26787054538726807,0.23676681518554688,0.03110373020172119
0.26581811904907227,0.2807197570800781,-0.01490163803100586
0.26537248492240906,0.2888298034667969,-0.023457318544387817
0.17810676991939545,0.2816200256347656,-0.10351325571537018
0.18903478980064392,0.2568550109863281,-0.0678202211856842
0.25177010893821716,0.21398544311523438,0.03778466582298279
0.36172720789909363,0.3771705627441406,-0.015443354845046997
0.2709575593471527,0.20906448364257812,0.061893075704574585
0.18880055844783783,0.18457412719726562,0.004226431250572205
0.44031843543052673,0.2662010192871094,0.17411741614341736
0.27505210041999817,0.24512863159179688,0.029923468828201294
0.29166024923324585,0.2870063781738281,0.004653871059417725
0.07789184898138046,0.15764236450195312,-0.07975051552057266
0.45127367973327637,0.22200775146484375,0.22926592826843262
0.15529736876487732,0.21937942504882812,-0.0640820562839508
0.25968432426452637,0.25420379638671875,0.005480527877807617
0.34464231133461,0.2770195007324219,0.06762281060218811
0.30496445298194885,0.21730422973632812,0.08766022324562073
0.5763340592384338,0.23256301879882812,0.3437710404396057
0.24122124910354614,0.21548843383789062,0.025732815265655518
0.2271084040403366,0.2766075134277344,-0.049499109387397766
0.15981560945510864,0.2827491760253906,-0.12293356657028198
0.271065890789032,0.23431777954101562,0.03674811124801636
0.21937787532806396,0.2964134216308594,-0.07703554630279541
0.25236672163009644,0.22037124633789062,0.03199547529220581
0.2480727881193161,0.2591285705566406,-0.011055782437324524
0.1858072131872177,0.26264190673828125,-0.07683469355106354
0.2611382305622101,0.22104263305664062,0.04009559750556946
0.25044357776641846,0.25801849365234375,-0.007574915885925293
0.20425398647785187,0.23263931274414062,-0.028385326266288757
0.05092344805598259,0.17420578002929688,-0.12328233197331429
0.027812225744128227,0.20006179809570312,-0.1722495723515749
0.08658451586961746,0.2549552917480469,-0.1683707758784294
0.33588746190071106,0.24104690551757812,0.09484055638313293
0.324298232793808,0.211212158203125,0.11308607459068298
0.29143455624580383,0.29662322998046875,-0.005188673734664917
0.25988897681236267,0.298797607421875,-0.03890863060951233
0.3765411376953125,0.2074127197265625,0.16912841796875
0.3186267614364624,0.306304931640625,0.012321829795837402
0.3875715434551239,0.2653160095214844,0.12225553393363953
0.31615257263183594,0.19858551025390625,0.11756706237792969
0.12807369232177734,0.14772415161132812,-0.01965045928955078
0.20473350584506989,0.19785690307617188,0.00687660276889801
0.1210976392030716,0.1530303955078125,-0.031932756304740906
0.21306215226650238,0.18615341186523438,0.026908740401268005
0.11039293557405472,0.21629714965820312,-0.10590421408414841
0.1909572035074234,0.19089889526367188,5.830824375152588e-05
0.150172621011734,0.18712997436523438,-0.036957353353500366
0.15764547884464264,0.23299789428710938,-0.07535241544246674
0.26729902625083923,0.24104690551757812,0.02625212073326111
0.2158917486667633,0.16890716552734375,0.046984583139419556
0.1391456574201584,0.18368148803710938,-0.04453583061695099
0.10456522554159164,0.20954513549804688,-0.10497990995645523
0.19589826464653015,0.2643699645996094,-0.06847169995307922
0.1315283626317978,0.1659393310546875,-0.03441096842288971
0.14791907370090485,0.17649459838867188,-0.02857552468776703
0.173574760556221,0.20503616333007812,-0.03146140277385712
0.14632610976696014,0.15721511840820312,-0.010889008641242981
0.1502542495727539,0.22542190551757812,-0.07516765594482422
0.18583469092845917,0.15488815307617188,0.030946537852287292
0.3191518187522888,0.19315338134765625,0.12599843740463257
0.20910315215587616,0.19662857055664062,0.012474581599235535
0.24521788954734802,0.3486900329589844,-0.10347214341163635
0.1495634764432907,0.21187210083007812,-0.062308624386787415
0.09947720170021057,0.17539596557617188,-0.0759187638759613
0.19826415181159973,0.2504920959472656,-0.052227944135665894
0.11909350007772446,0.2455902099609375,-0.12649670988321304
0.187056764960289,0.2698173522949219,-0.08276058733463287
0.2413608431816101,0.20429611206054688,0.03706473112106323
0.16716234385967255,0.18425750732421875,-0.017095163464546204
0.17853839695453644,0.19833755493164062,-0.019799157977104187
0.17439907789230347,0.24358749389648438,-0.06918841600418091
0.23399005830287933,0.24039077758789062,-0.0064007192850112915
0.17100898921489716,0.2797050476074219,-0.10869605839252472
0.1327625960111618,0.18907546997070312,-0.05631287395954132
0.16752171516418457,0.19281768798828125,-0.02529597282409668
0.2814517319202423,0.19988632202148438,0.08156540989875793
0.15584233403205872,0.19948196411132812,-0.04363963007926941
0.1015210896730423,0.2574806213378906,-0.15595953166484833
0.10791996121406555,0.3221282958984375,-0.21420833468437195
0.24676786363124847,0.18673324584960938,0.0600346177816391
0.2655114233493805,0.20885848999023438,0.05665293335914612
0.17307142913341522,0.2632637023925781,-0.0901922732591629
0.1804874837398529,0.21660995483398438,-0.03612247109413147
0.11174465715885162,0.14379501342773438,-0.03205035626888275
0.16024747490882874,0.13098526000976562,0.02926221489906311
