y_true,y_pred,error
0.14729824662208557,0.21509361267089844,-0.06779536604881287
0.10762110352516174,0.2967720031738281,-0.18915089964866638
0.20123763382434845,0.19217491149902344,0.009062722325325012
0.13602343201637268,0.20893383026123047,-0.07291039824485779
0.2222292572259903,0.19951343536376953,0.022715821862220764
0.26752811670303345,0.22371673583984375,0.0438113808631897
0.12364858388900757,0.21111679077148438,-0.0874682068824768
0.15715087950229645,0.2165088653564453,-0.059357985854148865
0.1473703235387802,0.2731294631958008,-0.12575913965702057
0.09885235130786896,0.24881362915039062,-0.14996127784252167
0.11752290278673172,0.22018814086914062,-0.1026652380824089
0.13037794828414917,0.2327747344970703,-0.10239678621292114
0.2598426640033722,0.1900625228881836,0.0697801411151886
0.0790436863899231,0.20188522338867188,-0.12284153699874878
0.21048569679260254,0.34871482849121094,-0.1382291316986084
0.2363111972808838,0.3659400939941406,-0.12962889671325684
0.07210534065961838,0.15095138549804688,-0.0788460448384285
0.11087754368782043,0.24636459350585938,-0.13548704981803894
0.23661960661411285,0.2779512405395508,-0.04133163392543793
0.5588057637214661,0.2531700134277344,0.3056357502937317
0.5979249477386475,0.3287506103515625,0.26917433738708496
0.3601088523864746,0.23935699462890625,0.12075185775756836
0.21937739849090576,0.3354644775390625,-0.11608707904815674
0.29021334648132324,0.28613853454589844,0.004074811935424805
0.6053000092506409,0.2732410430908203,0.33205896615982056
0.11440352350473404,0.22373580932617188,-0.10933228582143784
0.24600531160831451,0.2946662902832031,-0.04866097867488861
0.3602529764175415,0.2197113037109375,0.140541672706604
0.019147517159581184,0.14908218383789062,-0.12993466667830944
0.13540969789028168,0.25762176513671875,-0.12221206724643707
0.15484239161014557,0.22653579711914062,-0.07169340550899506
0.2795863747596741,0.2968902587890625,-0.017303884029388428
0.47355714440345764,0.25053977966308594,0.2230173647403717
0.5329645872116089,0.36247920989990234,0.17048537731170654
0.3113105297088623,0.3746976852416992,-0.06338715553283691
0.07489769160747528,0.23720455169677734,-0.16230686008930206
0.24602317810058594,0.2120513916015625,0.03397178649902344
0.7606208920478821,0.23697662353515625,0.5236442685127258
0.30143895745277405,0.27397918701171875,0.027459770441055298
0.3333616256713867,0.2451171875,0.08824443817138672
0.06342433393001556,0.12793540954589844,-0.06451107561588287
0.4335675835609436,0.2813568115234375,0.1522107720375061
0.003818364581093192,0.177001953125,-0.1731835885439068
0.2631840109825134,0.2689476013183594,-0.005763590335845947
0.32772642374038696,0.29644107818603516,0.03128534555435181
0.18752047419548035,0.27637672424316406,-0.08885625004768372
0.816566526889801,0.2415761947631836,0.5749903321266174
0.07347658276557922,0.2256011962890625,-0.15212461352348328
0.35834595561027527,0.28714656829833984,0.07119938731193542
0.5740147233009338,0.2749300003051758,0.29908472299575806
0.12948189675807953,0.27272605895996094,-0.1432441622018814
0.40143895149230957,0.3447895050048828,0.05664944648742676
0.1490303874015808,0.24188232421875,-0.09285193681716919
0.21063132584095,0.2849540710449219,-0.07432274520397186
0.23352578282356262,0.3035411834716797,-0.07001540064811707
0.2010597437620163,0.2609596252441406,-0.05989988148212433
0.6059374213218689,0.31134986877441406,0.29458755254745483
0.1128988265991211,0.32100677490234375,-0.20810794830322266
0.21584858000278473,0.35275840759277344,-0.1369098275899887
0.2443334311246872,0.34445953369140625,-0.10012610256671906
0.022530917078256607,0.25850486755371094,-0.23597395047545433
0.28188827633857727,0.30606651306152344,-0.024178236722946167
0.10171587020158768,0.16121673583984375,-0.05950086563825607
0.28267937898635864,0.2414379119873047,0.041241466999053955
0.05797719582915306,0.2847881317138672,-0.22681093588471413
0.5615173578262329,0.2936382293701172,0.2678791284561157
0.2429436594247818,0.3117237091064453,-0.06878004968166351
0.3962404131889343,0.31972503662109375,0.07651537656784058
0.5456709265708923,0.2989826202392578,0.24668830633163452
0.12112244218587875,0.10561180114746094,0.015510641038417816
0.15712861716747284,0.24609947204589844,-0.0889708548784256
0.2737116813659668,0.2918682098388672,-0.01815652847290039
0.507865309715271,0.2709064483642578,0.23695886135101318
0.25989246368408203,0.1945199966430664,0.06537246704101562
0.05751742422580719,0.2664794921875,-0.2089620679616928
0.6620398163795471,0.3240833282470703,0.3379564881324768
0.19707855582237244,0.2581634521484375,-0.061084896326065063
0.06948189437389374,0.3521556854248047,-0.28267379105091095
0.31480059027671814,0.3071765899658203,0.007624000310897827
0.13131052255630493,0.3184967041015625,-0.18718618154525757
0.705824613571167,0.303253173828125,0.402571439743042
0.5762634873390198,0.2919158935546875,0.2843475937843323
0.17562609910964966,0.28403472900390625,-0.10840862989425659
0.29958420991897583,0.338653564453125,-0.03906935453414917
0.1350335329771042,0.20039939880371094,-0.06536586582660675
0.04286747798323631,0.1963329315185547,-0.15346545353531837
0.4638684391975403,0.22115516662597656,0.24271327257156372
0.3194901645183563,0.2825489044189453,0.03694126009941101
0.20402516424655914,0.29247474670410156,-0.08844958245754242
0.31621429324150085,0.2437915802001953,0.07242271304130554
0.26766154170036316,0.20792579650878906,0.0597357451915741
0.2044953852891922,0.28389549255371094,-0.07940010726451874
0.24103884398937225,0.2525348663330078,-0.011496022343635559
0.2567576766014099,0.35690879821777344,-0.10015112161636353
0.10334814339876175,0.18222808837890625,-0.0788799449801445
0.04907437413930893,0.3058338165283203,-0.2567594423890114
0.28426551818847656,0.3197822570800781,-0.03551673889160156
0.13416101038455963,0.24251174926757812,-0.1083507388830185
0.22017982602119446,0.21790218353271484,0.0022776424884796143
0.1636698991060257,0.2992706298828125,-0.1356007307767868
0.17425723373889923,0.3035297393798828,-0.12927250564098358
0.17089255154132843,0.2922964096069336,-0.12140385806560516
0.08360197395086288,0.22539901733398438,-0.1417970433831215
0.07409831136465073,0.3040447235107422,-0.22994641214609146
0.0223532784730196,0.33518505096435547,-0.31283177249133587
0.06567616015672684,0.2186126708984375,-0.15293651074171066
0.5002216100692749,0.2447223663330078,0.2554992437362671
0.19340865314006805,0.19790077209472656,-0.004492118954658508
0.38862287998199463,0.3620185852050781,0.026604294776916504
0.286073237657547,0.2857532501220703,0.00031998753547668457
0.17448711395263672,0.22099590301513672,-0.0465087890625
0.39732715487480164,0.2304239273071289,0.16690322756767273
0.43837428092956543,0.33345794677734375,0.10491633415222168
0.1427726149559021,0.2451171875,-0.1023445725440979
0.15663471817970276,0.2627105712890625,-0.10607585310935974
0.13982698321342468,0.26484107971191406,-0.12501409649848938
0.16676770150661469,0.1922740936279297,-0.025506392121315002
0.2048938274383545,0.15995311737060547,0.04494071006774902
0.17288340628147125,0.2021799087524414,-0.029296502470970154
0.16702371835708618,0.2574748992919922,-0.090451180934906
0.13510911166667938,0.179412841796875,-0.04430373013019562
0.15351451933383942,0.2357006072998047,-0.08218608796596527
0.23597010970115662,0.17743968963623047,0.05853042006492615
0.1866893321275711,0.18313121795654297,0.003558114171028137
0.14279352128505707,0.2404632568359375,-0.09766973555088043
0.16994191706180573,0.18608951568603516,-0.01614759862422943
0.17807042598724365,0.1704387664794922,0.007631659507751465
0.19063051044940948,0.1930999755859375,-0.002469465136528015
0.17208296060562134,0.2644920349121094,-0.09240907430648804
0.14639675617218018,0.2326812744140625,-0.08628451824188232
0.13769009709358215,0.21400070190429688,-0.07631060481071472
0.12230062484741211,0.21008872985839844,-0.08778810501098633
0.1285719871520996,0.20971298217773438,-0.08114099502563477
0.12411119788885117,0.1851978302001953,-0.06108663231134415
0.22461169958114624,0.17029476165771484,0.054316937923431396
0.19668933749198914,0.2600727081298828,-0.06338337063789368
0.27363812923431396,0.21335220336914062,0.06028592586517334
0.1440850794315338,0.1845569610595703,-0.0404718816280365
0.13175487518310547,0.15052318572998047,-0.018768310546875
0.1465761661529541,0.2280292510986328,-0.08145308494567871
0.12604326009750366,0.2839164733886719,-0.1578732132911682
0.1598154604434967,0.3140850067138672,-0.15426954627037048
0.18684785068035126,0.2829427719116211,-0.09609492123126984
0.08475621044635773,0.2676095962524414,-0.18285338580608368
0.22729717195034027,0.17007160186767578,0.05722557008266449
0.15152914822101593,0.211273193359375,-0.05974404513835907
0.12670156359672546,0.2473440170288086,-0.12064245343208313
0.09230584651231766,0.2953176498413086,-0.20301180332899094
0.11080921441316605,0.1816110610961914,-0.07080184668302536
0.14215610921382904,0.26975250244140625,-0.1275963932275772
0.20293043553829193,0.2657318115234375,-0.06280137598514557
0.3307332396507263,0.24954986572265625,0.08118337392807007
0.14354586601257324,0.27240943908691406,-0.12886357307434082
0.13657617568969727,0.16912078857421875,-0.032544612884521484
0.2278677374124527,0.3292827606201172,-0.10141502320766449
0.1508917361497879,0.17232704162597656,-0.02143530547618866
0.1304928958415985,0.1776142120361328,-0.0471213161945343
0.09767679870128632,0.24744415283203125,-0.14976735413074493
0.13326196372509003,0.1767740249633789,-0.04351206123828888
0.13426509499549866,0.1606273651123047,-0.02636227011680603
0.20124702155590057,0.26090049743652344,-0.059653475880622864
0.13255424797534943,0.24537277221679688,-0.11281852424144745
0.14317956566810608,0.2816791534423828,-0.13849958777427673
0.13040407001972198,0.28061485290527344,-0.15021078288555145
0.1649651974439621,0.2177104949951172,-0.05274529755115509
0.24391266703605652,0.3027334213256836,-0.058820754289627075
0.20873501896858215,0.3073081970214844,-0.09857317805290222
0.20169633626937866,0.21191978454589844,-0.010223448276519775
0.10765589773654938,0.19693374633789062,-0.08927784860134125
0.19284576177597046,0.2344989776611328,-0.041653215885162354
0.24677470326423645,0.23342132568359375,0.0133533775806427
0.12705683708190918,0.18384361267089844,-0.05678677558898926
0.14830030500888824,0.23341941833496094,-0.08511911332607269
0.09311369806528091,0.1951894760131836,-0.10207577794790268
0.21316072344779968,0.14925384521484375,0.06390687823295593
0.11157242208719254,0.28400611877441406,-0.17243369668722153
0.1297699213027954,0.1993236541748047,-0.06955373287200928
0.1357417106628418,0.19994354248046875,-0.06420183181762695
0.114994578063488,0.2068462371826172,-0.09185165911912918
0.13132163882255554,0.2544059753417969,-0.12308433651924133
0.1094721108675003,0.2622499465942383,-0.15277783572673798
0.12028715759515762,0.28060150146484375,-0.16031434386968613
0.07844285666942596,0.11690521240234375,-0.038462355732917786
0.10534463077783585,0.3159904479980469,-0.21064581722021103
0.18922655284404755,0.18802833557128906,0.0011982172727584839
0.08302488178014755,0.26724910736083984,-0.1842242255806923
0.07300920784473419,0.23633193969726562,-0.16332273185253143
0.14641568064689636,0.22965621948242188,-0.08324053883552551
0.14936761558055878,0.3661918640136719,-0.2168242484331131
0.06394442170858383,0.20837020874023438,-0.14442578703165054
0.14684933423995972,0.25408172607421875,-0.10723239183425903
0.20298831164836884,0.2114391326904297,-0.008450821042060852
0.09627462178468704,0.1939716339111328,-0.09769701212644577
0.17467065155506134,0.198760986328125,-0.02409033477306366
0.10707399249076843,0.15877914428710938,-0.05170515179634094
0.14688590168952942,0.20116806030273438,-0.054282158613204956
0.08368318527936935,0.24992752075195312,-0.16624433547258377
0.09577304869890213,0.2503242492675781,-0.154551200568676
0.14557451009750366,0.23583602905273438,-0.09026151895523071
0.31251615285873413,0.2752094268798828,0.03730672597885132
0.3290327787399292,0.2909221649169922,0.03811061382293701
0.5763340592384338,0.23335838317871094,0.3429756760597229
0.5397928357124329,0.37096691131591797,0.1688259243965149
0.23984543979167938,0.21564388275146484,0.02420155704021454
0.15454982221126556,0.24080848693847656,-0.086258664727211
0.1501380205154419,0.23242473602294922,-0.08228671550750732
0.24830111861228943,0.2992744445800781,-0.050973325967788696
0.3508172333240509,0.2524147033691406,0.09840252995491028
0.1737661212682724,0.22086811065673828,-0.04710198938846588
0.10082986205816269,0.20775413513183594,-0.10692427307367325
0.18688306212425232,0.3431854248046875,-0.15630236268043518
0.26456332206726074,0.22043323516845703,0.04413008689880371
0.0744871199131012,0.22821998596191406,-0.15373286604881287
0.21615901589393616,0.18869590759277344,0.02746310830116272
0.27003875374794006,0.25609683990478516,0.013941913843154907
0.06585380434989929,0.209991455078125,-0.1441376507282257
0.18552464246749878,0.2892036437988281,-0.10367900133132935
0.49381619691848755,0.2502174377441406,0.24359875917434692
0.4153887927532196,0.30766963958740234,0.10771915316581726
0.023933306336402893,0.28624820709228516,-0.26231490075588226
0.37359675765037537,0.20496273040771484,0.16863402724266052
0.209443137049675,0.22667503356933594,-0.01723189651966095
0.1481526494026184,0.2761411666870117,-0.1279885172843933
0.22856539487838745,0.28644561767578125,-0.0578802227973938
0.56926029920578,0.2881011962890625,0.28115910291671753
0.21233238279819489,0.22437763214111328,-0.012045249342918396
0.48707637190818787,0.2937040328979492,0.19337233901023865
0.675615668296814,0.3275260925292969,0.3480895757675171
0.5999730229377747,0.2412242889404297,0.35874873399734497
0.22107020020484924,0.19980621337890625,0.021263986825942993
0.2523554563522339,0.19060802459716797,0.06174743175506592
0.3378966450691223,0.3429145812988281,-0.0050179362297058105
0.23213383555412292,0.2624034881591797,-0.030269652605056763
0.1840168982744217,0.34256553649902344,-0.15854863822460175
0.2772331237792969,0.23112964630126953,0.046103477478027344
0.20399382710456848,0.3367481231689453,-0.13275429606437683
0.29545891284942627,0.2736835479736328,0.021775364875793457
0.08481931686401367,0.22754287719726562,-0.14272356033325195
0.20179946720600128,0.26495838165283203,-0.06315891444683075
0.18348398804664612,0.20426177978515625,-0.020777791738510132
0.20168451964855194,0.2882232666015625,-0.08653874695301056
0.40769505500793457,0.31586170196533203,0.09183335304260254
0.04151210933923721,0.21692657470703125,-0.17541446536779404
0.16177856922149658,0.2185821533203125,-0.05680358409881592
0.31245994567871094,0.3349180221557617,-0.02245807647705078
0.06493426114320755,0.21817779541015625,-0.1532435342669487
0.1653544157743454,0.1978292465209961,-0.032474830746650696
0.14975358545780182,0.2527885437011719,-0.10303495824337006
0.3982488811016083,0.2679605484008789,0.13028833270072937
0.593706488609314,0.31463050842285156,0.2790759801864624
0.4457074999809265,0.39835357666015625,0.047353923320770264
0.14306601881980896,0.2301959991455078,-0.08712998032569885
0.09325410425662994,0.22571945190429688,-0.13246534764766693
0.3131265342235565,0.1781606674194336,0.13496586680412292
0.27091649174690247,0.16912078857421875,0.10179570317268372
0.34004920721054077,0.21106338500976562,0.12898582220077515
0.5553365349769592,0.21115875244140625,0.344177782535553
0.12059997022151947,0.24941444396972656,-0.1288144737482071
0.11515369266271591,0.18336868286132812,-0.06821499019861221
0.46729058027267456,0.28704261779785156,0.180247962474823
0.4469009041786194,0.28043174743652344,0.16646915674209595
0.3020450174808502,0.26862144470214844,0.03342357277870178
0.20212557911872864,0.22144508361816406,-0.019319504499435425
0.22728535532951355,0.2425222396850586,-0.015236884355545044
0.5061724781990051,0.2839183807373047,0.22225409746170044
0.30400949716567993,0.21233749389648438,0.09167200326919556
0.34352579712867737,0.3517799377441406,-0.008254140615463257
0.6492729187011719,0.34276580810546875,0.3065071105957031
0.3633982241153717,0.24407958984375,0.1193186342716217
0.008625051937997341,0.15546607971191406,-0.14684102777391672
0.37249955534935,0.18994808197021484,0.18255147337913513
0.2059604823589325,0.18518447875976562,0.02077600359916687
0.5442467927932739,0.25145530700683594,0.292791485786438
0.6172069907188416,0.40828895568847656,0.208918035030365
0.551906168460846,0.2346935272216797,0.31721264123916626
0.12413184344768524,0.26351070404052734,-0.1393788605928421
0.09172631800174713,0.23226547241210938,-0.14053915441036224
0.19694575667381287,0.3113975524902344,-0.11445179581642151
0.02413184382021427,0.22061634063720703,-0.19648449681699276
0.0427316352725029,0.271820068359375,-0.2290884330868721
0.033967699855566025,0.19656753540039062,-0.1625998355448246
0.04677552357316017,0.21218109130859375,-0.16540556773543358
0.5364202260971069,0.3247671127319336,0.21165311336517334
0.02277343161404133,0.2367267608642578,-0.21395332925021648
0.006522557232528925,0.1501598358154297,-0.14363727858290076
0.43505966663360596,0.2527904510498047,0.18226921558380127
0.11346612870693207,0.2696666717529297,-0.15620054304599762
0.04570969194173813,0.2164478302001953,-0.17073813825845718
0.69576495885849,0.3136482238769531,0.38211673498153687
0.1951327919960022,0.32904815673828125,-0.13391536474227905
0.4825674891471863,0.23189258575439453,0.25067490339279175
0.07005660980939865,0.214813232421875,-0.14475662261247635
0.283598929643631,0.24502849578857422,0.03857043385505676
0.29554033279418945,0.23637008666992188,0.05917024612426758
0.11266153305768967,0.24056053161621094,-0.12789899855852127
0.227389857172966,0.28786659240722656,-0.06047673523426056
0.2962874472141266,0.27983570098876953,0.016451746225357056
0.2825047969818115,0.33663082122802734,-0.05412602424621582
0.07359892874956131,0.2608222961425781,-0.18722336739301682
0.13341084122657776,0.2883148193359375,-0.15490397810935974
0.2834661304950714,0.25998878479003906,0.02347734570503235
0.3835862874984741,0.18877315521240234,0.19481313228607178
0.5721704363822937,0.31118202209472656,0.26098841428756714
0.5267859697341919,0.2980527877807617,0.22873318195343018
0.21687260270118713,0.22580718994140625,-0.008934587240219116
0.026618782430887222,0.25807952880859375,-0.23146074637770653
0.053758710622787476,0.15925025939941406,-0.10549154877662659
0.4480742812156677,0.2888040542602539,0.15927022695541382
0.5527734160423279,0.3544425964355469,0.198330819606781
0.664508044719696,0.36106300354003906,0.303445041179657
0.06972222775220871,0.29787445068359375,-0.22815222293138504
0.4486803412437439,0.30030250549316406,0.14837783575057983
0.036691926419734955,0.28171348571777344,-0.24502155929803848
0.12495733797550201,0.22875404357910156,-0.10379670560359955
0.2889990508556366,0.19439125061035156,0.09460780024528503
0.41392067074775696,0.40488243103027344,0.00903823971748352
0.5759291052818298,0.34050750732421875,0.23542159795761108
0.03190918266773224,0.25763893127441406,-0.22572974860668182
0.06788619607686996,0.194000244140625,-0.12611404806375504
0.246721088886261,0.1473846435546875,0.09933644533157349
0.08584553003311157,0.19288063049316406,-0.10703510046005249
0.025385763496160507,0.18082809448242188,-0.15544233098626137
0.2693251669406891,0.18972015380859375,0.07960501313209534
0.14258535206317902,0.31199073791503906,-0.16940538585186005
0.15385276079177856,0.1975688934326172,-0.04371613264083862
0.35393330454826355,0.2979707717895508,0.05596253275871277
0.0838497132062912,0.22655487060546875,-0.14270515739917755
0.1286594420671463,0.3756370544433594,-0.24697761237621307
0.10591867566108704,0.2691154479980469,-0.16319677233695984
0.42724573612213135,0.3216686248779297,0.10557711124420166
0.05181209370493889,0.2120685577392578,-0.16025646403431892
0.08861460536718369,0.2804412841796875,-0.19182667881250381
0.4208015501499176,0.3325786590576172,0.08822289109230042
0.13856540620326996,0.20338058471679688,-0.06481517851352692
0.2827346920967102,0.285430908203125,-0.002696216106414795
0.1678496152162552,0.25664234161376953,-0.08879272639751434
0.07629789412021637,0.18149757385253906,-0.10519967973232269
0.3550722897052765,0.2248058319091797,0.1302664577960968
0.3889385461807251,0.29705238342285156,0.09188616275787354
0.28131356835365295,0.3057823181152344,-0.02446874976158142
0.5179175138473511,0.24070358276367188,0.2772139310836792
0.43925201892852783,0.27110862731933594,0.1681433916091919
0.667151689529419,0.3184356689453125,0.34871602058410645
0.31448495388031006,0.31811046600341797,-0.00362551212310791
0.04414229467511177,0.27335453033447266,-0.22921223565936089
0.5298685431480408,0.27484703063964844,0.25502151250839233
0.3154515027999878,0.25655174255371094,0.058899760246276855
0.045082733035087585,0.3253040313720703,-0.2802212983369827
0.4919792711734772,0.23586273193359375,0.2561165392398834
0.24578066170215607,0.33088207244873047,-0.0851014107465744
0.44380050897598267,0.29459381103515625,0.14920669794082642
0.13783089816570282,0.26328468322753906,-0.12545378506183624
0.0238915104418993,0.23816967010498047,-0.21427815966308117
0.535294771194458,0.3316822052001953,0.2036125659942627
0.2205141931772232,0.28251075744628906,-0.06199656426906586
0.2747096121311188,0.3072643280029297,-0.03255471587181091
0.17249956727027893,0.20792484283447266,-0.035425275564193726
0.5520106554031372,0.23742008209228516,0.31459057331085205
0.7690408229827881,0.3641700744628906,0.40487074851989746
0.21277648210525513,0.33488941192626953,-0.1221129298210144
0.4442572295665741,0.2852449417114258,0.15901228785514832
0.1487482637166977,0.25168800354003906,-0.10293973982334137
0.300994873046875,0.2929496765136719,0.008045196533203125
0.38750696182250977,0.33465003967285156,0.0528569221496582
0.11894157528877258,0.21916961669921875,-0.10022804141044617
0.47574102878570557,0.3123130798339844,0.1634279489517212
0.32209205627441406,0.31398487091064453,0.008107185363769531
0.35210466384887695,0.2709808349609375,0.08112382888793945
0.1578100025653839,0.28049659729003906,-0.12268659472465515
0.0317210927605629,0.2359752655029297,-0.2042541727423668
0.7059082388877869,0.2500343322753906,0.45587390661239624
0.08119558542966843,0.2341289520263672,-0.15293336659669876
0.034079596400260925,0.23542308807373047,-0.20134349167346954
0.37340039014816284,0.25672149658203125,0.11667889356613159
0.26651209592819214,0.30729007720947266,-0.04077798128128052
0.25510144233703613,0.3038520812988281,-0.04875063896179199
0.5333094000816345,0.2626495361328125,0.270659863948822
0.04859674721956253,0.25168609619140625,-0.20308934897184372
0.0894797146320343,0.2547569274902344,-0.16527721285820007
0.009492346085608006,0.3144512176513672,-0.3049588715657592
0.1407776176929474,0.19397830963134766,-0.05320069193840027
0.3395894467830658,0.21829795837402344,0.12129148840904236
0.2759186923503876,0.2609691619873047,0.014949530363082886
0.19270333647727966,0.29076385498046875,-0.09806051850318909
0.5295550227165222,0.21545028686523438,0.31410473585128784
0.04234283044934273,0.2043609619140625,-0.16201813146471977
0.04889673367142677,0.29451560974121094,-0.24561887606978416
0.06363854557275772,0.22825050354003906,-0.16461195796728134
0.3201223611831665,0.27437400817871094,0.045748353004455566
0.2684974670410156,0.19280242919921875,0.07569503784179688
0.062407705932855606,0.15758705139160156,-0.09517934545874596
0.37967824935913086,0.26029396057128906,0.1193842887878418
0.3913971781730652,0.29552650451660156,0.09587067365646362
0.6933899521827698,0.2683277130126953,0.42506223917007446
0.29276299476623535,0.29734039306640625,-0.0045773983001708984
0.04015369713306427,0.2862834930419922,-0.24612979590892792
0.5468382239341736,0.2449932098388672,0.3018450140953064
0.6178287267684937,0.31191062927246094,0.3059180974960327
0.39987897872924805,0.2039327621459961,0.19594621658325195
0.35122475028038025,0.19867515563964844,0.1525495946407318
0.6498193144798279,0.2290630340576172,0.4207562804222107
0.46135231852531433,0.2873058319091797,0.17404648661613464
0.4406343698501587,0.3065662384033203,0.13406813144683838
0.291485995054245,0.3188962936401367,-0.027410298585891724
0.23702934384346008,0.3259849548339844,-0.08895561099052429
0.5952529907226562,0.22035789489746094,0.3748950958251953
0.05289141833782196,0.1965618133544922,-0.14367039501667023
0.7735027074813843,0.29654693603515625,0.476955771446228
0.10715996474027634,0.22434139251708984,-0.11718142777681351
0.19403038918972015,0.25211143493652344,-0.058081045746803284
0.31956854462623596,0.19519996643066406,0.1243685781955719
0.5536176562309265,0.2958555221557617,0.2577621340751648
0.046047113835811615,0.22254276275634766,-0.17649564892053604
0.39074409008026123,0.2550945281982422,0.13564956188201904
0.17434082925319672,0.3586158752441406,-0.1842750459909439
0.2470293492078781,0.3236503601074219,-0.07662101089954376
0.23672327399253845,0.3610191345214844,-0.12429586052894592
0.37903040647506714,0.24503707885742188,0.13399332761764526
0.03384971246123314,0.23319053649902344,-0.1993408240377903
0.5968883037567139,0.29180240631103516,0.3050858974456787
0.32207638025283813,0.2369213104248047,0.08515506982803345
0.7487848401069641,0.2345123291015625,0.5142725110054016
0.5769531726837158,0.28438282012939453,0.2925703525543213
0.07552160322666168,0.2612285614013672,-0.1857069581747055
0.5390952825546265,0.2980308532714844,0.2410644292831421
0.08457071334123611,0.2202615737915039,-0.1356908604502678
0.08516936749219894,0.2612113952636719,-0.17604202777147293
0.6377891302108765,0.2835826873779297,0.3542064428329468
0.33057907223701477,0.29702091217041016,0.033558160066604614
0.15973268449306488,0.22942543029785156,-0.06969274580478668
0.23769810795783997,0.183990478515625,0.053707629442214966
0.13744427263736725,0.22758865356445312,-0.09014438092708588
0.10035964101552963,0.2344207763671875,-0.13406113535165787
0.08327804505825043,0.2774934768676758,-0.19421543180942535
0.18661877512931824,0.25661277770996094,-0.0699940025806427
0.1202864944934845,0.19392776489257812,-0.07364127039909363
0.1016218289732933,0.26544952392578125,-0.16382769495248795
0.036235202103853226,0.1983652114868164,-0.16213000938296318
0.37976184487342834,0.2706947326660156,0.10906711220741272
0.10784135013818741,0.3035774230957031,-0.19573607295751572
0.8179458379745483,0.3165283203125,0.5014175176620483
0.18675243854522705,0.17668533325195312,0.010067105293273926
0.16460205614566803,0.2641754150390625,-0.09957335889339447
0.2139415740966797,0.2366313934326172,-0.0226898193359375
0.1594191938638687,0.2863168716430664,-0.1268976777791977
0.0004745818441733718,0.27292346954345703,-0.27244888769928366
0.5027033090591431,0.251434326171875,0.25126898288726807
0.6428391933441162,0.26672935485839844,0.3761098384857178
0.05161355808377266,0.1594696044921875,-0.10785604640841484
0.5019405484199524,0.2439556121826172,0.2579849362373352
0.4853857755661011,0.2989635467529297,0.1864222288131714
0.4748036563396454,0.21054458618164062,0.26425907015800476
0.2355925738811493,0.2535409927368164,-0.017948418855667114
0.6014254689216614,0.3421649932861328,0.25926047563552856
0.2451767772436142,0.2666330337524414,-0.02145625650882721
0.2882697880268097,0.36540985107421875,-0.07714006304740906
0.10399381816387177,0.24285125732421875,-0.13885743916034698
0.11892067641019821,0.2000570297241211,-0.08113635331392288
0.49849966168403625,0.2875204086303711,0.21097925305366516
0.2919061481952667,0.2939033508300781,-0.0019972026348114014
0.16658742725849152,0.3107337951660156,-0.1441463679075241
0.11123520135879517,0.23088645935058594,-0.11965125799179077
0.7231287360191345,0.3334999084472656,0.3896288275718689
0.5878309011459351,0.2844572067260742,0.30337369441986084
0.25039926171302795,0.2981271743774414,-0.04772791266441345
0.2961903512477875,0.2766075134277344,0.0195828378200531
0.3470711410045624,0.2783660888671875,0.06870505213737488
0.6804723739624023,0.3687248229980469,0.31174755096435547
0.12139716744422913,0.2810192108154297,-0.15962204337120056
0.2342781275510788,0.3090972900390625,-0.0748191624879837
0.14074930548667908,0.31779956817626953,-0.17705026268959045
0.3983638286590576,0.2740478515625,0.12431597709655762
0.2876637279987335,0.26944923400878906,0.018214493989944458
0.10140761733055115,0.22060394287109375,-0.1191963255405426
0.02921021357178688,0.22875404357910156,-0.19954383000731468
0.4043826162815094,0.21631526947021484,0.18806734681129456
0.49310562014579773,0.2947406768798828,0.19836494326591492
0.19262714684009552,0.24143505096435547,-0.04880790412425995
0.47076717019081116,0.18100547790527344,0.2897616922855377
0.40781304240226746,0.25157928466796875,0.1562337577342987
0.13130007684230804,0.1855792999267578,-0.05427922308444977
0.3611672818660736,0.2242422103881836,0.13692507147789001
0.19745254516601562,0.2518959045410156,-0.054443359375
0.10029998421669006,0.23075294494628906,-0.130452960729599
0.19731147587299347,0.23041439056396484,-0.033102914690971375
0.4162038564682007,0.2261638641357422,0.1900399923324585
0.5644065737724304,0.30736637115478516,0.25704020261764526
0.2611933946609497,0.2786731719970703,-0.017479777336120605
0.44994470477104187,0.2651176452636719,0.18482705950737
0.09885493665933609,0.3171348571777344,-0.21827992051839828
0.008468312211334705,0.34505653381347656,-0.33658822160214186
0.3420868217945099,0.2333230972290039,0.10876372456550598
0.13268983364105225,0.26972103118896484,-0.1370311975479126
0.11879528313875198,0.09018135070800781,0.02861393243074417
0.7656574249267578,0.24040603637695312,0.5252513885498047
0.2916240096092224,0.25788021087646484,0.03374379873275757
0.043745219707489014,0.18927669525146484,-0.14553147554397583
0.1101193055510521,0.3017444610595703,-0.19162515550851822
0.40612027049064636,0.30135059356689453,0.10476967692375183
0.3396490812301636,0.279998779296875,0.059650301933288574
0.023513153195381165,0.19356918334960938,-0.1700560301542282
0.5589385032653809,0.2966489791870117,0.26228952407836914
0.08583508431911469,0.2975616455078125,-0.21172656118869781
0.22382663190364838,0.35709476470947266,-0.13326813280582428
0.5210837125778198,0.27992916107177734,0.24115455150604248
0.3386646807193756,0.22702407836914062,0.11164060235023499
0.2096072882413864,0.23868751525878906,-0.02908022701740265
0.3112269341945648,0.27925682067871094,0.03197011351585388
0.39452674984931946,0.3011150360107422,0.09341171383857727
0.32839298248291016,0.3123445510864258,0.016048431396484375
0.2879144847393036,0.2995920181274414,-0.011677533388137817
0.24952369928359985,0.21490478515625,0.034618914127349854
0.39613592624664307,0.21249961853027344,0.18363630771636963
0.5012478232383728,0.23074913024902344,0.27049869298934937
0.19189873337745667,0.25929832458496094,-0.06739959120750427
0.49710771441459656,0.2565631866455078,0.24054452776908875
0.09901167452335358,0.21295166015625,-0.11393998563289642
0.1821046769618988,0.24141883850097656,-0.05931416153907776
0.3288266360759735,0.2499237060546875,0.07890293002128601
0.33277344703674316,0.2679328918457031,0.06484055519104004
0.40686216950416565,0.19295692443847656,0.2139052450656891
0.28298240900039673,0.3566150665283203,-0.07363265752792358
0.0486176460981369,0.31969451904296875,-0.27107687294483185
0.1264180690050125,0.2936878204345703,-0.1672697514295578
0.15952369570732117,0.2567768096923828,-0.09725311398506165
0.27371692657470703,0.2954978942871094,-0.021780967712402344
0.27729058265686035,0.34693145751953125,-0.0696408748626709
0.06575453281402588,0.1862468719482422,-0.12049233913421631
0.014490164816379547,0.13277053833007812,-0.11828037351369858
0.013463087379932404,0.3025503158569336,-0.2890872284770012
0.3209478557109833,0.21547698974609375,0.10547086596488953
0.07190395891666412,0.28217601776123047,-0.21027205884456635
0.6254588961601257,0.3030252456665039,0.3224336504936218
0.3665904700756073,0.3065500259399414,0.060040444135665894
0.35055816173553467,0.20353317260742188,0.1470249891281128
0.27139413356781006,0.2747955322265625,-0.0034013986587524414
0.23829372227191925,0.1995067596435547,0.03878696262836456
0.2798580825328827,0.2503070831298828,0.029550999402999878
0.4097304940223694,0.27770423889160156,0.13202625513076782
0.4381108582019806,0.29837799072265625,0.13973286747932434
0.22133968770503998,0.30426502227783203,-0.08292533457279205
0.37038055062294006,0.20897579193115234,0.16140475869178772
0.2309844195842743,0.2836341857910156,-0.05264976620674133
0.5512247681617737,0.3050518035888672,0.2461729645729065
0.11685170978307724,0.1916828155517578,-0.07483110576868057
0.007525692228227854,0.264862060546875,-0.25733636831864715
0.05880269035696983,0.18457412719726562,-0.1257714368402958
0.2516971528530121,0.2866687774658203,-0.03497162461280823
0.2059112787246704,0.28796863555908203,-0.08205735683441162
0.2010836899280548,0.26848697662353516,-0.06740328669548035
0.3675413727760315,0.18567657470703125,0.18186479806900024
0.4328988194465637,0.18282318115234375,0.25007563829421997
0.015388806350529194,0.17679977416992188,-0.16141096781939268
0.2739781439304352,0.2896404266357422,-0.015662282705307007
0.15150688588619232,0.2083873748779297,-0.056880488991737366
0.32104188203811646,0.20995140075683594,0.11109048128128052
0.4574756324291229,0.1978445053100586,0.25963112711906433
0.3526689410209656,0.2762870788574219,0.0763818621635437
0.027130799368023872,0.1647930145263672,-0.13766221515834332
0.4258956015110016,0.32468605041503906,0.10120955109596252
0.24289141595363617,0.1882343292236328,0.05465708673000336
0.04896987974643707,0.2563762664794922,-0.20740638673305511
0.41916623711586,0.3028392791748047,0.1163269579410553
0.49985066056251526,0.3623485565185547,0.13750210404396057
0.09603666514158249,0.2652616500854492,-0.16922498494386673
0.577687680721283,0.3399391174316406,0.23774856328964233
0.1907702088356018,0.2116565704345703,-0.020886361598968506
0.13497605919837952,0.2198638916015625,-0.08488783240318298
0.4650304913520813,0.21724891662597656,0.24778157472610474
0.051036663353443146,0.16265487670898438,-0.11161821335554123
0.22809213399887085,0.22747325897216797,0.0006188750267028809
0.48445358872413635,0.31774139404296875,0.1667121946811676
0.21614637970924377,0.24624061584472656,-0.030094236135482788
0.4082466959953308,0.3531990051269531,0.055047690868377686
0.09535441547632217,0.2547798156738281,-0.15942540019750595
0.42091649770736694,0.3162364959716797,0.10468000173568726
0.015291718766093254,0.29144859313964844,-0.2761568743735552
0.5883668661117554,0.3336048126220703,0.25476205348968506
0.21822579205036163,0.2440633773803711,-0.02583758533000946
0.17715473473072052,0.30507659912109375,-0.12792186439037323
0.48328545689582825,0.1937236785888672,0.28956177830696106
0.007212212774902582,0.206817626953125,-0.19960541417822242
0.28537312150001526,0.30710601806640625,-0.02173289656639099
0.17197927832603455,0.261322021484375,-0.08934274315834045
0.7012770175933838,0.2094135284423828,0.491863489151001
0.22077761590480804,0.2657146453857422,-0.04493702948093414
0.32231149077415466,0.31356143951416016,0.008750051259994507
0.10789360105991364,0.17897605895996094,-0.0710824579000473
0.08259883522987366,0.3186302185058594,-0.23603138327598572
0.3749447166919708,0.29533958435058594,0.07960513234138489
0.4123898446559906,0.24139976501464844,0.17099007964134216
0.14573058485984802,0.24470138549804688,-0.09897080063819885
0.06405869871377945,0.2047271728515625,-0.14066847413778305
0.3557388484477997,0.251800537109375,0.10393831133842468
0.09411399066448212,0.25272369384765625,-0.15860970318317413
0.3735131621360779,0.2993345260620117,0.07417863607406616
0.5828675031661987,0.30406761169433594,0.2787998914718628
0.010411885567009449,0.17497730255126953,-0.16456541698426008
0.2353626787662506,0.26769065856933594,-0.03232797980308533
0.14927595853805542,0.1772289276123047,-0.027952969074249268
0.4885936975479126,0.30179786682128906,0.18679583072662354
0.4209112823009491,0.22458648681640625,0.19632479548454285
0.1691557914018631,0.26125144958496094,-0.09209565818309784
0.5765038132667542,0.33553123474121094,0.2409725785255432
0.032397255301475525,0.174652099609375,-0.14225484430789948
0.0496804341673851,0.2185354232788086,-0.1688549891114235
0.4842759668827057,0.23332977294921875,0.25094619393348694
0.04859370365738869,0.2822399139404297,-0.233646210283041
0.43593958020210266,0.20877456665039062,0.22716501355171204
0.5536855459213257,0.365875244140625,0.18781030178070068
0.6240617632865906,0.20728778839111328,0.4167739748954773
0.19104188680648804,0.22003173828125,-0.028989851474761963
0.2946573495864868,0.2700843811035156,0.02457296848297119
0.4972383379936218,0.2752971649169922,0.22194117307662964
0.15936999022960663,0.2459115982055664,-0.08654160797595978
0.3014986217021942,0.19981765747070312,0.10168096423149109
0.3780503273010254,0.34259033203125,0.03545999526977539
0.36807122826576233,0.2921142578125,0.07595697045326233
0.26380792260169983,0.3076038360595703,-0.04379591345787048
0.01370342168956995,0.1963520050048828,-0.18264858331531286
0.21632924675941467,0.2142009735107422,0.0021282732486724854
0.4746856689453125,0.23621177673339844,0.23847389221191406
0.16168372333049774,0.2376708984375,-0.07598717510700226
0.2761688828468323,0.26186180114746094,0.014307081699371338
0.23847688734531403,0.2052774429321289,0.03319944441318512
0.12664061784744263,0.22195148468017578,-0.09531086683273315
0.08051621168851852,0.33283329010009766,-0.25231707841157913
0.48062020540237427,0.2796955108642578,0.20092469453811646
0.06906769424676895,0.2566080093383789,-0.18754031509160995
0.24504339694976807,0.21410560607910156,0.030937790870666504
0.19728286564350128,0.1627197265625,0.03456313908100128
0.10768678039312363,0.20766258239746094,-0.09997580200433731
0.11717844754457474,0.19653701782226562,-0.07935857027769089
0.43447810411453247,0.2093210220336914,0.22515708208084106
0.5070322751998901,0.19397544860839844,0.3130568265914917
0.17202448844909668,0.28722286224365234,-0.11519837379455566
0.4347865879535675,0.16875934600830078,0.2660272419452667
0.1543189138174057,0.26068115234375,-0.1063622385263443
0.23484598100185394,0.14634132385253906,0.08850465714931488
0.49460315704345703,0.24359512329101562,0.2510080337524414
0.3980506658554077,0.2722501754760742,0.1258004903793335
0.08919934928417206,0.17870712280273438,-0.08950777351856232
0.12158311903476715,0.27377891540527344,-0.1521957963705063
0.10472632944583893,0.2565803527832031,-0.1518540233373642
0.12295830994844437,0.20599365234375,-0.08303534239530563
0.09610840678215027,0.28641319274902344,-0.19030478596687317
0.11101169139146805,0.3322029113769531,-0.22119121998548508
0.09889916330575943,0.2477092742919922,-0.14881011098623276
0.21557538211345673,0.1686687469482422,0.04690663516521454
0.10130557417869568,0.32806396484375,-0.22675839066505432
0.46900564432144165,0.15726661682128906,0.3117390275001526
0.11176134645938873,0.24346065521240234,-0.1316993087530136
0.18953578174114227,0.17014122009277344,0.019394561648368835
0.09493961930274963,0.23171043395996094,-0.1367708146572113
0.12101108580827713,0.24268531799316406,-0.12167423218488693
0.422903835773468,0.22156524658203125,0.20133858919143677
0.17155684530735016,0.22521018981933594,-0.05365334451198578
0.21752788126468658,0.25777626037597656,-0.04024837911128998
0.15174032747745514,0.31189537048339844,-0.1601550430059433
0.21299529075622559,0.3356666564941406,-0.12267136573791504
0.22217653691768646,0.14754676818847656,0.0746297687292099
0.25308287143707275,0.24972152709960938,0.003361344337463379
0.26672855019569397,0.2191600799560547,0.04756847023963928
0.15477490425109863,0.25365257263183594,-0.0988776683807373
0.28069987893104553,0.24117088317871094,0.039528995752334595
0.3270188868045807,0.28203392028808594,0.04498496651649475
0.06687116622924805,0.22614288330078125,-0.1592717170715332
0.37745556235313416,0.1986560821533203,0.17879948019981384
0.18133476376533508,0.2398529052734375,-0.05851814150810242
0.5005176067352295,0.1383810043334961,0.3621366024017334
0.144419863820076,0.3285646438598633,-0.1841447800397873
0.1598042994737625,0.2338390350341797,-0.07403473556041718
0.364681601524353,0.2448587417602539,0.11982285976409912
0.13067753612995148,0.2772083282470703,-0.14653079211711884
0.513807475566864,0.16519927978515625,0.34860819578170776
0.1704917699098587,0.23870468139648438,-0.06821291148662567
0.13886666297912598,0.24164581298828125,-0.10277915000915527
0.1406267285346985,0.2256755828857422,-0.0850488543510437
0.3217046856880188,0.291107177734375,0.0305975079536438
0.3360345959663391,0.21243572235107422,0.12359887361526489
0.14552469551563263,0.17920875549316406,-0.03368405997753143
0.1399569809436798,0.2469501495361328,-0.106993168592453
0.14994503557682037,0.22301483154296875,-0.07306979596614838
0.14492866396903992,0.31977081298828125,-0.17484214901924133
0.15554514527320862,0.2146615982055664,-0.05911645293235779
0.4240627586841583,0.25255775451660156,0.17150500416755676
0.15718841552734375,0.18958663940429688,-0.032398223876953125
0.4832349717617035,0.14681434631347656,0.33642062544822693
0.16852092742919922,0.3099517822265625,-0.14143085479736328
0.3395196199417114,0.18451309204101562,0.1550065279006958
0.16926820576190948,0.2982158660888672,-0.1289476603269577
0.5416353940963745,0.15189361572265625,0.38974177837371826
0.13107314705848694,0.2761068344116211,-0.14503368735313416
0.14522035419940948,0.28446102142333984,-0.13924066722393036
0.18543115258216858,0.28597545623779297,-0.10054430365562439
0.25718820095062256,0.1750507354736328,0.08213746547698975
0.3071579337120056,0.30938720703125,-0.0022292733192443848
0.43717631697654724,0.304595947265625,0.13258036971092224
0.48417142033576965,0.21240520477294922,0.27176621556282043
0.39221227169036865,0.2041950225830078,0.18801724910736084
0.40879666805267334,0.15023040771484375,0.2585662603378296
0.15880341827869415,0.30916595458984375,-0.1503625363111496
0.17925389111042023,0.1863269805908203,-0.0070730894804000854
0.15008537471294403,0.2643470764160156,-0.1142617017030716
0.1704731583595276,0.2897796630859375,-0.11930650472640991
0.07190873473882675,0.26413536071777344,-0.19222662597894669
0.17987781763076782,0.28325462341308594,-0.10337680578231812
0.18870170414447784,0.24086570739746094,-0.05216400325298309
0.2174195796251297,0.23321056365966797,-0.01579098403453827
0.19900494813919067,0.22156524658203125,-0.022560298442840576
0.12029458582401276,0.2902870178222656,-0.16999243199825287
0.2169245183467865,0.21913433074951172,-0.0022098124027252197
0.09906625747680664,0.22770214080810547,-0.12863588333129883
0.2339288294315338,0.28679847717285156,-0.05286964774131775
0.19618389010429382,0.27498722076416016,-0.07880333065986633
0.17015284299850464,0.18172931671142578,-0.011576473712921143
0.19555509090423584,0.191986083984375,0.00356900691986084
0.20942933857440948,0.2808399200439453,-0.07141058146953583
0.27073073387145996,0.23444747924804688,0.036283254623413086
0.1528061181306839,0.2783641815185547,-0.1255580633878708
0.2300392985343933,0.23212432861328125,-0.0020850300788879395
0.2530767023563385,0.20478057861328125,0.04829612374305725
0.2398037314414978,0.2583761215209961,-0.01857239007949829
0.2848319113254547,0.24469375610351562,0.04013815522193909
0.3537799119949341,0.3014564514160156,0.05232346057891846
0.1779620200395584,0.22831344604492188,-0.050351426005363464
0.21919196844100952,0.31002330780029297,-0.09083133935928345
0.43525534868240356,0.22090911865234375,0.21434623003005981
0.2520066797733307,0.1854839324951172,0.0665227472782135
0.44047582149505615,0.3391857147216797,0.10129010677337646
0.3130374252796173,0.2587718963623047,0.05426552891731262
0.2699752151966095,0.23252487182617188,0.03745034337043762
0.27040067315101624,0.2711677551269531,-0.0007670819759368896
0.32336997985839844,0.20496749877929688,0.11840248107910156
0.1676829606294632,0.24790000915527344,-0.08021704852581024
0.2501630187034607,0.23746871948242188,0.012694299221038818
0.18471361696720123,0.2634773254394531,-0.07876370847225189
0.12238854914903641,0.2165069580078125,-0.09411840885877609
0.18584135174751282,0.3352069854736328,-0.14936563372612
0.23956170678138733,0.26389122009277344,-0.02432951331138611
0.2694327235221863,0.2836875915527344,-0.014254868030548096
0.4174745976924896,0.15654945373535156,0.26092514395713806
0.23174633085727692,0.3430671691894531,-0.11132083833217621
0.3499008119106293,0.2354755401611328,0.11442527174949646
0.2548163831233978,0.2482471466064453,0.006569236516952515
0.145029217004776,0.2153034210205078,-0.07027420401573181
0.3099322021007538,0.20715904235839844,0.10277315974235535
0.48047515749931335,0.1611461639404297,0.31932899355888367
0.5510739088058472,0.24152755737304688,0.3095463514328003
0.24564778804779053,0.28359031677246094,-0.03794252872467041
0.25801873207092285,0.2674579620361328,-0.009439229965209961
0.13794276118278503,0.1933765411376953,-0.05543377995491028
0.21046648919582367,0.2029399871826172,0.007526502013206482
0.37543830275535583,0.15200424194335938,0.22343406081199646
0.23079152405261993,0.25589561462402344,-0.025104090571403503
0.36861178278923035,0.17222309112548828,0.19638869166374207
0.11348970979452133,0.23839759826660156,-0.12490788847208023
0.216372549533844,0.22280216217041016,-0.006429612636566162
0.21278949081897736,0.21317100524902344,-0.00038151443004608154
0.09133031219244003,0.27904319763183594,-0.1877128854393959
0.4422844648361206,0.1925792694091797,0.24970519542694092
0.4355323910713196,0.2029123306274414,0.23262006044387817
0.04802980646491051,0.2778129577636719,-0.22978315129876137
0.11033270508050919,0.2886190414428711,-0.1782863363623619
0.4571230411529541,0.2088031768798828,0.2483198642730713
0.30686184763908386,0.18725013732910156,0.1196117103099823
0.1297098845243454,0.31760406494140625,-0.18789418041706085
0.3153845965862274,0.250152587890625,0.06523200869560242
0.07099497318267822,0.26149463653564453,-0.1904996633529663
0.09592002630233765,0.2757740020751953,-0.17985397577285767
0.12226660549640656,0.24448776245117188,-0.12222115695476532
0.4039749503135681,0.21001243591308594,0.19396251440048218
0.2324042171239853,0.2529153823852539,-0.020511165261268616
0.09400973469018936,0.2546577453613281,-0.16064801067113876
0.10325261205434799,0.1961965560913086,-0.0929439440369606
0.3298896551132202,0.22649192810058594,0.10339772701263428
0.07785162329673767,0.17451953887939453,-0.09666791558265686
0.12063273042440414,0.279754638671875,-0.15912190824747086
0.05311306193470955,0.2611808776855469,-0.20806781575083733
0.17497994005680084,0.27724647521972656,-0.10226653516292572
0.08112503588199615,0.2610940933227539,-0.17996905744075775
0.32917022705078125,0.1588420867919922,0.17032814025878906
0.3925155699253082,0.2368030548095703,0.15571251511573792
0.07866775989532471,0.25269126892089844,-0.17402350902557373
0.1250830888748169,0.27265071868896484,-0.14756762981414795
0.06685863435268402,0.32630157470703125,-0.25944294035434723
0.17405231297016144,0.1931314468383789,-0.019079133868217468
0.1331705003976822,0.200469970703125,-0.06729947030544281
0.06386024504899979,0.1557302474975586,-0.09187000244855881
0.3845214545726776,0.17987442016601562,0.204647034406662
0.21667839586734772,0.2524223327636719,-0.03574393689632416
0.147483691573143,0.2880706787109375,-0.1405869871377945
0.09230393171310425,0.23406410217285156,-0.14176017045974731
0.27841657400131226,0.23041343688964844,0.04800313711166382
0.11839868873357773,0.2953624725341797,-0.17696378380060196
0.21996650099754333,0.2373495101928711,-0.01738300919532776
0.44063252210617065,0.2487010955810547,0.19193142652511597
0.4784568250179291,0.2511138916015625,0.22734293341636658
0.23663358390331268,0.25786590576171875,-0.021232321858406067
0.45426011085510254,0.15768051147460938,0.29657959938049316
0.4823130667209625,0.22469139099121094,0.2576216757297516
0.43778178095817566,0.22414398193359375,0.2136377990245819
0.24094821512699127,0.3176403045654297,-0.07669208943843842
0.20394153892993927,0.19721031188964844,0.0067312270402908325
0.11088380962610245,0.24166297912597656,-0.13077916949987411
0.46610432863235474,0.3375225067138672,0.12858182191848755
0.34756243228912354,0.27254676818847656,0.07501566410064697
0.11118573695421219,0.24235248565673828,-0.1311667487025261
0.43769294023513794,0.16087913513183594,0.276813805103302
0.08423902094364166,0.26386451721191406,-0.1796254962682724
0.0923285037279129,0.219512939453125,-0.1271844357252121
0.15396659076213837,0.1998462677001953,-0.045879676938056946
0.4446443021297455,0.21566104888916016,0.22898325324058533
0.24475625157356262,0.20859241485595703,0.03616383671760559
0.14153167605400085,0.2689628601074219,-0.12743118405342102
0.09379297494888306,0.212860107421875,-0.11906713247299194
0.3305138051509857,0.21786785125732422,0.1126459538936615
0.09551583975553513,0.2256002426147461,-0.13008440285921097
0.48244258761405945,0.17743396759033203,0.3050086200237274
0.0995563343167305,0.28901100158691406,-0.18945466727018356
0.3299562931060791,0.2638378143310547,0.06611847877502441
0.0751601904630661,0.29651832580566406,-0.22135813534259796
0.05171336606144905,0.21561717987060547,-0.16390381380915642
0.10396523773670197,0.26215553283691406,-0.1581902951002121
0.11738792061805725,0.18662452697753906,-0.06923660635948181
0.12510515749454498,0.2148599624633789,-0.08975480496883392
0.32947689294815063,0.1562347412109375,0.17324215173721313
0.12526696920394897,0.26590824127197266,-0.14064127206802368
0.45657920837402344,0.3117866516113281,0.1447925567626953
0.0675235390663147,0.3067054748535156,-0.23918193578720093
0.16781620681285858,0.27172183990478516,-0.10390563309192657
0.4985184073448181,0.19663047790527344,0.3018879294395447
0.4651011824607849,0.21383953094482422,0.2512616515159607
0.4991472661495209,0.2057342529296875,0.2934130132198334
0.20926937460899353,0.24953269958496094,-0.04026332497596741
0.24360540509223938,0.31407928466796875,-0.07047387957572937
0.1965600699186325,0.26569557189941406,-0.06913550198078156
0.20128479599952698,0.2688884735107422,-0.06760367751121521
0.18529625236988068,0.30946922302246094,-0.12417297065258026
0.18016618490219116,0.2049407958984375,-0.024774610996246338
0.22646884620189667,0.3191261291503906,-0.09265728294849396
0.17037388682365417,0.20328330993652344,-0.03290942311286926
0.46259304881095886,0.2812995910644531,0.18129345774650574
0.23582619428634644,0.30881309509277344,-0.072986900806427
0.22383128106594086,0.2724647521972656,-0.04863347113132477
0.48229721188545227,0.2198314666748047,0.2624657452106476
0.23553024232387543,0.19689178466796875,0.03863845765590668
0.21043147146701813,0.3063945770263672,-0.09596310555934906
0.22936195135116577,0.29653358459472656,-0.06717163324356079
0.21823115646839142,0.22588634490966797,-0.00765518844127655
0.36908093094825745,0.30322837829589844,0.06585255265235901
0.18572477996349335,0.3131980895996094,-0.12747330963611603
0.17287105321884155,0.2195901870727539,-0.046719133853912354
0.20651131868362427,0.21379470825195312,-0.007283389568328857
0.49987637996673584,0.19135093688964844,0.3085254430770874
0.1615833044052124,0.3197898864746094,-0.15820658206939697
0.16260330379009247,0.32118797302246094,-0.15858466923236847
0.15155115723609924,0.26387596130371094,-0.1123248040676117
0.14933328330516815,0.20146656036376953,-0.05213327705860138
0.17336788773536682,0.23464012145996094,-0.061272233724594116
0.16795985400676727,0.2177419662475586,-0.04978211224079132
0.14821757376194,0.2898387908935547,-0.14162121713161469
0.12754495441913605,0.22422409057617188,-0.09667913615703583
0.14310473203659058,0.24276161193847656,-0.09965687990188599
0.13133631646633148,0.29152870178222656,-0.16019238531589508
0.21558506786823273,0.24065589904785156,-0.025070831179618835
0.26393288373947144,0.23653602600097656,0.027396857738494873
0.15295541286468506,0.20193099975585938,-0.048975586891174316
0.3602447807788849,0.24617767333984375,0.11406710743904114
0.29550880193710327,0.15049362182617188,0.1450151801109314
0.29572242498397827,0.3085365295410156,-0.012814104557037354
0.18618781864643097,0.26032066345214844,-0.07413284480571747
0.4506985545158386,0.21481704711914062,0.235881507396698
0.22665251791477203,0.18428897857666016,0.04236353933811188
0.438037633895874,0.16009044647216797,0.27794718742370605
0.1770293414592743,0.2569694519042969,-0.07994011044502258
0.1395772397518158,0.1670856475830078,-0.027508407831192017
0.15435589849948883,0.2514457702636719,-0.09708987176418304
0.2257498949766159,0.20594024658203125,0.019809648394584656
0.5056766271591187,0.15621089935302734,0.3494657278060913
0.3826955258846283,0.26253318786621094,0.12016233801841736
0.454787015914917,0.1385059356689453,0.3162810802459717
0.14974339306354523,0.26236629486083984,-0.11262290179729462
0.13749092817306519,0.32958412170410156,-0.19209319353103638
0.13672976195812225,0.2646942138671875,-0.12796445190906525
0.10906695574522018,0.2270965576171875,-0.11802960187196732
0.28940245509147644,0.2156848907470703,0.07371756434440613
0.1257942169904709,0.3335285186767578,-0.20773430168628693
0.15171898901462555,0.14025497436523438,0.011464014649391174
0.15938982367515564,0.1969776153564453,-0.03758779168128967
0.14536744356155396,0.29627132415771484,-0.1509038805961609
0.15849152207374573,0.2096261978149414,-0.05113467574119568
0.16998860239982605,0.21920394897460938,-0.049215346574783325
0.1409675031900406,0.2267169952392578,-0.08574949204921722
0.12832997739315033,0.25598716735839844,-0.1276571899652481
0.1703798919916153,0.2109203338623047,-0.04054044187068939
0.2728258967399597,0.24915695190429688,0.023668944835662842
0.3295998275279999,0.21216964721679688,0.117430180311203
0.34972259402275085,0.18735408782958984,0.162368506193161
0.19435076415538788,0.22926902770996094,-0.03491826355457306
0.195683091878891,0.21110248565673828,-0.01541939377784729
0.3145475685596466,0.3195648193359375,-0.0050172507762908936
0.397468239068985,0.26454925537109375,0.13291898369789124
0.43967318534851074,0.29650020599365234,0.1431729793548584
0.14225050806999207,0.27599143981933594,-0.13374093174934387
0.10042791813611984,0.3001279830932617,-0.19970006495714188
0.17466798424720764,0.22850799560546875,-0.05384001135826111
0.1976097673177719,0.20238113403320312,-0.004771366715431213
0.3593791723251343,0.18799400329589844,0.17138516902923584
0.16031259298324585,0.20325660705566406,-0.04294401407241821
0.52422696352005,0.13731861114501953,0.3869083523750305
0.3491620421409607,0.2888631820678711,0.0602988600730896
0.13793662190437317,0.22821617126464844,-0.09027954936027527
0.10567197948694229,0.1965351104736328,-0.09086313098669052
0.09336446225643158,0.26297760009765625,-0.16961313784122467
0.10956265777349472,0.33477783203125,-0.22521517425775528
0.16355584561824799,0.27831554412841797,-0.11475969851016998
0.11440102010965347,0.2841835021972656,-0.16978248208761215
0.08665748685598373,0.20466136932373047,-0.11800388246774673
0.19929239153862,0.2987537384033203,-0.09946134686470032
0.2058900147676468,0.2191791534423828,-0.013289138674736023
0.12357407063245773,0.2340984344482422,-0.11052436381578445
0.15451034903526306,0.25511837005615234,-0.10060802102088928
0.23455964028835297,0.301727294921875,-0.06716765463352203
0.09972156584262848,0.23302936553955078,-0.1333077996969223
0.15596960484981537,0.23581504821777344,-0.07984544336795807
0.1421520859003067,0.35742950439453125,-0.21527741849422455
0.08548464626073837,0.2564678192138672,-0.17098317295312881
0.1889805793762207,0.1434488296508789,0.0455317497253418
0.3204953670501709,0.23702335357666016,0.08347201347351074
0.1340470314025879,0.19443607330322266,-0.060389041900634766
0.17921966314315796,0.21764373779296875,-0.03842407464981079
0.1195063665509224,0.18344593048095703,-0.06393956393003464
0.22726568579673767,0.2576465606689453,-0.03038087487220764
0.2859625816345215,0.30449485778808594,-0.018532276153564453
0.14017803966999054,0.22977638244628906,-0.08959834277629852
0.3036908507347107,0.3528757095336914,-0.04918485879898071
0.16610267758369446,0.22664833068847656,-0.060545653104782104
0.23869317770004272,0.28011131286621094,-0.04141813516616821
0.22380027174949646,0.1851043701171875,0.03869590163230896
0.3170934319496155,0.19425296783447266,0.12284046411514282
0.1490829885005951,0.2812633514404297,-0.1321803629398346
0.3018307685852051,0.278900146484375,0.022930622100830078
0.23235762119293213,0.1560211181640625,0.07633650302886963
0.2797969579696655,0.2028360366821289,0.07696092128753662
0.18643411993980408,0.28389739990234375,-0.09746327996253967
0.34050458669662476,0.3302030563354492,0.010301530361175537
0.07190873473882675,0.24979686737060547,-0.17788813263177872
0.4346405565738678,0.2556953430175781,0.17894521355628967
0.4588429033756256,0.2733001708984375,0.1855427324771881
0.3646162152290344,0.2440166473388672,0.12059956789016724
0.3210756480693817,0.2751789093017578,0.0458967387676239
0.3830781579017639,0.21307945251464844,0.16999870538711548
0.30024901032447815,0.24741363525390625,0.0528353750705719
0.4163322150707245,0.2615547180175781,0.15477749705314636
0.33986377716064453,0.21160507202148438,0.12825870513916016
0.28607773780822754,0.24526309967041016,0.04081463813781738
0.20808739960193634,0.3065643310546875,-0.09847693145275116
0.24874041974544525,0.2575721740722656,-0.008831754326820374
0.22883060574531555,0.2810630798339844,-0.05223247408866882
0.3523479700088501,0.37087345123291016,-0.01852548122406006
0.1884133517742157,0.259063720703125,-0.0706503689289093
0.3438158631324768,0.20864486694335938,0.13517099618911743
0.21974360942840576,0.24199295043945312,-0.022249341011047363
0.28944265842437744,0.3274993896484375,-0.03805673122406006
0.26414331793785095,0.24707317352294922,0.017070144414901733
0.335814893245697,0.1554241180419922,0.18039077520370483
0.25252336263656616,0.27164268493652344,-0.019119322299957275
0.36137068271636963,0.22208690643310547,0.13928377628326416
0.2256363332271576,0.20574378967285156,0.01989254355430603
0.3564814031124115,0.2935171127319336,0.0629642903804779
0.24120330810546875,0.2690238952636719,-0.027820587158203125
0.24567069113254547,0.21036338806152344,0.035307303071022034
0.3703908622264862,0.33216094970703125,0.038229912519454956
0.18911902606487274,0.22643661499023438,-0.03731758892536163
0.1745356023311615,0.26675987243652344,-0.09222427010536194
0.21800947189331055,0.2836761474609375,-0.06566667556762695
0.30152755975723267,0.24362754821777344,0.05790001153945923
0.2226114273071289,0.2060527801513672,0.01655864715576172
0.16266319155693054,0.29609107971191406,-0.13342788815498352
0.3072081506252289,0.23679542541503906,0.07041272521018982
0.2649308443069458,0.3819713592529297,-0.11704051494598389
0.19311003386974335,0.18756103515625,0.005548998713493347
0.1797291487455368,0.2270374298095703,-0.04730828106403351
0.16676770150661469,0.1922740936279297,-0.025506392121315002
0.1866893321275711,0.18313121795654297,0.003558114171028137
0.14639675617218018,0.2326812744140625,-0.08628451824188232
0.13602343201637268,0.20893383026123047,-0.07291039824485779
0.27363812923431396,0.21335220336914062,0.06028592586517334
0.13175487518310547,0.15052318572998047,-0.018768310546875
0.12364858388900757,0.21111679077148438,-0.0874682068824768
0.09885235130786896,0.24881362915039062,-0.14996127784252167
0.09767679870128632,0.24744415283203125,-0.14976735413074493
0.20873501896858215,0.3073081970214844,-0.09857317805290222
0.09311369806528091,0.1951894760131836,-0.10207577794790268
0.1257423609495163,0.21862316131591797,-0.09288080036640167
0.1180516704916954,0.2642498016357422,-0.14619813114404678
0.10335992276668549,0.12145805358886719,-0.0180981308221817
0.20674550533294678,0.1967792510986328,0.009966254234313965
0.3573620021343231,0.19589614868164062,0.1614658534526825
0.13732022047042847,0.14908218383789062,-0.011761963367462158
0.14006838202476501,0.1978292465209961,-0.05776086449623108
0.12028715759515762,0.28060150146484375,-0.16031434386968613
0.07844285666942596,0.11690521240234375,-0.038462355732917786
0.1266828030347824,0.24320220947265625,-0.11651940643787384
0.10572146624326706,0.22722625732421875,-0.12150479108095169
0.10534463077783585,0.3159904479980469,-0.21064581722021103
0.12394508719444275,0.22875404357910156,-0.10480895638465881
0.11655741184949875,0.19288063049316406,-0.07632321864366531
0.13227319717407227,0.1768779754638672,-0.04460477828979492
0.1270485371351242,0.20637130737304688,-0.07932277023792267
0.1275710016489029,0.3272533416748047,-0.1996823400259018
0.14936761558055878,0.3661918640136719,-0.2168242484331131
0.17297330498695374,0.22374725341796875,-0.050773948431015015
0.17396599054336548,0.3054485321044922,-0.1314825415611267
0.11526169627904892,0.2742319107055664,-0.1589702144265175
0.15562742948532104,0.2561817169189453,-0.10055428743362427
0.14404958486557007,0.20283222198486328,-0.05878263711929321
0.1641436219215393,0.26804351806640625,-0.10389989614486694
0.29879358410835266,0.20782470703125,0.09096887707710266
0.18221049010753632,0.25183677673339844,-0.06962628662586212
0.15677684545516968,0.20439910888671875,-0.04762226343154907
0.23257622122764587,0.1730966567993164,0.05947956442832947
0.14511540532112122,0.20562076568603516,-0.06050536036491394
0.08368318527936935,0.24992752075195312,-0.16624433547258377
0.1970694363117218,0.2292194366455078,-0.03215000033378601
0.17890851199626923,0.2774991989135742,-0.09859068691730499
0.1370798796415329,0.174652099609375,-0.0375722199678421
0.13892941176891327,0.25426483154296875,-0.11533541977405548
0.5588057637214661,0.2531700134277344,0.3056357502937317
0.3508172333240509,0.2524147033691406,0.09840252995491028
0.49381619691848755,0.2502174377441406,0.24359875917434692
0.4153887927532196,0.30766963958740234,0.10771915316581726
0.48707637190818787,0.2937040328979492,0.19337233901023865
0.6053000092506409,0.2732410430908203,0.33205896615982056
0.08481931686401367,0.22754287719726562,-0.14272356033325195
0.5329645872116089,0.36247920989990234,0.17048537731170654
0.34004920721054077,0.21106338500976562,0.12898582220077515
0.46729058027267456,0.28704261779785156,0.180247962474823
0.5061724781990051,0.2839183807373047,0.22225409746170044
0.033967699855566025,0.19656753540039062,-0.1625998355448246
0.006522557232528925,0.1501598358154297,-0.14363727858290076
0.69576495885849,0.3136482238769531,0.38211673498153687
0.18752047419548035,0.27637672424316406,-0.08885625004768372
0.1951327919960022,0.32904815673828125,-0.13391536474227905
0.053758710622787476,0.15925025939941406,-0.10549154877662659
0.246721088886261,0.1473846435546875,0.09933644533157349
0.1286594420671463,0.3756370544433594,-0.24697761237621307
0.31448495388031006,0.31811046600341797,-0.00362551212310791
0.17249956727027893,0.20792484283447266,-0.035425275564193726
0.7690408229827881,0.3641700744628906,0.40487074851989746
0.3201223611831665,0.27437400817871094,0.045748353004455566
0.2684974670410156,0.19280242919921875,0.07569503784179688
0.4406343698501587,0.3065662384033203,0.13406813144683838
0.291485995054245,0.3188962936401367,-0.027410298585891724
0.23702934384346008,0.3259849548339844,-0.08895561099052429
0.05289141833782196,0.1965618133544922,-0.14367039501667023
0.7735027074813843,0.29654693603515625,0.476955771446228
0.046047113835811615,0.22254276275634766,-0.17649564892053604
0.32207638025283813,0.2369213104248047,0.08515506982803345
0.23769810795783997,0.183990478515625,0.053707629442214966
0.507865309715271,0.2709064483642578,0.23695886135101318
0.25989246368408203,0.1945199966430664,0.06537246704101562
0.11123520135879517,0.23088645935058594,-0.11965125799179077
0.49310562014579773,0.2947406768798828,0.19836494326591492
0.19731147587299347,0.23041439056396484,-0.033102914690971375
0.2611933946609497,0.2786731719970703,-0.017479777336120605
0.3420868217945099,0.2333230972290039,0.10876372456550598
0.11879528313875198,0.09018135070800781,0.02861393243074417
0.023513153195381165,0.19356918334960938,-0.1700560301542282
0.5210837125778198,0.27992916107177734,0.24115455150604248
0.3386646807193756,0.22702407836914062,0.11164060235023499
0.39452674984931946,0.3011150360107422,0.09341171383857727
0.39613592624664307,0.21249961853027344,0.18363630771636963
0.49710771441459656,0.2565631866455078,0.24054452776908875
0.20402516424655914,0.29247474670410156,-0.08844958245754242
0.1264180690050125,0.2936878204345703,-0.1672697514295578
0.014490164816379547,0.13277053833007812,-0.11828037351369858
0.07190395891666412,0.28217601776123047,-0.21027205884456635
0.4097304940223694,0.27770423889160156,0.13202625513076782
0.2059112787246704,0.28796863555908203,-0.08205735683441162
0.32104188203811646,0.20995140075683594,0.11109048128128052
0.41916623711586,0.3028392791748047,0.1163269579410553
0.1907702088356018,0.2116565704345703,-0.020886361598968506
0.13497605919837952,0.2198638916015625,-0.08488783240318298
0.22017982602119446,0.21790218353271484,0.0022776424884796143
0.42091649770736694,0.3162364959716797,0.10468000173568726
0.28537312150001526,0.30710601806640625,-0.02173289656639099
0.08259883522987366,0.3186302185058594,-0.23603138327598572
0.3557388484477997,0.251800537109375,0.10393831133842468
0.1691557914018631,0.26125144958496094,-0.09209565818309784
0.5536855459213257,0.365875244140625,0.18781030178070068
0.4972383379936218,0.2752971649169922,0.22194117307662964
0.15936999022960663,0.2459115982055664,-0.08654160797595978
0.1237931028008461,0.24080848693847656,-0.11701538413763046
0.1383594572544098,0.2040729522705078,-0.06571349501609802
0.5253813862800598,0.20775413513183594,0.3176272511482239
0.29238244891166687,0.18869590759277344,0.10368654131889343
0.3957471251487732,0.2371673583984375,0.1585797667503357
0.37031346559524536,0.2752094268798828,0.09510403871536255
0.3222883939743042,0.2324666976928711,0.0898216962814331
0.06905955821275711,0.22373580932617188,-0.15467625111341476
0.2894357442855835,0.2736835479736328,0.015752196311950684
0.08244514465332031,0.20426177978515625,-0.12181663513183594
0.2344096153974533,0.25053977966308594,-0.01613016426563263
0.26027166843414307,0.28782081604003906,-0.027549147605895996
0.09514106810092926,0.22571945190429688,-0.13057838380336761
0.27950888872146606,0.1781454086303711,0.10136348009109497
0.6432079672813416,0.2473440170288086,0.39586395025253296
0.31216299533843994,0.3091907501220703,0.002972245216369629
0.27529779076576233,0.30011844635009766,-0.024820655584335327
0.28521421551704407,0.3823366165161133,-0.09712240099906921
0.14978057146072388,0.2429332733154297,-0.09315270185470581
0.758526623249054,0.33262157440185547,0.4259050488471985
0.05214210972189903,0.22061634063720703,-0.168474230915308
0.15403343737125397,0.26268768310546875,-0.10865424573421478
0.005444095935672522,0.1778097152709961,-0.17236561933532357
0.4430094063282013,0.28339385986328125,0.15961554646492004
0.7098432779312134,0.28842926025390625,0.42141401767730713
0.004994775168597698,0.25955677032470703,-0.25456199515610933
0.07990595698356628,0.1577434539794922,-0.0778374969959259
0.4758411645889282,0.35628318786621094,0.11955797672271729
0.08258098363876343,0.1660938262939453,-0.08351284265518188
0.42891326546669006,0.2434253692626953,0.18548789620399475
0.7039393782615662,0.2980527877807617,0.40588659048080444
0.255245566368103,0.2022533416748047,0.05299222469329834
0.47031348943710327,0.2802419662475586,0.19007152318954468
0.21308255195617676,0.29235076904296875,-0.07926821708679199
0.30540230870246887,0.2502126693725586,0.05518963932991028
0.0853814035654068,0.255035400390625,-0.1696539968252182
0.05229885131120682,0.25815868377685547,-0.20585983246564865
0.4277742803096771,0.2882118225097656,0.1395624577999115
0.07341692596673965,0.18279552459716797,-0.10937859863042831
0.19428421556949615,0.18563079833984375,0.008653417229652405
0.1319122314453125,0.18082809448242188,-0.048915863037109375
0.029728317633271217,0.2385091781616211,-0.20878086052834988
0.45637407898902893,0.2838449478149414,0.17252913117408752
0.03839080408215523,0.2425699234008789,-0.20417911931872368
0.2867293655872345,0.32476806640625,-0.0380387008190155
0.432246595621109,0.23816967010498047,0.19407692551612854
0.013312434777617455,0.2231159210205078,-0.20980348624289036
0.25303030014038086,0.3418712615966797,-0.08884096145629883
0.29108673334121704,0.1996173858642578,0.09146934747695923
0.18772204220294952,0.33465003967285156,-0.14692799746990204
0.5429258346557617,0.3189373016357422,0.22398853302001953
0.5455381274223328,0.19991111755371094,0.3456270098686218
0.5841379165649414,0.2500343322753906,0.3341035842895508
0.3846081495285034,0.23415756225585938,0.15045058727264404
0.2599582076072693,0.2039327621459961,0.05602544546127319
0.04026123136281967,0.2873058319091797,-0.24704460054636002
0.10333333164453506,0.19768714904785156,-0.0943538174033165
0.4224555790424347,0.2368640899658203,0.18559148907661438
0.4355276823043823,0.1674346923828125,0.2680929899215698
0.033343784511089325,0.19333839416503906,-0.15999460965394974
0.2771473228931427,0.2896251678466797,-0.012477844953536987
0.11275862157344818,0.2829427719116211,-0.1701841503381729
0.09033437818288803,0.2176675796508789,-0.12733320146799088
0.09658307582139969,0.2157917022705078,-0.11920862644910812
0.4081818163394928,0.29990196228027344,0.10827985405921936
0.0008150470093823969,0.19987964630126953,-0.19906459929188713
0.24592477083206177,0.22758865356445312,0.018336117267608643
0.05314524471759796,0.1576824188232422,-0.10453717410564423
0.15373040735721588,0.19392776489257812,-0.040197357535362244
0.6438766717910767,0.3028841018676758,0.3409925699234009
0.16108672320842743,0.2641754150390625,-0.10308869183063507
0.30989551544189453,0.2863168716430664,0.023578643798828125
0.006426332518458366,0.27292346954345703,-0.26649713702499866
0.18113897740840912,0.26888084411621094,-0.08774186670780182
0.6585893630981445,0.26064300537109375,0.3979463577270508
0.4517868459224701,0.2875204086303711,0.164266437292099
0.4283908009529114,0.3660011291503906,0.06238967180252075
0.5522152781486511,0.2754955291748047,0.27671974897384644
0.21228839457035065,0.23397254943847656,-0.021684154868125916
0.15962383151054382,0.22875404357910156,-0.06913021206855774
0.8701881170272827,0.25093650817871094,0.6192516088485718
0.041546501219272614,0.24199676513671875,-0.20045026391744614
0.07588297128677368,0.2589254379272461,-0.1830424666404724
0.3289341628551483,0.21765995025634766,0.11127421259880066
0.3992685377597809,0.32004737854003906,0.07922115921974182
0.06882967799901962,0.2134389877319336,-0.14460930973291397
0.03282131627202034,0.2874469757080078,-0.2546256594359875
0.006133751478046179,0.3208332061767578,-0.31469945469871163
0.09403343498706818,0.26473045349121094,-0.17069701850414276
0.4549947679042816,0.27925682067871094,0.17573794722557068
0.3014942407608032,0.32132434844970703,-0.01983010768890381
0.5523511171340942,0.2108306884765625,0.34152042865753174
0.3637722134590149,0.21490478515625,0.1488674283027649
0.060188088566064835,0.31884193420410156,-0.25865384563803673
0.19068965315818787,0.3566150665283203,-0.16592541337013245
0.1935214251279831,0.3041801452636719,-0.11065872013568878
0.17776384949684143,0.23130416870117188,-0.053540319204330444
0.4156426191329956,0.32769012451171875,0.08795249462127686
0.6402194499969482,0.25669288635253906,0.3835265636444092
0.37996864318847656,0.2809791564941406,0.09898948669433594
0.1199895516037941,0.34387969970703125,-0.22389014810323715
0.5029362440109253,0.3030252456665039,0.1999109983444214
0.6671159863471985,0.3309450149536133,0.3361709713935852
0.02679205872118473,0.26090049743652344,-0.2341084387153387
0.2319331169128418,0.2984905242919922,-0.06655740737915039
0.4986102283000946,0.2680244445800781,0.23058578372001648
0.6551828384399414,0.253173828125,0.4020090103149414
0.14804597198963165,0.19339370727539062,-0.04534773528575897
0.5151306390762329,0.21724891662597656,0.29788172245025635
0.4164367914199829,0.22747325897216797,0.18896353244781494
0.05542319640517235,0.23513412475585938,-0.17971092835068703
0.1075548604130745,0.266693115234375,-0.1591382548213005
0.09981191158294678,0.17807292938232422,-0.07826101779937744
0.10905956476926804,0.17112064361572266,-0.06206107884645462
0.29335424304008484,0.2707386016845703,0.022615641355514526
0.6901044845581055,0.37096691131591797,0.3191375732421875
0.32446184754371643,0.3232612609863281,0.0012005865573883057
0.23144200444221497,0.19806671142578125,0.033375293016433716
0.4350888133049011,0.33553123474121094,0.09955757856369019
0.4163113832473755,0.20877456665039062,0.20753681659698486
0.35187041759490967,0.2952613830566406,0.05660903453826904
0.004712643567472696,0.23341941833496094,-0.22870677476748824
0.023928944021463394,0.19348621368408203,-0.16955726966261864
0.15694880485534668,0.19981765747070312,-0.042868852615356445
0.07398118823766708,0.1963520050048828,-0.12237081676721573
0.047742947936058044,0.22099590301513672,-0.17325295507907867
0.15663471817970276,0.2627105712890625,-0.10607585310935974
0.13982698321342468,0.26484107971191406,-0.12501409649848938
0.14729824662208557,0.21509361267089844,-0.06779536604881287
0.17288340628147125,0.2021799087524414,-0.029296502470970154
0.16702371835708618,0.2574748992919922,-0.090451180934906
0.13510911166667938,0.179412841796875,-0.04430373013019562
0.16994191706180573,0.18608951568603516,-0.01614759862422943
0.13769009709358215,0.21400070190429688,-0.07631060481071472
0.12230062484741211,0.21008872985839844,-0.08778810501098633
0.20123763382434845,0.19217491149902344,0.009062722325325012
0.12411119788885117,0.1851978302001953,-0.06108663231134415
0.19668933749198914,0.2600727081298828,-0.06338337063789368
0.1440850794315338,0.1845569610595703,-0.0404718816280365
0.26752811670303345,0.22371673583984375,0.0438113808631897
0.08475621044635773,0.2676095962524414,-0.18285338580608368
0.09230584651231766,0.2953176498413086,-0.20301180332899094
0.11080921441316605,0.1816110610961914,-0.07080184668302536
0.11752290278673172,0.22018814086914062,-0.1026652380824089
0.20293043553829193,0.2657318115234375,-0.06280137598514557
0.3307332396507263,0.24954986572265625,0.08118337392807007
0.2278677374124527,0.3292827606201172,-0.10141502320766449
0.1304928958415985,0.1776142120361328,-0.0471213161945343
0.13326196372509003,0.1767740249633789,-0.04351206123828888
0.13426509499549866,0.1606273651123047,-0.02636227011680603
0.13255424797534943,0.24537277221679688,-0.11281852424144745
0.13037794828414917,0.2327747344970703,-0.10239678621292114
0.14317956566810608,0.2816791534423828,-0.13849958777427673
0.13040407001972198,0.28061485290527344,-0.15021078288555145
0.1649651974439621,0.2177104949951172,-0.05274529755115509
0.24391266703605652,0.3027334213256836,-0.058820754289627075
0.10765589773654938,0.19693374633789062,-0.08927784860134125
0.2598426640033722,0.1900625228881836,0.0697801411151886
0.1519388109445572,0.21559906005859375,-0.06366024911403656
0.3070485293865204,0.24929428100585938,0.05775424838066101
0.11078938841819763,0.24853515625,-0.13774576783180237
0.1931927353143692,0.15995311737060547,0.03323961794376373
0.16998478770256042,0.21038818359375,-0.040403395891189575
0.25328677892684937,0.2855825424194336,-0.03229576349258423
0.23479147255420685,0.21328449249267578,0.021506980061531067
0.12784267961978912,0.2684917449951172,-0.14064906537532806
0.13375699520111084,0.1706562042236328,-0.03689920902252197
0.1826493740081787,0.278778076171875,-0.09612870216369629
0.14111332595348358,0.23642539978027344,-0.09531207382678986
0.21316072344779968,0.14925384521484375,0.06390687823295593
0.11157242208719254,0.28400611877441406,-0.17243369668722153
0.21512585878372192,0.19607257843017578,0.019053280353546143
0.12578415870666504,0.23913192749023438,-0.11334776878356934
0.1297699213027954,0.1993236541748047,-0.06955373287200928
0.1295459270477295,0.35058021545410156,-0.22103428840637207
0.1843317151069641,0.17526626586914062,0.009065449237823486
0.23544979095458984,0.17743968963623047,0.058010101318359375
0.18505270779132843,0.20754432678222656,-0.022491618990898132
0.17681865394115448,0.2382526397705078,-0.06143398582935333
0.2168917953968048,0.2542991638183594,-0.037407368421554565
0.1357417106628418,0.19994354248046875,-0.06420183181762695
0.114994578063488,0.2068462371826172,-0.09185165911912918
0.13132163882255554,0.2544059753417969,-0.12308433651924133
0.1094721108675003,0.2622499465942383,-0.15277783572673798
0.16558562219142914,0.2404632568359375,-0.07487763464450836
0.11784268170595169,0.26528358459472656,-0.14744090288877487
0.17386148869991302,0.271820068359375,-0.09795857965946198
0.10460339486598969,0.21218109130859375,-0.10757769644260406
0.12159398943185806,0.34765052795410156,-0.2260565385222435
0.27422720193862915,0.17243671417236328,0.10179048776626587
0.1345093548297882,0.2367267608642578,-0.1022174060344696
0.13113421201705933,0.3052635192871094,-0.17412930727005005
0.15108196437358856,0.2164478302001953,-0.06536586582660675
0.12419586628675461,0.20991897583007812,-0.08572310954332352
0.0790436863899231,0.20188522338867188,-0.12284153699874878
0.13974446058273315,0.214813232421875,-0.07506877183914185
0.15116555988788605,0.2699470520019531,-0.11878149211406708
0.1258155107498169,0.1704387664794922,-0.04462325572967529
0.14128050208091736,0.20752716064453125,-0.06624665856361389
0.15846964716911316,0.1930999755859375,-0.03463032841682434
0.15481238067150116,0.2547416687011719,-0.09992928802967072
0.14105062186717987,0.24313068389892578,-0.10208006203174591
0.1525866687297821,0.19576454162597656,-0.04317787289619446
0.1357632726430893,0.18624019622802734,-0.05047692358493805
0.21743515133857727,0.28171348571777344,-0.06427833437919617
0.15048636496067047,0.2371234893798828,-0.08663712441921234
0.13733066618442535,0.21363067626953125,-0.0763000100851059
0.18922655284404755,0.18802833557128906,0.0011982172727584839
0.08302488178014755,0.26724910736083984,-0.1842242255806923
0.18129095435142517,0.20971298217773438,-0.028422027826309204
0.1367036998271942,0.21976852416992188,-0.08306482434272766
0.13866817951202393,0.23287010192871094,-0.09420192241668701
0.13676640391349792,0.2335662841796875,-0.09679988026618958
0.2100265920162201,0.17858028411865234,0.03144630789756775
0.1835271120071411,0.1913318634033203,-0.007804751396179199
0.21048569679260254,0.34871482849121094,-0.1382291316986084
0.07300920784473419,0.23633193969726562,-0.16332273185253143
0.14641568064689636,0.22965621948242188,-0.08324053883552551
0.13514675199985504,0.2341289520263672,-0.09898220002651215
0.13160443305969238,0.2469167709350586,-0.11531233787536621
0.15809346735477448,0.23542308807373047,-0.077329620718956
0.2718656659126282,0.24797916412353516,0.023886501789093018
0.10681864619255066,0.2609596252441406,-0.15414097905158997
0.1143944039940834,0.29451560974121094,-0.18012120574712753
0.1206848993897438,0.2455291748046875,-0.1248442754149437
0.16892941296100616,0.22733688354492188,-0.05840747058391571
0.1037883460521698,0.19951343536376953,-0.09572508931159973
0.1599847972393036,0.2402019500732422,-0.0802171528339386
0.10625438392162323,0.2414379119873047,-0.13518352806568146
0.1819179207086563,0.2280292510986328,-0.0461113303899765
0.06394442170858383,0.20837020874023438,-0.14442578703165054
0.190193772315979,0.23591995239257812,-0.04572618007659912
0.4042899012565613,0.24553871154785156,0.15875118970870972
0.14684933423995972,0.25408172607421875,-0.10723239183425903
0.21271206438541412,0.2839164733886719,-0.07120440900325775
0.13091477751731873,0.17258834838867188,-0.04167357087135315
0.20298831164836884,0.2114391326904297,-0.008450821042060852
0.11839649826288223,0.3229408264160156,-0.2045443281531334
0.14210601150989532,0.26766014099121094,-0.1255541294813156
0.11651561409235,0.23530006408691406,-0.11878444999456406
0.11510495841503143,0.214263916015625,-0.09915895760059357
0.1940704733133316,0.21876049041748047,-0.024690017104148865
0.11469743400812149,0.15148353576660156,-0.03678610175848007
0.11386148631572723,0.211273193359375,-0.09741170704364777
0.09627462178468704,0.1939716339111328,-0.09769701212644577
0.11074759066104889,0.1722393035888672,-0.0614917129278183
0.11893986165523529,0.2165088653564453,-0.09756900370121002
0.21379879117012024,0.1961536407470703,0.017645150423049927
0.1625448763370514,0.2802104949951172,-0.1176656186580658
0.14663055539131165,0.171142578125,-0.024512022733688354
0.16712167859077454,0.22182369232177734,-0.05470201373100281
0.17582596838474274,0.1653003692626953,0.010525599122047424
0.13419586420059204,0.2473440170288086,-0.11314815282821655
0.1388980597257614,0.23191070556640625,-0.09301264584064484
0.17467065155506134,0.198760986328125,-0.02409033477306366
0.10707399249076843,0.15877914428710938,-0.05170515179634094
0.28016242384910583,0.3070259094238281,-0.02686348557472229
0.11858458071947098,0.3521556854248047,-0.2335711047053337
0.2363111972808838,0.3659400939941406,-0.12962889671325684
0.10787402838468552,0.1855792999267578,-0.0777052715420723
0.22785313427448273,0.17455101013183594,0.05330212414264679
0.30999523401260376,0.21863174438476562,0.09136348962783813
0.2138196974992752,0.19997596740722656,0.013843730092048645
0.11480192840099335,0.2081165313720703,-0.09331460297107697
0.11303599178791046,0.18927669525146484,-0.07624070346355438
0.10719482600688934,0.20575523376464844,-0.0985604077577591
0.2400161325931549,0.1827678680419922,0.05724826455116272
0.16790537536144257,0.16108322143554688,0.006822153925895691
0.15878312289714813,0.16912078857421875,-0.010337665677070618
0.14688590168952942,0.20116806030273438,-0.054282158613204956
0.22517810761928558,0.28855228424072266,-0.06337417662143707
0.18889805674552917,0.2360382080078125,-0.047140151262283325
0.22877267003059387,0.22425460815429688,0.004518061876296997
0.2534226179122925,0.22640514373779297,0.02701747417449951
0.13551248610019684,0.1827077865600586,-0.047195300459861755
0.15531393885612488,0.18315505981445312,-0.027841120958328247
0.21049681305885315,0.2567768096923828,-0.04627999663352966
0.14011017978191376,0.2435283660888672,-0.10341818630695343
0.25206419825553894,0.24890804290771484,0.0031561553478240967
0.1858782023191452,0.2126913070678711,-0.02681310474872589
0.23128050565719604,0.2269306182861328,0.004349887371063232
0.12482282519340515,0.18483352661132812,-0.060010701417922974
0.22140589356422424,0.16886138916015625,0.05254450440406799
0.15379878878593445,0.20582008361816406,-0.052021294832229614
0.1279262751340866,0.18457412719726562,-0.056647852063179016
0.07210534065961838,0.15095138549804688,-0.0788460448384285
0.16338081657886505,0.17055702209472656,-0.007176205515861511
0.1084696426987648,0.2533416748046875,-0.1448720321059227
0.11087754368782043,0.24636459350585938,-0.13548704981803894
0.09577304869890213,0.2503242492675781,-0.154551200568676
0.1442376673221588,0.18587779998779297,-0.041640132665634155
0.2335793524980545,0.21191978454589844,0.021659567952156067
0.2661498785018921,0.19416236877441406,0.07198750972747803
0.21720527112483978,0.2187061309814453,-0.0015008598566055298
0.14557451009750366,0.23583602905273438,-0.09026151895523071
0.15600359439849854,0.21963214874267578,-0.06362855434417725
0.2403087168931961,0.19694995880126953,0.043358758091926575
0.15606629848480225,0.2344989776611328,-0.07843267917633057
0.14034007489681244,0.2871551513671875,-0.14681507647037506
0.103276327252388,0.2467041015625,-0.143427774310112
0.18438395857810974,0.18384361267089844,0.0005403459072113037
0.134363055229187,0.19991493225097656,-0.06555187702178955
0.2031509429216385,0.25131797790527344,-0.04816703498363495
0.1903400719165802,0.23102092742919922,-0.04068085551261902
0.19874131679534912,0.21790695190429688,-0.019165635108947754
0.3290327787399292,0.2909221649169922,0.03811061382293701
0.3433247208595276,0.27104949951171875,0.07227522134780884
0.23661960661411285,0.2779512405395508,-0.04133163392543793
0.3569784462451935,0.24159812927246094,0.11538031697273254
0.5763340592384338,0.23335838317871094,0.3429756760597229
0.23984543979167938,0.21564388275146484,0.02420155704021454
0.1501380205154419,0.23242473602294922,-0.08228671550750732
0.18688306212425232,0.3431854248046875,-0.15630236268043518
0.26456332206726074,0.22043323516845703,0.04413008689880371
0.27003875374794006,0.25609683990478516,0.013941913843154907
0.06585380434989929,0.209991455078125,-0.1441376507282257
0.18552464246749878,0.2892036437988281,-0.10367900133132935
0.37359675765037537,0.20496273040771484,0.16863402724266052
0.209443137049675,0.22667503356933594,-0.01723189651966095
0.1481526494026184,0.2761411666870117,-0.1279885172843933
0.22856539487838745,0.28644561767578125,-0.0578802227973938
0.56926029920578,0.2881011962890625,0.28115910291671753
0.21233238279819489,0.22437763214111328,-0.012045249342918396
0.3378966450691223,0.3429145812988281,-0.0050179362297058105
0.23213383555412292,0.2624034881591797,-0.030269652605056763
0.24600531160831451,0.2946662902832031,-0.04866097867488861
0.3602529764175415,0.2197113037109375,0.140541672706604
0.2772331237792969,0.23112964630126953,0.046103477478027344
0.20399382710456848,0.3367481231689453,-0.13275429606437683
0.20179946720600128,0.26495838165283203,-0.06315891444683075
0.20168451964855194,0.2882232666015625,-0.08653874695301056
0.13540969789028168,0.25762176513671875,-0.12221206724643707
0.04151210933923721,0.21692657470703125,-0.17541446536779404
0.16177856922149658,0.2185821533203125,-0.05680358409881592
0.06493426114320755,0.21817779541015625,-0.1532435342669487
0.593706488609314,0.31463050842285156,0.2790759801864624
0.4457074999809265,0.39835357666015625,0.047353923320770264
0.3131265342235565,0.1781606674194336,0.13496586680412292
0.27091649174690247,0.16912078857421875,0.10179570317268372
0.5553365349769592,0.21115875244140625,0.344177782535553
0.07489769160747528,0.23720455169677734,-0.16230686008930206
0.11515369266271591,0.18336868286132812,-0.06821499019861221
0.3020450174808502,0.26862144470214844,0.03342357277870178
0.22728535532951355,0.2425222396850586,-0.015236884355545044
0.30400949716567993,0.21233749389648438,0.09167200326919556
0.3633982241153717,0.24407958984375,0.1193186342716217
0.37249955534935,0.18994808197021484,0.18255147337913513
0.30143895745277405,0.27397918701171875,0.027459770441055298
0.6172069907188416,0.40828895568847656,0.208918035030365
0.3333616256713867,0.2451171875,0.08824443817138672
0.09172631800174713,0.23226547241210938,-0.14053915441036224
0.19694575667381287,0.3113975524902344,-0.11445179581642151
0.06342433393001556,0.12793540954589844,-0.06451107561588287
0.2631840109825134,0.2689476013183594,-0.005763590335845947
0.43505966663360596,0.2527904510498047,0.18226921558380127
0.11346612870693207,0.2696666717529297,-0.15620054304599762
0.4825674891471863,0.23189258575439453,0.25067490339279175
0.29554033279418945,0.23637008666992188,0.05917024612426758
0.11266153305768967,0.24056053161621094,-0.12789899855852127
0.227389857172966,0.28786659240722656,-0.06047673523426056
0.2962874472141266,0.27983570098876953,0.016451746225357056
0.07347658276557922,0.2256011962890625,-0.15212461352348328
0.2825047969818115,0.33663082122802734,-0.05412602424621582
0.2834661304950714,0.25998878479003906,0.02347734570503235
0.3835862874984741,0.18877315521240234,0.19481313228607178
0.5721704363822937,0.31118202209472656,0.26098841428756714
0.21687260270118713,0.22580718994140625,-0.008934587240219116
0.35834595561027527,0.28714656829833984,0.07119938731193542
0.5740147233009338,0.2749300003051758,0.29908472299575806
0.4480742812156677,0.2888040542602539,0.15927022695541382
0.4486803412437439,0.30030250549316406,0.14837783575057983
0.2889990508556366,0.19439125061035156,0.09460780024528503
0.41392067074775696,0.40488243103027344,0.00903823971748352
0.03190918266773224,0.25763893127441406,-0.22572974860668182
0.06788619607686996,0.194000244140625,-0.12611404806375504
0.15385276079177856,0.1975688934326172,-0.04371613264083862
0.4208015501499176,0.3325786590576172,0.08822289109230042
0.13856540620326996,0.20338058471679688,-0.06481517851352692
0.2827346920967102,0.285430908203125,-0.002696216106414795
0.1678496152162552,0.25664234161376953,-0.08879272639751434
0.07629789412021637,0.18149757385253906,-0.10519967973232269
0.28131356835365295,0.3057823181152344,-0.02446874976158142
0.5179175138473511,0.24070358276367188,0.2772139310836792
0.3154515027999878,0.25655174255371094,0.058899760246276855
0.24578066170215607,0.33088207244873047,-0.0851014107465744
0.40143895149230957,0.3447895050048828,0.05664944648742676
0.44380050897598267,0.29459381103515625,0.14920669794082642
0.1490303874015808,0.24188232421875,-0.09285193681716919
0.535294771194458,0.3316822052001953,0.2036125659942627
0.2205141931772232,0.28251075744628906,-0.06199656426906586
0.2747096121311188,0.3072643280029297,-0.03255471587181091
0.21277648210525513,0.33488941192626953,-0.1221129298210144
0.1487482637166977,0.25168800354003906,-0.10293973982334137
0.300994873046875,0.2929496765136719,0.008045196533203125
0.11894157528877258,0.21916961669921875,-0.10022804141044617
0.32209205627441406,0.31398487091064453,0.008107185363769531
0.0317210927605629,0.2359752655029297,-0.2042541727423668
0.26651209592819214,0.30729007720947266,-0.04077798128128052
0.25510144233703613,0.3038520812988281,-0.04875063896179199
0.5333094000816345,0.2626495361328125,0.270659863948822
0.04859674721956253,0.25168609619140625,-0.20308934897184372
0.0894797146320343,0.2547569274902344,-0.16527721285820007
0.6059374213218689,0.31134986877441406,0.29458755254745483
0.3395894467830658,0.21829795837402344,0.12129148840904236
0.19270333647727966,0.29076385498046875,-0.09806051850318909
0.04234283044934273,0.2043609619140625,-0.16201813146471977
0.06363854557275772,0.22825050354003906,-0.16461195796728134
0.21584858000278473,0.35275840759277344,-0.1369098275899887
0.37967824935913086,0.26029396057128906,0.1193842887878418
0.3913971781730652,0.29552650451660156,0.09587067365646362
0.2443334311246872,0.34445953369140625,-0.10012610256671906
0.022530917078256607,0.25850486755371094,-0.23597395047545433
0.28188827633857727,0.30606651306152344,-0.024178236722946167
0.04015369713306427,0.2862834930419922,-0.24612979590892792
0.6178287267684937,0.31191062927246094,0.3059180974960327
0.10171587020158768,0.16121673583984375,-0.05950086563825607
0.35122475028038025,0.19867515563964844,0.1525495946407318
0.6498193144798279,0.2290630340576172,0.4207562804222107
0.5952529907226562,0.22035789489746094,0.3748950958251953
0.10715996474027634,0.22434139251708984,-0.11718142777681351
0.5615173578262329,0.2936382293701172,0.2678791284561157
0.19403038918972015,0.25211143493652344,-0.058081045746803284
0.31956854462623596,0.19519996643066406,0.1243685781955719
0.5536176562309265,0.2958555221557617,0.2577621340751648
0.39074409008026123,0.2550945281982422,0.13564956188201904
0.2470293492078781,0.3236503601074219,-0.07662101089954376
0.37903040647506714,0.24503707885742188,0.13399332761764526
0.2429436594247818,0.3117237091064453,-0.06878004968166351
0.5968883037567139,0.29180240631103516,0.3050858974456787
0.7487848401069641,0.2345123291015625,0.5142725110054016
0.08516936749219894,0.2612113952636719,-0.17604202777147293
0.3962404131889343,0.31972503662109375,0.07651537656784058
0.5456709265708923,0.2989826202392578,0.24668830633163452
0.08327804505825043,0.2774934768676758,-0.19421543180942535
0.1016218289732933,0.26544952392578125,-0.16382769495248795
0.036235202103853226,0.1983652114868164,-0.16213000938296318
0.37976184487342834,0.2706947326660156,0.10906711220741272
0.18675243854522705,0.17668533325195312,0.010067105293273926
0.2139415740966797,0.2366313934326172,-0.0226898193359375
0.15712861716747284,0.24609947204589844,-0.0889708548784256
0.5027033090591431,0.251434326171875,0.25126898288726807
0.6428391933441162,0.26672935485839844,0.3761098384857178
0.2737116813659668,0.2918682098388672,-0.01815652847290039
0.5019405484199524,0.2439556121826172,0.2579849362373352
0.4748036563396454,0.21054458618164062,0.26425907015800476
0.2355925738811493,0.2535409927368164,-0.017948418855667114
0.10399381816387177,0.24285125732421875,-0.13885743916034698
0.6620398163795471,0.3240833282470703,0.3379564881324768
0.11892067641019821,0.2000570297241211,-0.08113635331392288
0.25039926171302795,0.2981271743774414,-0.04772791266441345
0.3470711410045624,0.2783660888671875,0.06870505213737488
0.6804723739624023,0.3687248229980469,0.31174755096435547
0.12139716744422913,0.2810192108154297,-0.15962204337120056
0.14074930548667908,0.31779956817626953,-0.17705026268959045
0.10140761733055115,0.22060394287109375,-0.1191963255405426
0.40781304240226746,0.25157928466796875,0.1562337577342987
0.3611672818660736,0.2242422103881836,0.13692507147789001
0.19745254516601562,0.2518959045410156,-0.054443359375
0.10029998421669006,0.23075294494628906,-0.130452960729599
0.4162038564682007,0.2261638641357422,0.1900399923324585
0.5644065737724304,0.30736637115478516,0.25704020261764526
0.44994470477104187,0.2651176452636719,0.18482705950737
0.40612027049064636,0.30135059356689453,0.10476967692375183
0.22382663190364838,0.35709476470947266,-0.13326813280582428
0.29958420991897583,0.338653564453125,-0.03906935453414917
0.1350335329771042,0.20039939880371094,-0.06536586582660675
0.32839298248291016,0.3123445510864258,0.016048431396484375
0.19189873337745667,0.25929832458496094,-0.06739959120750427
0.4638684391975403,0.22115516662597656,0.24271327257156372
0.3288266360759735,0.2499237060546875,0.07890293002128601
0.40686216950416565,0.19295692443847656,0.2139052450656891
0.3194901645183563,0.2825489044189453,0.03694126009941101
0.0486176460981369,0.31969451904296875,-0.27107687294483185
0.27371692657470703,0.2954978942871094,-0.021780967712402344
0.31621429324150085,0.2437915802001953,0.07242271304130554
0.27729058265686035,0.34693145751953125,-0.0696408748626709
0.06575453281402588,0.1862468719482422,-0.12049233913421631
0.26766154170036316,0.20792579650878906,0.0597357451915741
0.3209478557109833,0.21547698974609375,0.10547086596488953
0.2044953852891922,0.28389549255371094,-0.07940010726451874
0.3665904700756073,0.3065500259399414,0.060040444135665894
0.23829372227191925,0.1995067596435547,0.03878696262836456
0.4381108582019806,0.29837799072265625,0.13973286747932434
0.22133968770503998,0.30426502227783203,-0.08292533457279205
0.2567576766014099,0.35690879821777344,-0.10015112161636353
0.2309844195842743,0.2836341857910156,-0.05264976620674133
0.5512247681617737,0.3050518035888672,0.2461729645729065
0.11685170978307724,0.1916828155517578,-0.07483110576868057
0.007525692228227854,0.264862060546875,-0.25733636831864715
0.2010836899280548,0.26848697662353516,-0.06740328669548035
0.28426551818847656,0.3197822570800781,-0.03551673889160156
0.3675413727760315,0.18567657470703125,0.18186479806900024
0.015388806350529194,0.17679977416992188,-0.16141096781939268
0.2739781439304352,0.2896404266357422,-0.015662282705307007
0.15150688588619232,0.2083873748779297,-0.056880488991737366
0.13416101038455963,0.24251174926757812,-0.1083507388830185
0.4258956015110016,0.32468605041503906,0.10120955109596252
0.24289141595363617,0.1882343292236328,0.05465708673000336
0.49985066056251526,0.3623485565185547,0.13750210404396057
0.09603666514158249,0.2652616500854492,-0.16922498494386673
0.577687680721283,0.3399391174316406,0.23774856328964233
0.051036663353443146,0.16265487670898438,-0.11161821335554123
0.48445358872413635,0.31774139404296875,0.1667121946811676
0.21614637970924377,0.24624061584472656,-0.030094236135482788
0.4082466959953308,0.3531990051269531,0.055047690868377686
0.1636698991060257,0.2992706298828125,-0.1356007307767868
0.5883668661117554,0.3336048126220703,0.25476205348968506
0.21822579205036163,0.2440633773803711,-0.02583758533000946
0.17715473473072052,0.30507659912109375,-0.12792186439037323
0.007212212774902582,0.206817626953125,-0.19960541417822242
0.7012770175933838,0.2094135284423828,0.491863489151001
0.08360197395086288,0.22539901733398438,-0.1417970433831215
0.32231149077415466,0.31356143951416016,0.008750051259994507
0.07409831136465073,0.3040447235107422,-0.22994641214609146
0.3749447166919708,0.29533958435058594,0.07960513234138489
0.0223532784730196,0.33518505096435547,-0.31283177249133587
0.06567616015672684,0.2186126708984375,-0.15293651074171066
0.4123898446559906,0.24139976501464844,0.17099007964134216
0.5002216100692749,0.2447223663330078,0.2554992437362671
0.09411399066448212,0.25272369384765625,-0.15860970318317413
0.3735131621360779,0.2993345260620117,0.07417863607406616
0.19340865314006805,0.19790077209472656,-0.004492118954658508
0.2353626787662506,0.26769065856933594,-0.03232797980308533
0.14927595853805542,0.1772289276123047,-0.027952969074249268
0.4209112823009491,0.22458648681640625,0.19632479548454285
0.4842759668827057,0.23332977294921875,0.25094619393348694
0.6240617632865906,0.20728778839111328,0.4167739748954773
0.19104188680648804,0.22003173828125,-0.028989851474761963
0.2946573495864868,0.2700843811035156,0.02457296848297119
0.38862287998199463,0.3620185852050781,0.026604294776916504
0.286073237657547,0.2857532501220703,0.00031998753547668457
0.21632924675941467,0.2142009735107422,0.0021282732486724854
0.39732715487480164,0.2304239273071289,0.16690322756767273
0.4039916396141052,0.2930431365966797,0.11094850301742554
0.0815778449177742,0.3235769271850586,-0.2419990822672844
0.0704597681760788,0.25368309020996094,-0.18322332203388214
0.42607104778289795,0.326507568359375,0.09956347942352295
0.054284222424030304,0.3174400329589844,-0.26315581053495407
0.47574713826179504,0.2791719436645508,0.19657519459724426
0.06734587252140045,0.2451171875,-0.17777131497859955
0.06828631460666656,0.2992744445800781,-0.23098812997341156
0.3888819217681885,0.23433494567871094,0.15454697608947754
0.2044200599193573,0.23935699462890625,-0.03493693470954895
0.06476488709449768,0.15773963928222656,-0.09297475218772888
0.17688609659671783,0.33177757263183594,-0.1548914760351181
0.6065726280212402,0.2865314483642578,0.3200411796569824
0.17538140714168549,0.22821998596191406,-0.05283857882022858
0.22016718983650208,0.3354644775390625,-0.11529728770256042
0.48153606057167053,0.28613853454589844,0.1953975260257721
0.3972622752189636,0.3224639892578125,0.07479828596115112
0.4230303168296814,0.26309967041015625,0.15993064641952515
0.34616509079933167,0.28624820709228516,0.05991688370704651
0.2553291618824005,0.20451927185058594,0.050809890031814575
0.16547544300556183,0.2149791717529297,-0.04950372874736786
0.33638453483581543,0.21671485900878906,0.11966967582702637
0.5179101228713989,0.3022727966308594,0.21563732624053955
0.3204702138900757,0.2617301940917969,0.05874001979827881
0.4473249614238739,0.3275260925292969,0.11979886889457703
0.007189132738858461,0.2250537872314453,-0.21786465449258685
0.4508150517940521,0.2412242889404297,0.20959076285362244
0.09808777272701263,0.19980621337890625,-0.10171844065189362
0.21706373989582062,0.19060802459716797,0.02645571529865265
0.16958202421665192,0.3047657012939453,-0.1351836770772934
0.14419017732143402,0.2665367126464844,-0.12234653532505035
0.22050157189369202,0.18511581420898438,0.03538575768470764
0.25026124715805054,0.34256553649902344,-0.0923042893409729
0.726959228515625,0.28596973419189453,0.44098949432373047
0.22283177077770233,0.22687435150146484,-0.004042580723762512
0.14079414308071136,0.2374591827392578,-0.09666503965854645
0.3577638566493988,0.22653579711914062,0.13122805953025818
0.1087251827120781,0.17409896850585938,-0.06537378579378128
0.019435737282037735,0.24368858337402344,-0.2242528460919857
0.2617868483066559,0.2968902587890625,-0.035103410482406616
0.18640543520450592,0.19382286071777344,-0.007417425513267517
0.0426541268825531,0.24221229553222656,-0.19955816864967346
0.6166457533836365,0.31586170196533203,0.30078405141830444
0.1826123297214508,0.29819488525390625,-0.11558255553245544
0.22584116458892822,0.18579483032226562,0.0400463342666626
0.2294461876153946,0.2726125717163086,-0.043166384100914
0.4967084527015686,0.2566061019897461,0.2401023507118225
0.12226749956607819,0.24726200103759766,-0.12499450147151947
0.14379310607910156,0.20724868774414062,-0.06345558166503906
0.3499372899532318,0.3349180221557617,0.015019267797470093
0.5313270688056946,0.3203582763671875,0.21096879243850708
0.08800417929887772,0.23177337646484375,-0.14376919716596603
0.21060605347156525,0.22248268127441406,-0.011876627802848816
0.22489027678966522,0.17295265197753906,0.05193762481212616
0.16844305396080017,0.2527885437011719,-0.0843454897403717
0.27008360624313354,0.2679605484008789,0.0021230578422546387
0.20350052416324615,0.31333160400390625,-0.1098310798406601
0.09272727370262146,0.21065711975097656,-0.1179298460483551
0.25991639494895935,0.24147319793701172,0.018443197011947632
0.12065830826759338,0.27610015869140625,-0.15544185042381287
0.05178683251142502,0.2967720031738281,-0.2449851706624031
0.08482758700847626,0.3746976852416992,-0.28987009823322296
0.06246604025363922,0.20816612243652344,-0.14570008218288422
0.4581609070301056,0.3326072692871094,0.12555363774299622
0.004179728217422962,0.184814453125,-0.18063472490757704
0.4752873480319977,0.2751493453979492,0.20013800263404846
0.28888192772865295,0.17938995361328125,0.1094919741153717
0.32649949193000793,0.24941444396972656,0.07708504796028137
0.21694879233837128,0.28043174743652344,-0.06348295509815216
0.5337513089179993,0.3299579620361328,0.20379334688186646
0.06003134697675705,0.17094707489013672,-0.11091572791337967
0.02020898647606373,0.19893550872802734,-0.17872652225196362
0.2627899646759033,0.2120513916015625,0.05073857307434082
0.0885266438126564,0.1409749984741211,-0.05244835466146469
0.320407509803772,0.22144508361816406,0.09896242618560791
0.14843259751796722,0.23322677612304688,-0.08479417860507965
0.5328944325447083,0.23697662353515625,0.295917809009552
0.18222570419311523,0.3517799377441406,-0.1695542335510254
0.540867269039154,0.34276580810546875,0.1981014609336853
0.24218390882015228,0.24196624755859375,0.00021766126155853271
0.31874608993530273,0.28556156158447266,0.03318452835083008
0.038192268460989,0.15546607971191406,-0.11727381125092506
0.03745036572217941,0.3310565948486328,-0.2936062291264534
0.7007732391357422,0.18518447875976562,0.5155887603759766
0.08854754269123077,0.23363494873046875,-0.14508740603923798
0.1355067938566208,0.3099956512451172,-0.1744888573884964
0.29416927695274353,0.25145530700683594,0.04271396994590759
0.21975967288017273,0.27923011779785156,-0.05947044491767883
0.43381398916244507,0.36590576171875,0.06790822744369507
0.47053292393684387,0.21651458740234375,0.2540183365345001
0.11447230726480484,0.26351070404052734,-0.1490383967757225
0.07659351825714111,0.20233726501464844,-0.12574374675750732
0.6338348984718323,0.3101367950439453,0.32369810342788696
0.09391849488019943,0.27118587493896484,-0.1772673800587654
0.4010031223297119,0.24765586853027344,0.15334725379943848
0.054137930274009705,0.15328598022460938,-0.09914804995059967
0.2071995884180069,0.2813568115234375,-0.0741572231054306
0.11637408286333084,0.24148178100585938,-0.12510769814252853
0.5031765699386597,0.3247671127319336,0.17840945720672607
0.2451619654893875,0.2171630859375,0.027998879551887512
0.03691745176911354,0.33292198181152344,-0.2960045300424099
0.128484845161438,0.27205848693847656,-0.14357364177703857
0.20467084646224976,0.29644107818603516,-0.0917702317237854
0.46382445096969604,0.27066993713378906,0.19315451383590698
0.058066874742507935,0.2367229461669922,-0.17865607142448425
0.5638453364372253,0.3035697937011719,0.26027554273605347
0.18799373507499695,0.287994384765625,-0.10000064969062805
0.02120167203247547,0.22568416595458984,-0.20448249392211437
0.609467089176178,0.2719459533691406,0.33752113580703735
0.2478056401014328,0.27174949645996094,-0.023943856358528137
0.3358098268508911,0.24866294860839844,0.08714687824249268
0.12358411401510239,0.1906719207763672,-0.0670878067612648
0.10444096475839615,0.3071708679199219,-0.20272990316152573
0.0760919526219368,0.2608222961425781,-0.18473034352064133
0.36064785718917847,0.2388753890991211,0.12177246809005737
0.28048068284988403,0.2883148193359375,-0.007834136486053467
0.11811912059783936,0.28734588623046875,-0.1692267656326294
0.03685475513339043,0.2566871643066406,-0.2198324091732502
0.040094044059515,0.2798585891723633,-0.23976454511284828
0.10537095367908478,0.25807952880859375,-0.15270857512950897
0.2623615562915802,0.22281265258789062,0.039548903703689575
0.630511999130249,0.3673095703125,0.263202428817749
0.138652041554451,0.29787445068359375,-0.15922240912914276
0.1761128455400467,0.3462648391723633,-0.1701519936323166
0.20657262206077576,0.2817535400390625,-0.07518091797828674
0.26496341824531555,0.34050750732421875,-0.0755440890789032
0.0012643678346648812,0.23019790649414062,-0.22893353865947574
0.18470218777656555,0.2518138885498047,-0.06711170077323914
0.082967609167099,0.23773193359375,-0.154764324426651
0.3616405427455902,0.18918418884277344,0.17245635390281677
0.047690700739622116,0.22469329833984375,-0.17700259760022163
0.3880668878555298,0.31199073791503906,0.07607614994049072
0.7352873682975769,0.1955852508544922,0.5397021174430847
0.19613374769687653,0.19994544982910156,-0.0038117021322250366
0.237638458609581,0.2979707717895508,-0.06033231317996979
0.4106791913509369,0.2902679443359375,0.12041124701499939
0.13707418739795685,0.22673797607421875,-0.0896637886762619
0.19020898640155792,0.2718076705932617,-0.0815986841917038
0.511243462562561,0.3243227005004883,0.18692076206207275
0.4641379415988922,0.2855701446533203,0.1785677969455719
0.11324974149465561,0.22655487060546875,-0.11330512911081314
0.5095715522766113,0.22474288940429688,0.28482866287231445
0.02821316570043564,0.22817325592041016,-0.19996009021997452
0.03214211016893387,0.2691154479980469,-0.236973337829113
0.4780355393886566,0.3216686248779297,0.15636691451072693
0.334524542093277,0.2567787170410156,0.07774582505226135
0.17002089321613312,0.2120685577392578,-0.042047664523124695
0.2954963445663452,0.3123321533203125,-0.016835808753967285
0.467157781124115,0.2590160369873047,0.2081417441368103
0.19766980409622192,0.2804412841796875,-0.08277148008346558
0.4456321895122528,0.22586631774902344,0.21976587176322937
0.12273772060871124,0.19749832153320312,-0.07476060092449188
0.21491117775440216,0.27272605895996094,-0.05781488120555878
0.2636990547180176,0.2248058319091797,0.03889322280883789
0.00702194357290864,0.24898719787597656,-0.24196525430306792
0.08184953033924103,0.30581188201904297,-0.22396235167980194
0.30504703521728516,0.26999664306640625,0.035050392150878906
0.33586207032203674,0.29705238342285156,0.03880968689918518
0.17330197989940643,0.36774158477783203,-0.1944396048784256
0.6294670701026917,0.2216348648071289,0.40783220529556274
0.6466352939605713,0.27110862731933594,0.37552666664123535
0.1049947738647461,0.18819236755371094,-0.08319759368896484
0.6169697046279907,0.33582210540771484,0.2811475992202759
0.8637304306030273,0.2780475616455078,0.5856828689575195
0.02467084676027298,0.22492027282714844,-0.20024942606687546
0.42695924639701843,0.3184356689453125,0.10852357745170593
0.05780564248561859,0.23816680908203125,-0.18036116659641266
0.05660397186875343,0.27335453033447266,-0.21675055846571922
0.4917241334915161,0.27484703063964844,0.21687710285186768
0.6082236170768738,0.24629688262939453,0.36192673444747925
0.32065829634666443,0.23868179321289062,0.0819765031337738
0.08856844156980515,0.2242412567138672,-0.13567281514406204
0.6698014736175537,0.28282928466796875,0.38697218894958496
0.09004179388284683,0.26328468322753906,-0.17324288934469223
0.42035529017448425,0.2961921691894531,0.12416312098503113
0.013908046297729015,0.17029476165771484,-0.15638671535998583
0.10745036602020264,0.23013877868652344,-0.1226884126663208
0.02481713704764843,0.25733375549316406,-0.23251661844551563
0.4354754388332367,0.2399425506591797,0.195532888174057
0.33248692750930786,0.1738605499267578,0.15862637758255005
0.21105538308620453,0.2480182647705078,-0.036962881684303284
0.06399164348840714,0.30367469787597656,-0.23968305438756943
0.39474397897720337,0.3095073699951172,0.08523660898208618
0.05410658195614815,0.29489707946777344,-0.2407904975116253
0.20050156116485596,0.23742008209228516,-0.0369185209274292
0.6571159958839417,0.26169586181640625,0.3954201340675354
0.633145272731781,0.3020286560058594,0.33111661672592163
0.40552768111228943,0.2852449417114258,0.12028273940086365
0.21329154074192047,0.2849540710449219,-0.0716625303030014
0.2619853615760803,0.274017333984375,-0.012031972408294678
0.1615360528230667,0.3123130798339844,-0.15077702701091766
0.22917450964450836,0.22202110290527344,0.007153406739234924
0.605830729007721,0.2709808349609375,0.33484989404678345
0.08050156384706497,0.19887256622314453,-0.11837100237607956
0.04878787696361542,0.24884510040283203,-0.2000572234392166
0.5934587121009827,0.28049659729003906,0.3129621148109436
0.19532915949821472,0.28446006774902344,-0.08913090825080872
0.17576801776885986,0.23053264617919922,-0.054764628410339355
0.6460188031196594,0.27992725372314453,0.3660915493965149
0.40945664048194885,0.3035411834716797,0.10591545701026917
0.16433647274971008,0.28647422790527344,-0.12213775515556335
0.3125600814819336,0.2559661865234375,0.056593894958496094
0.012706373818218708,0.17191696166992188,-0.15921058785170317
0.17570532858371735,0.2244281768798828,-0.048722848296165466
0.5826854705810547,0.3036384582519531,0.27904701232910156
0.24782654643058777,0.2732524871826172,-0.02542594075202942
0.41786834597587585,0.2230234146118164,0.19484493136405945
0.11608150601387024,0.3144512176513672,-0.19836971163749695
0.655966579914093,0.32921886444091797,0.32674771547317505
0.15439917147159576,0.22389602661132812,-0.06949685513973236
0.6620898842811584,0.31622314453125,0.34586673974990845
0.13980145752429962,0.31005191802978516,-0.17025046050548553
0.1371055394411087,0.19397830963134766,-0.05687277019023895
0.5788819193840027,0.20581626892089844,0.37306565046310425
0.09987460821866989,0.24648094177246094,-0.14660633355379105
0.28947752714157104,0.3377799987792969,-0.04830247163772583
0.2806374132633209,0.28267478942871094,-0.0020373761653900146
0.7016405463218689,0.22605419158935547,0.4755863547325134
0.48152559995651245,0.29575157165527344,0.185774028301239
0.30658307671546936,0.23307228088378906,0.0735107958316803
0.26108673214912415,0.21545028686523438,0.04563644528388977
0.13885056972503662,0.31577014923095703,-0.1769195795059204
0.06823406368494034,0.32863330841064453,-0.2603992447257042
0.34996864199638367,0.21767234802246094,0.13229629397392273
0.5433019995689392,0.3617572784423828,0.1815447211265564
0.06029257923364639,0.15758705139160156,-0.09729447215795517
0.48358410596847534,0.2683277130126953,0.21525639295578003
0.2687460780143738,0.3224058151245117,-0.05365973711013794
0.27199581265449524,0.23502635955810547,0.03696945309638977
0.020125390961766243,0.32489776611328125,-0.304772375151515
0.4216196537017822,0.3657264709472656,0.0558931827545166
0.8311807513237,0.27068233489990234,0.5604984164237976
0.1368861049413681,0.22198486328125,-0.0850987583398819
0.025172414258122444,0.24519824981689453,-0.2200258355587721
0.11924765259027481,0.2160491943359375,-0.09680154174566269
0.5471786856651306,0.28118133544921875,0.26599735021591187
0.3048171401023865,0.3116168975830078,-0.006799757480621338
0.49945664405822754,0.2435760498046875,0.25588059425354004
0.14117032289505005,0.13210487365722656,0.009065449237823486
0.6001149415969849,0.2731800079345703,0.32693493366241455
0.010459770448505878,0.1486072540283203,-0.13814748357981443
0.060626957565546036,0.1940765380859375,-0.13344958052039146
0.03781609237194061,0.15187454223632812,-0.11405844986438751
0.515214204788208,0.22327423095703125,0.29193997383117676
0.0763113871216774,0.35984325408935547,-0.28353186696767807
0.009623824618756771,0.20283794403076172,-0.19321411941200495
0.37141066789627075,0.23071002960205078,0.14070063829421997
0.02532915398478508,0.21923542022705078,-0.1939062662422657
0.17635318636894226,0.33174610137939453,-0.15539291501045227
0.025245558470487595,0.27870941162109375,-0.25346385315060616
0.10138975828886032,0.28231239318847656,-0.18092263489961624
0.6350574493408203,0.25106239318847656,0.38399505615234375
0.06468129903078079,0.1893768310546875,-0.12469553202390671
0.17107628285884857,0.22205257415771484,-0.05097629129886627
0.08902820944786072,0.19552230834960938,-0.10649409890174866
0.46330198645591736,0.36142730712890625,0.10187467932701111
0.14045977592468262,0.20894432067871094,-0.06848454475402832
0.5040856599807739,0.2443065643310547,0.25977909564971924
0.0321212112903595,0.21953392028808594,-0.18741270899772644
0.8347231149673462,0.2320556640625,0.6026674509048462
0.13409613072872162,0.3411741256713867,-0.2070779949426651
0.3827168345451355,0.23148155212402344,0.15123528242111206
0.5889341831207275,0.24251747131347656,0.346416711807251
0.3639811873435974,0.3166980743408203,0.0472831130027771
0.14356321096420288,0.22939300537109375,-0.08582979440689087
0.412131667137146,0.33000850677490234,0.08212316036224365
0.2901671826839447,0.3586158752441406,-0.06844869256019592
0.2702716886997223,0.2770118713378906,-0.006740182638168335
0.02459770068526268,0.3610191345214844,-0.3364214338362217
0.6035945415496826,0.2505636215209961,0.3530309200286865
0.29547545313835144,0.2536764144897461,0.04179903864860535
0.11537095159292221,0.22072505950927734,-0.10535410791635513
0.623542308807373,0.3451213836669922,0.27842092514038086
0.6740021109580994,0.23387908935546875,0.4401230216026306
0.7724137902259827,0.2913036346435547,0.481110155582428
0.025799373164772987,0.18616008758544922,-0.16036071442067623
0.16208986937999725,0.2581920623779297,-0.09610219299793243
0.14452455937862396,0.2795677185058594,-0.1350431591272354
0.3901253938674927,0.28438282012939453,0.10574257373809814
0.23786833882331848,0.3515739440917969,-0.1137056052684784
0.21901775896549225,0.2612285614013672,-0.04221080243587494
0.43110764026641846,0.2980308532714844,0.13307678699493408
0.06554859131574631,0.2202615737915039,-0.1547129824757576
0.7140334248542786,0.31333160400390625,0.4007018208503723
0.21428422629833221,0.23091506958007812,-0.01663084328174591
0.2131243497133255,0.1916351318359375,0.021489217877388
0.40595611929893494,0.2531776428222656,0.1527784764766693
0.2410031408071518,0.24280738830566406,-0.001804247498512268
0.3110031485557556,0.2835826873779297,0.027420461177825928
0.6983489990234375,0.3292217254638672,0.3691272735595703
0.2102716863155365,0.30329322814941406,-0.09302154183387756
0.26789969205856323,0.29702091217041016,-0.029121220111846924
0.10341692715883255,0.22159767150878906,-0.11818074434995651
0.031786832958459854,0.17007160186767578,-0.13828476890921593
0.07079415023326874,0.22942543029785156,-0.15863128006458282
0.37427377700805664,0.2396240234375,0.13464975357055664
0.1707001030445099,0.2866964340209961,-0.1159963309764862
0.04434691742062569,0.2344207763671875,-0.1900738589465618
0.15733543038368225,0.31395626068115234,-0.1566208302974701
0.04464994743466377,0.2685708999633789,-0.22392095252871513
0.11323928833007812,0.24269390106201172,-0.1294546127319336
0.07299895584583282,0.20595645904541016,-0.13295750319957733
0.12438871711492538,0.29032325744628906,-0.16593454033136368
0.006039707455784082,0.10561180114746094,-0.09957209369167686
0.13207940757274628,0.2288227081298828,-0.09674330055713654
0.09787879139184952,0.31163501739501953,-0.21375622600317
0.26029258966445923,0.26803016662597656,-0.007737576961517334
0.0451410673558712,0.25661277770996094,-0.21147171035408974
0.07728317379951477,0.3103790283203125,-0.23309585452079773
0.3056217432022095,0.26645851135253906,0.03916323184967041
0.4465099275112152,0.2613487243652344,0.18516120314598083
0.09038662165403366,0.3197927474975586,-0.22940612584352493
0.2343469113111496,0.28221702575683594,-0.04787011444568634
0.7179833054542542,0.3515758514404297,0.36640745401382446
0.14929988980293274,0.23281383514404297,-0.08351394534111023
0.5803866386413574,0.3724374771118164,0.20794916152954102
0.1484535038471222,0.24781227111816406,-0.09935876727104187
0.06500522792339325,0.21542739868164062,-0.15042217075824738
0.4105433523654938,0.2706327438354492,0.13991060853004456
0.37221524119377136,0.2942848205566406,0.07793042063713074
0.14397074282169342,0.1594696044921875,-0.01549886167049408
0.3181818127632141,0.2989635467529297,0.019218266010284424
0.48950886726379395,0.2833986282348633,0.20611023902893066
0.545005202293396,0.2646160125732422,0.2803891897201538
0.06144200637936592,0.3096446990966797,-0.24820269271731377
0.2122465968132019,0.2664794921875,-0.054232895374298096
0.09075234830379486,0.2154369354248047,-0.12468458712100983
0.5451515316963196,0.3421649932861328,0.20298653841018677
0.5887669920921326,0.2708854675292969,0.3178815245628357
0.17967607080936432,0.37412261962890625,-0.19444654881954193
0.5099477767944336,0.2108898162841797,0.2990579605102539
0.20233020186424255,0.28702735900878906,-0.08469715714454651
0.04753395915031433,0.14832496643066406,-0.10079100728034973
0.6342946887016296,0.2697715759277344,0.36452311277389526
0.4785057604312897,0.2939033508300781,0.18460240960121155
0.095256008207798,0.19851016998291016,-0.10325416177511215
0.09316614270210266,0.25548839569091797,-0.1623222529888153
0.15245558321475983,0.3107337951660156,-0.1582782119512558
0.4590386748313904,0.35509586334228516,0.10394281148910522
0.6335422992706299,0.2668313980102539,0.366710901260376
0.06289446353912354,0.2521934509277344,-0.18929898738861084
0.19779519736766815,0.20417118072509766,-0.006375983357429504
0.145161971449852,0.24502849578857422,-0.09986652433872223
0.23496343195438385,0.24845600128173828,-0.013492569327354431
0.12497387826442719,0.3052806854248047,-0.1803068071603775
0.4613479673862457,0.3346576690673828,0.12669029831886292
0.09256008267402649,0.2931547164916992,-0.20059463381767273
0.008066875860095024,0.3175506591796875,-0.3094837833195925
0.3882654011249542,0.3334999084472656,0.0547654926776886
0.27111807465553284,0.24613666534423828,0.024981409311294556
0.5100104212760925,0.2521686553955078,0.2578417658805847
0.1540125459432602,0.2325878143310547,-0.0785752683877945
0.45862069725990295,0.2868022918701172,0.17181840538978577
0.1772727221250534,0.2153949737548828,-0.03812225162982941
0.14351096749305725,0.26184654235839844,-0.11833557486534119
0.13772204518318176,0.3090972900390625,-0.17137524485588074
0.23801462352275848,0.2581634521484375,-0.020148828625679016
0.3248589336872101,0.2740478515625,0.05081108212471008
0.10724137723445892,0.2053384780883789,-0.09809710085391998
0.502079427242279,0.26944923400878906,0.23263019323349
0.2500104606151581,0.3071765899658203,-0.05716612935066223
0.6774921417236328,0.25110626220703125,0.42638587951660156
0.27242425084114075,0.1791553497314453,0.09326890110969543
0.32526645064353943,0.24143505096435547,0.08383139967918396
0.3763427436351776,0.1718006134033203,0.2045421302318573
0.19280041754245758,0.18100547790527344,0.011794939637184143
0.07123301923274994,0.22440528869628906,-0.15317226946353912
0.34272727370262146,0.2720184326171875,0.07070884108543396
0.49776384234428406,0.28943443298339844,0.20832940936088562
0.5439184904098511,0.303253173828125,0.24066531658172607
0.48264366388320923,0.3441886901855469,0.13845497369766235
0.30328109860420227,0.2324991226196289,0.07078197598457336
0.22545453906059265,0.32032012939453125,-0.0948655903339386
0.10753396153450012,0.21790218353271484,-0.11036822199821472
0.15003134310245514,0.30879974365234375,-0.1587684005498886
0.19905956089496613,0.30135536193847656,-0.10229580104351044
0.17825496196746826,0.24718475341796875,-0.06892979145050049
0.5277220606803894,0.3246269226074219,0.20309513807296753
0.7360501289367676,0.2827472686767578,0.45330286026000977
0.0974503681063652,0.26975250244140625,-0.17230213433504105
0.5392058491706848,0.2919158935546875,0.24728995561599731
0.07771159708499908,0.3171348571777344,-0.2394232600927353
0.19924764335155487,0.25992298126220703,-0.06067533791065216
0.35584115982055664,0.34505653381347656,0.010784626007080078
0.058160919696092606,0.25353527069091797,-0.19537435099482536
0.05970741808414459,0.26972103118896484,-0.21001361310482025
0.24866248667240143,0.23605918884277344,0.01260329782962799
0.052455589175224304,0.2944755554199219,-0.24201996624469757
0.4964263439178467,0.24040603637695312,0.25602030754089355
0.4835945665836334,0.2740478515625,0.20954671502113342
0.10636363923549652,0.24006080627441406,-0.13369716703891754
0.06598746031522751,0.3017444610595703,-0.2357570007443428
0.060825496912002563,0.3230323791503906,-0.26220688223838806
0.07414837926626205,0.174224853515625,-0.10007647424936295
0.5982758402824402,0.279998779296875,0.3182770609855652
0.6858411431312561,0.3240184783935547,0.3618226647377014
0.5584848523139954,0.29463958740234375,0.2638452649116516
0.36475443840026855,0.2975616455078125,0.06719279289245605
0.05557993799448013,0.26944541931152344,-0.2138654813170433
0.21535004675388336,0.28403472900390625,-0.06868468225002289
0.01106583047658205,0.27240943908691406,-0.261343608610332
0.34772205352783203,0.31479454040527344,0.032927513122558594
0.34867292642593384,0.2765026092529297,0.07217031717300415
0.1482236087322235,0.20183944702148438,-0.053615838289260864
0.006154649890959263,0.1545886993408203,-0.14843404944986105
0.4006269574165344,0.2599983215332031,0.1406286358833313
0.5430616736412048,0.28119564056396484,0.26186603307724
0.24909090995788574,0.26983070373535156,-0.02073979377746582
0.1263636350631714,0.23868751525878906,-0.11232388019561768
0.11563218384981155,0.1963329315185547,-0.08070074766874313
0.4459143280982971,0.24946117401123047,0.19645315408706665
0.4823615550994873,0.28430938720703125,0.19805216789245605
0.2921316623687744,0.3083648681640625,-0.016233205795288086
0.28172412514686584,0.2995920181274414,-0.01786789298057556
0.3655067980289459,0.2347278594970703,0.1307789385318756
0.5448171496391296,0.30992698669433594,0.2348901629447937
0.14689655601978302,0.20957279205322266,-0.06267623603343964
0.34099268913269043,0.23074913024902344,0.11024355888366699
0.8008150458335876,0.24650859832763672,0.5543064475059509
0.09530825167894363,0.2947711944580078,-0.19946294277906418
0.4928840100765228,0.1902294158935547,0.30265459418296814
0.33541274070739746,0.21295166015625,0.12246108055114746
0.05261233076453209,0.24141883850097656,-0.18880650773644447
0.11241379380226135,0.26208972930908203,-0.14967593550682068
0.5128840208053589,0.3412361145019531,0.17164790630340576
0.25215256214141846,0.2679328918457031,-0.015780329704284668
0.18248693645000458,0.30225086212158203,-0.11976392567157745
0.009184952825307846,0.17232704162597656,-0.16314208880066872
0.06538140028715134,0.168548583984375,-0.10316718369722366
0.18358412384986877,0.31197452545166016,-0.12839040160179138
0.7450783848762512,0.3089885711669922,0.43608981370925903
0.37822362780570984,0.2863311767578125,0.09189245104789734
0.0027795194182544947,0.18014907836914062,-0.17736955895088613
0.10566353052854538,0.28380775451660156,-0.17814422398805618
0.250459760427475,0.36461830139160156,-0.11415854096412659
0.01698014698922634,0.2724723815917969,-0.25549223460257053
0.08241379261016846,0.24260425567626953,-0.16019046306610107
0.3591640591621399,0.25981712341308594,0.09934693574905396
0.2750156819820404,0.3290376663208008,-0.054021984338760376
0.14927899837493896,0.18491363525390625,-0.035634636878967285
0.09315569698810577,0.3025503158569336,-0.20939461886882782
0.09577847272157669,0.21135330200195312,-0.11557482928037643
0.10779519379138947,0.30535125732421875,-0.19755606353282928
0.48554858565330505,0.23373889923095703,0.251809686422348
0.17782653868198395,0.19810867309570312,-0.020282134413719177
0.050741903483867645,0.2849082946777344,-0.23416639119386673
0.31389760971069336,0.2877464294433594,0.026151180267333984
0.18140020966529846,0.25766944885253906,-0.0762692391872406
0.568432629108429,0.2828407287597656,0.28559190034866333
0.16259142756462097,0.24924468994140625,-0.08665326237678528
0.5081191062927246,0.2786722183227539,0.2294468879699707
0.35150471329689026,0.20353317260742188,0.14797154068946838
0.4062069058418274,0.23465728759765625,0.17154961824417114
0.10341692715883255,0.23255157470703125,-0.1291346475481987
0.10846395045518875,0.2525348663330078,-0.14407091587781906
0.085893414914608,0.2747955322265625,-0.1889021173119545
0.5757367014884949,0.2657890319824219,0.309947669506073
0.7547439932823181,0.3225107192993164,0.4322332739830017
0.3030303120613098,0.21878814697265625,0.08424216508865356
0.30506792664527893,0.22463607788085938,0.08043184876441956
0.48649948835372925,0.2503070831298828,0.23619240522384644
0.24820271134376526,0.29381561279296875,-0.04561290144920349
0.1461755484342575,0.2355203628540039,-0.0893448144197464
0.5966771245002747,0.3580493927001953,0.23862773180007935
0.30514106154441833,0.27913379669189453,0.026007264852523804
0.12031348049640656,0.20897579193115234,-0.08866231143474579
0.04223615303635597,0.2057971954345703,-0.16356104239821434
0.19355276226997375,0.18222808837890625,0.011324673891067505
0.4517868459224701,0.28121089935302734,0.17057594656944275
0.17490072548389435,0.23065567016601562,-0.05575494468212128
0.49793103337287903,0.2866687774658203,0.21126225590705872
0.10980146378278732,0.23889541625976562,-0.1290939524769783
0.16010449826717377,0.2325582504272461,-0.07245375216007233
0.07270637154579163,0.26836204528808594,-0.1956556737422943
0.16583071649074554,0.33249473571777344,-0.1666640192270279
0.0929153636097908,0.27228355407714844,-0.17936819046735764
0.2336154580116272,0.3449115753173828,-0.11129611730575562
0.7645140886306763,0.26251792907714844,0.5019961595535278
0.23146291077136993,0.18282318115234375,0.048639729619026184
0.10098223388195038,0.2065906524658203,-0.10560841858386993
0.14265412092208862,0.314208984375,-0.17155486345291138
0.2911180853843689,0.25401878356933594,0.03709930181503296
0.2632497251033783,0.1978445053100586,0.0654052197933197
0.5212852954864502,0.2762870788574219,0.24499821662902832
0.029362590983510017,0.1647930145263672,-0.13543042354285717
0.011703239753842354,0.22968387603759766,-0.2179806362837553
0.24525600671768188,0.2278766632080078,0.017379343509674072
0.18045976758003235,0.2563762664794922,-0.07591649889945984
0.6929885149002075,0.3392047882080078,0.3537837266921997
0.3844618499279022,0.21424388885498047,0.17021796107292175
0.14480668306350708,0.22138404846191406,-0.07657736539840698
0.45584118366241455,0.31001949310302734,0.1458216905593872
0.05426332354545593,0.29523372650146484,-0.2409704029560089
0.21390804648399353,0.2192821502685547,-0.005374103784561157
0.3167084753513336,0.2744178771972656,0.04229059815406799
0.19486938416957855,0.19127464294433594,0.0035947412252426147
0.10966562479734421,0.23073959350585938,-0.12107396870851517
0.059623826295137405,0.2547798156738281,-0.19515598937869072
0.13708463311195374,0.21189403533935547,-0.07480940222740173
0.5638766884803772,0.28343963623046875,0.28043705224990845
0.2272413820028305,0.29144859313964844,-0.06420721113681793
0.046572621911764145,0.19307327270507812,-0.14650065079331398
0.11949843168258667,0.20138072967529297,-0.0818822979927063
0.03245558962225914,0.2469491958618164,-0.21449360623955727
0.7630720734596252,0.28551673889160156,0.4775553345680237
0.13778474926948547,0.3035297393798828,-0.16574499011039734
0.15285266935825348,0.2301921844482422,-0.07733951508998871
0.02366771176457405,0.15396690368652344,-0.1302991919219494
0.1774190217256546,0.1937236785888672,-0.016304656863212585
0.3665517270565033,0.2706279754638672,0.09592375159263611
0.2254963368177414,0.2922964096069336,-0.0668000727891922
0.06178683415055275,0.261322021484375,-0.19953518733382225
0.0760188102722168,0.18724441528320312,-0.11122560501098633
0.03523511067032814,0.2657146453857422,-0.23047953471541405
0.005715778563171625,0.17897605895996094,-0.1732602803967893
0.45101359486579895,0.21573448181152344,0.2352791130542755
0.12806688249111176,0.1829357147216797,-0.05486883223056793
0.19727273285388947,0.26532554626464844,-0.06805281341075897
0.32196447253227234,0.3046379089355469,0.017326563596725464
0.13036572933197021,0.19087791442871094,-0.06051218509674072
0.21544410288333893,0.2504386901855469,-0.03499458730220795
0.05290491133928299,0.17303085327148438,-0.12012594193220139
0.01710553839802742,0.23681259155273438,-0.21970705315470695
0.08595611155033112,0.24470138549804688,-0.15874527394771576
0.4506165087223053,0.2045421600341797,0.2460743486881256
0.05678160861134529,0.2047271728515625,-0.1479455642402172
0.0685579925775528,0.29228878021240234,-0.22373078763484955
0.26628005504608154,0.30406761169433594,-0.037787556648254395
0.12672936916351318,0.28848934173583984,-0.16175997257232666
0.549278974533081,0.20815086364746094,0.3411281108856201
0.11755485832691193,0.17497730255126953,-0.057422444224357605
0.08349007368087769,0.2770709991455078,-0.19358092546463013
0.30878788232803345,0.2759265899658203,0.032861292362213135
0.5814942717552185,0.30179786682128906,0.27969640493392944
0.5489237308502197,0.2521486282348633,0.29677510261535645
0.22495298087596893,0.25739097595214844,-0.032437995076179504
0.6498537063598633,0.23204803466796875,0.41780567169189453
0.03459770232439041,0.2185354232788086,-0.18393772095441818
0.013416928239166737,0.3318195343017578,-0.3184026060625911
0.5527377128601074,0.2442150115966797,0.30852270126342773
0.07347962260246277,0.2822399139404297,-0.20876029133796692
0.013740857131779194,0.23299503326416016,-0.21925417613238096
0.16086728870868683,0.25470924377441406,-0.09384195506572723
0.5244932174682617,0.2886781692504883,0.23581504821777344
0.5700209140777588,0.2302722930908203,0.3397486209869385
0.47656217217445374,0.19150924682617188,0.28505292534828186
0.020386625081300735,0.23197364807128906,-0.21158702298998833
0.01661442033946514,0.2477245330810547,-0.23111011274158955
0.5570010542869568,0.21950149536132812,0.33749955892562866
0.007377220317721367,0.23342132568359375,-0.22604410536587238
0.3024660348892212,0.3070354461669922,-0.004569411277770996
0.38538140058517456,0.3238239288330078,0.06155747175216675
0.2824764847755432,0.3087158203125,-0.026239335536956787
0.1706792116165161,0.3069114685058594,-0.13623225688934326
0.6523929238319397,0.2297077178955078,0.4226852059364319
0.14072100818157196,0.2514839172363281,-0.11076290905475616
0.11453500390052795,0.24497604370117188,-0.13044103980064392
0.7831556797027588,0.33861351013183594,0.44454216957092285
0.07085684686899185,0.24622344970703125,-0.1753666028380394
0.2958829700946808,0.23029041290283203,0.06559255719184875
0.03711598739027977,0.2630138397216797,-0.22589785233139992
0.2562800347805023,0.34259033203125,-0.08631029725074768
0.2552873492240906,0.2921142578125,-0.036826908588409424
0.5125182867050171,0.34696197509765625,0.16555631160736084
0.2957889139652252,0.21976661682128906,0.07602229714393616
0.2052978128194809,0.3076038360595703,-0.10230602324008942
0.42681294679641724,0.23621177673339844,0.1906011700630188
0.03625914454460144,0.2791109085083008,-0.24285176396369934
0.033357180655002594,0.2403545379638672,-0.2069973573088646
0.34738239645957947,0.31066131591796875,0.03672108054161072
0.2713995575904846,0.18788433074951172,0.0835152268409729
0.22674162685871124,0.23012924194335938,-0.0033876150846481323
0.041520942002534866,0.29456520080566406,-0.2530442588031292
0.33465585112571716,0.2555980682373047,0.07905778288841248
0.030645454302430153,0.2536277770996094,-0.22298232279717922
0.1948269009590149,0.28423500061035156,-0.08940809965133667
0.3567970395088196,0.25557804107666016,0.10121899843215942
0.26823920011520386,0.2747926712036133,-0.006553471088409424
0.054101381450891495,0.13602638244628906,-0.08192500099539757
0.22724933922290802,0.25055694580078125,-0.02330760657787323
0.22516708076000214,0.32277679443359375,-0.09760971367359161
0.049893856048583984,0.254791259765625,-0.20489740371704102
0.047386396676301956,0.23267650604248047,-0.1852901093661785
0.43149736523628235,0.28410911560058594,0.1473882496356964
0.28026100993156433,0.23796463012695312,0.042296379804611206
0.23661960661411285,0.2779512405395508,-0.04133163392543793
0.48286277055740356,0.29500770568847656,0.187855064868927
0.33402350544929504,0.1940765380859375,0.13994696736335754
0.37384870648384094,0.36789512634277344,0.005953580141067505
0.17332106828689575,0.18379688262939453,-0.01047581434249878
0.03069385699927807,0.22934818267822266,-0.1986543256789446
0.23250889778137207,0.3089160919189453,-0.07640719413757324
0.35291653871536255,0.2388324737548828,0.11408406496047974
0.4095008671283722,0.204376220703125,0.2051246464252472
0.18776783347129822,0.24797821044921875,-0.06021037697792053
0.26237472891807556,0.2734546661376953,-0.011079937219619751
0.28575992584228516,0.26958656311035156,0.016173362731933594
0.1598181128501892,0.26236629486083984,-0.10254818201065063
0.24934501945972443,0.31229496002197266,-0.06294994056224823
0.5210588574409485,0.27919864654541016,0.24186021089553833
0.3052326738834381,0.20934104919433594,0.09589162468910217
0.04552394896745682,0.279327392578125,-0.23380344361066818
0.2274349182844162,0.2644977569580078,-0.037062838673591614
0.19843241572380066,0.2525634765625,-0.05413106083869934
0.2661114037036896,0.37867069244384766,-0.11255928874015808
0.05573485791683197,0.276702880859375,-0.22096802294254303
0.21998877823352814,0.267303466796875,-0.04731468856334686
0.2758137285709381,0.2597217559814453,0.016091972589492798
0.5154640078544617,0.2882261276245117,0.22723788022994995
0.3569784462451935,0.24159812927246094,0.11538031697273254
0.20159442722797394,0.2150421142578125,-0.013447687029838562
0.5097129344940186,0.3155860900878906,0.19412684440612793
0.039274293929338455,0.21564960479736328,-0.17637531086802483
0.0794001892209053,0.24387359619140625,-0.16447340697050095
0.17764495313167572,0.2162637710571289,-0.038618817925453186
0.20601335167884827,0.27942562103271484,-0.07341226935386658
0.27753961086273193,0.34506797790527344,-0.0675283670425415
0.21456721425056458,0.2817211151123047,-0.06715390086174011
0.26218926906585693,0.29660797119140625,-0.034418702125549316
0.20557473599910736,0.30785465240478516,-0.1022799164056778
0.08879291266202927,0.29174041748046875,-0.20294750481843948
0.24599705636501312,0.21968650817871094,0.026310548186302185
0.2816271483898163,0.16345596313476562,0.11817118525505066
0.2839707136154175,0.24078750610351562,0.043183207511901855
0.16356156766414642,0.30288028717041016,-0.13931871950626373
0.2500212490558624,0.3337411880493164,-0.08371993899345398
0.2326291799545288,0.18820858001708984,0.044420599937438965
0.1802995204925537,0.2514200210571289,-0.0711205005645752
0.19494980573654175,0.2309246063232422,-0.03597480058670044
0.1891247183084488,0.17822647094726562,0.010898247361183167
0.31063857674598694,0.2527885437011719,0.057850033044815063
0.15969663858413696,0.17665672302246094,-0.016960084438323975
0.35241514444351196,0.24028396606445312,0.11213117837905884
0.1330672949552536,0.2033519744873047,-0.07028467953205109
0.10981651395559311,0.1722393035888672,-0.06242278963327408
0.1531076729297638,0.2999134063720703,-0.14680573344230652
0.27179834246635437,0.2774944305419922,-0.005696088075637817
0.18726816773414612,0.2349834442138672,-0.04771527647972107
0.10839958488941193,0.2863292694091797,-0.17792968451976776
0.14317956566810608,0.2816791534423828,-0.13849958777427673
0.039094358682632446,0.18308067321777344,-0.143986314535141
0.17661623656749725,0.275665283203125,-0.09904904663562775
0.4285390079021454,0.31882286071777344,0.10971614718437195
0.29471203684806824,0.32422637939453125,-0.029514342546463013
0.355825275182724,0.2786092758178711,0.0772159993648529
0.3133124113082886,0.21029376983642578,0.10301864147186279
0.31251615285873413,0.2752094268798828,0.03730672597885132
0.3606250286102295,0.2854804992675781,0.07514452934265137
0.2684880793094635,0.28710365295410156,-0.01861557364463806
0.04152018949389458,0.23457717895507812,-0.19305698946118355
0.43837448954582214,0.2608642578125,0.17751023173332214
0.19547203183174133,0.17748546600341797,0.017986565828323364
0.17910677194595337,0.20209598541259766,-0.022989213466644287
0.20902739465236664,0.2607755661010742,-0.05174817144870758
0.2412625104188919,0.2170248031616211,0.024237707257270813
0.23240959644317627,0.23619461059570312,-0.0037850141525268555
0.25693047046661377,0.26708412170410156,-0.010153651237487793
0.4305713474750519,0.36527538299560547,0.06529596447944641
0.20010966062545776,0.2707710266113281,-0.07066136598587036
0.3299442529678345,0.193267822265625,0.13667643070220947
0.2871237099170685,0.26345062255859375,0.02367308735847473
0.4127199351787567,0.24204635620117188,0.17067357897758484
0.20032256841659546,0.24765586853027344,-0.04733330011367798
0.21940231323242188,0.2261066436767578,-0.0067043304443359375
0.5373150706291199,0.22533607482910156,0.3119789958000183
0.34233060479164124,0.27588653564453125,0.06644406914710999
0.3093244433403015,0.19365501403808594,0.11566942930221558
0.22970226407051086,0.2666168212890625,-0.036914557218551636
0.39967769384384155,0.20234107971191406,0.1973366141319275
0.22999830543994904,0.3000926971435547,-0.07009439170360565
0.3290327787399292,0.2909221649169922,0.03811061382293701
0.1587219387292862,0.23219871520996094,-0.07347677648067474
0.17064645886421204,0.29698753356933594,-0.1263410747051239
0.35219353437423706,0.27385711669921875,0.07833641767501831
0.18083079159259796,0.19471168518066406,-0.013880893588066101
0.39361661672592163,0.24724102020263672,0.1463755965232849
0.15305347740650177,0.2989234924316406,-0.14587001502513885
0.30616557598114014,0.2666473388671875,0.03951823711395264
0.2354227602481842,0.26705074310302734,-0.03162798285484314
0.15609197318553925,0.20496177673339844,-0.04886980354785919
0.24597999453544617,0.17746734619140625,0.06851264834403992
0.26408132910728455,0.16945266723632812,0.09462866187095642
0.03724006190896034,0.3003807067871094,-0.26314064487814903
0.047263260930776596,0.24525070190429688,-0.19798744097352028
0.32681986689567566,0.24822235107421875,0.07859751582145691
0.19491805136203766,0.2838449478149414,-0.08892689645290375
0.18709209561347961,0.24767303466796875,-0.060580939054489136
0.4060942232608795,0.24428176879882812,0.1618124544620514
0.2694243788719177,0.2518329620361328,0.017591416835784912
0.03756720945239067,0.22608661651611328,-0.1885194070637226
0.23706626892089844,0.28131771087646484,-0.044251441955566406
0.18589134514331818,0.20522689819335938,-0.0193355530500412
0.04013673961162567,0.21347618103027344,-0.17333944141864777
0.22717511653900146,0.2299976348876953,-0.0028225183486938477
0.32105913758277893,0.2864418029785156,0.034617334604263306
0.05413021892309189,0.23516273498535156,-0.18103251606225967
0.17328809201717377,0.17990970611572266,-0.006621614098548889
0.3433247208595276,0.27104949951171875,0.07227522134780884
0.2402537316083908,0.27536487579345703,-0.03511114418506622
0.25962501764297485,0.23002243041992188,0.02960258722305298
0.04001022130250931,0.13518333435058594,-0.09517311304807663
0.38431039452552795,0.2629690170288086,0.12134137749671936
0.23275215923786163,0.21512413024902344,0.017628028988838196
0.2701590657234192,0.26285552978515625,0.0073035359382629395
0.4310396909713745,0.2317371368408203,0.1993025541305542
0.2697742283344269,0.2419261932373047,0.027848035097122192
0.34906890988349915,0.2947959899902344,0.05427291989326477
0.1703418791294098,0.25562572479248047,-0.08528384566307068
0.24332596361637115,0.23906993865966797,0.004256024956703186
0.20972834527492523,0.2801685333251953,-0.07044018805027008
0.21393072605133057,0.22796249389648438,-0.014031767845153809
0.15549448132514954,0.19598960876464844,-0.0404951274394989
0.20677585899829865,0.20388221740722656,0.0028936415910720825
0.2311752289533615,0.2372570037841797,-0.006081774830818176
0.3429443836212158,0.32149696350097656,0.021447420120239258
0.2607857584953308,0.27440643310546875,-0.01362067461013794
0.19562940299510956,0.23909568786621094,-0.04346628487110138
0.08002138137817383,0.31268882751464844,-0.2326674461364746
0.33688557147979736,0.3458442687988281,-0.008958697319030762
0.42809009552001953,0.3119049072265625,0.11618518829345703
0.03712144121527672,0.30847644805908203,-0.2713550068438053
0.2855442762374878,0.2550945281982422,0.030449748039245605
0.2654300332069397,0.2376270294189453,0.027803003787994385
0.22983604669570923,0.2716236114501953,-0.041787564754486084
0.4167391359806061,0.35988426208496094,0.05685487389564514
0.21342401206493378,0.3187837600708008,-0.105359748005867
0.18177348375320435,0.3296794891357422,-0.14790600538253784
0.05036407709121704,0.23688125610351562,-0.18651717901229858
0.08650363981723785,0.19528579711914062,-0.10878215730190277
0.3837515413761139,0.3197593688964844,0.06399217247962952
0.3857993185520172,0.2552661895751953,0.1305331289768219
0.31675779819488525,0.21548080444335938,0.10127699375152588
0.4499329924583435,0.30997657775878906,0.13995641469955444
0.3157790005207062,0.2500877380371094,0.0656912624835968
0.2816178798675537,0.1865367889404297,0.09508109092712402
0.3953852653503418,0.2983283996582031,0.09705686569213867
0.08622250705957413,0.1741476058959961,-0.08792509883642197
0.33236584067344666,0.2594871520996094,0.07287868857383728
0.086649090051651,0.2020130157470703,-0.11536392569541931
0.07744457572698593,0.19611167907714844,-0.1186671033501625
0.2786518633365631,0.3515758514404297,-0.07292398810386658
0.3384539783000946,0.18500137329101562,0.15345260500907898
0.05361147224903107,0.20655250549316406,-0.152941033244133
0.23209109902381897,0.2592048645019531,-0.027113765478134155
0.08143191039562225,0.1768665313720703,-0.09543462097644806
0.2517871558666229,0.1704254150390625,0.08136174082756042
0.19793912768363953,0.27126312255859375,-0.07332399487495422
0.22429485619068146,0.2590065002441406,-0.03471164405345917
0.16817060112953186,0.16977405548095703,-0.001603454351425171
0.16002464294433594,0.2332592010498047,-0.07323455810546875
0.23576582968235016,0.3480854034423828,-0.11231957376003265
0.19192709028720856,0.2370586395263672,-0.04513154923915863
0.4844682812690735,0.3055391311645508,0.1789291501045227
0.17297247052192688,0.22986412048339844,-0.05689164996147156
0.20225360989570618,0.3420286178588867,-0.13977500796318054
0.03826752305030823,0.21744346618652344,-0.1791759431362152
0.38891029357910156,0.21906089782714844,0.16984939575195312
0.32231202721595764,0.28378868103027344,0.038523346185684204
0.18940281867980957,0.21712779998779297,-0.0277249813079834
0.17400595545768738,0.18701934814453125,-0.013013392686843872
0.397646963596344,0.2635478973388672,0.1340990662574768
0.30884596705436707,0.25093650817871094,0.05790945887565613
0.20555880665779114,0.2626180648803711,-0.057059258222579956
0.4479639530181885,0.2724905014038086,0.17547345161437988
0.3341640830039978,0.20981884002685547,0.12434524297714233
0.3782162368297577,0.2554607391357422,0.1227554976940155
0.07479805499315262,0.33173561096191406,-0.25693755596876144
0.2358824461698532,0.2634124755859375,-0.02753002941608429
0.035289593040943146,0.23443031311035156,-0.19914072006940842
0.16736194491386414,0.19496726989746094,-0.027605324983596802
0.20923994481563568,0.25535106658935547,-0.04611112177371979
0.07537360489368439,0.25154876708984375,-0.17617516219615936
0.384060263633728,0.3369464874267578,0.047113776206970215
0.20831580460071564,0.3057746887207031,-0.09745888411998749
0.23569786548614502,0.3316364288330078,-0.09593856334686279
0.34050214290618896,0.1774616241455078,0.16304051876068115
0.2375362366437912,0.3018369674682617,-0.06430073082447052
0.04715680330991745,0.18648433685302734,-0.1393275335431099
0.3571743667125702,0.2721834182739258,0.08499094843864441
0.623167097568512,0.32356834411621094,0.299598753452301
0.179469034075737,0.2329721450805664,-0.05350311100482941
0.18641021847724915,0.31651878356933594,-0.1301085650920868
0.35144343972206116,0.3235912322998047,0.02785220742225647
0.38700318336486816,0.3292074203491211,0.05779576301574707
0.19557924568653107,0.3021812438964844,-0.10660199820995331
0.06076858937740326,0.19280433654785156,-0.1320357471704483
0.1708054542541504,0.2645072937011719,-0.09370183944702148
0.1850864589214325,0.24106788635253906,-0.05598142743110657
0.045202694833278656,0.2707643508911133,-0.22556165605783463
0.2487843930721283,0.26677894592285156,-0.017994552850723267
0.08650689572095871,0.14727020263671875,-0.06076330691576004
0.1656762957572937,0.2323322296142578,-0.06665593385696411
0.1811033934354782,0.28133583068847656,-0.10023243725299835
0.1701783686876297,0.22995948791503906,-0.05978111922740936
0.3214627504348755,0.25663280487060547,0.06482994556427002
0.33091065287590027,0.24414634704589844,0.08676430583000183
0.15529736876487732,0.20964622497558594,-0.05434885621070862
0.03490012511610985,0.1221923828125,-0.08729225769639015
0.03638376295566559,0.2133617401123047,-0.1769779771566391
0.22438639402389526,0.1890726089477539,0.03531378507614136
0.5763340592384338,0.23335838317871094,0.3429756760597229
0.07586953043937683,0.2318124771118164,-0.15594294667243958
0.51646888256073,0.28093528747558594,0.23553359508514404
0.02959730476140976,0.11644744873046875,-0.08685014396905899
0.2627725899219513,0.2910118103027344,-0.02823922038078308
0.25629109144210815,0.23505401611328125,0.021237075328826904
0.05658489093184471,0.2740898132324219,-0.21750492230057716
0.5397928357124329,0.37096691131591797,0.1688259243965149
0.15981560945510864,0.2595787048339844,-0.09976309537887573
0.22393786907196045,0.3242635726928711,-0.10032570362091064
0.19987642765045166,0.2359027862548828,-0.03602635860443115
0.40860483050346375,0.21797561645507812,0.19062921404838562
0.08872871845960617,0.15629005432128906,-0.06756133586168289
0.20425398647785187,0.23424530029296875,-0.029991313815116882
0.43379154801368713,0.23230552673339844,0.2014860212802887
0.34162089228630066,0.21268081665039062,0.12894007563591003
0.29751190543174744,0.35301971435546875,-0.055507808923721313
0.38375353813171387,0.365875244140625,0.017878293991088867
0.3408092260360718,0.25741100311279297,0.08339822292327881
0.26532483100891113,0.2781953811645508,-0.012870550155639648
0.03174827620387077,0.22457122802734375,-0.19282295182347298
0.33423230051994324,0.21767616271972656,0.11655613780021667
0.3628040850162506,0.23448944091796875,0.12831464409828186
0.26393234729766846,0.204864501953125,0.05906784534454346
0.38812708854675293,0.3068695068359375,0.08125758171081543
0.20985937118530273,0.33492088317871094,-0.1250615119934082
0.3885016441345215,0.29799461364746094,0.09050703048706055
0.04023793339729309,0.16985130310058594,-0.12961336970329285
0.15604658424854279,0.2925567626953125,-0.13651017844676971
0.26457512378692627,0.21886539459228516,0.04570972919464111
0.03513410687446594,0.18390274047851562,-0.14876863360404968
0.17302566766738892,0.2785778045654297,-0.10555213689804077
0.11272598057985306,0.21823883056640625,-0.10551284998655319
0.127638578414917,0.22196197509765625,-0.09432339668273926
0.27103331685066223,0.21448135375976562,0.056551963090896606
0.1364997774362564,0.17511749267578125,-0.03861771523952484
0.13986754417419434,0.17861461639404297,-0.03874707221984863
0.10766027122735977,0.2917804718017578,-0.18412020057439804
0.10942979902029037,0.23585224151611328,-0.1264224424958229
0.16744497418403625,0.1853313446044922,-0.017886370420455933
0.11812810599803925,0.20960426330566406,-0.09147615730762482
0.12188372015953064,0.20711421966552734,-0.0852304995059967
0.13646741211414337,0.18076038360595703,-0.04429297149181366
0.13601990044116974,0.26558494567871094,-0.1295650452375412
0.13068559765815735,0.2119426727294922,-0.08125707507133484
0.18583469092845917,0.15692138671875,0.028913304209709167
0.2935914397239685,0.1906261444091797,0.10296529531478882
0.20910315215587616,0.1984548568725586,0.010648295283317566
0.10939594358205795,0.2337207794189453,-0.12432483583688736
0.2323140650987625,0.15837669372558594,0.07393737137317657
0.18334390223026276,0.17680931091308594,0.006534591317176819
0.10650591552257538,0.2869272232055664,-0.18042130768299103
0.14134842157363892,0.19351959228515625,-0.052171170711517334
0.13587582111358643,0.1900167465209961,-0.05414092540740967
0.17439907789230347,0.24855613708496094,-0.07415705919265747
0.15805211663246155,0.1950397491455078,-0.036987632513046265
0.10895632207393646,0.27665138244628906,-0.1676950603723526
0.19646629691123962,0.11306571960449219,0.08340057730674744
0.14180923998355865,0.12891769409179688,0.01289154589176178
0.13110654056072235,0.13388442993164062,-0.002777889370918274
0.10987745225429535,0.2632722854614258,-0.15339483320713043
0.1168888583779335,0.1591472625732422,-0.042258404195308685
0.1391514390707016,0.20353126525878906,-0.06437982618808746
0.2972472310066223,0.31012630462646484,-0.01287907361984253
0.19334453344345093,0.1776599884033203,0.015684545040130615
0.3096694350242615,0.21491050720214844,0.09475892782211304
0.21666692197322845,0.19469451904296875,0.021972402930259705
0.13739518821239471,0.2607555389404297,-0.12336035072803497
0.10744384676218033,0.12324905395507812,-0.015805207192897797
0.10580158978700638,0.3070354461669922,-0.2012338563799858
0.24676786363124847,0.19104957580566406,0.05571828782558441
0.11690027266740799,0.17940139770507812,-0.06250112503767014
