y_true,y_pred,error
0.16956467926502228,0.2719263572173708,-0.10236167795234852
0.12336822599172592,0.20903483111427557,-0.08566660512254964
0.13521775603294373,0.17642247974370504,-0.04120472371076131
0.09020553529262543,0.3111005874497122,-0.22089505215708677
0.15104147791862488,0.32144520031636886,-0.17040372239774398
0.16512371599674225,0.28039322134089445,-0.1152695053441522
0.1148206815123558,0.22669517079463164,-0.11187448928227584
0.16636718809604645,0.22573608579711857,-0.05936889770107212
0.18698368966579437,0.21475745329635593,-0.027773763630561554
0.19961515069007874,0.321436876097552,-0.12182172540747327
0.1143086701631546,0.26486051915653736,-0.15055184899338275
0.13548943400382996,0.23554662487413772,-0.10005719087030776
0.1099199503660202,0.23561677895873814,-0.12569682859271794
0.13408923149108887,0.21547907206922023,-0.08138984057813137
0.12838537991046906,0.2914496902827681,-0.16306431037229907
0.08658287674188614,0.20950404843014234,-0.1229211716882562
0.11509384214878082,0.20703381516926214,-0.09193997302048132
0.08851077407598495,0.11659320834435205,-0.028082434268367096
0.212638258934021,0.24490779019758616,-0.03226953126356516
0.11482738703489304,0.20268286830399848,-0.08785548126910545
0.07210534065961838,0.14570765263889535,-0.07360231197927697
0.5489311218261719,0.2989719376744368,0.24995918415173507
0.14946100115776062,0.24485705152475654,-0.09539605036699592
0.04874303936958313,0.19301233886671804,-0.1442692994971349
0.020317841321229935,0.14839251198229902,-0.1280746706610691
0.0026271420065313578,0.195438135423814,-0.19281099341728264
0.49439308047294617,0.17634444459672385,0.31804863587622234
0.012282314710319042,0.17855521557485385,-0.1662729008645348
0.46485066413879395,0.3629447717783216,0.10190589236047237
0.2499290406703949,0.2655956752142181,-0.01566663454382322
0.1704723984003067,0.24171888048968485,-0.07124648208937814
0.5742676854133606,0.22200906716252836,0.35225861825083227
0.7095319628715515,0.30057822695524866,0.40895373591630285
0.4447095990180969,0.26257080525011584,0.1821387937679811
0.18752047419548035,0.2653295475295467,-0.07780907333406634
0.15996038913726807,0.25103834828893196,-0.09107795915166389
0.2886072099208832,0.27916359940741026,0.009443610513472922
0.40404605865478516,0.20739205002133215,0.196654008633453
0.07891545444726944,0.20680564534618978,-0.12789019089892034
0.2802216112613678,0.26908164724025935,0.01113996402110845
0.13350488245487213,0.21235558341122082,-0.07885070095634869
0.373163104057312,0.3792517908750775,-0.006088686817765476
0.40310782194137573,0.3011762686807284,0.10193155326064735
0.4000544250011444,0.3595151886366584,0.04053923636448603
0.4018852412700653,0.35185913515880274,0.05002610611126257
0.2248319536447525,0.24467069867595678,-0.01983874503120428
0.27453938126564026,0.38514586748339447,-0.11060648621775421
0.4357493221759796,0.3108592533821715,0.1248900687938081
0.5280585885047913,0.24061076412005175,0.2874478243847395
0.006900914013385773,0.3043988021096662,-0.2974978880962804
0.4939228594303131,0.26038354663348395,0.23353931279682916
0.28188827633857727,0.3077014680245512,-0.025813191685973902
0.0218434426933527,0.25486892988291504,-0.23302548718956234
0.4994170069694519,0.33448118067523674,0.16493582629421516
0.4154619574546814,0.29006190644714497,0.12540005100753643
0.0454380102455616,0.2271199566977259,-0.1816819464521643
0.3937273621559143,0.21560017838366544,0.17812718377224887
0.05151733383536339,0.3015900069401385,-0.2500726731047751
0.2429436594247818,0.32844072102944866,-0.08549706160466686
0.6363605856895447,0.2193736604329538,0.41698692525659087
0.3947722911834717,0.3756476492136049,0.019124641969866796
0.13844741880893707,0.25633144356574605,-0.11788402475680898
0.243408665060997,0.197789972613893,0.04561869244710401
0.5456709265708923,0.2967968969673673,0.24887402960352506
0.27483195066452026,0.2260113203135111,0.04882063035100917
0.014058698900043964,0.18783659150879436,-0.1737778926087504
0.033345963805913925,0.212565166793307,-0.17921920298739308
0.30667930841445923,0.2780483309347701,0.028630977479689124
0.462679386138916,0.2856935505574393,0.17698583558147674
0.3135257959365845,0.22476319120736757,0.0887626047292169
0.20819662511348724,0.3569707370304261,-0.14877411191693884
0.12286747992038727,0.25788590052846216,-0.1350184206080749
0.7322927713394165,0.31928802266505196,0.41300474867436454
0.08042538166046143,0.34414777100282434,-0.2637223893423629
0.38156434893608093,0.2229400185887068,0.15862433034737414
0.2236616313457489,0.22556323740374418,-0.0019016060579952754
0.30109935998916626,0.28746626495386907,0.013633095035297194
0.31448712944984436,0.21209531826189196,0.1023918111879524
0.025981374084949493,0.15421445116780658,-0.12823307708285708
0.06948189437389374,0.362475794348244,-0.29299389997435027
0.7093752026557922,0.2754306134173481,0.43394458923844414
0.4363919496536255,0.24211038783150596,0.19428156182211953
0.18512235581874847,0.17332529236224403,0.011797063456504442
0.2963157594203949,0.23859452896268632,0.05772123045770858
0.09795629233121872,0.2504767137529092,-0.15252042142169048
0.07810258865356445,0.09083281923150793,-0.01273023057794348
0.3986563980579376,0.26192289186246254,0.13673350619547509
0.14124564826488495,0.26335730087145365,-0.1221116526065687
0.40347352623939514,0.18212014900167353,0.2213533772377216
0.2981966435909271,0.2793667064480634,0.01882993714286374
0.4638684391975403,0.218114772072858,0.24575366712468227
0.1461799144744873,0.22857859372651188,-0.08239867925202457
0.20402516424655914,0.2921029261985256,-0.08807776195196648
0.15713079273700714,0.30415797164382885,-0.1470271789068217
0.41352578997612,0.17402325535046922,0.23950253462565077
0.32399600744247437,0.2662259640867229,0.05777004335575148
0.26766154170036316,0.18949989581415957,0.07816164588620358
0.06758838891983032,0.21267046121442104,-0.14508207229459072
0.10334814339876175,0.15382279221665285,-0.0504746488178911
0.05601054057478905,0.2639765065782798,-0.20796596600349077
0.07469610869884491,0.2554758629168855,-0.1807797542180406
0.03615901246666908,0.2374648437243486,-0.2013058312576795
0.28426551818847656,0.32089134533107516,-0.0366258271425986
0.7941213846206665,0.33676689706974855,0.45735448755091795
0.7629197239875793,0.2599999032048643,0.502919820782715
0.4425988495349884,0.29020995105195185,0.15238889848303655
0.11184344440698624,0.2891807768039558,-0.17733733239696958
0.22017982602119446,0.2140832366978096,0.00609658932338486
0.3529510796070099,0.2024880513748634,0.1504630282321465
0.18172632157802582,0.32781554821535314,-0.14608922663732732
0.5176010131835938,0.31974171367139853,0.19785929951219522
0.23096570372581482,0.18896939554400513,0.04199630818180969
0.2548193037509918,0.25533291496103483,-0.0005136112100430079
0.26963645219802856,0.21433667111770555,0.05529978108032302
0.03558211773633957,0.2904413594999409,-0.2548592417636013
0.19604407250881195,0.26159613827052014,-0.06555206576170819
0.3164306879043579,0.250502039993356,0.06592864791100189
0.5421987175941467,0.2672587398026844,0.27493997779146234
0.286073237657547,0.28979599335682077,-0.003722755699273772
0.288039892911911,0.2951322587000634,-0.007092365788152366
0.16134105622768402,0.20438039799980381,-0.043039341772119794
0.19267964363098145,0.25645959329480983,-0.06377994966382838
0.12483980506658554,0.18492349389047202,-0.06008368882388648
0.14366081357002258,0.19416310676639617,-0.05050229319637359
0.13510911166667938,0.16756548877990732,-0.032456377113227936
0.12878097593784332,0.15563649931350756,-0.026855523375664242
0.07981368899345398,0.31636115967784534,-0.23654747068439136
0.23597010970115662,0.1566436548160997,0.07932645488505691
0.08962559700012207,0.29293420471521714,-0.20330860771509507
0.162784144282341,0.16866026142987475,-0.005876117147533749
0.1866893321275711,0.1977469834286901,-0.011057651301118993
0.13616448640823364,0.18755011139004485,-0.051385624981811207
0.2335667610168457,0.3040741095135953,-0.07050734849674961
0.10531525313854218,0.19020156146727663,-0.08488630832873445
0.13446541130542755,0.2029687315969575,-0.06850332029152995
0.1741320937871933,0.35736162044314085,-0.18322952665594755
0.0858742892742157,0.18108447524636417,-0.09521018597214848
0.13198891282081604,0.18147982354532424,-0.0494909107245082
0.11014284193515778,0.2666154372359892,-0.1564725953008314
0.12230062484741211,0.20678895273589665,-0.08448832788848454
0.13606759905815125,0.2973556205416285,-0.16128802148347726
0.11863468587398529,0.20680910387385437,-0.08817441799986908
0.22461169958114624,0.1800125838326241,0.04459911574852213
0.144684836268425,0.19515184971781235,-0.050467013449387366
0.13836300373077393,0.1724404054359451,-0.03407740170517118
0.18574021756649017,0.19309779803849306,-0.007357580472002884
0.1660432517528534,0.2249873426893918,-0.05894409093653841
0.2487374097108841,0.22978156198192007,0.018955847728964026
0.15425749123096466,0.27051310435743703,-0.11625561312647237
0.15566815435886383,0.2809421125604163,-0.12527395820155246
0.12227972596883774,0.3739646598979381,-0.25168493392910035
0.13906417787075043,0.22987125667992825,-0.09080707880917782
0.09154827147722244,0.2312538532071066,-0.13970558172988415
0.11281441152095795,0.2019300439276856,-0.08911563240672765
0.1397068202495575,0.2370876685301446,-0.0973808482805871
0.17202027142047882,0.20682784449350688,-0.034807573073028064
0.06338735669851303,0.21843047503915028,-0.15504311834063725
0.11606415361166,0.26166532153133226,-0.14560116791967226
0.13605192303657532,0.26427421986107663,-0.12822229682450131
0.06511671841144562,0.24164559088115764,-0.17652887246971202
0.166116401553154,0.2390148255653532,-0.0728984240121992
0.09230584651231766,0.29859741098517206,-0.2062915644728544
0.1598886102437973,0.23115705926337585,-0.07126844901957854
0.062384217977523804,0.22309302611246734,-0.16070880813494354
0.1780216246843338,0.2420402628842191,-0.06401863819988529
0.13827940821647644,0.26703894789910115,-0.1287595396826247
0.1486242413520813,0.28307198334303024,-0.13444774199094894
0.20293043553829193,0.26552516761790207,-0.06259473207961014
0.22442467510700226,0.26384791943257146,-0.03942324432556921
0.20175902545452118,0.22381605454020972,-0.022057029085688545
0.09508536756038666,0.3066357422751955,-0.21155037471480886
0.15233375132083893,0.18283594070267092,-0.030502189381831996
0.20973186194896698,0.21225703797672932,-0.002525176027762338
0.1367206871509552,0.2646316046957543,-0.1279109175447991
0.15756992995738983,0.17919509618573892,-0.02162516622834909
0.08675725758075714,0.18580491394265192,-0.09904765636189478
0.13326196372509003,0.17380412572806872,-0.04054216200297869
0.17965872585773468,0.28693119095111924,-0.10727246509338456
0.24073322117328644,0.30003553095394725,-0.05930230978066081
0.14317956566810608,0.2797766667987807,-0.13659710113067464
0.24391266703605652,0.2963078232406413,-0.05239515620458479
0.0896046981215477,0.21864520374830365,-0.12904050562675595
0.24027523398399353,0.314186952160937,-0.07391171817694348
0.12332465499639511,0.22670491915423854,-0.10338026415784343
0.23546676337718964,0.2191428833378647,0.016323880039324945
0.3743434548377991,0.28819730588507236,0.08614614895272671
0.23878204822540283,0.22231013876554806,0.016471909459854772
0.18051141500473022,0.1929873785841178,-0.012475963579387572
0.10131316632032394,0.3103659555344103,-0.20905278921408638
0.15633583068847656,0.1724441029212747,-0.01610827223279815
0.13126416504383087,0.19350361520432377,-0.0622394501604929
0.11157242208719254,0.2879387017458333,-0.17636627965864077
0.06518266350030899,0.18117463083354315,-0.11599196733323416
0.07578349858522415,0.1758274095994926,-0.10004391101426846
0.12028715759515762,0.22882304215412452,-0.1085358845589669
0.12550659477710724,0.1939477171487171,-0.06844112237160987
0.0794094130396843,0.23203430366928668,-0.15262489062960238
0.09232477843761444,0.1669811667251634,-0.07465638828754895
0.0992683470249176,0.18458368899130143,-0.08531534196638382
0.08331223577260971,0.1731326983804206,-0.0898204626078109
0.10091934353113174,0.268878283013854,-0.16795893948272228
0.14196427166461945,0.24763790947886472,-0.10567363781424527
0.16265392303466797,0.3168131627947552,-0.15415923976008722
0.1709611415863037,0.2548480865790636,-0.0838869449927599
0.1312432736158371,0.23117299503858893,-0.09992972142275183
0.1416560262441635,0.2772485663293684,-0.13559254008520488
0.0912955179810524,0.2857788210573314,-0.19448330307627898
0.1104961410164833,0.2068632458650462,-0.0963671048485629
0.1559297889471054,0.22601787881782237,-0.07008808987071696
0.1462850719690323,0.2503092961311367,-0.10402422416210444
0.255130410194397,0.24868839387605174,0.006442016318345234
0.1237093135714531,0.2839122682519416,-0.1602029546804885
0.14461840689182281,0.1965074203063824,-0.05188901341455959
0.08508339524269104,0.1951839939533241,-0.11010059871063305
0.09551704674959183,0.26949114821681724,-0.17397410146722542
0.10278976708650589,0.22296833808745684,-0.12017857100095095
0.13434672355651855,0.34141056447960566,-0.2070638409230871
0.20153585076332092,0.16246670390571782,0.0390691468576031
0.1583174616098404,0.2730126167800937,-0.1146951551702533
0.1923770159482956,0.2825955744616536,-0.09021855851335803
0.5146994590759277,0.3400821881603708,0.17461727091555695
0.26093655824661255,0.28434350798648,-0.023406949739867455
0.6031317710876465,0.2336486611333994,0.36948310995424705
0.28282350301742554,0.24695306887832277,0.035870434139102764
0.7600356936454773,0.31990023370234755,0.44013545994312975
0.24249957501888275,0.27680526762679253,-0.03430569260790978
0.24830111861228943,0.27525719346830274,-0.026956074856013312
0.33624565601348877,0.21419081198769588,0.12205484402579289
0.4884191155433655,0.29704191216212145,0.19137720338124403
0.5368360280990601,0.2621203368697745,0.2747156912292856
0.5447797179222107,0.308639209642693,0.2361405082795177
0.011355368420481682,0.22279186382850652,-0.21143649540802484
0.346232146024704,0.3413321106428086,0.0049000353818953735
0.33713385462760925,0.21914698075426037,0.11798687387334889
0.0699133649468422,0.23968865692262634,-0.16977529197578414
0.06548807770013809,0.20647846540719267,-0.14099038770705458
0.37359675765037537,0.2179537300644911,0.15564302758588427
0.3011672794818878,0.3173398247617642,-0.016172545279876382
0.28471481800079346,0.2420176146353198,0.04269720336547367
0.27484020590782166,0.26498423995679043,0.00985596595103122
0.4546416699886322,0.27568954386816563,0.17895212612046657
0.03212861716747284,0.2202427181103021,-0.18811410094282927
0.25714126229286194,0.2699933147883464,-0.012852052495484434
0.6035780310630798,0.27822994737031514,0.3253480836927647
0.08725619316101074,0.2759515018552473,-0.18869530869423656
0.061470311135053635,0.2010269132247497,-0.13955660208969606
0.11963645368814468,0.2780832430627785,-0.1584467893746338
0.2772331237792969,0.2367190263955731,0.040514097383723774
0.3940199315547943,0.2711774089147162,0.12284252264007811
0.4846782386302948,0.30927664928699206,0.17540158934330274
0.0667315423488617,0.3798113330992133,-0.3130797907503516
0.27073362469673157,0.2526048969757581,0.01812872772097346
0.15055817365646362,0.2727263221646577,-0.12216814850819407
0.050620872527360916,0.14848071611927458,-0.09785984359191366
0.10929162800312042,0.2525476219855017,-0.14325599398238126
0.14220917224884033,0.2034653709276165,-0.06125619867877616
0.3344975709915161,0.2650889526587628,0.0694086183327533
0.018625052645802498,0.2346524173757362,-0.2160273647299337
0.17184647917747498,0.2759856522533678,-0.10413917307589282
0.06493426114320755,0.2307424500024194,-0.16580818885921186
0.4045393764972687,0.18902774346614834,0.21551163303112034
0.14975358545780182,0.21395607712614417,-0.06420249166834235
0.3494923412799835,0.2294410410412336,0.12005130023874991
0.3820241391658783,0.20017461836823855,0.18184952079763975
0.39994993805885315,0.23782304441914717,0.16212689363970598
0.045770205557346344,0.3514860808254001,-0.30571587526805377
0.20717564225196838,0.32783740360687713,-0.12066176135490875
0.27091649174690247,0.1721559517225057,0.09876054002439677
0.34004920721054077,0.22477442289851374,0.11527478431202703
0.24741074442863464,0.28314211728723604,-0.035731372858601396
0.4016135632991791,0.2846475248663957,0.11696603843278336
0.7728152275085449,0.23408536830612214,0.5387298592024228
0.4347722828388214,0.326552912223522,0.1082193706152994
0.11515369266271591,0.1806341297499082,-0.06548043708719228
0.01932515576481819,0.24890100623188557,-0.22957585046706738
0.08877134323120117,0.2623509432755926,-0.17357960004439144
0.20212557911872864,0.20492435981281412,-0.0027987806940854842
0.47429904341697693,0.19607500673223136,0.2782240366847456
0.05196142941713333,0.2455312649739728,-0.19356983555683946
0.3203074038028717,0.2954302765520455,0.024877127250826192
0.1700357049703598,0.26157448482414747,-0.09153877985378767
0.1984504610300064,0.30099799812355726,-0.10254753709355086
0.05941179394721985,0.24571437965182305,-0.1863025857046032
0.37266895174980164,0.17142140728831687,0.20124754446148477
0.551906168460846,0.17465165002667082,0.3772545184341751
0.004748354200273752,0.16770087150330534,-0.1629525173030316
0.700296938419342,0.25404148839381135,0.4462554500255307
0.5518121123313904,0.2877029552127707,0.2641091571186197
0.17226141691207886,0.17863715053431986,-0.006375733622241003
0.10484239459037781,0.22006323657245538,-0.11522084198207758
0.03950061276555061,0.23780685697338558,-0.19830624420783496
0.0427316352725029,0.27030804964862276,-0.22757641437611986
0.023557132109999657,0.22920169294390416,-0.2056445608339045
0.2738475203514099,0.26223303777371343,0.011614482577696483
0.05344000831246376,0.21999959416873904,-0.16655958585627528
0.11133142560720444,0.18684844186292915,-0.07551701625572471
0.38611504435539246,0.28677719308369914,0.09933785127169331
0.11346612870693207,0.27933654601991936,-0.1658704173129873
0.47340866923332214,0.25833145622808124,0.2150772130052409
0.12699495255947113,0.33318118708434963,-0.2061862345248785
0.2043408304452896,0.2654942959317806,-0.06115346548649098
0.6898715496063232,0.24457980747219557,0.4452917421341277
0.06426768749952316,0.24152993255239627,-0.1772622450528731
0.1951327919960022,0.3492345112421027,-0.1541017192461005
0.07005660980939865,0.23120849926773374,-0.16115188945833508
0.1252843141555786,0.3326645466749833,-0.20738023251940468
0.09903562068939209,0.2319306350984993,-0.1328950144091072
0.32004398107528687,0.22338613757604114,0.09665784349924572
0.3055873513221741,0.284490299293475,0.021097052028699048
0.5827764868736267,0.2819352405999743,0.3008412462736524
0.16098660230636597,0.16978290634047735,-0.008796304034111385
0.293912410736084,0.23037675832494162,0.06353565241114237
0.0978204533457756,0.2443694603242399,-0.1465490069784643
0.2825047969818115,0.33275867395675296,-0.050253876974941436
0.3291192054748535,0.1993940315654226,0.12972517390943092
0.2487504482269287,0.246487386215724,0.002263062011204714
0.04364072531461716,0.16845145672968004,-0.12481073141506288
0.263149619102478,0.29747589591529955,-0.03432627681282152
0.2562426030635834,0.15364023203720098,0.1026023710263824
0.139241561293602,0.11838877798963718,0.02085278330396481
0.14975358545780182,0.3302413145895217,-0.1804877291317199
0.437865287065506,0.3326124141559682,0.10525287290953778
0.11307428032159805,0.25909741331420544,-0.14602313299260739
0.12495733797550201,0.1925455996861294,-0.06758826171062737
0.4314807653427124,0.26078833678965346,0.17069242855305894
0.5759291052818298,0.3487234244080928,0.22720568087373705
0.35891762375831604,0.2499842074002322,0.10893341635808385
0.048645950853824615,0.2829492775496871,-0.23430332669586246
0.06341911107301712,0.22810105816896192,-0.1646819470959448
0.3562321662902832,0.2251231130708514,0.1311090532194318
0.18458116054534912,0.237933694238902,-0.05335253369355289
0.3748036324977875,0.27608080090479425,0.09872283159299322
0.2693251669406891,0.185346471895853,0.0839786950448361
0.14258535206317902,0.3054678648727046,-0.1628825128095256
0.3331077992916107,0.2282792891203502,0.10482851017126052
0.5453522205352783,0.2765518537657709,0.2688003667695074
0.0800461620092392,0.09643133610833982,-0.01638517409910062
0.18030521273612976,0.19682708517036207,-0.01652187243423231
0.013055563904345036,0.174345099569452,-0.16128953566510695
0.4507075250148773,0.23765674563710654,0.21305077937777078
0.05885493755340576,0.23474260490012136,-0.1758876673467156
0.2613523304462433,0.3462061921326943,-0.08485386168645104
0.2438214123249054,0.2621883297368883,-0.01836691741198293
0.13856540620326996,0.20000371959741542,-0.06143831339414546
0.35767415165901184,0.27624388332263566,0.08143026833637618
0.14550070464611053,0.24252103158735203,-0.09702032694124149
0.4235549569129944,0.20753188759177377,0.21602306932122062
0.3013000786304474,0.2594300573680563,0.04187002126239109
0.07208681851625443,0.22192045313911327,-0.14983363462285884
0.07173895090818405,0.24574130592495935,-0.1740023550167753
0.2864494025707245,0.31473141386858217,-0.02828201129785768
0.05391240864992142,0.20866212770055717,-0.15474971905063575
0.667151689529419,0.2936980136836529,0.37345367584576605
0.04414229467511177,0.2628117698891192,-0.21866947521400742
0.1764829456806183,0.265541196608933,-0.08905825092831471
0.2452394664287567,0.28053599112961397,-0.03529652470085726
0.680550754070282,0.20983860253132502,0.47071215153895696
0.0429510697722435,0.22823789908634223,-0.18528682931409873
0.023481804877519608,0.2171209889422171,-0.1936391840646975
0.20520594716072083,0.24997122266432212,-0.04476527550360129
0.23657479882240295,0.2709574765712649,-0.034382677748861945
0.07471700757741928,0.20586576562069986,-0.13114875804328058
0.5252372622489929,0.2825446625121274,0.24269259973686552
0.0238915104418993,0.1874723219010069,-0.1635808114591076
0.2819688320159912,0.15729243649808242,0.1246763955179088
0.05505138263106346,0.2871789890807392,-0.23212760644967573
0.2747096121311188,0.3001520013563121,-0.025442389225193318
0.6114254593849182,0.28002667107776147,0.33139878830715674
0.14322274923324585,0.2932766962932196,-0.15005394705997377
0.31392067670822144,0.2698182877094516,0.04410238899876984
0.2225622683763504,0.29694838885002156,-0.07438612047367116
0.18807950615882874,0.31053034197398743,-0.1224508358151587
0.009607288055121899,0.23061703312307535,-0.22100974506795346
0.39160093665122986,0.2953295678088443,0.09627136884238557
0.35210466384887695,0.2848202617072607,0.06728440214161624
0.1642572432756424,0.21756012743549824,-0.053302884159855846
0.23949016630649567,0.29332319734612006,-0.05383303103962439
0.04822579771280289,0.19577520510940857,-0.1475494073966057
0.4684138894081116,0.3363095585327745,0.13210433087533707
0.31511190533638,0.27573344726947,0.03937845806690998
0.5522905588150024,0.23048975208049047,0.32180080673451195
0.451663613319397,0.24877775571207392,0.20288585760732306
0.27799808979034424,0.2586791536284952,0.019318936161849043
0.6277055144309998,0.30493273677751287,0.3227727776534869
0.09040970355272293,0.18891190740244063,-0.0985022038497177
0.36675766110420227,0.31597832516064994,0.05077933594355233
0.14396464824676514,0.21131001652898593,-0.06734536828222079
0.37688305974006653,0.2031016413153066,0.17378141842475991
0.199302077293396,0.26681595848446144,-0.06751388119106544
0.03371691331267357,0.20991174799854315,-0.17619483468586958
0.5764620304107666,0.3072847042392208,0.2691773261715458
0.5295550227165222,0.20792458929420424,0.321630433422318
0.21467825770378113,0.28273312611156803,-0.0680548684077869
0.04889673367142677,0.27335540872055203,-0.22445867504912526
0.06363854557275772,0.24687961123083493,-0.1832410656580772
0.07060302048921585,0.2815036888403489,-0.21090066835113302
0.062407705932855606,0.15126746544746014,-0.08885975951460454
0.29276299476623535,0.29999687597334934,-0.00723388120711399
0.20911921560764313,0.23433002344459689,-0.025210807836953758
0.17236372828483582,0.20128620159094684,-0.02892247330611103
0.4326876699924469,0.3017040883657453,0.1309835816267016
0.6525958180427551,0.2430386448983802,0.4095571731443749
0.12126132100820541,0.20835773347827852,-0.0870964124700731
0.5653887987136841,0.2317806723944373,0.33360812631924674
0.2632623612880707,0.26243726994527056,0.0008250913428001216
0.16185693442821503,0.2732888536578818,-0.11143191922966678
0.29939088225364685,0.1670176341936552,0.13237324805999165
0.41178378462791443,0.33258185287147285,0.07920193175644158
0.1816374957561493,0.2604963621266164,-0.07885886637046713
0.5952529907226562,0.2231003213931093,0.37215266932954694
0.520247757434845,0.2085698389150806,0.31167791851976434
0.3783773183822632,0.2420932731625979,0.13628404521966528
0.756203830242157,0.34794974326651085,0.40825408697564614
0.200717955827713,0.32334204088188756,-0.12262408505417455
0.2224995642900467,0.3123982892712286,-0.0898987249811819
0.3302268385887146,0.25340325344444764,0.07682358514426696
0.4191087782382965,0.40320696403099626,0.015901814207300247
0.0376846119761467,0.2488550731377078,-0.2111704611615611
0.12016414850950241,0.223488088927704,-0.10332394041820159
0.046047113835811615,0.226830593975569,-0.1807834801397574
0.16187478601932526,0.27141106597837544,-0.10953627995905019
0.2470293492078781,0.33766606653670506,-0.09063671732882694
0.12355712801218033,0.21486460708450636,-0.09130747907232603
0.3327398896217346,0.41183334827737345,-0.07909345865563883
0.4258328974246979,0.30784873720803796,0.11798416021665992
0.4223763644695282,0.2960500866782819,0.12632627779124628
0.22560520470142365,0.20679621557844627,0.018808989122977376
0.21194052696228027,0.240073891110221,-0.028133364147940737
0.21887584030628204,0.274002432058162,-0.05512659175187995
0.2708612084388733,0.252464280590031,0.01839692784884228
0.37296977639198303,0.20681590146046674,0.1661538749315163
0.19787269830703735,0.24290815723147213,-0.04503545892443478
0.17688001692295074,0.231989149203102,-0.05510913228015127
0.16464167833328247,0.21513075264489906,-0.05048907431161659
0.2986668348312378,0.2229648561262481,0.07570197870498968
0.06638889759778976,0.31229761365488273,-0.24590871605709297
0.09794366359710693,0.2888821214659989,-0.19093845786889196
0.06583290547132492,0.26131808448924765,-0.19548517901792273
0.624225914478302,0.35633665002715065,0.26788926445115135
0.01650688424706459,0.3541199264473778,-0.3376130422003132
0.31450802087783813,0.2241842820281684,0.09032373884966974
0.12380791455507278,0.2574352215595827,-0.13362730700450992
0.28152257204055786,0.2494636710879233,0.032058900952634556
0.03450801968574524,0.2712227070149685,-0.23671468732922324
0.8741840720176697,0.2696912209891008,0.6044928510285689
0.383450448513031,0.38240531559653784,0.0010451329164931633
0.18965953588485718,0.23741141322600448,-0.0477518773411473
0.39496779441833496,0.24301843422073124,0.15194936019760372
0.14487679302692413,0.2838933138614969,-0.13901652083457278
0.07954458892345428,0.16257530519983382,-0.08303071627637953
0.03141501918435097,0.19989001660712663,-0.16847499742277566
0.21281827986240387,0.28481064497559194,-0.07199236511318807
0.38791754841804504,0.3168890814770177,0.07102846694102732
0.2142154425382614,0.24091971646495464,-0.026704273926693223
0.5786250233650208,0.3320995709028864,0.24652545246213436
0.0787273645401001,0.22780277347769406,-0.14907540893759397
0.42630311846733093,0.25410942997043384,0.1721936884968971
0.2919061481952667,0.2786463935583679,0.013259754636898824
0.3890460729598999,0.3192022105211724,0.06984386243872748
0.3288004994392395,0.2894186821413337,0.0393818172979058
0.13724574446678162,0.32680842543862915,-0.18956268097184753
0.7231287360191345,0.33306408593570497,0.39006465008342955
0.1058015525341034,0.21258044653598412,-0.10677889400188073
0.4242049753665924,0.28918824198328363,0.13501673338330877
0.2342781275510788,0.2618383942554597,-0.027560266704380887
0.3983638286590576,0.2709568174249296,0.127407011234128
0.4043826162815094,0.22753711060705917,0.17684550567445023
0.4328444004058838,0.2442494880576159,0.1885949123482679
0.1326563060283661,0.2235785169949348,-0.09092221096656872
0.19262714684009552,0.2506954551693036,-0.05806830832920806
0.47076717019081116,0.19759035648374393,0.27317681370706726
0.3580115735530853,0.2088267185590796,0.14918485499400572
0.3516322672367096,0.21319619483675414,0.13843607239995545
0.40781304240226746,0.25410927285445245,0.153703769547815
0.08625305444002151,0.27383686722209893,-0.18758381278207742
0.022658489644527435,0.2446595602076318,-0.22200107056310436
0.12801899015903473,0.3528354413987688,-0.2248164512397341
0.19745254516601562,0.23018551468861737,-0.03273296952260174
0.19731147587299347,0.21912741587801401,-0.021815940005020545
0.3232153356075287,0.30157801270427864,0.021637322903250045
0.1889520287513733,0.2095963169501816,-0.020644288198808314
0.4214859902858734,0.35782068331817257,0.06366530696770084
0.07238680869340897,0.23216394076015248,-0.15977713206674352
0.20738157629966736,0.2954389683338514,-0.08805739203418406
0.08135232329368591,0.2089792073102996,-0.12762688401661368
0.8997327089309692,0.3348214543385088,0.5649112545924604
0.11879528313875198,0.15741337656688273,-0.038618093428130745
0.3029070794582367,0.28064055794897025,0.022266521509266446
0.5594170093536377,0.2898400904170768,0.2695769189365609
0.06960728764533997,0.17548815285017083,-0.10588086520483087
0.3170994520187378,0.18513201562813988,0.1319674363905979
0.2468099147081375,0.26141202997863555,-0.01460211527049804
0.7077264189720154,0.37203744054711724,0.33568897842489814
0.6545811891555786,0.2698020882799357,0.38477910087564293
0.44606801867485046,0.3600242550388428,0.08604376363600769
0.6938706040382385,0.2628958940661887,0.43097470997204984
0.3896207809448242,0.24490384411173313,0.1447169368330911
0.17620080709457397,0.1381058387374458,0.03809496835712817
0.3639938235282898,0.23212301546111683,0.13187080806717297
0.17553205788135529,0.2809730594614174,-0.10544100158006209
0.18073581159114838,0.18479584295156148,-0.004060031360413108
0.2096072882413864,0.230822711593529,-0.021215423352142576
0.4686773121356964,0.30853379297090083,0.16014351916479558
0.13997605443000793,0.24787469700702336,-0.10789864257701542
0.47036269307136536,0.28442767122649554,0.18593502184486982
0.34426549077033997,0.34713461489271946,-0.002869124122379496
0.2879144847393036,0.3216743433811088,-0.033759858641805196
0.2219897359609604,0.2306699208295568,-0.008680184868596424
0.7081652879714966,0.3100924619226952,0.3980728260488014
0.39951324462890625,0.19669284438374166,0.2028204002451646
0.4162299633026123,0.24006436788402033,0.17616559541859197
0.07927072793245316,0.19899981446008871,-0.11972908652763556
0.3328883647918701,0.29253443581446115,0.04035392897740897
0.19189873337745667,0.2731700257396296,-0.08127129236217295
0.5101611018180847,0.26334056487955176,0.24682053693853295
0.3421233892440796,0.27767083083458455,0.06445255840949504
0.4367733299732208,0.2940524144322141,0.14272091554100674
0.28983718156814575,0.24310614335805103,0.04673103821009472
0.40686216950416565,0.1842861216663049,0.22257604783786075
0.17864899337291718,0.27610185328063774,-0.09745285990772057
0.1688997745513916,0.18306535012313843,-0.01416557557174683
0.32694053649902344,0.37826016182995387,-0.05131962533093043
0.024312525987625122,0.2561367643274226,-0.23182423833979748
0.22787052392959595,0.2760086954715251,-0.048138171541929176
0.3086041510105133,0.3363683762631262,-0.027764225252612906
0.15952369570732117,0.2861777898263633,-0.12665409411904216
0.045208122581243515,0.2677747418334556,-0.2225666192522121
0.3209478557109833,0.22811162562299536,0.09283623008798791
0.06918713450431824,0.16845652411944825,-0.09926938961513002
0.155686616897583,0.24821732345212374,-0.09253070655454074
0.09907218813896179,0.20439120957083337,-0.10531902143187158
0.3558873236179352,0.22516278804362003,0.13072453557431515
0.5133899450302124,0.20321246805576282,0.3101774769744496
0.5602529644966125,0.2027326790155177,0.3575202854810948
0.1533459573984146,0.31956617712656066,-0.16622021972814605
0.17224878072738647,0.18504699125089744,-0.012798210523510961
0.17833247780799866,0.2787334151447235,-0.10040093733672484
0.3600910007953644,0.27262951727199236,0.08746148352337202
0.37761449813842773,0.25043329204418774,0.12718120609424
0.08200322836637497,0.28282312314435754,-0.20081989477798257
0.0010597438085824251,0.23422047993929743,-0.233160736130715
0.5589938163757324,0.3389111990028663,0.2200826173728661
0.10743165016174316,0.36403956784924635,-0.2566079176875032
0.2736855745315552,0.1848398378700736,0.08884573666148157
0.22133968770503998,0.30140134601839513,-0.08006165831335516
0.24133969843387604,0.3028314269665501,-0.06149172853267404
0.4071233868598938,0.27661261239419066,0.13051077446570314
0.06342433393001556,0.2700971030692835,-0.2066727691392679
0.21139411628246307,0.24224756995488803,-0.030853453672424952
0.42091649770736694,0.29962066213482585,0.12129583557254109
0.22160311043262482,0.23234061040815165,-0.010737499975526837
0.2516971528530121,0.30405509623938376,-0.052357943386371675
0.17176289856433868,0.3795506809862806,-0.2077877824219419
0.1718643456697464,0.21717670318998297,-0.045312357520236574
0.6246469020843506,0.34693136069313,0.27771554139122057
0.21083290874958038,0.20603162075394477,0.004801287995635617
0.1868673861026764,0.23474477873503427,-0.04787739263235788
0.16063132882118225,0.1722390877783317,-0.011607758957149439
0.33331984281539917,0.3027968694913029,0.03052297332409626
0.015388806350529194,0.16896087056121795,-0.15357206421068875
0.1808329075574875,0.1817362440324973,-0.0009033364750098138
0.1490408480167389,0.20879317942011164,-0.059752331403372744
0.017818273976445198,0.30017314605526735,-0.28235487207882215
0.13501262664794922,0.31342109072546653,-0.17840846407751731
0.4906552731990814,0.33770512842812583,0.1529501447709556
0.33411094546318054,0.2928709862817331,0.04123995918144746
0.5098820328712463,0.23171717228804342,0.2781648605832029
0.04896987974643707,0.26728534692690253,-0.21831546718046546
0.4162822365760803,0.2500627959931851,0.16621944058289523
0.13497605919837952,0.2404163216229615,-0.10544026242458199
0.5298998951911926,0.26133474132306794,0.2685651538681247
0.4894692599773407,0.2515678146011317,0.237901445376209
0.1477242261171341,0.25089837369444845,-0.10317414757731436
0.1251954883337021,0.2471949925747168,-0.12199950424101472
0.0820188969373703,0.24197271035608817,-0.15995381341871787
0.7429197430610657,0.3111440112089576,0.43177573185210805
0.08229580521583557,0.25119029292277156,-0.168894487706936
0.17715473473072052,0.3078582541652534,-0.1307035194345329
0.4233720898628235,0.3697252159976851,0.05364687386513839
0.0631004050374031,0.2562303207615404,-0.1931299157241373
0.07307950407266617,0.2808206479350756,-0.20774114386240944
0.32231149077415466,0.30240765096144523,0.019903839812709434
0.3018956780433655,0.2932221501116535,0.008673527931712
0.10217782109975815,0.345889820291394,-0.24371199919163583
0.21758316457271576,0.26091696472979925,-0.04333380015708349
0.1985727995634079,0.2084464748420132,-0.009873675278605304
0.4123898446559906,0.23132480418823084,0.18106504046775976
0.22217564284801483,0.2601301871262712,-0.03795454427825634
0.46000435948371887,0.29787354089204426,0.1621308185916746
0.10024469345808029,0.24057210411528315,-0.14032741065720286
0.5952999591827393,0.2569215924637634,0.33837836671897586
0.46220698952674866,0.21700364777585562,0.24520334175089303
0.06941919773817062,0.19526722178729192,-0.1258480240491213
0.0818016454577446,0.3402629915559075,-0.2584613460981629
0.22606800496578217,0.21975190088168717,0.006316104084094998
0.16786529123783112,0.3131391455385167,-0.14527385430068557
0.18692485988140106,0.21997113792109935,-0.033046278039698285
0.2845184803009033,0.3283466413771586,-0.043828161076255256
0.4670293629169464,0.30632266887614357,0.16070669404080284
0.12332506477832794,0.23257165768388458,-0.10924659290555663
0.2182571440935135,0.1791866877255944,0.03907045636791909
0.5536855459213257,0.36840987770144845,0.18527566821987723
0.23789142072200775,0.20551489358135075,0.032376527140657
0.5109343528747559,0.38271684524074295,0.1282175076340129
0.4440169036388397,0.18555350921187785,0.25846339442696187
0.06034700945019722,0.26678109083642026,-0.20643408138622305
0.3906104266643524,0.2587854515425457,0.13182497512180674
0.2958873212337494,0.28743036393299065,0.008456957300758738
0.3201850354671478,0.25982619704724164,0.06035883841990619
0.19104188680648804,0.23072458514485242,-0.03968269833836438
0.33061346411705017,0.24030454632063955,0.09030891779641062
0.2946573495864868,0.28475148655415206,0.00990586303233476
0.22590823471546173,0.2089025272716569,0.017005707443804835
0.5149677991867065,0.23823941879814128,0.2767283803885653
0.051059745252132416,0.2068250873776158,-0.15576534212548337
0.18271073698997498,0.24806523689301344,-0.06535449990303846
0.28628745675086975,0.2720712859070573,0.014216170843812437
0.41538575291633606,0.25496308290818226,0.1604226700081538
0.09882359206676483,0.2650278303013303,-0.16620423823456548
0.07427813112735748,0.17811616523402224,-0.10383803410666476
0.15172849595546722,0.28633687956668674,-0.13460838361121952
0.5159687399864197,0.3077092895713145,0.20825945041510519
0.013504885137081146,0.1764649705015535,-0.16296008536447235
0.48495733737945557,0.25369336818635396,0.2312639691931016
0.4326898455619812,0.2338249373718601,0.1988649081901211
0.18592913448810577,0.25079969046683775,-0.06487055597873198
0.5032123327255249,0.2878391153162024,0.21537321740932253
0.18426768481731415,0.21752936998376193,-0.033261685166447785
0.10303466767072678,0.18482231890778922,-0.08178765123706244
0.41978493332862854,0.22581367062451319,0.19397126270411535
0.42921021580696106,0.3399679321159707,0.08924228369099035
0.058165282011032104,0.24240044365430927,-0.18423516164327716
0.13850897550582886,0.24476915270380858,-0.10626017719797973
0.3229745626449585,0.3169539175105103,0.0060206451344482215
0.21186162531375885,0.30613003874592104,-0.09426841343216219
0.4477975368499756,0.15054292237558078,0.29725461447439483
0.19674432277679443,0.3341040227630756,-0.13735969998628117
0.24617032706737518,0.24438438923305758,0.0017859378343176024
0.2761688828468323,0.24171518100942116,0.034453701837411116
0.15466946363449097,0.29678757826300556,-0.1421181146285146
0.2259465754032135,0.22228186284586574,0.0036647125573477657
0.23847688734531403,0.1878369219833259,0.050639965361988115
0.1918632835149765,0.33292505547026946,-0.14106177195529296
0.14528021216392517,0.17005871606558484,-0.02477850390165967
0.4694329500198364,0.10860806434363462,0.3608248856762018
0.08489929884672165,0.2116382248369165,-0.12673892599019485
0.06906769424676895,0.2341707108558118,-0.16510301660904284
0.15766146779060364,0.19841567459235712,-0.040754206801753484
0.036909542977809906,0.2815072805651499,-0.24459773758734
0.41757071018218994,0.28297305477172546,0.13459765541046448
0.09685345739126205,0.23813997101993736,-0.1412865136286753
0.5155402421951294,0.1690335714476528,0.3465066707474766
0.0763564184308052,0.18849285607376806,-0.11213643764296286
0.07698038220405579,0.23892343667043472,-0.16194305446637894
0.16364265978336334,0.2691977611918616,-0.10555510140849828
0.06760498881340027,0.2540574126797853,-0.18645242386638505
0.4347865879535675,0.1498457459239132,0.2849408420296543
0.4205262064933777,0.24194807331306106,0.17857813318031662
0.49460315704345703,0.22446088811453718,0.27014226892891985
0.4725967049598694,0.17423764562813654,0.29835905933173285
0.3908809423446655,0.1218672679045529,0.2690136744401126
0.22972902655601501,0.16739443713352864,0.062334589422486375
0.09677360951900482,0.30057583032120333,-0.2038022208021985
0.19452506303787231,0.25759752695603993,-0.06307246391816762
0.09889916330575943,0.24569640585407837,-0.14679724254831894
0.29863375425338745,0.12762223056305563,0.17101152369033182
0.11444148421287537,0.2436547984774818,-0.12921331426460644
0.0895165354013443,0.24397313929149253,-0.15445660389014823
0.3923512399196625,0.1579577398151197,0.23439350010454277
0.18953578174114227,0.175160866223877,0.014374915517265274
0.1101604551076889,0.2734458088411341,-0.16328535373344522
0.48673710227012634,0.28857556096111264,0.1981615413090137
0.21356996893882751,0.3519082899414344,-0.1383383210026069
0.2555943429470062,0.20191478875068117,0.05367955419632506
0.2042827010154724,0.3368079247699985,-0.13252522375452608
0.2139284312725067,0.22120851791715826,-0.0072800866446515455
0.15477490425109863,0.26869066248730605,-0.11391575823620742
0.2501069903373718,0.2508899128242824,-0.0007829224869105866
0.21359506249427795,0.316102912501425,-0.10250785000714707
0.14696690440177917,0.28701571387920616,-0.14004880947742698
0.22666582465171814,0.29261707324062625,-0.0659512485889081
0.22712409496307373,0.2625456243010132,-0.03542152933793946
0.37116706371307373,0.2923094561145032,0.07885760759857052
0.2661430239677429,0.1720627590628274,0.09408026490491553
0.3620128035545349,0.24140384301513576,0.12060896053939915
0.23246130347251892,0.22008510257187855,0.012376200900640372
0.29953718185424805,0.1458962277444992,0.15364095410974885
0.1457710564136505,0.23520984497271555,-0.08943878855906504
0.4759514629840851,0.14538880732762838,0.3305626556564567
0.13384249806404114,0.30248166684585875,-0.16863916878181762
0.21190927922725677,0.18332515875144603,0.028584120475810743
0.22501803934574127,0.23845672717230013,-0.013438687826558854
0.45893004536628723,0.14765154322446075,0.3112785021418265
0.138766810297966,0.2112197863666853,-0.07245297606871931
0.13604652881622314,0.26617763568761804,-0.1301311068713949
0.29410621523857117,0.20577461451671544,0.08833160072185572
0.14030517637729645,0.2549159068609265,-0.11461073048363007
0.11696553975343704,0.16046046141379686,-0.043494921660359814
0.1596115529537201,0.3116981804420786,-0.1520866274883585
0.16852092742919922,0.29379410153928537,-0.12527317411008615
0.3395196199417114,0.1472432384376981,0.19227638150401333
0.17801156640052795,0.19064794718748043,-0.012636380786952478
0.2544461488723755,0.2676439739300717,-0.013197825057696233
0.27345073223114014,0.21833931526261355,0.05511141696852659
0.3071579337120056,0.3261226315806915,-0.018964697868685876
0.5175241827964783,0.20914480447985812,0.30837937831662016
0.39221227169036865,0.19017804030504945,0.2020342313853192
0.4610331058502197,0.15289539741338495,0.30813770843683475
0.36009353399276733,0.22897248227600595,0.1311210517167614
0.18870170414447784,0.22122411736214384,-0.032522413217665996
0.11695706099271774,0.19134721127028273,-0.07439015027756499
0.2023712694644928,0.21330127141645105,-0.010930001951958257
0.16164220869541168,0.32884824176705557,-0.1672060330716439
0.11514255404472351,0.23157228029190088,-0.11642972624717737
0.11147207021713257,0.24158767354119073,-0.13011560332405817
0.19199354946613312,0.21378682436958535,-0.02179327490345223
0.1510101705789566,0.2289594839397569,-0.0779493133608003
0.11579231917858124,0.30246242462228673,-0.1866701054437055
0.26517245173454285,0.1375964871571461,0.12757596457739676
0.10716713964939117,0.17828399031931016,-0.07111685066991899
0.23699568212032318,0.2027683412966475,0.03422734082367568
0.17897146940231323,0.33305709683458223,-0.154085627432269
0.24612626433372498,0.17481462757575073,0.07131163675797425
0.2961385250091553,0.2920300798770228,0.004108445132132488
0.17572741210460663,0.21440368892766548,-0.03867627682305885
0.31575247645378113,0.1669429020775196,0.14880957437626152
0.2530767023563385,0.16556805909254754,0.08750864326379096
0.34602826833724976,0.2248552594838199,0.12117300885342985
0.1781332939863205,0.24644380835194074,-0.06831051436562025
0.36286309361457825,0.2487672974079164,0.11409579620666185
0.22632911801338196,0.25855602507372516,-0.0322269070603432
0.22476379573345184,0.3242442678436025,-0.09948047211015065
0.24852538108825684,0.26531463717612236,-0.016789256087865523
0.18344715237617493,0.3198315766865084,-0.13638442431033349
0.2024790197610855,0.2580258771040603,-0.055546857342974765
0.2699752151966095,0.23372183599257287,0.03625337920403662
0.436087042093277,0.2320319792051533,0.20405506288812367
0.3003047704696655,0.2899971363787583,0.010307634090907236
0.2656961977481842,0.2295835338644588,0.036112663883725415
0.44541043043136597,0.23631725517446897,0.209093175256897
0.23476384580135345,0.2436605354402735,-0.008896689638920041
0.24557358026504517,0.2602078025890231,-0.01463422232397793
0.30548980832099915,0.26845335528842873,0.037036453032570416
0.18584135174751282,0.3431421356767861,-0.15730078392927327
0.14806032180786133,0.26568176682126604,-0.11762144501340471
0.2953904867172241,0.2324744809089088,0.06291600580831533
0.2668759822845459,0.28904054752781644,-0.02216456524327054
0.4602142870426178,0.24466518605385598,0.21554910098876182
0.4783303737640381,0.19874520302571017,0.2795851707383279
0.42158350348472595,0.15053341491637695,0.271050088568349
0.2540002763271332,0.18706622328062938,0.0669340530465038
0.26530852913856506,0.23533075448352866,0.0299777746550364
0.21046648919582367,0.20849983685015436,0.001966652345669312
0.22877880930900574,0.21056786359221888,0.018210945716786858
0.16857722401618958,0.24234387302160476,-0.07376664900541519
0.23140715062618256,0.1697191441217972,0.061688006504385356
0.5620844960212708,0.1851646654950714,0.3769198305261994
0.2039894461631775,0.3098860546289119,-0.1058966084657344
0.2125895768404007,0.27929247295938475,-0.06670289611898406
0.22363978624343872,0.26302628238245807,-0.039386496139019345
0.46982768177986145,0.18580275309135819,0.28402492868850326
0.20939873158931732,0.2234389227684822,-0.014040191179164885
0.4431150257587433,0.13793809690697423,0.30517692885176906
0.5031903386116028,0.2673237005958893,0.2358666380157135
0.4355323910713196,0.1862646616012041,0.24926772947011547
0.09338992834091187,0.22151925816636228,-0.12812932982545042
0.48036277294158936,0.21655864847166198,0.2638041244699274
0.11711903661489487,0.14984436100158846,-0.032725324386693594
0.0702698826789856,0.19901353377727268,-0.1287436510982871
0.41244107484817505,0.1590845648071275,0.25335651004104753
0.4017603397369385,0.16845404798090516,0.23330629175603332
0.07045543938875198,0.3263456994928595,-0.25589026010410754
0.10516413301229477,0.2103955811533481,-0.10523144814105334
0.49155229330062866,0.23221835833612073,0.25933393496450796
0.12525393068790436,0.3332027021544888,-0.20794877146658441
0.40440693497657776,0.2347023938108981,0.16970454116567965
0.10406360030174255,0.13515543692087387,-0.031091836619131313
0.07785162329673767,0.13906232592053502,-0.06121070262379735
0.3377060890197754,0.1890772572837496,0.14862883173602578
0.09718810021877289,0.1835100915934529,-0.08632199137468002
0.13489727675914764,0.20517842934351718,-0.07028115258436954
0.18602235615253448,0.181712494677408,0.004309861475126492
0.09093870967626572,0.13582849334609567,-0.04488978366982996
0.08975771069526672,0.2678481262631308,-0.1780904155678641
0.25646746158599854,0.1984448190034616,0.05802264258253695
0.05473676696419716,0.3366622640854467,-0.28192549712124954
0.09451563656330109,0.22753140439035888,-0.1330157678270578
0.058388322591781616,0.30830104897914007,-0.24991272638735845
0.16284692287445068,0.17429261065880144,-0.011445687784350761
0.14000308513641357,0.27298358210175716,-0.1329804969653436
0.40148070454597473,0.2486518472355085,0.15282885731046622
0.14383693039417267,0.21310238841342358,-0.06926545801925091
0.08549750596284866,0.29619534440478235,-0.21069783844193368
0.09411182254552841,0.22210277555002028,-0.12799095300449187
0.3925155699253082,0.19997117562779948,0.19254439429750875
0.19389434158802032,0.1458379154380144,0.04805642615000594
0.3887380361557007,0.17013419769908122,0.21860383845661946
0.07667315751314163,0.27683367422009914,-0.2001605167069575
0.26601436734199524,0.20608807189397274,0.0599262954480225
0.417183518409729,0.13891885794541622,0.27826466046431275
0.0826561227440834,0.24640099131828214,-0.16374486857419873
0.20548948645591736,0.17980640849529794,0.025683077960619416
0.147483691573143,0.26859353284078236,-0.12110984126763935
0.43778178095817566,0.21188569443742988,0.22589608652074578
0.09934504330158234,0.20727274693068037,-0.10792770362909804
0.13759377598762512,0.3319785765471896,-0.19438480055956447
0.18757200241088867,0.216015259330334,-0.028443256919445326
0.20394153892993927,0.18878803262999902,0.01515350629994025
0.5131813883781433,0.25796199325112806,0.25521939512701525
0.43607592582702637,0.18611745956247652,0.24995846626454984
0.27496063709259033,0.17806609355201852,0.09689454354057181
0.1575758457183838,0.25519173800691564,-0.09761589228853185
0.09684475511312485,0.3553609556288196,-0.25851620051569474
0.45033422112464905,0.2217549640228667,0.22857925710178234
0.09072031080722809,0.2828586823769132,-0.1921383715696851
0.1880524605512619,0.25852371673665075,-0.07047125618538885
0.24874061346054077,0.2730673533066436,-0.02432673984610284
0.4378546178340912,0.14860085408938914,0.289253763744702
0.5113717317581177,0.16065411520772202,0.3507176165503957
0.40477368235588074,0.15367941526810855,0.25109426708777216
0.10430990904569626,0.22665474129166222,-0.12234483224596596
0.15249748528003693,0.24959859340981264,-0.09710110812977571
0.17806069552898407,0.15682128021094763,0.021239415318036442
0.2332800328731537,0.20509535645341126,0.028184676419742427
0.3038579225540161,0.2502250643091874,0.05363285824482872
0.0751601904630661,0.30592181785217065,-0.23076162738910455
0.05171336606144905,0.21070604815867036,-0.1589926820972213
0.12510515749454498,0.20138190351406968,-0.0762767460195247
0.2828074097633362,0.17467468305316242,0.10813272671017377
0.12526696920394897,0.2595182440501961,-0.1342512748462471
0.45657920837402344,0.3217516463356393,0.13482756203838414
0.12258071452379227,0.2934066057295086,-0.17082589120571634
0.08561933785676956,0.20384079239484654,-0.11822145453807698
0.180447518825531,0.33714562331095516,-0.15669810448542415
0.20932941138744354,0.2736932829409143,-0.06436387155347073
0.3902864158153534,0.28419749011928636,0.10608892569606704
0.08867383748292923,0.24982152585328607,-0.16114768837035684
0.4304511547088623,0.26371414017717054,0.16673701453169176
0.3240477442741394,0.3250201859779423,-0.0009724417038028954
0.3878350257873535,0.24842101684072973,0.13941400894662379
0.24034740030765533,0.19117441656595904,0.04917298374169629
0.18555238842964172,0.23374577475016714,-0.048193386320525416
0.2514362037181854,0.1950633206220478,0.05637288309613764
0.17037388682365417,0.15842933132032447,0.011944555503329707
0.22356265783309937,0.33144837833365537,-0.107885720500556
0.25739651918411255,0.266840057279532,-0.009443538095419424
0.21823115646839142,0.2458796765976696,-0.02764852012927818
0.36908093094825745,0.2785435669685487,0.09053736397970874
0.18572477996349335,0.2889006115901531,-0.10317583162665978
0.170238196849823,0.23007466854456893,-0.05983647169474593
0.48394206166267395,0.19692408422363525,0.2870179774390387
0.20247407257556915,0.2881198219694069,-0.08564574939383773
0.1563483625650406,0.25672927602067125,-0.10038091345563066
0.1509828269481659,0.23410314564129603,-0.08312031869313014
0.15155115723609924,0.2467692668790716,-0.09521810964297237
0.2729409337043762,0.2250768040051505,0.04786412969922571
0.12528342008590698,0.27212772594871754,-0.14684430586281055
0.14728392660617828,0.13331654785873442,0.01396737874744386
0.1432691067457199,0.17595949100523212,-0.032690384259512206
0.17064033448696136,0.1851985348701766,-0.01455820038321523
0.17336788773536682,0.1874223034747919,-0.014054415739425091
0.46320196986198425,0.25674299952626156,0.2064589703357227
0.15050558745861053,0.28286372938265314,-0.1323581419240426
0.14821757376194,0.2907378236184052,-0.14252024985646522
0.1434723436832428,0.2076658973355381,-0.06419355365229532
0.16176125407218933,0.20263566651670173,-0.0408744124445124
0.06717248260974884,0.2644524209133782,-0.19727993830362933
0.14525562524795532,0.3557236254109876,-0.2104680001630323
0.17420300841331482,0.19486010518470712,-0.020657096771392297
0.32999327778816223,0.22040922739748076,0.10958405039068148
0.27752208709716797,0.2420643684837274,0.035457718613440575
0.1279270499944687,0.3202435167907941,-0.1923164667963254
0.18618781864643097,0.2681828528203247,-0.08199503417389375
0.14394238591194153,0.24496905441173214,-0.10102666849979061
0.14006517827510834,0.26993343400589054,-0.1298682557307822
0.47133776545524597,0.21574149352334718,0.2555962719318988
0.14543811976909637,0.22670042646197391,-0.08126230669287754
0.184452086687088,0.22300425667965654,-0.038552169992568525
0.20432302355766296,0.25341700072795,-0.04909397717028702
0.12208206206560135,0.2455404508587473,-0.12345838879314594
0.4880509674549103,0.2790132139096165,0.2090377535452938
0.1562759280204773,0.223206672101057,-0.0669307440805797
0.16130076348781586,0.3198848996127789,-0.15858413612496303
0.14831387996673584,0.3380001962606107,-0.18968631629387483
0.11161712557077408,0.20105475992488384,-0.08943763435410976
0.3188018202781677,0.1997721987075267,0.11902962157064104
0.4502820372581482,0.1654635539986592,0.284818483259489
0.1460053026676178,0.2406760572092769,-0.0946707545416591
0.15734484791755676,0.20947978820457971,-0.05213494028702295
0.13672976195812225,0.2766522625100242,-0.13992250055190197
0.1548791378736496,0.2726069178603927,-0.11772777998674311
0.22521737217903137,0.3043101249528312,-0.07909275277379985
0.1648014634847641,0.2555934082792514,-0.09079194479448732
0.1569567769765854,0.27052060793144544,-0.11356383095486006
0.15089644491672516,0.3048254294626073,-0.15392898454588216
0.13091427087783813,0.21889496553736404,-0.0879806946595259
0.16853803396224976,0.20203597558978822,-0.03349794162753847
0.16758450865745544,0.19723965373873456,-0.029655145081279116
0.1515631228685379,0.2788801099390245,-0.1273169870704866
0.30104392766952515,0.23460949700921896,0.06643443066030619
0.16498687863349915,0.21853030678749413,-0.05354342815399499
0.16998860239982605,0.23168890692887234,-0.06170030452904629
0.14963166415691376,0.21876972925884933,-0.06913806510193557
0.1998519003391266,0.21683715092321726,-0.016985250584090672
0.22964943945407867,0.2417224499944339,-0.012073010540355228
0.23351053893566132,0.2609083061408769,-0.027397767205215584
0.2368285208940506,0.3134547862914922,-0.0766262653974416
0.2827824354171753,0.20124648706594908,0.08153594835122621
0.1613936573266983,0.2802409531262517,-0.11884729579955339
0.4112033247947693,0.25926786634791527,0.15193545844685402
0.4474637806415558,0.19004243782859706,0.2574213428129587
0.5282155871391296,0.29463556137229335,0.23358002576683629
0.538612961769104,0.18832951078540353,0.3502834509837005
0.5307753086090088,0.20171632543714313,0.32905898317186566
0.5229679346084595,0.2793154073259707,0.24365252728248876
0.14916671812534332,0.28374779637032493,-0.1345810782449816
0.15642835199832916,0.3431261322989353,-0.18669778030060613
0.16031259298324585,0.18750691693342272,-0.027194323950176874
0.32083791494369507,0.24738717745896313,0.07345073748473194
0.4322963058948517,0.23713062201329407,0.1951656838815576
0.45492637157440186,0.2195907407542555,0.23533563082014636
0.2797173857688904,0.28357612061840487,-0.003858734849514489
0.1653013974428177,0.14956764154152294,0.01573375590129475
0.2411547154188156,0.28277748305362665,-0.04162276763481104
0.16902294754981995,0.20994204761392418,-0.040919100064104236
0.1059027686715126,0.2546194414992348,-0.14871667282772222
0.18339663743972778,0.2906415235896157,-0.10724488614988792
0.13843362033367157,0.15662273189035814,-0.018189111556686566
0.1355070173740387,0.24757782686167512,-0.11207080948763642
0.11220195889472961,0.22711952059600393,-0.11491756170127432
0.22143666446208954,0.2549144041157991,-0.03347773965370954
0.17229779064655304,0.2105614201068884,-0.03826362946033535
0.16808132827281952,0.199499598897884,-0.03141827062506447
0.24613718688488007,0.34956888282361653,-0.10343169593873647
0.18100197613239288,0.16780831518991388,0.013193660942479007
0.16385920345783234,0.20978285756940032,-0.045923654111567985
0.23981338739395142,0.2914978226553991,-0.05168443526144767
0.11059118062257767,0.21528957439000704,-0.10469839376742937
0.1286933422088623,0.28971699879488916,-0.16102365658602685
0.16610267758369446,0.22352972216098194,-0.05742704457728748
0.3284186124801636,0.21669324732123185,0.11172536515893172
0.1615942418575287,0.21154143019841526,-0.04994718834088657
0.22380027174949646,0.1867182317587979,0.03708203999069856
0.19916701316833496,0.3096669547656127,-0.11049994159727772
0.26864591240882874,0.23794334309351278,0.030702569315315953
0.27081939578056335,0.2601142046692288,0.010705191111334555
0.41746658086776733,0.31919698185062517,0.09826959901714216
0.33002862334251404,0.3023625433078665,0.027666080034647544
0.1774134337902069,0.3080996800822501,-0.13068624629204317
0.4346405565738678,0.25924424519519956,0.17539631137866823
0.2939223349094391,0.1696068692711865,0.12431546563825258
0.3830781579017639,0.21083540201807438,0.17224275588368954
0.33596453070640564,0.2959985042289454,0.039966026477460226
0.4004824459552765,0.3025078073853107,0.0979746385699658
0.33986377716064453,0.23332658000856818,0.10653719715207635
0.34692975878715515,0.26265011283569356,0.08427964595146159
0.3677000403404236,0.2759722893788497,0.09172775096157387
0.21807006001472473,0.2509352830222418,-0.03286522300751704
0.39606595039367676,0.2391767282928687,0.15688922210080805
0.41795626282691956,0.2386425049197831,0.17931375790713647
0.28148043155670166,0.226759678261337,0.05472075329536466
0.3450635075569153,0.18377002382921281,0.16129348372770247
0.3192776143550873,0.2681688080182966,0.05110880633679066
0.24120330810546875,0.26873534686869216,-0.02753203876322341
0.2100091278553009,0.37563404621313795,-0.16562491835783705
0.2882544994354248,0.24141541244601428,0.04683908698941053
0.19116000831127167,0.33984615550336666,-0.148686147192095
0.2945808470249176,0.3767119254061508,-0.08213107838123318
0.2611502707004547,0.24009974646925364,0.021050524231201073
0.3703908622264862,0.33367893798799925,0.03671192423848696
0.18911902606487274,0.2281918381436615,-0.039072812078788766
0.39835450053215027,0.2972217928112222,0.10113270772092808
0.16424331068992615,0.2568914696612671,-0.09264815897134093
0.16266319155693054,0.28631801889538905,-0.1236548273384585
0.3072081506252289,0.23423082242683427,0.07297732819839461
0.18485794961452484,0.23186608727259914,-0.047008137658074295
0.2664440870285034,0.23075380088744188,0.03569028614106154
0.2534558176994324,0.20709113509804764,0.04636468260138474
0.19729866087436676,0.26716995399171306,-0.0698712931173463
0.19330666959285736,0.27433136005364367,-0.08102469046078631
0.162784144282341,0.16866026142987475,-0.005876117147533749
0.1866893321275711,0.1977469834286901,-0.011057651301118993
0.1741320937871933,0.35736162044314085,-0.18322952665594755
0.2487374097108841,0.22978156198192007,0.018955847728964026
0.09020553529262543,0.3111005874497122,-0.22089505215708677
0.062384217977523804,0.22309302611246734,-0.16070880813494354
0.22442467510700226,0.26384791943257146,-0.03942324432556921
0.09508536756038666,0.3066357422751955,-0.21155037471480886
0.3743434548377991,0.28819730588507236,0.08614614895272671
0.18051141500473022,0.1929873785841178,-0.012475963579387572
0.22027736902236938,0.1422262089812508,0.07805116004111859
0.1257423609495163,0.24389689395754352,-0.11815453300802722
0.20674550533294678,0.1814208954008749,0.02532460993207189
0.15579462051391602,0.16616377428378662,-0.010369153769870604
0.13960862159729004,0.2382806204333514,-0.09867199883606137
0.11919064074754715,0.17547498505154324,-0.05628434430399609
0.14692313969135284,0.2752738086534792,-0.12835066896212638
0.12028715759515762,0.22882304215412452,-0.1085358845589669
0.2363588809967041,0.17870709736271567,0.05765178363398843
0.18972356617450714,0.21672962308633306,-0.02700605691182592
0.12394508719444275,0.21454234183553358,-0.09059725464109084
0.1383965015411377,0.18012368104933033,-0.04172717950819263
0.12941007316112518,0.2526137752724796,-0.1232037021113544
0.21723662316799164,0.22007582955841354,-0.0028392063904219
0.2876336872577667,0.17990772564046495,0.10772596161730177
0.1824299395084381,0.19443714758534925,-0.012007208076911136
0.12287925183773041,0.28455922423942026,-0.16167997240168985
0.1312432736158371,0.23117299503858893,-0.09992972142275183
0.17829200625419617,0.25620472280489137,-0.0779127165506952
0.12978625297546387,0.19912858954847312,-0.06934233657300926
0.11509384214878082,0.20703381516926214,-0.09193997302048132
0.10640067607164383,0.12660883106322146,-0.02020815499157763
0.14782178401947021,0.20990565603016223,-0.062083872010692015
0.212638258934021,0.24490779019758616,-0.03226953126356516
0.1733703762292862,0.20985106468362183,-0.036480688454335636
0.2057110220193863,0.1813995974170442,0.02431142460234209
0.23257622122764587,0.18694548924367374,0.045630731983972134
0.2314581423997879,0.2881905116185716,-0.05673236921878372
0.15268070995807648,0.18285943676087332,-0.030178726802796846
0.11580506712198257,0.20368029211979546,-0.08787522499781289
0.14511540532112122,0.2081383793899948,-0.06302297406887358
0.20897120237350464,0.16219098625633283,0.04678021611717181
0.08508339524269104,0.1951839939533241,-0.11010059871063305
0.13892941176891327,0.2670702796805809,-0.12814086791166762
0.20231498777866364,0.19593577978235818,0.006379207996305453
0.26093655824661255,0.28434350798648,-0.023406949739867455
0.26344817876815796,0.30677795384678563,-0.043329775078627675
0.24249957501888275,0.27680526762679253,-0.03430569260790978
0.4884191155433655,0.29704191216212145,0.19137720338124403
0.011355368420481682,0.22279186382850652,-0.21143649540802484
0.33713385462760925,0.21914698075426037,0.11798687387334889
0.3011672794818878,0.3173398247617642,-0.016172545279876382
0.0667315423488617,0.3798113330992133,-0.3130797907503516
0.3820241391658783,0.20017461836823855,0.18184952079763975
0.045770205557346344,0.3514860808254001,-0.30571587526805377
0.34004920721054077,0.22477442289851374,0.11527478431202703
0.2499290406703949,0.2655956752142181,-0.01566663454382322
0.2738475203514099,0.26223303777371343,0.011614482577696483
0.4447095990180969,0.26257080525011584,0.1821387937679811
0.18752047419548035,0.2653295475295467,-0.07780907333406634
0.1951327919960022,0.3492345112421027,-0.1541017192461005
0.1252843141555786,0.3326645466749833,-0.20738023251940468
0.3291192054748535,0.1993940315654226,0.12972517390943092
0.40404605865478516,0.20739205002133215,0.196654008633453
0.2802216112613678,0.26908164724025935,0.01113996402110845
0.06341911107301712,0.22810105816896192,-0.1646819470959448
0.2864494025707245,0.31473141386858217,-0.02828201129785768
0.31392067670822144,0.2698182877094516,0.04410238899876984
0.39160093665122986,0.2953295678088443,0.09627136884238557
0.23949016630649567,0.29332319734612006,-0.05383303103962439
0.04822579771280289,0.19577520510940857,-0.1475494073966057
0.199302077293396,0.26681595848446144,-0.06751388119106544
0.16185693442821503,0.2732888536578818,-0.11143191922966678
0.046047113835811615,0.226830593975569,-0.1807834801397574
0.6363605856895447,0.2193736604329538,0.41698692525659087
0.4258328974246979,0.30784873720803796,0.11798416021665992
0.06583290547132492,0.26131808448924765,-0.19548517901792273
0.08042538166046143,0.34414777100282434,-0.2637223893423629
0.38156434893608093,0.2229400185887068,0.15862433034737414
0.3288004994392395,0.2894186821413337,0.0393818172979058
0.30109935998916626,0.28746626495386907,0.013633095035297194
0.1058015525341034,0.21258044653598412,-0.10677889400188073
0.3580115735530853,0.2088267185590796,0.14918485499400572
0.3516322672367096,0.21319619483675414,0.13843607239995545
0.19731147587299347,0.21912741587801401,-0.021815940005020545
0.4214859902858734,0.35782068331817257,0.06366530696770084
0.11879528313875198,0.15741337656688273,-0.038618093428130745
0.3639938235282898,0.23212301546111683,0.13187080806717297
0.13997605443000793,0.24787469700702336,-0.10789864257701542
0.20402516424655914,0.2921029261985256,-0.08807776195196648
0.1533459573984146,0.31956617712656066,-0.16622021972814605
0.08200322836637497,0.28282312314435754,-0.20081989477798257
0.2736855745315552,0.1848398378700736,0.08884573666148157
0.24133969843387604,0.3028314269665501,-0.06149172853267404
0.017818273976445198,0.30017314605526735,-0.28235487207882215
0.13497605919837952,0.2404163216229615,-0.10544026242458199
0.22017982602119446,0.2140832366978096,0.00609658932338486
0.08229580521583557,0.25119029292277156,-0.168894487706936
0.4233720898628235,0.3697252159976851,0.05364687386513839
0.2548193037509918,0.25533291496103483,-0.0005136112100430079
0.21758316457271576,0.26091696472979925,-0.04333380015708349
0.5952999591827393,0.2569215924637634,0.33837836671897586
0.12332506477832794,0.23257165768388458,-0.10924659290555663
0.5536855459213257,0.36840987770144845,0.18527566821987723
0.23789142072200775,0.20551489358135075,0.032376527140657
0.43462905287742615,0.30494994278743526,0.1296791100899909
0.45495298504829407,0.187573261145615,0.26737972390267906
0.14263322949409485,0.22927405224466396,-0.08664082275056911
0.32841169834136963,0.24081432850172405,0.08759736983964558
0.040104493498802185,0.2712558273646695,-0.23115133386586734
0.742058515548706,0.3231481125736152,0.41891040297509086
0.285715788602829,0.19987897098109572,0.08583681762173326
0.4732810854911804,0.1996048121861733,0.2736762733050071
0.35422152280807495,0.25334272480432035,0.1008787980037546
0.01929989643394947,0.1994220159063526,-0.18012211947240314
0.11249738931655884,0.2338267061768947,-0.12132931686033585
0.48168233036994934,0.29761532686582487,0.18406700350412447
0.35464996099472046,0.20585803835808442,0.14879192263663604
0.21273772418498993,0.2928793794656583,-0.08014165528066836
0.1113584116101265,0.24503374795637786,-0.13367533634625137
0.28521421551704407,0.3836310930217927,-0.09841687750474865
0.04240334406495094,0.17315004448093677,-0.13074670041598582
0.1415778547525406,0.3049024709629965,-0.1633246162104559
0.26855799555778503,0.2274466017245294,0.04111139383325563
0.1950574666261673,0.1876915203185061,0.007365946307661186
0.07990595698356628,0.15103962484387531,-0.07113366786030903
0.02909090928733349,0.17341110939809246,-0.14432020011075897
0.018192267045378685,0.24797833433373098,-0.2297860672883523
0.0853814035654068,0.24282318117455162,-0.15744177760914482
0.2325914353132248,0.29831549615048775,-0.06572406083726295
0.30426332354545593,0.22953830518713297,0.07472501835832296
0.2598746120929718,0.2530516106536021,0.0068230014393697025
0.6645768284797668,0.2126353203950453,0.45194150808472155
0.029728317633271217,0.23831995330042124,-0.20859163566715003
0.06974921375513077,0.26773804807436363,-0.19798883431923286
0.2671368718147278,0.2841641941872292,-0.01702732237250143
0.040104493498802185,0.23650091519808486,-0.19639642169928268
0.08832810819149017,0.2638560647411885,-0.17552795654969833
0.432246595621109,0.24289751231832254,0.18934908330278646
0.10523510724306107,0.2908071921383544,-0.1855720848952933
0.4829362630844116,0.31501862491468435,0.16791763816972727
0.025120167061686516,0.225381925546835,-0.2002617584851485
0.43602925539016724,0.27143038552647847,0.16459886986368877
0.5455381274223328,0.19448894397464087,0.35104918344769187
0.028349006548523903,0.2529263146619642,-0.2245773081134403
0.03772204741835594,0.19854753787862883,-0.1608254904602729
0.37838035821914673,0.2586791536284952,0.11970120459065153
0.568432629108429,0.3604680653551909,0.20796456375323807
0.1725182831287384,0.21493821958660106,-0.042419936457862656
0.497001051902771,0.31091290729683596,0.18608814460593504
0.020553814247250557,0.20500284733277177,-0.1844490330855212
0.0032183907460421324,0.252813552362662,-0.24959516161661988
0.43739810585975647,0.23941044184076501,0.19798766401899145
0.7462382316589355,0.2085254262211397,0.5377128054377959
0.5573249459266663,0.2653583470386605,0.29196659888800575
0.5741170048713684,0.24099568465358215,0.3331213202177863
0.5943364500999451,0.2939346568698079,0.30040179323013716
0.37718912959098816,0.2526408056442842,0.12454832394670395
0.033343784511089325,0.1874107193077266,-0.15406693479663727
0.658328115940094,0.37278822805830597,0.285539887881788
0.5764681100845337,0.2735976374789516,0.3028704726055821
0.11058516055345535,0.29178920514939843,-0.18120404459594308
0.21469174325466156,0.3065958119871755,-0.09190406873251394
0.4613688588142395,0.3216750318853013,0.13969382692893823
0.0695088803768158,0.23561735226071714,-0.16610847188390135
0.2679101228713989,0.25468588048973967,0.013224242381659257
0.2822570502758026,0.24921939954170072,0.03303765073410189
0.1625705361366272,0.20383587412609488,-0.04126533798946769
0.04373040795326233,0.17873699202002935,-0.13500658406676702
0.25443050265312195,0.21024337851345237,0.044187124139669576
0.2735632061958313,0.3368762915301991,-0.0633130853343678
0.11875653266906738,0.22882458664291105,-0.11006805397384367
0.21508881449699402,0.2712227070149685,-0.05613389251797446
0.07438871264457703,0.24103961628361964,-0.1666509036390426
0.4609404504299164,0.24814296853668039,0.212797481893236
0.13961337506771088,0.30413108540163186,-0.16451771033392099
0.18141065537929535,0.3569707370304261,-0.17556008165113074
0.24205851554870605,0.2652935245889474,-0.02323500904024134
0.6585893630981445,0.2636137256665171,0.39497563743162745
0.44809821248054504,0.32323730472767614,0.1248609077528689
0.6782758831977844,0.34128476481445624,0.3369911183833282
0.6557680368423462,0.31126262989334147,0.3445054069490047
0.3490073084831238,0.19020958081513487,0.1587977276679889
0.35955068469047546,0.2303212297510929,0.12922945493938257
0.4853500425815582,0.25280592066709306,0.23254412191446516
0.4553605020046234,0.28583975252710375,0.16952074947751966
0.06589341908693314,0.17507392169089397,-0.10918050260396084
0.7894148230552673,0.2524567469581065,0.5369580760971608
0.041546501219272614,0.24450065032890447,-0.20295414910963186
0.1792580932378769,0.33642778922301103,-0.15716969598513414
0.3289341628551483,0.21064472220540145,0.11828944064974686
0.4987669885158539,0.3254036291589269,0.17336335935692698
0.17426332831382751,0.29906717139146666,-0.12480384307763914
0.6640125513076782,0.3348214543385088,0.3291910969691694
0.5533751249313354,0.2801944451783491,0.2731806797529863
0.32289445400238037,0.2366555438635847,0.08623891013879567
0.32276907563209534,0.2988832028702902,0.02388587276180515
0.7260919809341431,0.22479423347654334,0.5012977474575997
0.4464472234249115,0.2698020882799357,0.17664513514497582
0.7167606949806213,0.1547671928138673,0.561993502166754
0.327899694442749,0.18212014900167353,0.1457795454410755
0.46954023838043213,0.2974143836704199,0.17212585471001224
0.09403343498706818,0.24854825106611586,-0.15451481607904768
0.41463950276374817,0.22400578147785952,0.19063372128588865
0.24222570657730103,0.2604007967505527,-0.018175090173251696
0.18542319536209106,0.17838746766595465,0.007035727696136418
0.37017762660980225,0.24414419238412075,0.1260334342256815
0.19104492664337158,0.25897007354489004,-0.06792514690151846
0.12597700953483582,0.32368118878899704,-0.19770417925416123
0.35978055000305176,0.22828556834019484,0.13149498166285692
0.3421003222465515,0.3622743409293913,-0.0201740186828398
0.03696969524025917,0.32615471379323313,-0.28918501855297396
0.32721003890037537,0.2671700478878963,0.06003999101247909
0.011452456004917622,0.21926403352419732,-0.2078115775192797
0.5872204899787903,0.2824864969528813,0.304733993025909
0.17952978610992432,0.29059761061396877,-0.11106782450404445
0.19868338108062744,0.27747260506628973,-0.0787892239856623
0.27732497453689575,0.3220421451944661,-0.04471717065757036
0.4543364644050598,0.35150709801020685,0.10282936639485296
0.06293626129627228,0.2302879801890542,-0.16735171889278191
0.532957136631012,0.23741888257065422,0.2955382540603577
0.010010449215769768,0.23366993947649578,-0.223659490260726
0.48760709166526794,0.28333148347247217,0.20427560819279578
0.09473354369401932,0.20715658695800682,-0.1124230432639875
0.22006270289421082,0.2066548287475659,0.013407874146644905
0.47889238595962524,0.36111804108078,0.11777434487884525
0.05542319640517235,0.23616532693871087,-0.18074213053353852
0.1780041754245758,0.2991485588310641,-0.12114438340648831
0.4342319667339325,0.2894599466759468,0.14477202005798567
0.6649425029754639,0.3271428529403516,0.33779965003511225
0.13049112260341644,0.2696867270789316,-0.13919560447551516
0.32384535670280457,0.286848477524929,0.036996879177875586
0.02137931063771248,0.24813044716668634,-0.22675113652897386
0.5531243681907654,0.25859128596579745,0.29453308222496793
0.054649949073791504,0.3084664144779685,-0.253816465404177
0.14365726709365845,0.3619646742653749,-0.21830740717171643
0.19267964363098145,0.25645959329480983,-0.06377994966382838
0.12483980506658554,0.18492349389047202,-0.06008368882388648
0.13510911166667938,0.16756548877990732,-0.032456377113227936
0.07981368899345398,0.31636115967784534,-0.23654747068439136
0.08962559700012207,0.29293420471521714,-0.20330860771509507
0.13616448640823364,0.18755011139004485,-0.051385624981811207
0.10531525313854218,0.19020156146727663,-0.08488630832873445
0.0858742892742157,0.18108447524636417,-0.09521018597214848
0.11014284193515778,0.2666154372359892,-0.1564725953008314
0.12230062484741211,0.20678895273589665,-0.08448832788848454
0.13606759905815125,0.2973556205416285,-0.16128802148347726
0.15425749123096466,0.27051310435743703,-0.11625561312647237
0.15566815435886383,0.2809421125604163,-0.12527395820155246
0.12227972596883774,0.3739646598979381,-0.25168493392910035
0.13906417787075043,0.22987125667992825,-0.09080707880917782
0.09154827147722244,0.2312538532071066,-0.13970558172988415
0.1397068202495575,0.2370876685301446,-0.0973808482805871
0.06338735669851303,0.21843047503915028,-0.15504311834063725
0.13605192303657532,0.26427421986107663,-0.12822229682450131
0.06511671841144562,0.24164559088115764,-0.17652887246971202
0.09230584651231766,0.29859741098517206,-0.2062915644728544
0.1780216246843338,0.2420402628842191,-0.06401863819988529
0.15104147791862488,0.32144520031636886,-0.17040372239774398
0.20293043553829193,0.26552516761790207,-0.06259473207961014
0.1367206871509552,0.2646316046957543,-0.1279109175447991
0.15756992995738983,0.17919509618573892,-0.02162516622834909
0.08675725758075714,0.18580491394265192,-0.09904765636189478
0.13326196372509003,0.17380412572806872,-0.04054216200297869
0.19961515069007874,0.321436876097552,-0.12182172540747327
0.24073322117328644,0.30003553095394725,-0.05930230978066081
0.14317956566810608,0.2797766667987807,-0.13659710113067464
0.24391266703605652,0.2963078232406413,-0.05239515620458479
0.0896046981215477,0.21864520374830365,-0.12904050562675595
0.12332465499639511,0.22670491915423854,-0.10338026415784343
0.23546676337718964,0.2191428833378647,0.016323880039324945
0.23878204822540283,0.22231013876554806,0.016471909459854772
0.10131316632032394,0.3103659555344103,-0.20905278921408638
0.21977581083774567,0.22442063485401959,-0.0046448240162739185
0.20670370757579803,0.1713218232580325,0.03538188431776554
0.13149994611740112,0.15942423118359297,-0.02792428506619185
0.13390327990055084,0.24748761590808876,-0.11358433600753792
0.11270161718130112,0.22590069594371842,-0.1131990787624173
0.13126416504383087,0.19350361520432377,-0.0622394501604929
0.12051770836114883,0.19779130982401133,-0.0772736014628625
0.12838537991046906,0.2914496902827681,-0.16306431037229907
0.2558886706829071,0.19924737342111262,0.05664129726179448
0.11157242208719254,0.2879387017458333,-0.17636627965864077
0.11018332839012146,0.19191911194697234,-0.08173578355685088
0.12912794947624207,0.18266695508744765,-0.05353900561120559
0.06518266350030899,0.18117463083354315,-0.11599196733323416
0.23544979095458984,0.17864039696550385,0.05680939398908599
0.186390221118927,0.24769257339344578,-0.06130235227451877
0.15550203621387482,0.1828624923884299,-0.02736045617455507
0.10951457172632217,0.2033105817183751,-0.09379600999205293
0.07578349858522415,0.1758274095994926,-0.10004391101426846
0.27070578932762146,0.17315061134344112,0.09755517798418034
0.10957726836204529,0.25029873473723774,-0.14072146637519245
0.2059931457042694,0.2923397108093808,-0.0863465651051114
0.17386148869991302,0.27919351479895577,-0.10533202609904274
0.12550659477710724,0.1939477171487171,-0.06844112237160987
0.2842899262905121,0.1338646233684197,0.15042530292209239
0.13113421201705933,0.3132588841075313,-0.18212467209047195
0.0794094130396843,0.23203430366928668,-0.15262489062960238
0.13974446058273315,0.20508288629501903,-0.06533842571228587
0.08658287674188614,0.20950404843014234,-0.1229211716882562
0.09232477843761444,0.1669811667251634,-0.07465638828754895
0.15116555988788605,0.25457994720225624,-0.10341438731437019
0.2351154088973999,0.2243706223860206,0.010744786511379306
0.17113421857357025,0.1963726111625314,-0.025238392588961156
0.13023558259010315,0.17785162048770908,-0.047616037897605934
0.0992683470249176,0.18458368899130143,-0.08531534196638382
0.1525866687297821,0.2032006406326519,-0.05061397190286979
0.08331223577260971,0.1731326983804206,-0.0898204626078109
0.18161489069461823,0.3458158140691794,-0.16420092337456116
0.10736200958490372,0.19843469980966466,-0.09107269022476094
0.10091934353113174,0.268878283013854,-0.16795893948272228
0.14196427166461945,0.24763790947886472,-0.10567363781424527
0.1594623327255249,0.207504854918151,-0.048042522192626086
0.11918019503355026,0.24614923464496716,-0.1269690396114169
0.13866817951202393,0.23310057819151545,-0.09443239867949152
0.13015198707580566,0.22960520099636372,-0.09945321392055806
0.2100265920162201,0.1760948028099652,0.03393178920625489
0.25746649503707886,0.17262818807345856,0.0848383069636203
0.14814570546150208,0.2509445371327201,-0.102798831671218
0.2596295177936554,0.23243404908087373,0.027195468712781667
0.16039231419563293,0.20519843447950883,-0.0448061202838759
0.19094613194465637,0.23379734674236471,-0.04285121479770834
0.3112178146839142,0.1987263753128937,0.11249143937102049
0.12044455856084824,0.22579456511845186,-0.10535000655760363
0.12043411284685135,0.2322665015864913,-0.11183238873963994
0.1463693231344223,0.2211874376231241,-0.07481811448870179
0.18686044216156006,0.2103756128913599,-0.023515170729799834
0.17437350749969482,0.15086162732282468,0.023511880176870142
0.12333902716636658,0.26195098044566006,-0.1386119532792935
0.2764424681663513,0.246984084838796,0.02945838332755532
0.19062219560146332,0.2357665806709012,-0.04514438506943788
0.16953547298908234,0.23554892771217548,-0.06601345472309314
0.16265392303466797,0.3168131627947552,-0.15415923976008722
0.1709611415863037,0.2548480865790636,-0.0838869449927599
0.14341217279434204,0.25390272512898376,-0.11049055233464172
0.1143944039940834,0.2769836117781672,-0.1625892077840838
0.23425856232643127,0.1443048500091607,0.08995371231727056
0.22146859765052795,0.20512321454832166,0.01634538310220629
0.190193772315979,0.22811564631901282,-0.03792187400303382
0.1416560262441635,0.2772485663293684,-0.13559254008520488
0.11657831072807312,0.25956194579860087,-0.14298363507052775
0.18044456839561462,0.15926930587800026,0.02117526251761437
0.0912955179810524,0.2857788210573314,-0.19448330307627898
0.2362961769104004,0.27446102273943523,-0.038164845829034844
0.1501728743314743,0.2375321185226937,-0.0873592441912194
0.11651561409235,0.2525232098524575,-0.1360075957601075
0.127853125333786,0.26156734664301945,-0.13371422130923344
0.17741425335407257,0.21156841056741563,-0.034154157213343056
0.1511237621307373,0.23954740321953302,-0.08842364108879572
0.18546023964881897,0.21535204866166474,-0.02989180901284577
0.1940704733133316,0.2172104200970144,-0.023139946783682808
0.1104961410164833,0.2068632458650462,-0.0963671048485629
0.2695145606994629,0.1882002504068532,0.08131431029260969
0.2081875056028366,0.13738801358834857,0.07079949201448804
0.1147601306438446,0.15664616774615703,-0.04188603710231242
0.2234121710062027,0.1910045514567936,0.0324076195494091
0.3061080873012543,0.2348244779250715,0.07128360937618278
0.08851077407598495,0.11659320834435205,-0.028082434268367096
0.1699325442314148,0.2832402531097404,-0.11330770887832559
0.10250307619571686,0.1866306546158101,-0.08412757842009325
0.1559297889471054,0.22601787881782237,-0.07008808987071696
0.24137455224990845,0.2289538665914021,0.012420685658506347
0.20771728456020355,0.268361217381941,-0.06064393282173747
0.18945187330245972,0.24791824437640378,-0.05846637107394406
0.14560653269290924,0.15058624811019142,-0.004979715417282177
0.11858458071947098,0.3588475912906289,-0.2402630105711579
0.15750829875469208,0.18387646289004422,-0.026368164135352146
0.12612898647785187,0.1711555394688935,-0.045026552991041635
0.12332857400178909,0.20536944931303555,-0.08204087531124646
0.21076849102973938,0.14446015737186957,0.06630833365786981
0.107957623898983,0.11282956138091219,-0.004871937481929184
0.10808301717042923,0.2176919112092947,-0.10960889403886548
0.1958991140127182,0.2313586885208086,-0.0354595745080904
0.10423766821622849,0.2495088262271228,-0.14527115801089432
0.17443619668483734,0.17506066460802597,-0.0006244679231886263
0.1462850719690323,0.2503092961311367,-0.10402422416210444
0.15099836885929108,0.2840214243985096,-0.1330230555392185
0.255130410194397,0.24868839387605174,0.006442016318345234
0.10807256400585175,0.2760032760691121,-0.16793071206326038
0.1237093135714531,0.2839122682519416,-0.1602029546804885
0.24841739237308502,0.2086019958716189,0.03981539650146612
0.17589910328388214,0.2093284336213608,-0.03342933033747866
0.11482738703489304,0.20268286830399848,-0.08785548126910545
0.1716044396162033,0.19373031709800453,-0.022125877481801226
0.15531393885612488,0.18021682119775873,-0.024902882341633847
0.3018970191478729,0.21588524103434445,0.08601177811352848
0.1091279461979866,0.18023057854723978,-0.07110263234925318
0.21049681305885315,0.20569668683583364,0.004800126223019507
0.10632752627134323,0.14961348254290652,-0.043285956271563286
0.1283755898475647,0.26737147647532344,-0.13899588662775875
0.16325542330741882,0.2677747418334556,-0.1045193185260368
0.14503180980682373,0.23809895194935912,-0.09306714214253539
0.17418542504310608,0.2821968983687482,-0.1080114733256421
0.12482282519340515,0.19237551277717707,-0.06755268758377192
0.16974446177482605,0.15624913633984788,0.013495325434978167
0.1691906452178955,0.19170547217929923,-0.022514826961403722
0.20157308876514435,0.18037443117024524,0.021198657594899112
0.07210534065961838,0.14570765263889535,-0.07360231197927697
0.3145197927951813,0.22587561642249177,0.08864417637268951
0.23004749417304993,0.2794006240763001,-0.04935312990325019
0.14461840689182281,0.1965074203063824,-0.05188901341455959
0.1480516642332077,0.19500127359997613,-0.046949609366768424
0.09551704674959183,0.26949114821681724,-0.17397410146722542
0.10278976708650589,0.22296833808745684,-0.12017857100095095
0.13434672355651855,0.34141056447960566,-0.2070638409230871
0.1531091332435608,0.23912956702361124,-0.08602043378005045
0.20153585076332092,0.16246670390571782,0.0390691468576031
0.16484372317790985,0.17676718761652843,-0.01192346443861858
0.26301509141921997,0.20078240730726254,0.062232684111957426
0.16841739416122437,0.24540733783530763,-0.07698994367408327
0.1937883496284485,0.3150807265820315,-0.12129237695358303
0.1583174616098404,0.2730126167800937,-0.1146951551702533
0.1923770159482956,0.2825955744616536,-0.09021855851335803
0.2037256509065628,0.14997941321657127,0.05374623768999154
0.15978625416755676,0.31415803476981413,-0.15437178060225737
0.11325542628765106,0.1497849172320313,-0.03652949094438024
0.15035051107406616,0.16492057697826756,-0.014570065904201401
0.24584686756134033,0.2359360390498529,0.009910828511487418
0.36004748940467834,0.271052099218246,0.08899539018643232
0.18048636615276337,0.2125307303292721,-0.032044364176508744
0.12188656628131866,0.2837975863819008,-0.16191102010058211
0.1462230384349823,0.23245003258463517,-0.08622699414965287
0.22252397239208221,0.20237001212411732,0.0201539602679649
0.1859513521194458,0.21010672964565696,-0.024155377526211164
0.12700673937797546,0.3769096083615698,-0.24990286898359432
0.13709032535552979,0.21044726411480857,-0.07335693875927879
0.11111331731081009,0.28024481305387117,-0.16913149574306108
0.1903400719165802,0.21977220809795972,-0.02943213618137952
0.17974445223808289,0.23531282155477104,-0.055568369316688154
0.5146994590759277,0.3400821881603708,0.17461727091555695
0.6031317710876465,0.2336486611333994,0.36948310995424705
0.28282350301742554,0.24695306887832277,0.035870434139102764
0.33624565601348877,0.21419081198769588,0.12205484402579289
0.5489311218261719,0.2989719376744368,0.24995918415173507
0.5368360280990601,0.2621203368697745,0.2747156912292856
0.04874303936958313,0.19301233886671804,-0.1442692994971349
0.0699133649468422,0.23968865692262634,-0.16977529197578414
0.06548807770013809,0.20647846540719267,-0.14099038770705458
0.37359675765037537,0.2179537300644911,0.15564302758588427
0.28471481800079346,0.2420176146353198,0.04269720336547367
0.27484020590782166,0.26498423995679043,0.00985596595103122
0.4546416699886322,0.27568954386816563,0.17895212612046657
0.03212861716747284,0.2202427181103021,-0.18811410094282927
0.061470311135053635,0.2010269132247497,-0.13955660208969606
0.11963645368814468,0.2780832430627785,-0.1584467893746338
0.2772331237792969,0.2367190263955731,0.040514097383723774
0.3940199315547943,0.2711774089147162,0.12284252264007811
0.4846782386302948,0.30927664928699206,0.17540158934330274
0.27073362469673157,0.2526048969757581,0.01812872772097346
0.10929162800312042,0.2525476219855017,-0.14325599398238126
0.17184647917747498,0.2759856522533678,-0.10413917307589282
0.06493426114320755,0.2307424500024194,-0.16580818885921186
0.39994993805885315,0.23782304441914717,0.16212689363970598
0.46485066413879395,0.3629447717783216,0.10190589236047237
0.20717564225196838,0.32783740360687713,-0.12066176135490875
0.27091649174690247,0.1721559517225057,0.09876054002439677
0.24741074442863464,0.28314211728723604,-0.035731372858601396
0.4347722828388214,0.326552912223522,0.1082193706152994
0.11515369266271591,0.1806341297499082,-0.06548043708719228
0.1704723984003067,0.24171888048968485,-0.07124648208937814
0.05196142941713333,0.2455312649739728,-0.19356983555683946
0.1984504610300064,0.30099799812355726,-0.10254753709355086
0.05941179394721985,0.24571437965182305,-0.1863025857046032
0.7095319628715515,0.30057822695524866,0.40895373591630285
0.03950061276555061,0.23780685697338558,-0.19830624420783496
0.05344000831246376,0.21999959416873904,-0.16655958585627528
0.38611504435539246,0.28677719308369914,0.09933785127169331
0.11346612870693207,0.27933654601991936,-0.1658704173129873
0.47340866923332214,0.25833145622808124,0.2150772130052409
0.6898715496063232,0.24457980747219557,0.4452917421341277
0.15996038913726807,0.25103834828893196,-0.09107795915166389
0.2886072099208832,0.27916359940741026,0.009443610513472922
0.09903562068939209,0.2319306350984993,-0.1328950144091072
0.32004398107528687,0.22338613757604114,0.09665784349924572
0.3055873513221741,0.284490299293475,0.021097052028699048
0.5827764868736267,0.2819352405999743,0.3008412462736524
0.2825047969818115,0.33275867395675296,-0.050253876974941436
0.07891545444726944,0.20680564534618978,-0.12789019089892034
0.437865287065506,0.3326124141559682,0.10525287290953778
0.11307428032159805,0.25909741331420544,-0.14602313299260739
0.4314807653427124,0.26078833678965346,0.17069242855305894
0.373163104057312,0.3792517908750775,-0.006088686817765476
0.3748036324977875,0.27608080090479425,0.09872283159299322
0.5453522205352783,0.2765518537657709,0.2688003667695074
0.18030521273612976,0.19682708517036207,-0.01652187243423231
0.4000544250011444,0.3595151886366584,0.04053923636448603
0.4507075250148773,0.23765674563710654,0.21305077937777078
0.2438214123249054,0.2621883297368883,-0.01836691741198293
0.13856540620326996,0.20000371959741542,-0.06143831339414546
0.4235549569129944,0.20753188759177377,0.21602306932122062
0.07208681851625443,0.22192045313911327,-0.14983363462285884
0.680550754070282,0.20983860253132502,0.47071215153895696
0.023481804877519608,0.2171209889422171,-0.1936391840646975
0.20520594716072083,0.24997122266432212,-0.04476527550360129
0.23657479882240295,0.2709574765712649,-0.034382677748861945
0.4357493221759796,0.3108592533821715,0.1248900687938081
0.5252372622489929,0.2825446625121274,0.24269259973686552
0.5280585885047913,0.24061076412005175,0.2874478243847395
0.2747096121311188,0.3001520013563121,-0.025442389225193318
0.2225622683763504,0.29694838885002156,-0.07438612047367116
0.18807950615882874,0.31053034197398743,-0.1224508358151587
0.4684138894081116,0.3363095585327745,0.13210433087533707
0.31511190533638,0.27573344726947,0.03937845806690998
0.5522905588150024,0.23048975208049047,0.32180080673451195
0.451663613319397,0.24877775571207392,0.20288585760732306
0.09040970355272293,0.18891190740244063,-0.0985022038497177
0.36675766110420227,0.31597832516064994,0.05077933594355233
0.37688305974006653,0.2031016413153066,0.17378141842475991
0.03371691331267357,0.20991174799854315,-0.17619483468586958
0.21467825770378113,0.28273312611156803,-0.0680548684077869
0.06363854557275772,0.24687961123083493,-0.1832410656580772
0.07060302048921585,0.2815036888403489,-0.21090066835113302
0.28188827633857727,0.3077014680245512,-0.025813191685973902
0.20911921560764313,0.23433002344459689,-0.025210807836953758
0.17236372828483582,0.20128620159094684,-0.02892247330611103
0.4326876699924469,0.3017040883657453,0.1309835816267016
0.4994170069694519,0.33448118067523674,0.16493582629421516
0.12126132100820541,0.20835773347827852,-0.0870964124700731
0.5653887987136841,0.2317806723944373,0.33360812631924674
0.4154619574546814,0.29006190644714497,0.12540005100753643
0.2632623612880707,0.26243726994527056,0.0008250913428001216
0.29939088225364685,0.1670176341936552,0.13237324805999165
0.41178378462791443,0.33258185287147285,0.07920193175644158
0.3937273621559143,0.21560017838366544,0.17812718377224887
0.1816374957561493,0.2604963621266164,-0.07885886637046713
0.5952529907226562,0.2231003213931093,0.37215266932954694
0.520247757434845,0.2085698389150806,0.31167791851976434
0.3783773183822632,0.2420932731625979,0.13628404521966528
0.756203830242157,0.34794974326651085,0.40825408697564614
0.200717955827713,0.32334204088188756,-0.12262408505417455
0.2224995642900467,0.3123982892712286,-0.0898987249811819
0.3302268385887146,0.25340325344444764,0.07682358514426696
0.4191087782382965,0.40320696403099626,0.015901814207300247
0.12016414850950241,0.223488088927704,-0.10332394041820159
0.05151733383536339,0.3015900069401385,-0.2500726731047751
0.2470293492078781,0.33766606653670506,-0.09063671732882694
0.3327398896217346,0.41183334827737345,-0.07909345865563883
0.2429436594247818,0.32844072102944866,-0.08549706160466686
0.21194052696228027,0.240073891110221,-0.028133364147940737
0.3947722911834717,0.3756476492136049,0.019124641969866796
0.37296977639198303,0.20681590146046674,0.1661538749315163
0.16464167833328247,0.21513075264489906,-0.05048907431161659
0.09794366359710693,0.2888821214659989,-0.19093845786889196
0.243408665060997,0.197789972613893,0.04561869244710401
0.5456709265708923,0.2967968969673673,0.24887402960352506
0.01650688424706459,0.3541199264473778,-0.3376130422003132
0.033345963805913925,0.212565166793307,-0.17921920298739308
0.30667930841445923,0.2780483309347701,0.028630977479689124
0.28152257204055786,0.2494636710879233,0.032058900952634556
0.383450448513031,0.38240531559653784,0.0010451329164931633
0.14487679302692413,0.2838933138614969,-0.13901652083457278
0.21281827986240387,0.28481064497559194,-0.07199236511318807
0.38791754841804504,0.3168890814770177,0.07102846694102732
0.0787273645401001,0.22780277347769406,-0.14907540893759397
0.42630311846733093,0.25410942997043384,0.1721936884968971
0.3890460729598999,0.3192022105211724,0.06984386243872748
0.4328444004058838,0.2442494880576159,0.1885949123482679
0.7093752026557922,0.2754306134173481,0.43394458923844414
0.1326563060283661,0.2235785169949348,-0.09092221096656872
0.4363919496536255,0.24211038783150596,0.19428156182211953
0.18512235581874847,0.17332529236224403,0.011797063456504442
0.40781304240226746,0.25410927285445245,0.153703769547815
0.19745254516601562,0.23018551468861737,-0.03273296952260174
0.3232153356075287,0.30157801270427864,0.021637322903250045
0.1889520287513733,0.2095963169501816,-0.020644288198808314
0.3029070794582367,0.28064055794897025,0.022266521509266446
0.5594170093536377,0.2898400904170768,0.2695769189365609
0.2468099147081375,0.26141202997863555,-0.01460211527049804
0.14124564826488495,0.26335730087145365,-0.1221116526065687
0.44606801867485046,0.3600242550388428,0.08604376363600769
0.3896207809448242,0.24490384411173313,0.1447169368330911
0.47036269307136536,0.28442767122649554,0.18593502184486982
0.34426549077033997,0.34713461489271946,-0.002869124122379496
0.4162299633026123,0.24006436788402033,0.17616559541859197
0.07927072793245316,0.19899981446008871,-0.11972908652763556
0.19189873337745667,0.2731700257396296,-0.08127129236217295
0.4638684391975403,0.218114772072858,0.24575366712468227
0.3421233892440796,0.27767083083458455,0.06445255840949504
0.4367733299732208,0.2940524144322141,0.14272091554100674
0.40686216950416565,0.1842861216663049,0.22257604783786075
0.17864899337291718,0.27610185328063774,-0.09745285990772057
0.1688997745513916,0.18306535012313843,-0.01416557557174683
0.32694053649902344,0.37826016182995387,-0.05131962533093043
0.024312525987625122,0.2561367643274226,-0.23182423833979748
0.22787052392959595,0.2760086954715251,-0.048138171541929176
0.26766154170036316,0.18949989581415957,0.07816164588620358
0.3209478557109833,0.22811162562299536,0.09283623008798791
0.06918713450431824,0.16845652411944825,-0.09926938961513002
0.155686616897583,0.24821732345212374,-0.09253070655454074
0.09907218813896179,0.20439120957083337,-0.10531902143187158
0.06758838891983032,0.21267046121442104,-0.14508207229459072
0.5602529644966125,0.2027326790155177,0.3575202854810948
0.17224878072738647,0.18504699125089744,-0.012798210523510961
0.3600910007953644,0.27262951727199236,0.08746148352337202
0.37761449813842773,0.25043329204418774,0.12718120609424
0.5589938163757324,0.3389111990028663,0.2200826173728661
0.10743165016174316,0.36403956784924635,-0.2566079176875032
0.22133968770503998,0.30140134601839513,-0.08006165831335516
0.4071233868598938,0.27661261239419066,0.13051077446570314
0.06342433393001556,0.2700971030692835,-0.2066727691392679
0.05601054057478905,0.2639765065782798,-0.20796596600349077
0.42091649770736694,0.29962066213482585,0.12129583557254109
0.17176289856433868,0.3795506809862806,-0.2077877824219419
0.28426551818847656,0.32089134533107516,-0.0366258271425986
0.6246469020843506,0.34693136069313,0.27771554139122057
0.21083290874958038,0.20603162075394477,0.004801287995635617
0.1868673861026764,0.23474477873503427,-0.04787739263235788
0.33331984281539917,0.3027968694913029,0.03052297332409626
0.015388806350529194,0.16896087056121795,-0.15357206421068875
0.1808329075574875,0.1817362440324973,-0.0009033364750098138
0.1490408480167389,0.20879317942011164,-0.059752331403372744
0.13501262664794922,0.31342109072546653,-0.17840846407751731
0.4906552731990814,0.33770512842812583,0.1529501447709556
0.5098820328712463,0.23171717228804342,0.2781648605832029
0.4425988495349884,0.29020995105195185,0.15238889848303655
0.4162822365760803,0.2500627959931851,0.16621944058289523
0.4894692599773407,0.2515678146011317,0.237901445376209
0.18172632157802582,0.32781554821535314,-0.14608922663732732
0.1477242261171341,0.25089837369444845,-0.10317414757731436
0.1251954883337021,0.2471949925747168,-0.12199950424101472
0.0820188969373703,0.24197271035608817,-0.15995381341871787
0.17715473473072052,0.3078582541652534,-0.1307035194345329
0.0631004050374031,0.2562303207615404,-0.1931299157241373
0.07307950407266617,0.2808206479350756,-0.20774114386240944
0.32231149077415466,0.30240765096144523,0.019903839812709434
0.26963645219802856,0.21433667111770555,0.05529978108032302
0.4123898446559906,0.23132480418823084,0.18106504046775976
0.22217564284801483,0.2601301871262712,-0.03795454427825634
0.03558211773633957,0.2904413594999409,-0.2548592417636013
0.46220698952674866,0.21700364777585562,0.24520334175089303
0.22606800496578217,0.21975190088168717,0.006316104084094998
0.16786529123783112,0.3131391455385167,-0.14527385430068557
0.18692485988140106,0.21997113792109935,-0.033046278039698285
0.4670293629169464,0.30632266887614357,0.16070669404080284
0.2182571440935135,0.1791866877255944,0.03907045636791909
0.06034700945019722,0.26678109083642026,-0.20643408138622305
0.3201850354671478,0.25982619704724164,0.06035883841990619
0.19104188680648804,0.23072458514485242,-0.03968269833836438
0.33061346411705017,0.24030454632063955,0.09030891779641062
0.2946573495864868,0.28475148655415206,0.00990586303233476
0.28628745675086975,0.2720712859070573,0.014216170843812437
0.5159687399864197,0.3077092895713145,0.20825945041510519
0.286073237657547,0.28979599335682077,-0.003722755699273772
0.30285266041755676,0.2804252059572127,0.022427454460344054
0.6836677193641663,0.3133714596304772,0.37029625973368907
0.46536049246788025,0.3235284367599627,0.14183205570791757
0.44120165705680847,0.24208469979175515,0.19911695726505332
0.06828631460666656,0.29725393561770697,-0.2289676210110404
0.11950888484716415,0.16571257010351367,-0.04620368525634952
0.08592476695775986,0.22880536860717082,-0.14288060164941097
0.3888819217681885,0.232879708701935,0.15600221306625348
0.6315464973449707,0.3507659465096278,0.2807805508353429
0.31376174092292786,0.26241403966704646,0.051347701255881395
0.060501568019390106,0.20442541096859437,-0.14392384294920427
0.6861441731452942,0.2529031215867677,0.4332410515585265
0.4670114815235138,0.3122674127003081,0.15474406882320568
0.14871473610401154,0.23907469838631243,-0.09035996228230089
0.47422152757644653,0.23527581361276653,0.23894571396368
0.35357367992401123,0.2668537936741608,0.08671988624985044
0.3506792187690735,0.3648666370271804,-0.014187418258106932
0.1573040783405304,0.33230754498665466,-0.17500346664612426
0.620240330696106,0.27512959600549214,0.3451107346906138
0.05747126415371895,0.14839251198229902,-0.09092124782858008
0.060386624187231064,0.1980005992484754,-0.13761397506124434
0.07692790031433105,0.3631818905684137,-0.28625399025408266
0.2870115041732788,0.29753252658466517,-0.01052102241138636
0.23877742886543274,0.3065555457533295,-0.06777811688789676
0.006457680370658636,0.21693845399530357,-0.21048077362464493
0.5116405487060547,0.24719471061705503,0.2644458380889997
0.1791118085384369,0.21696543613328184,-0.03785362759484495
0.5179101228713989,0.3198519826704721,0.19805814020092682
0.42840126156806946,0.24005011832001985,0.1883511432480496
0.12959247827529907,0.2939449158539575,-0.16435243757865842
0.6383281350135803,0.20184413212342364,0.43648400289015665
0.7721211910247803,0.16844005585108593,0.6036811351736944
0.18577846884727478,0.27967879192770684,-0.09390032308043206
0.485078364610672,0.36430419215531124,0.12077417245536076
0.0965726226568222,0.21155714268401468,-0.11498452002719248
0.49287354946136475,0.3017702096654063,0.19110333979595845
0.1104075238108635,0.1599292083996904,-0.049521684588826914
0.011556948535144329,0.19146462656624502,-0.1799076780311007
0.29905956983566284,0.30022668951971937,-0.0011671196840565279
0.3669905960559845,0.32019431779971436,0.04679627825627014
0.30893418192863464,0.2962353153025544,0.012698866626080219
0.321556955575943,0.21565131864220968,0.10590563693373331
0.14547544717788696,0.32439194848118974,-0.17891650130330278
0.6351932883262634,0.24688282789589436,0.3883104604303691
0.16958202421665192,0.30936760006316416,-0.13978557584651224
0.501274824142456,0.27875371077169453,0.22252111337076153
0.08559038490056992,0.2677001733597141,-0.18210978845914416
0.12821316719055176,0.26583560727972544,-0.13762244008917368
0.822319746017456,0.2792519218564986,0.5430678241609574
0.12383490055799484,0.27635452522227283,-0.152519624664278
0.08869383484125137,0.19377220865642877,-0.1050783738151774
0.3680668771266937,0.2154268654252493,0.15264001170144442
0.2382131665945053,0.22909031613463587,0.009122850459869436
0.25092998147010803,0.27171697968280817,-0.020786998212700136
0.44112852215766907,0.2650889526587628,0.17603956949890626
0.08202716708183289,0.24121152074362853,-0.15918435366179565
0.21492162346839905,0.1854336665590088,0.02948795690939024
0.03721003234386444,0.20278778509099757,-0.16557775274713313
0.6609926819801331,0.2581001874591885,0.40289249452094456
0.45752352476119995,0.18539954040853318,0.27212398435266677
0.08661442250013351,0.16600212875073808,-0.07938770625060457
0.16844305396080017,0.26340207050083253,-0.09495901654003236
0.888505756855011,0.3221180867508291,0.5663876701041819
0.30797281861305237,0.2294410410412336,0.07853177757181876
0.6980146169662476,0.36823383007412064,0.3297807868921269
0.01933124288916588,0.14578766197700088,-0.126456419087835
0.20350052416324615,0.3319697755736238,-0.12846925141037763
0.2794044017791748,0.2508441843566935,0.028560217422481327
0.25991639494895935,0.259175320721595,0.0007410742273643578
0.0493103452026844,0.18205062587059137,-0.13274028066790697
0.07246603816747665,0.19219245672786742,-0.11972641856039076
0.27916404604911804,0.20621172713977856,0.07295231890933948
0.06573667377233505,0.271265529156399,-0.20552885538406396
0.15974920988082886,0.3399419863318562,-0.18019277645102733
0.474012553691864,0.200098643978013,0.273913909713851
0.1497596651315689,0.22493355426307046,-0.07517388913150155
0.24606060981750488,0.2882757279240109,-0.04221511810650602
0.36439916491508484,0.23408536830612214,0.1303137966089627
0.6437408328056335,0.24207657611134048,0.40166425669429306
0.16341692209243774,0.26275139818709786,-0.09933447609466012
0.3655276894569397,0.2293717970039294,0.1361558924530103
0.3214001953601837,0.24417795164758563,0.07722224371259809
0.5337513089179993,0.3172096525553498,0.2165416563626495
0.2936677038669586,0.2708977483812898,0.02276995548566879
0.02020898647606373,0.2072506900617889,-0.18704170358572517
0.320407509803772,0.22692110196221832,0.09348640784155365
0.43666666746139526,0.19607500673223136,0.2405916607291639
0.41259142756462097,0.23791982132336578,0.1746716062412552
0.4146812856197357,0.26925959565048985,0.14542168996924587
0.6236363649368286,0.2540259112352545,0.36961045370157414
0.07687564939260483,0.19486066281361858,-0.11798501342101375
0.5028004050254822,0.3133826206583941,0.18941778436708806
0.5442319512367249,0.21043698210305367,0.3337949691336712
0.3718704283237457,0.26731869972652533,0.1045517285972204
0.08631139248609543,0.23279228592886075,-0.14648089344276533
0.1742737740278244,0.2652026878817626,-0.0909289138539382
0.08854754269123077,0.25168428445102825,-0.16313674175979748
0.1355067938566208,0.3144449571516563,-0.17893816329503553
0.5452873706817627,0.24400580931193253,0.3012815613698302
0.49264368414878845,0.2918910713706332,0.20075261277815526
0.46557992696762085,0.18796840959758532,0.27761151737003553
0.47053292393684387,0.2556887537332925,0.2148441702035514
0.6106478571891785,0.31039900062190157,0.3002488565672769
0.4427899718284607,0.25766969145142654,0.18512028037703415
0.3565830588340759,0.24810530904970193,0.108477749784374
0.2990386486053467,0.2931526950529065,0.005885953552440204
0.540501594543457,0.2406084287552627,0.29989316578819436
0.08642633259296417,0.25967425424094154,-0.17324792164797737
0.15589341521263123,0.22369143963007054,-0.06779802441743932
0.054137930274009705,0.17658078485260267,-0.12244285457859297
0.13642632961273193,0.2415501131188412,-0.10512378350610926
0.11637408286333084,0.23828717359655724,-0.1219130907332264
0.07059561461210251,0.33680753627121673,-0.2662119216591142
0.15951932966709137,0.2609165188119603,-0.10139718914486895
0.04838035628199577,0.22117045147341075,-0.17279009519141497
0.1521839052438736,0.30334619093351783,-0.15116228568964424
0.5520375967025757,0.35658695607587726,0.19545064062669842
0.01573667675256729,0.24988899813113682,-0.23415232137856953
0.370585173368454,0.31890210297019383,0.051683070398260145
0.4543364644050598,0.35308751041110636,0.10124895399395345
0.3658725321292877,0.28749103808118487,0.07838149404810285
0.7019122242927551,0.3185689653690806,0.38334325892367455
0.07768025249242783,0.22316139346060726,-0.14548114096817943
0.03938348963856697,0.18932292165992248,-0.1499394320213555
0.1123824417591095,0.2586530606102094,-0.14627061885109988
0.7643051147460938,0.2377846613057989,0.5265204534402949
0.49507835507392883,0.31025633958136917,0.18482201549255967
0.6452351212501526,0.28438549634755356,0.36084962490259903
0.058066874742507935,0.25768656807353135,-0.19961969333102342
0.24096134305000305,0.17807362310782954,0.06288771994217351
0.06655172258615494,0.3581403554568681,-0.2915886328707132
0.43878787755966187,0.23400496138255675,0.20478291617710512
0.6458516120910645,0.22121106999005838,0.4246405421010061
0.19606061279773712,0.2663662024736441,-0.070305589675907
0.07286311686038971,0.27297444764948775,-0.20011133078909804
0.12358411401510239,0.19782393110257976,-0.07423981708747737
0.6500731706619263,0.25005215664968533,0.40002101401224094
0.19515150785446167,0.2764588872489331,-0.08130737939447141
0.1273772269487381,0.2565710969592857,-0.1291938700105476
0.6303343772888184,0.26420339589634495,0.3661309813924734
0.07583072036504745,0.2758172111537657,-0.19998649078871822
0.1344723105430603,0.21475637360017635,-0.08028406305711605
0.7430093884468079,0.2663237646909148,0.4766856237558931
0.04050156846642494,0.1904481988790842,-0.14994663041265927
0.18750260770320892,0.28294812453695156,-0.09544551683374264
0.07552769035100937,0.17200877112899002,-0.09648108077798065
0.352152556180954,0.34903368808814483,0.003118868092809146
0.0365099273622036,0.19621898634206253,-0.15970905897985893
0.2434169352054596,0.30319164562300777,-0.05977471041754817
0.2306791990995407,0.35223805673892594,-0.12155885763938523
0.13216300308704376,0.2615934624552761,-0.12943045936823233
0.13588297367095947,0.2347525960587135,-0.09886962238775401
0.1565621793270111,0.22965720437017317,-0.07309502504316207
0.2473772168159485,0.3339515655104434,-0.08657434869449493
0.12001045048236847,0.22312255421138988,-0.10311210372902141
0.16307209432125092,0.23603062396745397,-0.07295852964620306
0.26496341824531555,0.3487234244080928,-0.08376000616277723
0.10318703949451447,0.21735216967736198,-0.11416513018284752
0.1327272653579712,0.3639863812563087,-0.23125911589833753
0.2800627052783966,0.14408600936422977,0.13597669591416683
0.1389446258544922,0.23430549118128688,-0.09536086532679469
0.3616405427455902,0.185346471895853,0.17629407084973722
0.3880668878555298,0.3145448207787376,0.07352206707679221
0.12596656382083893,0.23190749217796539,-0.10594092835712646
0.072727270424366,0.2686622446737045,-0.19593497424933848
0.5764158964157104,0.3011762686807284,0.27523962773498206
0.3583489954471588,0.1812273358007089,0.1771216596464499
0.02847439981997013,0.19625828661016936,-0.16778388679019923
0.039592474699020386,0.30289579168011077,-0.2633033169810904
0.19020898640155792,0.2566490101567709,-0.06644002375521296
0.39198535680770874,0.2614525975026959,0.13053275930501285
0.0787983313202858,0.17071689651183683,-0.09191856519155103
0.02821316570043564,0.20383604270876213,-0.1756228770083265
0.27096134424209595,0.24257122105131942,0.028390123190776523
0.041055381298065186,0.21659191382227816,-0.17553653252421297
0.17541274428367615,0.2729606247826709,-0.09754788049899477
0.04800418019294739,0.3554873382164179,-0.30748315802347054
0.47751307487487793,0.28572103744754374,0.1917920374273342
0.03323929011821747,0.23111440184250612,-0.19787511172428865
0.06690700352191925,0.34536311367711736,-0.2784561101551981
0.15800417959690094,0.22057396424455267,-0.06256978464765173
0.274890273809433,0.18341288817478785,0.09147738563464514
0.07919540256261826,0.219080497972991,-0.13988509541037275
0.467157781124115,0.24046844080748916,0.22668934031662583
0.26978057622909546,0.27624388332263566,-0.006463307093540205
0.0023093000054359436,0.19724470882511252,-0.19493540881967658
0.4071682393550873,0.2633587560668924,0.14380948328819487
0.5749843120574951,0.1852280520732461,0.389756259984249
0.46236154437065125,0.27114533865613827,0.19121620571451298
0.01737722009420395,0.2500606451567851,-0.23268342506258116
0.07269592583179474,0.23798096747037753,-0.1652850416385828
0.14196446537971497,0.2515610402965519,-0.10959657491683694
0.027220480144023895,0.21229033075817236,-0.18506985061414846
0.42695924639701843,0.3156947558330571,0.11126449056396132
0.05660397186875343,0.2664399729467344,-0.20983600107798095
0.14381399750709534,0.28753793875833716,-0.14372394125124183
0.374973863363266,0.37404972225438265,0.0009241411088833362
0.005057471338659525,0.23521215743728766,-0.23015468609862813
0.28056424856185913,0.3006664306428541,-0.020102182080994957
0.04351097345352173,0.2367961160534592,-0.19328514259993748
0.013908046297729015,0.1800125838326241,-0.1661045375348951
0.11578892171382904,0.17928917864748659,-0.06350025693365755
0.14811912178993225,0.3080270051672813,-0.15990788337734907
0.3005015552043915,0.233179814417356,0.06732174078703548
0.20978055894374847,0.28547641091789727,-0.0756958519741488
0.17153604328632355,0.2932766962932196,-0.12174065300689607
0.02457680180668831,0.29329871127003054,-0.26872190946334223
0.14115987718105316,0.29454259169508945,-0.1533827145140363
0.6194043755531311,0.297188421563304,0.3222159539898271
0.24652037024497986,0.318491940732018,-0.07197157048703812
0.4218808710575104,0.22740151222328475,0.19447935883422562
0.09563218057155609,0.19397071823640402,-0.09833853766484793
0.10818181931972504,0.28243818340415877,-0.17425636408443373
0.2619853615760803,0.2714339732055429,-0.009448611629462589
0.05847439914941788,0.2203131718340482,-0.16183877268463032
0.3006165027618408,0.26506715862975283,0.03554934413208799
0.605830729007721,0.26704422632297686,0.3387865026847441
0.2003866285085678,0.33088647456665804,-0.13049984605809023
0.36949843168258667,0.26227781014866475,0.10722062153392192
0.3749007284641266,0.34138502190314657,0.03351570656098002
0.3699686527252197,0.30659557548401956,0.06337307724120017
0.19532915949821472,0.2713100077939873,-0.07598084829577256
0.086698018014431,0.21756012743549824,-0.13086210942106724
0.9366039633750916,0.2775802644684632,0.6590236989066284
0.09820272028446198,0.18297803690346962,-0.08477531661900764
0.347084641456604,0.26020422239648144,0.08688041906012256
0.4243364632129669,0.27818589863163296,0.14615056458133396
0.10752350836992264,0.34247890779256296,-0.23495539942264032
0.6350365877151489,0.20713195996871855,0.42790462774643034
0.4643051326274872,0.2361356638498798,0.22816946877760738
0.5629571676254272,0.30696740349183227,0.255989764133595
0.655966579914093,0.33009349926361,0.32587308065048304
0.2846603989601135,0.1950678287629573,0.08959257019715622
0.48152559995651245,0.2454834704720965,0.23604212948441594
0.43944618105888367,0.3301501047936411,0.10929607626524257
0.26108673214912415,0.23063122734058208,0.03045550480854206
0.1524033397436142,0.15939071502642627,-0.006987375282812069
0.4938453435897827,0.269460502539517,0.22438484105026574
0.23992685973644257,0.3396713869827321,-0.09974452724628952
0.04121212288737297,0.20731203929053646,-0.1660999164031635
0.13885056972503662,0.33369363321363893,-0.1948430634886023
0.06029257923364639,0.17326420759686434,-0.11297162836321795
0.060334376990795135,0.25892325882901435,-0.1985888818382192
0.007419017609208822,0.1747328593234365,-0.16731384171422767
0.020125390961766243,0.3371863798170535,-0.3170609888552873
0.13583071529865265,0.2432391392394859,-0.10740842394083325
0.28748172521591187,0.19263747124164668,0.09484425397426519
0.0940125361084938,0.2044683081302015,-0.1104557720217077
0.11310344934463501,0.2594988215010376,-0.14639537215640258
0.09356322139501572,0.2654895234727728,-0.1719263020777571
0.022748172283172607,0.22792352921091164,-0.20517535692773903
0.5949843525886536,0.24447257068676823,0.35051178190188537
0.19143155217170715,0.19923639632654327,-0.007804844154836121
0.060626957565546036,0.18233466103938528,-0.12170770347383925
0.6513375043869019,0.3633423580433463,0.28799514634355555
0.414326012134552,0.2947776845377402,0.11954832759681178
0.0763113871216774,0.35329097155559885,-0.27697958443392146
0.06922674924135208,0.23907073183100905,-0.16984398258965697
0.2892058491706848,0.2786635422109128,0.010542306959772041
0.24328108131885529,0.3071765214043617,-0.0638954400855064
0.5193939208984375,0.3322552760623252,0.1871386448361123
0.23366771638393402,0.3486707640751716,-0.11500304769123759
0.4547857940196991,0.2874481049407686,0.16733768907893048
0.0192789975553751,0.2821964798527805,-0.2629174822974054
0.028787879273295403,0.2691824971647138,-0.24039461789141842
0.12297805398702621,0.22373882718953852,-0.10076077320251231
0.03141065686941147,0.29856208531008815,-0.2671514284406767
0.022361546754837036,0.2747072044850185,-0.25234565773018147
0.35861024260520935,0.2542844203871506,0.10432582221805875
0.6706165075302124,0.2992952932901438,0.3713212142400686
0.9279937148094177,0.2189004075552362,0.7090933072541815
0.18593521416187286,0.28575896817708646,-0.0998237540152136
0.5407000780105591,0.3196510768681619,0.22104900114239717
0.13409613072872162,0.351487102958733,-0.21739097223001136
0.17028212547302246,0.19555727105462084,-0.02527514558159838
0.20897597074508667,0.27741673561873315,-0.06844076487364648
0.48414838314056396,0.36610747146921446,0.1180409116713495
0.6035945415496826,0.2626189459081518,0.3409755956415308
0.2678578794002533,0.23103157326367976,0.03682630613657353
0.21637408435344696,0.21849281014212146,-0.0021187257886745026
0.2760501503944397,0.20316801252083114,0.07288213787360856
0.7304911017417908,0.282526606766836,0.4479644949749548
0.6577116250991821,0.25883270183718593,0.3988789232619962
0.6459143161773682,0.2653978810062535,0.38051643517111466
0.5288819074630737,0.3206481474986407,0.20823375996443305
0.2475757598876953,0.27870865194016464,-0.03113289205246933
0.02044932171702385,0.22755498913470495,-0.2071056674176811
0.2925914227962494,0.23611843964037976,0.05647298315586963
0.2102716863155365,0.29706297492498224,-0.08679128860944574
0.20615464448928833,0.351897271797487,-0.14574262730819865
0.22705328464508057,0.24290815723147213,-0.015854872586391566
0.0418495312333107,0.22907184113534368,-0.18722230990203298
0.1415673941373825,0.24767039885646255,-0.10610300471908005
0.16378265619277954,0.31229761365488273,-0.1485149574621032
0.2932497262954712,0.311366522952425,-0.018116796656953815
0.7419226765632629,0.32681322252442346,0.4151094540388395
0.005506792105734348,0.18366017473750046,-0.1781533826317661
0.2664054334163666,0.2516362655205305,0.0147691678958361
0.37427377700805664,0.25100446177624924,0.1232693152318074
0.0648275837302208,0.24468127772247958,-0.17985369399225878
0.3767920732498169,0.1790037751897151,0.19778829806010179
0.11323928833007812,0.24935659108457167,-0.13611730275449355
0.636562168598175,0.3783333921765549,0.2582287764216202
0.4071368873119354,0.24621773874211395,0.16091914856982148
0.23029257357120514,0.20576303565675286,0.024529537914452282
0.12338557839393616,0.2796564438261988,-0.15627086543226265
0.07728317379951477,0.31132002754356214,-0.23403685374404737
0.2343469113111496,0.22781248508578353,0.006534426225366069
0.04102403298020363,0.2610634246171979,-0.22003939163699426
0.1413584053516388,0.2939552772523929,-0.1525968719007541
0.40608149766921997,0.30769029270684345,0.09839120496237652
0.49821317195892334,0.2672358908325776,0.23097728112634575
0.11155694723129272,0.22292792558528526,-0.11137097835399254
0.5834691524505615,0.3223235562736103,0.2611455961769512
0.20330198109149933,0.24020335312362515,-0.03690137203212582
0.03631138801574707,0.20001275823640496,-0.1637013702206579
0.6564890146255493,0.2696912209891008,0.3867977936364485
0.5078056454658508,0.2653040895449646,0.24250155592088624
0.3733646869659424,0.21761840544804487,0.15574628151789752
0.4580773115158081,0.23545435559068822,0.22262295592511988
0.5520585179328918,0.2509541221148097,0.3011043958180821
0.6018913388252258,0.27867793485300724,0.3232134039722186
0.5985370874404907,0.32997374743899865,0.26856334000149207
0.48950886726379395,0.27701102443489073,0.21249784282890322
0.3566562235355377,0.22998937151847063,0.1266668520170671
0.46404388546943665,0.27855163313316383,0.1854922523362728
0.1254754513502121,0.24091971646495464,-0.11544426511474254
0.35296761989593506,0.32847136784527126,0.024496252050663803
0.03157784789800644,0.2792069537668209,-0.24762910586881448
0.5099477767944336,0.2123691893370089,0.2975785874574247
0.4785057604312897,0.3006431357077722,0.1778626247235175
0.0054231975227594376,0.24163357083373782,-0.23621037331097838
0.6335422992706299,0.25763735006516947,0.3759049492054604
0.330720990896225,0.24768735612915468,0.08303363476707029
0.13523511588573456,0.2806461333480623,-0.14541101746232776
0.711327075958252,0.208117340684899,0.5032097352733529
0.4517345726490021,0.29574113559882975,0.15599343705017232
0.12497387826442719,0.3092787329411886,-0.18430485467676144
0.06010449305176735,0.32680842543862915,-0.2667039323868618
0.09256008267402649,0.3161787510004504,-0.2236186683264239
0.3882654011249542,0.32761533308728713,0.06065006803766709
0.1540125459432602,0.23154764357451416,-0.07753509763125396
0.030344827100634575,0.19232499574886858,-0.161980168648234
0.13793103396892548,0.2769990755733289,-0.13906804160440345
0.3667502701282501,0.2928164450408988,0.0739338250873513
0.13772204518318176,0.29293700030357483,-0.15521495512039307
0.22874608635902405,0.2157235213195071,0.013022565039516959
0.14495298266410828,0.22153945920677132,-0.07658647654266304
0.3248589336872101,0.2745850204825448,0.05027391320466529
0.32526645064353943,0.24706725211168837,0.07819919853185106
0.3012016713619232,0.22149466707011378,0.07970700429180944
0.01178683340549469,0.23478526232099103,-0.22299842891549634
0.19280041754245758,0.2012185595413591,-0.008418141998901507
0.008808777667582035,0.15044095328814822,-0.14163217562056618
0.21073144674301147,0.20679738134085893,0.003934065402152548
0.4615151584148407,0.29716730022895904,0.16434785818588166
0.10041797161102295,0.35021065755179814,-0.2497926859407752
0.29020899534225464,0.27383686722209893,0.016372128120155705
0.05802507698535919,0.2038648847796363,-0.1458398077942771
0.11463949829339981,0.20737648786372,-0.0927369895703202
0.40251827239990234,0.24287526143146967,0.15964301096843267
0.055820271372795105,0.24504220574969693,-0.18922193437690182
0.5975235104560852,0.2463887147301512,0.351134795725934
0.7577115893363953,0.2695004908599879,0.48821109847640737
0.0869905948638916,0.2504767137529092,-0.1634861188890176
0.07151515036821365,0.2066458395704301,-0.13513068920221644
0.3130511939525604,0.36895815293292683,-0.055906958980366406
0.10753396153450012,0.24100899741813442,-0.1334750358836343
0.08971786499023438,0.21098891768217393,-0.12127105269193955
0.16735632717609406,0.22310677704936432,-0.05575044987327027
0.1751619577407837,0.22403162178581273,-0.04886966404502904
0.6343991756439209,0.23579214381776767,0.3986070318261532
0.7360501289367676,0.2631438364449688,0.4729062924917988
0.4742319881916046,0.25029659328628573,0.22393539490531889
0.5717659592628479,0.27503416886153376,0.29673179040131414
0.09212121367454529,0.1995881442383039,-0.10746693056375861
0.20600835978984833,0.2413036236877185,-0.03529526389787016
0.19924764335155487,0.2652425236364538,-0.06599488028489892
0.14490072429180145,0.2240231016060666,-0.07912237731426514
0.07714733481407166,0.1988492632507196,-0.12170192843664795
0.3431974947452545,0.3054849015116185,0.037712593233636016
0.057115986943244934,0.25604705546705964,-0.1989310685238147
0.02064785733819008,0.2261594438007738,-0.20551158646258372
0.7260083556175232,0.34170899855050035,0.38429935706702284
0.10636363923549652,0.23635737026050144,-0.12999373102500492
0.5341170430183411,0.338446695153558,0.19567034786478305
0.1227690726518631,0.22744425759782494,-0.10467518494596184
0.18138976395130157,0.1938566919419599,-0.012466927990658322
0.2929989695549011,0.25591705973479334,0.037081909820107783
0.6995924711227417,0.3573130922604903,0.3422793788622514
0.7546708583831787,0.23065919199440324,0.5240116663887755
0.5575653314590454,0.27298221390279853,0.2845831175562469
0.516990602016449,0.3127506032082586,0.20423999880819038
0.40220481157302856,0.23727094885916933,0.16493386271385924
0.006154649890959263,0.15170010960680377,-0.1455454597158445
0.09972831606864929,0.25919092220547996,-0.15946260613683066
0.47911182045936584,0.2772016619314994,0.20191015852786642
0.1698954999446869,0.14173404179506097,0.028161458149625923
0.2612643539905548,0.2812638533436412,-0.01999949935308637
0.20738767087459564,0.22915098652174018,-0.021763315647144538
0.7316405177116394,0.353795577021895,0.3778449406897444
0.1362382471561432,0.2679033205154937,-0.13166507335935052
0.6354649662971497,0.2944613068299908,0.3410036594671589
0.27045977115631104,0.27725161285184896,-0.006791841695537926
0.2734691798686981,0.24669242430403562,0.026776755564662497
0.23892371356487274,0.20679258510096565,0.03213112846390709
0.400041788816452,0.20413389632534762,0.1959078924911044
0.1263636350631714,0.26762159587472356,-0.14125796081155217
0.6644514203071594,0.30853379297090083,0.3559176273362586
0.06571577489376068,0.19989285453004885,-0.13417707963628817
0.22620689868927002,0.20678884746787496,0.01941805122139506
0.44290491938591003,0.2829949095056785,0.15991000988023152
0.4336467981338501,0.29341570582894977,0.14023109230490033
0.2921316623687744,0.30345859261019326,-0.011326930241418842
0.17300941050052643,0.25922247101733326,-0.08621306051680683
0.28172412514686584,0.291920527350779,-0.010196402203913157
0.19832810759544373,0.234298123887172,-0.035970016291728274
0.41641587018966675,0.3137206649803103,0.10269520520935643
0.16274817287921906,0.2793076743542768,-0.11655950147505773
0.3400000035762787,0.24683591629788967,0.09316408727838901
0.2583281099796295,0.2132935155431168,0.045034594436512726
0.297126442193985,0.3431833689735948,-0.04605692677960982
0.20909090340137482,0.28165741854417076,-0.07256651514279594
0.4237826466560364,0.2670798299634863,0.1567028166925501
0.09530825167894363,0.27437647200689225,-0.1790682203279486
0.16482758522033691,0.26896151033981414,-0.10413392511947722
0.2118913233280182,0.28533730702895593,-0.07344598370093774
0.12937304377555847,0.27062160051092143,-0.14124855673536296
0.32028213143348694,0.2038842537554678,0.11639787767801915
0.35056427121162415,0.20968106908514525,0.1408832021264789
0.06005224585533142,0.26576551504828594,-0.20571326919295452
0.1818077266216278,0.23220679678412706,-0.050399070162499254
0.32853710651397705,0.29123883009164625,0.0372982764223308
0.544587254524231,0.19964820055748855,0.3449390539667424
0.048986416310071945,0.24333453435999594,-0.194348118049924
0.09888192266225815,0.19965923806663405,-0.1007773154043759
0.47926855087280273,0.16591765155666363,0.31335089931613913
0.09845349937677383,0.2362662559900356,-0.13781275661326176
0.22632184624671936,0.18897494303495097,0.037346903211768395
0.20001044869422913,0.332740173205511,-0.1327297245112819
0.0027795194182544947,0.19343021450909836,-0.19065069509084387
0.10414838045835495,0.24441267809646697,-0.14026429763811202
0.2524033486843109,0.20375795650448714,0.048645392179823777
0.10779519379138947,0.31146719217671065,-0.20367199838532118
0.050741903483867645,0.2925866571367435,-0.24184475365287583
0.2055172473192215,0.31763533711817266,-0.11211808979895116
0.5965830683708191,0.25533490709674894,0.34124816127407015
0.5100626945495605,0.2287909911012352,0.2812717034483253
0.345475435256958,0.24913505649820888,0.09634037875874912
0.16259142756462097,0.2580611244268734,-0.09546969686225243
0.4473876655101776,0.20321246805576282,0.2441751974544148
0.19961337745189667,0.29055939400873443,-0.09094601655683776
0.5043782591819763,0.2740925006143756,0.2302857585676007
0.4342110753059387,0.28525311248315943,0.1489579628227793
0.22990596294403076,0.2577853069283671,-0.027879343984336336
0.006206896621733904,0.17871071070308622,-0.17250381408135232
0.10036572813987732,0.27138376547753995,-0.17101803733766263
0.22705328464508057,0.27708761903351625,-0.050034334388435686
0.12962383031845093,0.3640864987671118,-0.23446266844866087
0.2036154717206955,0.25845997534199283,-0.054844503621297336
0.13284221291542053,0.2535066853780777,-0.12066447246265716
0.18650992214679718,0.20814212836452287,-0.021632206217725686
0.08249738812446594,0.20544593956197965,-0.12294855143751371
0.19355276226997375,0.1904350022720951,0.0031177599978786663
0.1699582040309906,0.2956341161901499,-0.1256759121591593
0.23008359968662262,0.24224756995488803,-0.012163970268265406
0.21902821958065033,0.27313528583614716,-0.05410706625549683
0.49793103337287903,0.30768329929699895,0.19024773407588008
0.3953813910484314,0.3298261703525509,0.06555522069588049
0.019749216735363007,0.24561462992333455,-0.22586541318797154
0.03818181902170181,0.23954007242941316,-0.20135825340771135
0.16010449826717377,0.2322785707494752,-0.07217407248230143
0.8363741040229797,0.33676689706974855,0.4996072069532312
0.0929153636097908,0.2823222904450535,-0.18940692683526272
0.1272309273481369,0.1740228260023696,-0.046791898654232694
0.2336154580116272,0.3444343513522025,-0.11081889334057532
0.7386834025382996,0.38068269078654565,0.3580007117517539
0.4471891224384308,0.2810566991501308,0.16613242328829997
0.03137930855154991,0.26848872221415243,-0.23710941366260252
0.9206269383430481,0.3421778367376894,0.5784491016053587
0.19982236623764038,0.23191466180366507,-0.03209229556602469
0.5909822583198547,0.22549230568363793,0.3654899526362168
0.6819958090782166,0.3263370119314542,0.35565879714676235
0.3005015552043915,0.2636281062624795,0.03687344894191197
0.18045976758003235,0.26365714386928735,-0.083197376289255
0.0202298853546381,0.24435121378654975,-0.22412132843191165
0.5741901993751526,0.2916369637675616,0.282553235607591
0.45584118366241455,0.30927695789809184,0.1465642257643227
0.06615465134382248,0.19757878670371243,-0.13142413535988995
0.30316615104675293,0.25255377876642543,0.0506123722803275
0.1414211094379425,0.22811299658188278,-0.08669188714394027
0.07668756693601608,0.22507025343833498,-0.1483826865023189
0.5495924949645996,0.2310975062518305,0.3184949887127691
0.584817111492157,0.35112272824178403,0.23369438325037295
0.11810867488384247,0.3172062490132611,-0.19909757412941864
0.7573458552360535,0.2676393971321452,0.4897064581039083
0.2920898497104645,0.21096613769340933,0.08112371201705515
0.6150888204574585,0.31477221426657276,0.30031660619088574
0.10574712604284286,0.19835271231694207,-0.0926055862740992
0.11949843168258667,0.21550261871137533,-0.09600418702878866
0.22211076319217682,0.21377589553081333,0.008334867661363488
0.7630720734596252,0.2858369376245458,0.4772351358350794
0.6927168369293213,0.3557250453516398,0.3369917915776815
0.5061546564102173,0.24686246833014072,0.2592921880800766
0.02366771176457405,0.16771327568598224,-0.1440455639214082
0.22012539207935333,0.314186952160937,-0.09406156008158367
0.06785789132118225,0.16695724871125286,-0.09909935739007061
0.5157262086868286,0.29302450535117586,0.22270170333565276
0.4308463931083679,0.265465578935408,0.1653808141729599
0.25384536385536194,0.2659884018675123,-0.012143038012150387
0.37823405861854553,0.2938878436661332,0.08434621495241235
0.36490073800086975,0.2766142421640009,0.08828649583686887
0.13036572933197021,0.20328985976442976,-0.07292413043245954
0.21544410288333893,0.2564706913577577,-0.04102658847441876
0.06233019754290581,0.20909900425318137,-0.14676880671027556
0.12699060142040253,0.3109073359357425,-0.18391673451533996
0.766133725643158,0.3263753902544833,0.43975833538867465
0.09106583148241043,0.2990843469655924,-0.20801851548318195
0.025882966816425323,0.21062134179277436,-0.18473837497634904
0.29780563712120056,0.26198287161597,0.03582276550523056
0.5275862216949463,0.31978414995383053,0.20780207174111576
0.7289655208587646,0.3533222944784139,0.37564322638035075
0.13773249089717865,0.24057210411528315,-0.1028396132181045
0.568160891532898,0.2505286892301159,0.31763220230278205
0.08644723147153854,0.25181598554286444,-0.1653687540713259
0.026050155982375145,0.22528214715886155,-0.1992319911764864
0.017680250108242035,0.25055035132809056,-0.23287010121984852
0.06344827264547348,0.19889542484490708,-0.1354471521994336
0.30878788232803345,0.2797464609340955,0.02904142139393795
0.2052142173051834,0.3182662494065032,-0.11305203210131981
0.5489237308502197,0.2521000752405827,0.296823655609637
0.6629049181938171,0.271846252731592,0.3910586654622251
0.5673563480377197,0.30583156171511944,0.2615247863226003
0.6498537063598633,0.23225680064448484,0.41759690571537844
0.5845767855644226,0.33197484443477365,0.25260194112964895
0.3463740944862366,0.25101151921199455,0.09536257527424202
0.6280355453491211,0.2504769194983308,0.3775586258507903
0.013740857131779194,0.24192137297402957,-0.22818051584225038
0.16086728870868683,0.27588257750692746,-0.11501528879824063
0.382800430059433,0.23723831174257895,0.14556211831685403
0.21230930089950562,0.21568380439801052,-0.003374503498504905
0.5700209140777588,0.22853010064089718,0.3414908134368616
0.47656217217445374,0.1928171746150963,0.28374499755935745
0.020386625081300735,0.23635544770866027,-0.21596882262735953
0.03894461691379547,0.36601184857605445,-0.327067231662259
0.5729989409446716,0.38271684524074295,0.19028209570392868
0.356760710477829,0.2587854515425457,0.0979752589352833
0.0412643663585186,0.23554482702368454,-0.19428046066516594
0.36499476432800293,0.2910585669906059,0.07393619733739704
0.5277220606803894,0.31573868467213123,0.21198337600825817
0.2824764847755432,0.2944613996454614,-0.011984914869918206
0.4634064733982086,0.2450009659476733,0.21840550745053533
0.6523929238319397,0.22563855581413284,0.42675436801780686
0.07403343915939331,0.23747581421862446,-0.16344237505923115
0.006175548769533634,0.2822169911375996,-0.276041442368066
0.37718912959098816,0.24186762185575653,0.13532150773523163
0.10215256363153458,0.25172433961532065,-0.14957177598378607
0.170689657330513,0.25169343995062865,-0.08100378262011565
0.3672204911708832,0.2588758806312897,0.10834461053959349
0.7315883040428162,0.28925548195208856,0.4423328220907276
0.07383490353822708,0.2115680835830053,-0.13773318004477822
0.03818181902170181,0.18009317355916865,-0.14191135453746684
0.769404411315918,0.2756901103357582,0.4937143009801598
0.13490073382854462,0.2338249373718601,-0.09892420354331549
0.1769070029258728,0.17657027606499265,0.00033672686088015436
0.06740856915712357,0.25079969046683775,-0.1833911213097142
0.5482653975486755,0.28168716564616175,0.2665782319025138
0.44493207335472107,0.24315431519078132,0.20177775816393975
0.41427376866340637,0.20329609033995544,0.21097767832345093
0.4064994752407074,0.2686867107305849,0.13781276451012248
0.08798328042030334,0.24531875081495086,-0.15733547039464751
0.10895507037639618,0.19444084507067888,-0.0854857746942827
0.40227794647216797,0.31712900084946755,0.08514894562270042
0.1904701590538025,0.2494225218994949,-0.05895236284569241
0.2355363667011261,0.20019166845150055,0.03534469824962555
0.3159278333187103,0.23610344530978425,0.07982438800892608
0.22579805552959442,0.25408965761662156,-0.028291602087027135
0.23235203325748444,0.25616402721566894,-0.023811993958184507
0.1948269009590149,0.2715971900043816,-0.0767702890453667
0.21870426833629608,0.22600068442668328,-0.007296416090387198
0.37235894799232483,0.24454869920196312,0.1278102487903617
0.16654865443706512,0.2121172986654819,-0.04556864422841678
0.29711291193962097,0.20362106628031007,0.0934918456593109
0.26823920011520386,0.29481226556731716,-0.026573065452113298
0.054101381450891495,0.14354749569872122,-0.08944611424782972
0.049893856048583984,0.28937620083606763,-0.23948234478748365
0.3052375614643097,0.32139178521152806,-0.016154223747218366
0.38987141847610474,0.29886109550587014,0.09101032297023459
0.18392382562160492,0.2900553054314188,-0.10613147980981386
0.2482862025499344,0.22471010228111332,0.023576100268821065
0.2583555579185486,0.2611347406839297,-0.0027791827653811385
0.03420846536755562,0.11341235047426931,-0.0792038851067137
0.15521761775016785,0.27543388200821745,-0.1202162642580496
0.03069385699927807,0.2186142962413144,-0.18792043924203633
0.3379111588001251,0.17853527818833737,0.15937588061178776
0.28575992584228516,0.2553461388728164,0.03041378696946878
0.1767791211605072,0.23038380121885446,-0.05360468005834726
0.21126864850521088,0.26202219120636727,-0.050753542701156396
0.17798952758312225,0.2799337326946421,-0.10194420511151986
0.24934501945972443,0.29833423268819226,-0.04898921322846783
0.2948164939880371,0.2326471961497844,0.0621692978382527
0.04197849705815315,0.2336856240519866,-0.19170712699383344
0.17786401510238647,0.2824020105379136,-0.10453799543552711
0.21168294548988342,0.23328337240281413,-0.02160042691293071
0.04552394896745682,0.2522368202110183,-0.20671287124356147
0.2661114037036896,0.3521039663615199,-0.08599256265783034
0.07872044295072556,0.26918370406637,-0.19046326111564443
0.5343535542488098,0.3446355501103193,0.1897180041384905
0.3019798696041107,0.2518575020023964,0.05012236760171429
0.46929022669792175,0.3587606789548921,0.11052954774302964
0.20031115412712097,0.25138137821287865,-0.051070224085757676
0.1714107245206833,0.217190291399553,-0.04577956687886972
0.17084671556949615,0.2534596951220862,-0.08261297955259006
0.17764495313167572,0.23335339922390055,-0.055708446092224834
0.1942819505929947,0.24477886813346236,-0.05049691754046767
0.3754766881465912,0.29828630784508187,0.07719038030150932
0.26276445388793945,0.2380544981343422,0.024709955753597246
0.2715308368206024,0.3130807862448618,-0.04154994942425938
0.2900448143482208,0.25695628989542985,0.03308852445279098
0.39889422059059143,0.1926648779193415,0.20622934267124993
0.3782636523246765,0.15687513871771705,0.22138851360695946
0.2326291799545288,0.16153267742158195,0.07109650253294686
0.14354979991912842,0.22536411812615967,-0.08181431820703125
0.12645700573921204,0.18003430911954543,-0.053577303380333396
0.18986427783966064,0.15839217379231585,0.031472104047344795
0.15386967360973358,0.2502958446872421,-0.0964261710775085
0.10545450448989868,0.16331495708822055,-0.05786045259832187
0.31063857674598694,0.23721462269606383,0.0734239540499231
0.2085019052028656,0.11360260771005246,0.09489929749281314
0.23577839136123657,0.135184702824138,0.10059368853709857
0.256594181060791,0.23086039576788014,0.02573378529291087
0.16111443936824799,0.22042185664899505,-0.059307417280747066
0.1531076729297638,0.2910027634562816,-0.13789509052651783
0.177384153008461,0.13903391460079245,0.038350238407668547
0.1865793913602829,0.13224091046838443,0.054338480891898466
0.21751131117343903,0.21612730270187291,0.0013840084715661116
0.14317956566810608,0.2797766667987807,-0.13659710113067464
0.249912291765213,0.31132286605696596,-0.06141057429175295
0.2086404412984848,0.21717614379125508,-0.008535702492770275
0.219786137342453,0.21331855087422225,0.006467586468230757
0.31006714701652527,0.24521760610194823,0.06484954091457704
0.2921611964702606,0.32669257394915147,-0.034531377478890846
0.22393448650836945,0.21602153911839883,0.007912947389970615
0.22520947456359863,0.21226523521922594,0.012944239344372693
0.30977848172187805,0.2488205431950934,0.06095793852678466
0.030476301908493042,0.22061296906594993,-0.1901366671574569
0.15775743126869202,0.27698250923880924,-0.11922507797011722
0.536530613899231,0.2873110861839705,0.24921952771526046
0.22297297418117523,0.31271695585889236,-0.08974398167771713
0.2039852738380432,0.20715782788428772,-0.0031725540462445023
0.048256613314151764,0.12751065393737698,-0.07925404062322522
0.15465937554836273,0.2219924145836595,-0.06733303903529678
0.04073260352015495,0.08438964102062485,-0.0436570375004699
0.42767366766929626,0.21208862615671795,0.21558504151257832
0.240941122174263,0.2464783478270657,-0.0055372256528027075
0.4213695824146271,0.26860999992906764,0.15275958248555943
0.17675216495990753,0.20161685846664032,-0.024864693506732788
0.08768131583929062,0.26390860496966206,-0.17622728913037145
0.49222174286842346,0.22876261797563147,0.263459124892792
0.28955328464508057,0.3217955635947041,-0.03224227894962356
0.1822686493396759,0.27927184062095256,-0.09700319128127666
0.046941254287958145,0.20768065889907764,-0.1607394046111195
0.19715029001235962,0.2816605361129741,-0.08451024610061447
0.405330091714859,0.28815629496715117,0.11717379674770784
0.06420131772756577,0.127392298782857,-0.06319098105529122
0.1617288440465927,0.32941745334198375,-0.16768860929539103
0.22646664083003998,0.3244896850540838,-0.09802304422404384
0.5194820761680603,0.23514259312760008,0.2843394830404602
0.3093244433403015,0.176079433110029,0.13324501023027252
0.22970226407051086,0.27500563804667066,-0.0453033739761598
0.32875052094459534,0.35484177513477805,-0.02609125419018271
0.07339053601026535,0.307769387181451,-0.23437885117118568
0.06451642513275146,0.24078438392183082,-0.17626795878907936
0.32541975378990173,0.2846632627442817,0.040756491045620014
0.3260194957256317,0.25646301896553625,0.06955647676009546
0.04144921526312828,0.1823836256599403,-0.140934410396812
0.18577171862125397,0.316089313460064,-0.13031759483881006
0.17064645886421204,0.2752614265025685,-0.10461496763835648
0.23171116411685944,0.2733334367277825,-0.04162227261092305
0.25049373507499695,0.2965416694954295,-0.046047934420432535
0.3324846923351288,0.35586991487776215,-0.023385222542633366
0.0714508444070816,0.28465431866637175,-0.21320347425929015
0.32681986689567566,0.19826361176908286,0.1285562551265928
0.24686488509178162,0.29432573016059843,-0.047460845068816815
0.4060942232608795,0.24590470071623946,0.16018952254464006
0.2632894814014435,0.1441117151353937,0.11917776626604978
0.08661047369241714,0.26979853973116313,-0.183188066038746
0.23742714524269104,0.25454750963378375,-0.017120364391092713
0.2134511023759842,0.2866875794318301,-0.0732364770558459
0.18589134514331818,0.20469005531289985,-0.01879871016958168
0.34076908230781555,0.23225242831968587,0.10851665398812968
0.3277551829814911,0.2527709374254042,0.0749842455560869
0.033634670078754425,0.22409749534901488,-0.19046282527026046
0.20910577476024628,0.31634062014275866,-0.10723484538251238
0.08592219650745392,0.24658767651253916,-0.16066548000508524
0.1905263364315033,0.20729984329207335,-0.016773506860570053
0.5727818608283997,0.18584361478715064,0.38693824604124905
0.18788056075572968,0.2278047512335349,-0.03992419047780524
0.5273129343986511,0.23506213687902336,0.2922507975196278
0.42182037234306335,0.20557968453929854,0.21624068780376482
0.16578514873981476,0.24192838868497044,-0.07614323994515568
0.4626384377479553,0.3121524978947174,0.15048593985323794
0.3074977397918701,0.25595041184450196,0.05154732794736816
0.38431039452552795,0.20756197393869807,0.17674842058682988
0.2161400020122528,0.26137034897218697,-0.045230346959934165
0.15617147088050842,0.31596728735245144,-0.15979581647194302
0.1595648229122162,0.20142521569812022,-0.04186039278590403
0.17110225558280945,0.3005312554610943,-0.12942899987828488
0.3714706599712372,0.2560436661336771,0.11542699383756011
0.3551035225391388,0.31144323814677916,0.04366028439235964
0.40082037448883057,0.20962510254962807,0.1911952719392025
0.24783667922019958,0.29746167326200207,-0.049624994041802484
0.030876802280545235,0.19766270919694498,-0.16678590691639975
0.15549448132514954,0.17709638893981103,-0.021601907614661492
0.2930923402309418,0.2577002991778859,0.03539204105305588
0.30019015073776245,0.17037767471854195,0.1298124760192205
0.33869674801826477,0.23478711349353226,0.10390963452473251
0.17882977426052094,0.22598111876882235,-0.04715134450830141
0.20677585899829865,0.18741529112531802,0.019360567872980627
0.19455015659332275,0.21948924890414262,-0.024939092310819866
0.33072182536125183,0.33725964367937783,-0.0065378183181259986
0.3980238735675812,0.26790549795075297,0.1301183756168282
0.4167391359806061,0.33953952282572886,0.07719961315487722
0.17298652231693268,0.29886618069200493,-0.12587965837507226
0.18177348375320435,0.32221589889228053,-0.14044241513907618
0.34985047578811646,0.32396483499156525,0.0258856407965512
0.3138289153575897,0.29381877919410304,0.02001013616348668
0.3119491636753082,0.23022854492134,0.08172061875396822
0.05524307116866112,0.2637565338223421,-0.20851346265368098
0.18235129117965698,0.19952657249863065,-0.017175281318973667
0.2723196744918823,0.24588475753603323,0.026434916955849097
0.285786896944046,0.25862327249619255,0.027163624447853474
0.24667178094387054,0.3071846519709575,-0.06051287102708697
0.3332512378692627,0.2366534119125562,0.09659782595670649
0.07744457572698593,0.20733526698859164,-0.1298906912616057
0.2630438208580017,0.23624981014958762,0.026794010708414084
0.03730978071689606,0.253157868249673,-0.21584808753277696
0.028914043679833412,0.17864049136324514,-0.14972644768341173
0.18041573464870453,0.16621803775349406,0.014197696895210471
0.05361147224903107,0.1762991865586696,-0.12268771430963854
0.31633636355400085,0.2538254164369375,0.06251094711706334
0.2198542356491089,0.20646599054336098,0.013388245105747903
0.07318025082349777,0.16312070602341683,-0.08994045519991906
0.1535033881664276,0.2378098139265431,-0.08430642576011549
0.2055119127035141,0.2024645587036599,0.003047353999854202
0.2823137938976288,0.3223196810153999,-0.04000588711777109
0.21218514442443848,0.30317980627588165,-0.09099466185144317
0.22729021310806274,0.23133147264091727,-0.00404125953285453
0.28170615434646606,0.3647528052207702,-0.08304665087430413
0.24289372563362122,0.3014559558659471,-0.058562230232325874
0.15525411069393158,0.35595690295077526,-0.20070279225684368
0.2608088552951813,0.15718863560335922,0.10362021969182206
0.20225360989570618,0.3370142462207003,-0.13476063632499413
0.1889621913433075,0.20834471100868618,-0.019382519665378684
0.5146994590759277,0.3400821881603708,0.17461727091555695
0.21858251094818115,0.34229310398563983,-0.12371059303745868
0.16998952627182007,0.2613176094097674,-0.09132808313794732
0.1583525389432907,0.19117539500992176,-0.032822856066631045
0.2665875256061554,0.2838020105830569,-0.01721448497690148
0.397646963596344,0.23779198126255022,0.15985498233379378
0.21456144750118256,0.2469509995887477,-0.03238955208756514
0.3313586711883545,0.25076745169292225,0.08059121949543224
0.26093655824661255,0.28434350798648,-0.023406949739867455
0.3341640830039978,0.2276395876096354,0.1065244953943624
0.45741158723831177,0.19083503305715185,0.2665765541811599
0.3351164162158966,0.30412904857858036,0.030987367637316243
0.4532785713672638,0.3273704300386923,0.12590814132857148
0.2464139759540558,0.16707645810411753,0.07933751784993825
0.6042279005050659,0.2547089339338744,0.3495189665711915
0.16747717559337616,0.23897648014846318,-0.07149930455508702
0.18304245173931122,0.2885606577354401,-0.10551820599612888
0.39141523838043213,0.22586719017899926,0.16554804820143287
0.366038054227829,0.312950409340546,0.05308764488728296
0.21397598087787628,0.1901705737404775,0.023805407137398787
0.5150430798530579,0.2960069146197859,0.21903616523327196
0.21968871355056763,0.21904401366227783,0.0006446998882898014
0.3325902819633484,0.23128426314788006,0.10130601881546833
0.33591052889823914,0.24475764356694615,0.09115288533129298
0.5418646335601807,0.29739600702157487,0.2444686265386058
0.07207893580198288,0.17310267935325238,-0.1010237435512695
0.25426438450813293,0.24123458081283095,0.013029803695301989
0.06076858937740326,0.23451222794028564,-0.17374363856288239
0.16813912987709045,0.23857115987371055,-0.0704320299966201
0.23151467740535736,0.24628141200380885,-0.014766734598451486
0.22521774470806122,0.2334328377451695,-0.008215093037108295
0.3761315941810608,0.2512195589655196,0.12491203521554117
0.045202694833278656,0.2828367868522675,-0.23763409201898883
0.16126589477062225,0.22633721151965572,-0.06507131674903346
0.45931655168533325,0.18138983966473599,0.27792671202059727
0.26787054538726807,0.17314419142769202,0.09472635395957604
0.555778980255127,0.3225274719133529,0.23325150834177405
0.43759629130363464,0.21737528848041904,0.2202210028232156
0.26537248492240906,0.3042684962538576,-0.03889601133144854
0.4369303584098816,0.2466776115021819,0.1902527469076997
0.1848490983247757,0.20298922480673845,-0.018140126481962754
0.18497297167778015,0.29732082719580627,-0.11234785551802612
0.3333515226840973,0.29450259961466335,0.03884892306943394
0.08579366654157639,0.18690650597401595,-0.10111283943243957
0.2247273325920105,0.22072369121851265,0.004003641373497846
0.29166024923324585,0.3134242095627225,-0.02176396032947664
0.16880470514297485,0.18465808659816174,-0.015853381455186888
0.4893539249897003,0.25841093372694096,0.23094299126275936
0.33091065287590027,0.2177883889127935,0.11312226396310676
0.15436846017837524,0.22957107245172742,-0.07520261227335218
0.3968300223350525,0.23066861766696126,0.16616140466809123
0.25643405318260193,0.22911824965228939,0.027315803530312543
0.17635592818260193,0.22519825042531258,-0.04884232224271065
0.26344817876815796,0.30677795384678563,-0.043329775078627675
0.27188006043434143,0.1664103046817185,0.10546975575262293
0.17636220157146454,0.30110830729683846,-0.12474610572537392
0.07586953043937683,0.2261554300167932,-0.15028589957741637
0.3376113474369049,0.2888896859767216,0.04872166146018331
0.22251178324222565,0.34023173726950123,-0.11771995402727559
0.33985260128974915,0.28904556853261926,0.05080703275712989
0.25629109144210815,0.21919255332944,0.03709853811266817
0.21437247097492218,0.2309624635291438,-0.01658999255422161
0.4693865180015564,0.32456247034221763,0.14482404765933876
0.2738608717918396,0.2358105357679125,0.0380503360239271
0.30942589044570923,0.28219332622573673,0.0272325642199725
0.2813552916049957,0.2532143991750156,0.028140892429980136
0.4798632562160492,0.32961633938136103,0.15024691683468816
0.22139041125774384,0.27851410157432915,-0.05712369031658532
0.24363216757774353,0.2352623194523439,0.00836984812539962
0.08872871845960617,0.13792813050949976,-0.04919941204989359
0.04578514024615288,0.2305811775592946,-0.18479603731314173
0.3162077069282532,0.34118376315540105,-0.02497605622714788
0.38375353813171387,0.34641313555204434,0.03734040257966953
0.21424470841884613,0.26051577772266193,-0.046271069303815804
0.28111129999160767,0.23466755380213855,0.046443746189469115
0.15894263982772827,0.17098670560494222,-0.012044065777213953
0.32140985131263733,0.18776307884747967,0.13364677246515766
0.30783918499946594,0.2532872464764862,0.05455193852297974
0.19691993296146393,0.24903129319060127,-0.05211136022913734
0.20495906472206116,0.26943377846797867,-0.06447471374591751
0.24294163286685944,0.25756421736650487,-0.01462258449964543
0.04023793339729309,0.1653282347270927,-0.12509030132979962
0.29597198963165283,0.24128211522155238,0.05468987441010045
0.42536431550979614,0.2697131214178883,0.15565119409190786
0.20358553528785706,0.16275522722087116,0.0408303080669859
0.2360275387763977,0.25327706650407505,-0.01724952772767735
0.134780153632164,0.22031271357154683,-0.08553255993938283
0.2620045840740204,0.21673345793438728,0.045271126139633106
0.1700039654970169,0.1911351302078945,-0.021131164710877587
0.19118578732013702,0.25794950182669407,-0.06676371450655705
0.2287783920764923,0.1667533680345598,0.0620250240419325
0.11039293557405472,0.2261944208905569,-0.1158014853165022
0.1909572035074234,0.16829917427097307,0.022658029236450328
0.27103331685066223,0.17794856826575053,0.0930847485849117
0.13892033696174622,0.21370022142701586,-0.07477988446526965
0.10942979902029037,0.2152019227062283,-0.10577212368593791
0.11365726590156555,0.11811815571334564,-0.004460889811780083
0.17843694984912872,0.15750300316885907,0.020933946680269655
0.20333124697208405,0.1606464697560651,0.04268477721601893
0.16924698650836945,0.1477698889884959,0.021477097519873534
0.14554353058338165,0.137937147979247,0.007606382604134654
0.1493370085954666,0.1901151605408312,-0.04077815194536458
0.28734615445137024,0.15010671674577533,0.1372394377055949
0.18584346771240234,0.23341496539502285,-0.047571497682620506
0.2489292323589325,0.276823164327417,-0.027893931968484498
0.19826415181159973,0.2370875712738685,-0.03882341946226878
0.17858941853046417,0.17807983872294872,0.0005095798075154534
0.1756960153579712,0.1869699684932647,-0.011273953135293502
0.18334390223026276,0.14127367842896163,0.042070223801301126
0.11909350007772446,0.25660099578410206,-0.1375074957063776
0.17197513580322266,0.22145281655757101,-0.04947768075434836
0.18726816773414612,0.293091861938377,-0.10582369420423088
0.1672939956188202,0.2915927967170012,-0.12429880109818103
0.13587795197963715,0.26590007368919705,-0.1300221217095599
0.198746919631958,0.27496392560420807,-0.07621700597225006
0.15156471729278564,0.3013468289802376,-0.14978211168745198
0.19334453344345093,0.16575496863013284,0.02758956481331809
0.15584233403205872,0.17820960460673604,-0.022367270574677328
0.20074240863323212,0.19415654570121263,0.006585862932019487
0.14625726640224457,0.16297075100567487,-0.016713484603430306
0.2280144989490509,0.21793489547683173,0.010079603472219173
0.3055918216705322,0.2721692236221719,0.03342259804836034
0.1015210896730423,0.2220773638257353,-0.12055627415269302
0.1553293615579605,0.22685756683405567,-0.07152820527609516
0.14914943277835846,0.23167753037592143,-0.08252809759756297
