motif_id,model_source,model_variant,attribution_method,split_type,environment,sequence,consensus,iupac,human_pattern,regex,length,position_start,position_end,position_mean,position_std,position_distribution,preferred_position,support_count,sample_support,mean_effect,effect_direction,enrichment,odds_ratio,p_value,FDR,status
motif_cnn33_hela_sequence_cnn_ig_001,cnn,cnn33,cnn_ig,all,sequence,CTGG,CTGG,CTGG,CTGG,CTGG,4,20,23,20.0,0.0,20:1273,20,1273,1273,-0.04613038182713122,-,0.8179779821504929,0.7679387189409419,0.9999999999959698,0.9999999999999979,ok
motif_cnn33_hela_all_cnn_ig_002,cnn,cnn33,cnn_ig,single,all,CTGG,CTGG,CTGG,CTGG,CTGG,4,20,23,20.0,0.0,20:1273,20,1273,1273,-0.04613038182713122,-,0.8179779821504929,0.7679387189409419,0.9999999999959698,0.9999999999999979,ok
motif_cnn53_hela_sequence_cnn_ig_003,cnn,cnn53,cnn_ig,all,sequence,CTGG,CTGG,CTGG,CTGG,CTGG,4,20,23,20.0,0.0,20:1273,20,1273,1273,-0.04613038182713122,-,0.8179779821504929,0.7679387189409419,0.9999999999959698,0.9999999999999979,ok
motif_cnn73_hela_all_cnn_ig_004,cnn,cnn73,cnn_ig,all,all,CTGG,CTGG,CTGG,CTGG,CTGG,4,20,23,20.0,0.0,20:1273,20,1273,1273,-0.04613038182713122,-,0.8179779821504929,0.7679387189409419,0.9999999999959698,0.9999999999999979,ok
motif_cnn73_hela_sequence_cnn_ig_005,cnn,cnn73,cnn_ig,all,sequence,CTGG,CTGG,CTGG,CTGG,CTGG,4,20,23,20.0,0.0,20:1273,20,1273,1273,-0.04613038182713122,-,0.8179779821504929,0.7679387189409419,0.9999999999959698,0.9999999999999979,ok
motif_cnn73_hela_all_cnn_ig_006,cnn,cnn73,cnn_ig,single,all,CTGG,CTGG,CTGG,CTGG,CTGG,4,20,23,20.0,0.0,20:1273,20,1273,1273,-0.04613038182713122,-,0.8179779821504929,0.7679387189409419,0.9999999999959698,0.9999999999999979,ok
motif_cnn73_hela_sequence_cnn_ig_007,cnn,cnn73,cnn_ig,single,sequence,CTGG,CTGG,CTGG,CTGG,CTGG,4,20,23,20.0,0.0,20:1273,20,1273,1273,-0.04613038182713122,-,0.8179779821504929,0.7679387189409419,0.9999999999959698,0.9999999999999979,ok
motif_cnn33_hela_all_cnn_ism_008,cnn,cnn33,cnn_ism,single,all,CTGG,CTGG,CTGG,CTGG,CTGG,4,1,23,19.822580645161292,1.8282033268433184,1:11;20:1167,1;20,1178,1178,-0.0376370683712034,-,0.8179779821504929,0.7679387189409419,0.9999999999959698,0.9999999999999979,ok
motif_cnn33_hela_all_cnn_ig_009,cnn,cnn33,cnn_ig,all,all,CTGG,CTGG,CTGG,CTGG,CTGG,4,20,23,20.0,0.0,20:1167,20,1167,1167,-0.03862606337252364,-,0.8179779821504929,0.7679387189409419,0.9999999999959698,0.9999999999999979,ok
motif_cnn53_hela_sequence_cnn_ig_010,cnn,cnn53,cnn_ig,single,sequence,CTGG,CTGG,CTGG,CTGG,CTGG,4,20,23,20.0,0.0,20:1167,20,1167,1167,-0.03862606337252364,-,0.8179779821504929,0.7679387189409419,0.9999999999959698,0.9999999999999979,ok
motif_cnn53_hela_all_cnn_ig_011,cnn,cnn53,cnn_ig,all,all,CTGG,CTGG,CTGG,CTGG,CTGG,4,20,23,20.0,0.0,20:1145,20,1145,1145,-0.045643543511925955,-,0.8179779821504929,0.7679387189409419,0.9999999999959698,0.9999999999999979,ok
motif_cnn33_hela_sequence_cnn_ig_012,cnn,cnn33,cnn_ig,all,sequence,CAGG,CAGG,CAGG,CAGG,CAGG,4,20,23,20.0,0.0,20:1083,20,1083,1083,-0.030366121537008794,-,0.9045852149323084,0.8720395604429404,0.9998916736934959,0.9999999999999979,ok
motif_cnn33_hela_sequence_cnn_ig_013,cnn,cnn33,cnn_ig,single,sequence,CAGG,CAGG,CAGG,CAGG,CAGG,4,20,23,20.0,0.0,20:1083,20,1083,1083,-0.030366121537008794,-,0.9045852149323084,0.8720395604429404,0.9998916736934959,0.9999999999999979,ok
motif_cnn53_hela_all_cnn_ig_014,cnn,cnn53,cnn_ig,all,all,CAGG,CAGG,CAGG,CAGG,CAGG,4,20,23,20.0,0.0,20:1083,20,1083,1083,-0.030366121537008794,-,0.9045852149323084,0.8720395604429404,0.9998916736934959,0.9999999999999979,ok
motif_cnn53_hela_sequence_cnn_ig_015,cnn,cnn53,cnn_ig,all,sequence,CAGG,CAGG,CAGG,CAGG,CAGG,4,20,23,20.0,0.0,20:1083,20,1083,1083,-0.030366121537008794,-,0.9045852149323084,0.8720395604429404,0.9998916736934959,0.9999999999999979,ok
motif_cnn53_hela_all_cnn_ig_016,cnn,cnn53,cnn_ig,single,all,CAGG,CAGG,CAGG,CAGG,CAGG,4,20,23,20.0,0.0,20:1083,20,1083,1083,-0.030366121537008794,-,0.9045852149323084,0.8720395604429404,0.9998916736934959,0.9999999999999979,ok
motif_cnn73_hela_all_cnn_ig_017,cnn,cnn73,cnn_ig,all,all,CAGG,CAGG,CAGG,CAGG,CAGG,4,20,23,20.0,0.0,20:1083,20,1083,1083,-0.030366121537008794,-,0.9045852149323084,0.8720395604429404,0.9998916736934959,0.9999999999999979,ok
motif_cnn73_hela_sequence_cnn_ig_018,cnn,cnn73,cnn_ig,all,sequence,CAGG,CAGG,CAGG,CAGG,CAGG,4,20,23,20.0,0.0,20:1083,20,1083,1083,-0.030366121537008794,-,0.9045852149323084,0.8720395604429404,0.9998916736934959,0.9999999999999979,ok
motif_cnn73_hela_all_cnn_ig_019,cnn,cnn73,cnn_ig,single,all,CAGG,CAGG,CAGG,CAGG,CAGG,4,20,23,20.0,0.0,20:1083,20,1083,1083,-0.030366121537008794,-,0.9045852149323084,0.8720395604429404,0.9998916736934959,0.9999999999999979,ok
motif_cnn73_hela_sequence_cnn_ig_020,cnn,cnn73,cnn_ig,single,sequence,CAGG,CAGG,CAGG,CAGG,CAGG,4,20,23,20.0,0.0,20:1083,20,1083,1083,-0.030366121537008794,-,0.9045852149323084,0.8720395604429404,0.9998916736934959,0.9999999999999979,ok
motif_cnn33_hela_all_cnn_ig_021,cnn,cnn33,cnn_ig,all,all,CAGG,CAGG,CAGG,CAGG,CAGG,4,20,23,20.0,0.0,20:1053,20,1053,1053,-0.02642683726729339,-,0.9045852149323084,0.8720395604429404,0.9998916736934959,0.9999999999999979,ok
motif_cnn53_hela_all_cnn_ig_022,cnn,cnn53,cnn_ig,single,all,CTGG,CTGG,CTGG,CTGG,CTGG,4,20,23,20.0,0.0,20:974,20,974,974,-0.038947582269858394,-,0.8179779821504929,0.7679387189409419,0.9999999999959698,0.9999999999999979,ok
motif_cnn33_hela_all_cnn_ism_023,cnn,cnn33,cnn_ism,single,all,CAGG,CAGG,CAGG,CAGG,CAGG,4,20,23,20.0,0.0,20:964,20,964,964,-0.01627001303881545,-,0.9045852149323084,0.8720395604429404,0.9998916736934959,0.9999999999999979,ok
motif_cnn53_hela_sequence_cnn_ig_024,cnn,cnn53,cnn_ig,single,sequence,CAGG,CAGG,CAGG,CAGG,CAGG,4,20,23,20.0,0.0,20:964,20,964,964,-0.01627001303881545,-,0.9045852149323084,0.8720395604429404,0.9998916736934959,0.9999999999999979,ok
motif_cnn33_hela_sequence_cnn_ig_025,cnn,cnn33,cnn_ig,all,sequence,GAGG,GAGG,GAGG,GAGG,GAGG,4,20,23,20.0,0.0,20:899,20,899,899,0.012137950426209743,+,1.125826317075742,1.1660859314218486,4.4925369091345575e-05,0.00047533938909552736,ok
motif_cnn53_hela_all_cnn_ig_026,cnn,cnn53,cnn_ig,all,all,GAGG,GAGG,GAGG,GAGG,GAGG,4,20,23,20.0,0.0,20:899,20,899,899,0.012137950426209743,+,1.125826317075742,1.1660859314218486,4.4925369091345575e-05,0.00047533938909552736,ok
motif_cnn53_hela_sequence_cnn_ig_027,cnn,cnn53,cnn_ig,all,sequence,GAGG,GAGG,GAGG,GAGG,GAGG,4,20,23,20.0,0.0,20:899,20,899,899,0.012137950426209743,+,1.125826317075742,1.1660859314218486,4.4925369091345575e-05,0.00047533938909552736,ok
motif_cnn73_hela_all_cnn_ig_028,cnn,cnn73,cnn_ig,all,all,GAGG,GAGG,GAGG,GAGG,GAGG,4,20,23,20.0,0.0,20:899,20,899,899,0.012137950426209743,+,1.125826317075742,1.1660859314218486,4.4925369091345575e-05,0.00047533938909552736,ok
motif_cnn73_hela_sequence_cnn_ig_029,cnn,cnn73,cnn_ig,all,sequence,GAGG,GAGG,GAGG,GAGG,GAGG,4,20,23,20.0,0.0,20:899,20,899,899,0.012137950426209743,+,1.125826317075742,1.1660859314218486,4.4925369091345575e-05,0.00047533938909552736,ok
motif_cnn73_hela_all_cnn_ig_030,cnn,cnn73,cnn_ig,single,all,GAGG,GAGG,GAGG,GAGG,GAGG,4,20,23,20.0,0.0,20:899,20,899,899,0.012137950426209743,+,1.125826317075742,1.1660859314218486,4.4925369091345575e-05,0.00047533938909552736,ok
motif_cnn73_hela_sequence_cnn_ig_031,cnn,cnn73,cnn_ig,single,sequence,GAGG,GAGG,GAGG,GAGG,GAGG,4,20,23,20.0,0.0,20:899,20,899,899,0.012137950426209743,+,1.125826317075742,1.1660859314218486,4.4925369091345575e-05,0.00047533938909552736,ok
motif_cnn33_hela_all_cnn_ig_032,cnn,cnn33,cnn_ig,all,all,AAGG,AAGG,AAGG,AAGG,AAGG,4,20,23,20.0,0.0,20:890,20,890,890,-0.009549614309770915,-,0.9748667808616571,0.9682213093786003,0.7942816146159972,0.9999999999999979,ok
motif_cnn33_hela_sequence_cnn_ig_033,cnn,cnn33,cnn_ig,all,sequence,AAGG,AAGG,AAGG,AAGG,AAGG,4,20,23,20.0,0.0,20:890,20,890,890,-0.009549614309770915,-,0.9748667808616571,0.9682213093786003,0.7942816146159972,0.9999999999999979,ok
motif_cnn33_hela_all_cnn_ig_034,cnn,cnn33,cnn_ig,single,all,AAGG,AAGG,AAGG,AAGG,AAGG,4,20,23,20.0,0.0,20:890,20,890,890,-0.009549614309770915,-,0.9748667808616571,0.9682213093786003,0.7942816146159972,0.9999999999999979,ok
motif_cnn53_hela_all_cnn_ig_035,cnn,cnn53,cnn_ig,all,all,AAGG,AAGG,AAGG,AAGG,AAGG,4,20,23,20.0,0.0,20:890,20,890,890,-0.009549614309770915,-,0.9748667808616571,0.9682213093786003,0.7942816146159972,0.9999999999999979,ok
motif_cnn53_hela_sequence_cnn_ig_036,cnn,cnn53,cnn_ig,all,sequence,AAGG,AAGG,AAGG,AAGG,AAGG,4,20,23,20.0,0.0,20:890,20,890,890,-0.009549614309770915,-,0.9748667808616571,0.9682213093786003,0.7942816146159972,0.9999999999999979,ok
motif_cnn73_hela_all_cnn_ig_037,cnn,cnn73,cnn_ig,all,all,AAGG,AAGG,AAGG,AAGG,AAGG,4,20,23,20.0,0.0,20:890,20,890,890,-0.009549614309770915,-,0.9748667808616571,0.9682213093786003,0.7942816146159972,0.9999999999999979,ok
motif_cnn73_hela_sequence_cnn_ig_038,cnn,cnn73,cnn_ig,all,sequence,AAGG,AAGG,AAGG,AAGG,AAGG,4,20,23,20.0,0.0,20:890,20,890,890,-0.009549614309770915,-,0.9748667808616571,0.9682213093786003,0.7942816146159972,0.9999999999999979,ok
motif_cnn73_hela_all_cnn_ig_039,cnn,cnn73,cnn_ig,single,all,AAGG,AAGG,AAGG,AAGG,AAGG,4,20,23,20.0,0.0,20:890,20,890,890,-0.009549614309770915,-,0.9748667808616571,0.9682213093786003,0.7942816146159972,0.9999999999999979,ok
motif_cnn73_hela_sequence_cnn_ig_040,cnn,cnn73,cnn_ig,single,sequence,AAGG,AAGG,AAGG,AAGG,AAGG,4,20,23,20.0,0.0,20:890,20,890,890,-0.009549614309770915,-,0.9748667808616571,0.9682213093786003,0.7942816146159972,0.9999999999999979,ok
motif_cnn33_hela_all_cnn_ism_041,cnn,cnn33,cnn_ism,single,all,AAGG,AAGG,AAGG,AAGG,AAGG,4,20,23,20.0,0.0,20:835,20,835,835,-0.0010981735348663535,-,0.9748667808616571,0.9682213093786003,0.7942816146159972,0.9999999999999979,ok
motif_cnn53_hela_sequence_cnn_ig_042,cnn,cnn53,cnn_ig,single,sequence,AAGG,AAGG,AAGG,AAGG,AAGG,4,20,23,20.0,0.0,20:835,20,835,835,-0.0010981735348663535,-,0.9748667808616571,0.9682213093786003,0.7942816146159972,0.9999999999999979,ok
motif_cnn53_hela_all_cnn_ig_043,cnn,cnn53,cnn_ig,single,all,AAGG,AAGG,AAGG,AAGG,AAGG,4,20,23,20.0,0.0,20:818,20,818,818,0.0011577443882482275,+,0.9748667808616571,0.9682213093786003,0.7942816146159972,0.9999999999999979,ok
motif_cnn33_hela_sequence_cnn_ig_044,cnn,cnn33,cnn_ig,all,sequence,ATGG,ATGG,ATGG,ATGG,ATGG,4,20,23,20.0,0.0,20:789,20,789,789,0.010507030964566344,+,1.0762208775730724,1.0928899936560723,0.0212906976785494,0.07199328699550725,ok
motif_cnn53_hela_sequence_cnn_ig_045,cnn,cnn53,cnn_ig,all,sequence,ATGG,ATGG,ATGG,ATGG,ATGG,4,20,23,20.0,0.0,20:789,20,789,789,0.010507030964566344,+,1.0762208775730724,1.0928899936560723,0.0212906976785494,0.07199328699550725,ok
motif_cnn73_hela_all_cnn_ig_046,cnn,cnn73,cnn_ig,all,all,ATGG,ATGG,ATGG,ATGG,ATGG,4,20,23,20.0,0.0,20:789,20,789,789,0.010507030964566344,+,1.0762208775730724,1.0928899936560723,0.0212906976785494,0.07199328699550725,ok
motif_cnn73_hela_sequence_cnn_ig_047,cnn,cnn73,cnn_ig,all,sequence,ATGG,ATGG,ATGG,ATGG,ATGG,4,20,23,20.0,0.0,20:789,20,789,789,0.010507030964566344,+,1.0762208775730724,1.0928899936560723,0.0212906976785494,0.07199328699550725,ok
motif_cnn73_hela_all_cnn_ig_048,cnn,cnn73,cnn_ig,single,all,ATGG,ATGG,ATGG,ATGG,ATGG,4,20,23,20.0,0.0,20:789,20,789,789,0.010507030964566344,+,1.0762208775730724,1.0928899936560723,0.0212906976785494,0.07199328699550725,ok
motif_cnn73_hela_sequence_cnn_ig_049,cnn,cnn73,cnn_ig,single,sequence,ATGG,ATGG,ATGG,ATGG,ATGG,4,20,23,20.0,0.0,20:789,20,789,789,0.010507030964566344,+,1.0762208775730724,1.0928899936560723,0.0212906976785494,0.07199328699550725,ok
motif_cnn33_hela_all_cnn_ig_050,cnn,cnn33,cnn_ig,all,all,ATGG,ATGG,ATGG,ATGG,ATGG,4,20,23,20.0,0.0,20:774,20,774,774,0.01271580221488855,+,1.0762208775730724,1.0928899936560723,0.0212906976785494,0.07199328699550725,ok
motif_cnn73_hela_sequence_cnn_ism_051,cnn,cnn73,cnn_ism,single,sequence,CAGG,CAGG,CAGG,CAGG,CAGG,4,20,23,20.0,0.0,20:747,20,747,747,-0.06855113675159155,-,0.9045852149323084,0.8720395604429404,0.9998916736934959,0.9999999999999979,ok
motif_cnn53_hela_all_cnn_ig_052,cnn,cnn53,cnn_ig,single,all,ATGG,ATGG,ATGG,ATGG,ATGG,4,20,23,20.0,0.0,20:745,20,745,745,0.01627796344469612,+,1.0762208775730724,1.0928899936560723,0.0212906976785494,0.07199328699550725,ok
motif_cnn33_hela_all_cnn_ism_053,cnn,cnn33,cnn_ism,single,all,ATGG,ATGG,ATGG,ATGG,ATGG,4,20,23,20.0,0.0,20:744,20,744,744,0.018508280993109583,+,1.0762208775730724,1.0928899936560723,0.0212906976785494,0.07199328699550725,ok
motif_cnn53_hela_sequence_cnn_ig_054,cnn,cnn53,cnn_ig,single,sequence,ATGG,ATGG,ATGG,ATGG,ATGG,4,20,23,20.0,0.0,20:744,20,744,744,0.018508280993109583,+,1.0762208775730724,1.0928899936560723,0.0212906976785494,0.07199328699550725,ok
motif_cnn33_hela_all_cnn_ig_055,cnn,cnn33,cnn_ig,single,all,ATGG,ATGG,ATGG,ATGG,ATGG,4,20,23,20.0,0.0,20:743,20,743,743,0.016718491376690292,+,1.0762208775730724,1.0928899936560723,0.0212906976785494,0.07199328699550725,ok
motif_cnn33_hela_all_cnn_ism_056,cnn,cnn33,cnn_ism,single,all,GAGG,GAGG,GAGG,GAGG,GAGG,4,20,23,20.0,0.0,20:741,20,741,741,0.019929075837687882,+,1.125826317075742,1.1660859314218486,4.4925369091345575e-05,0.00047533938909552736,ok
motif_cnn33_hela_sequence_cnn_ig_057,cnn,cnn33,cnn_ig,all,sequence,GTGG,GTGG,GTGG,GTGG,GTGG,4,20,23,20.0,0.0,20:740,20,740,740,0.016828345635089004,+,1.0452449472577903,1.054610058611586,0.11704755263572675,0.2713187085831687,ok
motif_cnn53_hela_all_cnn_ig_058,cnn,cnn53,cnn_ig,all,all,GTGG,GTGG,GTGG,GTGG,GTGG,4,20,23,20.0,0.0,20:740,20,740,740,0.016828345635089004,+,1.0452449472577903,1.054610058611586,0.11704755263572675,0.2713187085831687,ok
motif_cnn53_hela_sequence_cnn_ig_059,cnn,cnn53,cnn_ig,all,sequence,GTGG,GTGG,GTGG,GTGG,GTGG,4,20,23,20.0,0.0,20:740,20,740,740,0.016828345635089004,+,1.0452449472577903,1.054610058611586,0.11704755263572675,0.2713187085831687,ok
motif_cnn73_hela_all_cnn_ig_060,cnn,cnn73,cnn_ig,all,all,GTGG,GTGG,GTGG,GTGG,GTGG,4,20,23,20.0,0.0,20:740,20,740,740,0.016828345635089004,+,1.0452449472577903,1.054610058611586,0.11704755263572675,0.2713187085831687,ok
motif_cnn73_hela_sequence_cnn_ig_061,cnn,cnn73,cnn_ig,all,sequence,GTGG,GTGG,GTGG,GTGG,GTGG,4,20,23,20.0,0.0,20:740,20,740,740,0.016828345635089004,+,1.0452449472577903,1.054610058611586,0.11704755263572675,0.2713187085831687,ok
motif_cnn73_hela_all_cnn_ig_062,cnn,cnn73,cnn_ig,single,all,GTGG,GTGG,GTGG,GTGG,GTGG,4,20,23,20.0,0.0,20:740,20,740,740,0.016828345635089004,+,1.0452449472577903,1.054610058611586,0.11704755263572675,0.2713187085831687,ok
motif_cnn73_hela_sequence_cnn_ig_063,cnn,cnn73,cnn_ig,single,sequence,GTGG,GTGG,GTGG,GTGG,GTGG,4,20,23,20.0,0.0,20:740,20,740,740,0.016828345635089004,+,1.0452449472577903,1.054610058611586,0.11704755263572675,0.2713187085831687,ok
motif_cnn53_hela_all_cnn_ig_064,cnn,cnn53,cnn_ig,all,all,ATGG,ATGG,ATGG,ATGG,ATGG,4,20,23,20.0,0.0,20:717,20,717,717,0.01045811749819714,+,1.0762208775730724,1.0928899936560723,0.0212906976785494,0.07199328699550725,ok
motif_cnn33_hela_sequence_cnn_ig_065,cnn,cnn33,cnn_ig,single,sequence,GAGG,GAGG,GAGG,GAGG,GAGG,4,20,23,20.0,0.0,20:709,20,709,709,0.006199161621638083,+,1.125826317075742,1.1660859314218486,4.4925369091345575e-05,0.00047533938909552736,ok
motif_cnn33_hela_sequence_cnn_ig_066,cnn,cnn33,cnn_ig,single,sequence,AAGG,AAGG,AAGG,AAGG,AAGG,4,20,23,20.0,0.0,20:681,20,681,681,-0.0149381316295564,-,0.9748667808616571,0.9682213093786003,0.7942816146159972,0.9999999999999979,ok
motif_cnn53_hela_sequence_cnn_ig_067,cnn,cnn53,cnn_ig,single,sequence,GAGG,GAGG,GAGG,GAGG,GAGG,4,20,23,20.0,0.0,20:678,20,678,678,0.01974104148198147,+,1.125826317075742,1.1660859314218486,4.4925369091345575e-05,0.00047533938909552736,ok
motif_cnn73_hela_sequence_cnn_ism_068,cnn,cnn73,cnn_ism,single,sequence,GAGG,GAGG,GAGG,GAGG,GAGG,4,20,23,20.0,0.0,20:670,20,670,670,-0.002884689233096427,-,1.125826317075742,1.1660859314218486,4.4925369091345575e-05,0.00047533938909552736,ok
motif_cnn53_hela_all_cnn_ig_069,cnn,cnn53,cnn_ig,single,all,GAGG,GAGG,GAGG,GAGG,GAGG,4,20,23,20.0,0.0,20:657,20,657,657,0.01850662745086029,+,1.125826317075742,1.1660859314218486,4.4925369091345575e-05,0.00047533938909552736,ok
motif_cnn33_hela_all_cnn_ig_070,cnn,cnn33,cnn_ig,all,all,GAGG,GAGG,GAGG,GAGG,GAGG,4,20,23,20.0,0.0,20:655,20,655,655,0.015001002026977128,+,1.125826317075742,1.1660859314218486,4.4925369091345575e-05,0.00047533938909552736,ok
motif_cnn33_hela_all_cnn_ism_071,cnn,cnn33,cnn_ism,single,all,GTGG,GTGG,GTGG,GTGG,GTGG,4,20,23,20.0,0.0,20:645,20,645,645,0.023568298446491887,+,1.0452449472577903,1.054610058611586,0.11704755263572675,0.2713187085831687,ok
motif_cnn33_hct116_sequence_cnn_ig_072,cnn,cnn33,cnn_ig,all,sequence,CTGG,CTGG,CTGG,CTGG,CTGG,4,20,23,20.0,0.0,20:639,20,639,639,-0.04838468855525466,-,0.8179779821504929,0.7679387189409419,0.9999999999959698,0.9999999999999979,ok
motif_cnn33_hct116_all_cnn_ig_073,cnn,cnn33,cnn_ig,single,all,CTGG,CTGG,CTGG,CTGG,CTGG,4,20,23,20.0,0.0,20:639,20,639,639,-0.04838468855525466,-,0.8179779821504929,0.7679387189409419,0.9999999999959698,0.9999999999999979,ok
motif_cnn33_hct116_sequence_cnn_ig_074,cnn,cnn33,cnn_ig,single,sequence,CTGG,CTGG,CTGG,CTGG,CTGG,4,20,23,20.0,0.0,20:639,20,639,639,-0.04838468855525466,-,0.8179779821504929,0.7679387189409419,0.9999999999959698,0.9999999999999979,ok
motif_cnn53_hct116_all_cnn_ig_075,cnn,cnn53,cnn_ig,all,all,CTGG,CTGG,CTGG,CTGG,CTGG,4,20,23,20.0,0.0,20:639,20,639,639,-0.04838468855525466,-,0.8179779821504929,0.7679387189409419,0.9999999999959698,0.9999999999999979,ok
motif_cnn53_hct116_sequence_cnn_ig_076,cnn,cnn53,cnn_ig,all,sequence,CTGG,CTGG,CTGG,CTGG,CTGG,4,20,23,20.0,0.0,20:639,20,639,639,-0.04838468855525466,-,0.8179779821504929,0.7679387189409419,0.9999999999959698,0.9999999999999979,ok
motif_cnn53_hct116_all_cnn_ig_077,cnn,cnn53,cnn_ig,single,all,CTGG,CTGG,CTGG,CTGG,CTGG,4,20,23,20.0,0.0,20:639,20,639,639,-0.04838468855525466,-,0.8179779821504929,0.7679387189409419,0.9999999999959698,0.9999999999999979,ok
motif_cnn53_hct116_sequence_cnn_ig_078,cnn,cnn53,cnn_ig,single,sequence,CTGG,CTGG,CTGG,CTGG,CTGG,4,20,23,20.0,0.0,20:639,20,639,639,-0.04838468855525466,-,0.8179779821504929,0.7679387189409419,0.9999999999959698,0.9999999999999979,ok
motif_cnn73_hct116_all_cnn_ig_079,cnn,cnn73,cnn_ig,all,all,CTGG,CTGG,CTGG,CTGG,CTGG,4,20,23,20.0,0.0,20:639,20,639,639,-0.04838468855525466,-,0.8179779821504929,0.7679387189409419,0.9999999999959698,0.9999999999999979,ok
motif_cnn73_hct116_sequence_cnn_ig_080,cnn,cnn73,cnn_ig,all,sequence,CTGG,CTGG,CTGG,CTGG,CTGG,4,20,23,20.0,0.0,20:639,20,639,639,-0.04838468855525466,-,0.8179779821504929,0.7679387189409419,0.9999999999959698,0.9999999999999979,ok
motif_cnn73_hct116_all_cnn_ig_081,cnn,cnn73,cnn_ig,single,all,CTGG,CTGG,CTGG,CTGG,CTGG,4,20,23,20.0,0.0,20:639,20,639,639,-0.04838468855525466,-,0.8179779821504929,0.7679387189409419,0.9999999999959698,0.9999999999999979,ok
motif_cnn73_hct116_sequence_cnn_ig_082,cnn,cnn73,cnn_ig,single,sequence,CTGG,CTGG,CTGG,CTGG,CTGG,4,20,23,20.0,0.0,20:639,20,639,639,-0.04838468855525466,-,0.8179779821504929,0.7679387189409419,0.9999999999959698,0.9999999999999979,ok
motif_cnn53_hela_all_cnn_ig_083,cnn,cnn53,cnn_ig,single,all,GTGG,GTGG,GTGG,GTGG,GTGG,4,20,23,20.0,0.0,20:627,20,627,627,0.02470786050693341,+,1.0452449472577903,1.054610058611586,0.11704755263572675,0.2713187085831687,ok
motif_cnn53_hela_sequence_cnn_ig_084,cnn,cnn53,cnn_ig,single,sequence,GTGG,GTGG,GTGG,GTGG,GTGG,4,20,23,20.0,0.0,20:627,20,627,627,0.02470786050693341,+,1.0452449472577903,1.054610058611586,0.11704755263572675,0.2713187085831687,ok
motif_cnn33_hela_sequence_cnn_ig_085,cnn,cnn33,cnn_ig,single,sequence,GTGG,GTGG,GTGG,GTGG,GTGG,4,20,23,20.0,0.0,20:618,20,618,618,0.019753527265355064,+,1.0452449472577903,1.054610058611586,0.11704755263572675,0.2713187085831687,ok
motif_cnn33_hela_sequence_cnn_ig_086,cnn,cnn33,cnn_ig,all,sequence,AGGG,AGGG,AGGG,AGGG,AGGG,4,20,23,20.0,0.0,20:610,20,610,610,0.02841534327154127,+,1.1051804244880377,1.12563469891311,0.00478956859095623,0.028563245415157156,ok
motif_cnn73_hela_all_cnn_ig_087,cnn,cnn73,cnn_ig,all,all,AGGG,AGGG,AGGG,AGGG,AGGG,4,20,23,20.0,0.0,20:610,20,610,610,0.02841534327154127,+,1.1051804244880377,1.12563469891311,0.00478956859095623,0.028563245415157156,ok
motif_cnn73_hela_sequence_cnn_ig_088,cnn,cnn73,cnn_ig,all,sequence,AGGG,AGGG,AGGG,AGGG,AGGG,4,20,23,20.0,0.0,20:610,20,610,610,0.02841534327154127,+,1.1051804244880377,1.12563469891311,0.00478956859095623,0.028563245415157156,ok
motif_cnn73_hela_all_cnn_ig_089,cnn,cnn73,cnn_ig,single,all,AGGG,AGGG,AGGG,AGGG,AGGG,4,20,23,20.0,0.0,20:610,20,610,610,0.02841534327154127,+,1.1051804244880377,1.12563469891311,0.00478956859095623,0.028563245415157156,ok
motif_cnn73_hela_sequence_cnn_ig_090,cnn,cnn73,cnn_ig,single,sequence,AGGG,AGGG,AGGG,AGGG,AGGG,4,20,23,20.0,0.0,20:610,20,610,610,0.02841534327154127,+,1.1051804244880377,1.12563469891311,0.00478956859095623,0.028563245415157156,ok
motif_cnn33_hct116_all_cnn_ig_091,cnn,cnn33,cnn_ig,all,all,CTGG,CTGG,CTGG,CTGG,CTGG,4,20,23,20.0,0.0,20:603,20,603,603,-0.04699820864104998,-,0.8179779821504929,0.7679387189409419,0.9999999999959698,0.9999999999999979,ok
motif_cnn73_hela_sequence_cnn_ism_092,cnn,cnn73,cnn_ism,single,sequence,AAGG,AAGG,AAGG,AAGG,AAGG,4,20,23,20.0,0.0,20:595,20,595,595,-0.04317569136381641,-,0.9748667808616571,0.9682213093786003,0.7942816146159972,0.9999999999999979,ok
motif_cnn33_hct116_sequence_cnn_ism_093,cnn,cnn33,cnn_ism,single,sequence,CTGG,CTGG,CTGG,CTGG,CTGG,4,20,23,20.0,0.0,20:591,20,591,591,-0.041369768520973405,-,0.8179779821504929,0.7679387189409419,0.9999999999959698,0.9999999999999979,ok
motif_cnn33_hct116_all_cnn_ig_094,cnn,cnn33,cnn_ig,all,all,CAGG,CAGG,CAGG,CAGG,CAGG,4,20,23,20.0,0.0,20:582,20,582,582,-0.0332492845054595,-,0.9045852149323084,0.8720395604429404,0.9998916736934959,0.9999999999999979,ok
motif_cnn33_hct116_sequence_cnn_ig_095,cnn,cnn33,cnn_ig,all,sequence,CAGG,CAGG,CAGG,CAGG,CAGG,4,20,23,20.0,0.0,20:582,20,582,582,-0.0332492845054595,-,0.9045852149323084,0.8720395604429404,0.9998916736934959,0.9999999999999979,ok
motif_cnn33_hct116_all_cnn_ig_096,cnn,cnn33,cnn_ig,single,all,CAGG,CAGG,CAGG,CAGG,CAGG,4,20,23,20.0,0.0,20:582,20,582,582,-0.0332492845054595,-,0.9045852149323084,0.8720395604429404,0.9998916736934959,0.9999999999999979,ok
motif_cnn53_hct116_all_cnn_ig_097,cnn,cnn53,cnn_ig,all,all,CAGG,CAGG,CAGG,CAGG,CAGG,4,20,23,20.0,0.0,20:582,20,582,582,-0.0332492845054595,-,0.9045852149323084,0.8720395604429404,0.9998916736934959,0.9999999999999979,ok
motif_cnn53_hct116_sequence_cnn_ig_098,cnn,cnn53,cnn_ig,all,sequence,CAGG,CAGG,CAGG,CAGG,CAGG,4,20,23,20.0,0.0,20:582,20,582,582,-0.0332492845054595,-,0.9045852149323084,0.8720395604429404,0.9998916736934959,0.9999999999999979,ok
motif_cnn53_hct116_all_cnn_ig_099,cnn,cnn53,cnn_ig,single,all,CAGG,CAGG,CAGG,CAGG,CAGG,4,20,23,20.0,0.0,20:582,20,582,582,-0.0332492845054595,-,0.9045852149323084,0.8720395604429404,0.9998916736934959,0.9999999999999979,ok
motif_cnn53_hct116_sequence_cnn_ig_100,cnn,cnn53,cnn_ig,single,sequence,CAGG,CAGG,CAGG,CAGG,CAGG,4,20,23,20.0,0.0,20:582,20,582,582,-0.0332492845054595,-,0.9045852149323084,0.8720395604429404,0.9998916736934959,0.9999999999999979,ok
motif_cnn73_hct116_all_cnn_ig_101,cnn,cnn73,cnn_ig,all,all,CAGG,CAGG,CAGG,CAGG,CAGG,4,20,23,20.0,0.0,20:582,20,582,582,-0.0332492845054595,-,0.9045852149323084,0.8720395604429404,0.9998916736934959,0.9999999999999979,ok
motif_cnn73_hct116_sequence_cnn_ig_102,cnn,cnn73,cnn_ig,all,sequence,CAGG,CAGG,CAGG,CAGG,CAGG,4,20,23,20.0,0.0,20:582,20,582,582,-0.0332492845054595,-,0.9045852149323084,0.8720395604429404,0.9998916736934959,0.9999999999999979,ok
motif_cnn73_hct116_all_cnn_ig_103,cnn,cnn73,cnn_ig,single,all,CAGG,CAGG,CAGG,CAGG,CAGG,4,20,23,20.0,0.0,20:582,20,582,582,-0.0332492845054595,-,0.9045852149323084,0.8720395604429404,0.9998916736934959,0.9999999999999979,ok
motif_cnn73_hct116_sequence_cnn_ig_104,cnn,cnn73,cnn_ig,single,sequence,CAGG,CAGG,CAGG,CAGG,CAGG,4,20,23,20.0,0.0,20:582,20,582,582,-0.0332492845054595,-,0.9045852149323084,0.8720395604429404,0.9998916736934959,0.9999999999999979,ok
motif_cnn33_hela_all_cnn_ig_105,cnn,cnn33,cnn_ig,all,all,AGGG,AGGG,AGGG,AGGG,AGGG,4,20,23,20.0,0.0,20:558,20,558,558,0.03996754684132775,+,1.1051804244880377,1.12563469891311,0.00478956859095623,0.028563245415157156,ok
motif_cnn33_hela_sequence_cnn_ig_106,cnn,cnn33,cnn_ig,single,sequence,ATGG,ATGG,ATGG,ATGG,ATGG,4,20,23,20.0,0.0,20:540,20,540,540,0.001389735612603582,+,1.0762208775730724,1.0928899936560723,0.0212906976785494,0.07199328699550725,ok
motif_cnn53_hela_sequence_cnn_ig_107,cnn,cnn53,cnn_ig,single,sequence,AGGG,AGGG,AGGG,AGGG,AGGG,4,20,23,20.0,0.0,20:536,20,536,536,0.044867035403228894,+,1.1051804244880377,1.12563469891311,0.00478956859095623,0.028563245415157156,ok
motif_cnn53_hela_sequence_cnn_ig_108,cnn,cnn53,cnn_ig,all,sequence,AGGG,AGGG,AGGG,AGGG,AGGG,4,20,23,20.0,0.0,20:520,20,520,520,0.033620986237705486,+,1.1051804244880377,1.12563469891311,0.00478956859095623,0.028563245415157156,ok
motif_cnn33_hela_all_cnn_ig_109,cnn,cnn33,cnn_ig,single,all,GAGG,GAGG,GAGG,GAGG,GAGG,4,20,23,20.0,0.0,20:515,20,515,515,0.011872964960172816,+,1.125826317075742,1.1660859314218486,4.4925369091345575e-05,0.00047533938909552736,ok
motif_cnn33_hct116_all_cnn_ig_110,cnn,cnn33,cnn_ig,single,all,GAGG,GAGG,GAGG,GAGG,GAGG,4,20,23,20.0,0.0,20:487,20,487,487,0.021831420445912963,+,1.125826317075742,1.1660859314218486,4.4925369091345575e-05,0.00047533938909552736,ok
motif_cnn53_hct116_all_cnn_ig_111,cnn,cnn53,cnn_ig,all,all,GAGG,GAGG,GAGG,GAGG,GAGG,4,20,23,20.0,0.0,20:487,20,487,487,0.021831420445912963,+,1.125826317075742,1.1660859314218486,4.4925369091345575e-05,0.00047533938909552736,ok
motif_cnn53_hct116_sequence_cnn_ig_112,cnn,cnn53,cnn_ig,all,sequence,GAGG,GAGG,GAGG,GAGG,GAGG,4,20,23,20.0,0.0,20:487,20,487,487,0.021831420445912963,+,1.125826317075742,1.1660859314218486,4.4925369091345575e-05,0.00047533938909552736,ok
motif_cnn53_hct116_sequence_cnn_ig_113,cnn,cnn53,cnn_ig,single,sequence,GAGG,GAGG,GAGG,GAGG,GAGG,4,20,23,20.0,0.0,20:487,20,487,487,0.021831420445912963,+,1.125826317075742,1.1660859314218486,4.4925369091345575e-05,0.00047533938909552736,ok
motif_cnn73_hct116_all_cnn_ig_114,cnn,cnn73,cnn_ig,all,all,GAGG,GAGG,GAGG,GAGG,GAGG,4,20,23,20.0,0.0,20:487,20,487,487,0.021831420445912963,+,1.125826317075742,1.1660859314218486,4.4925369091345575e-05,0.00047533938909552736,ok
motif_cnn73_hct116_sequence_cnn_ig_115,cnn,cnn73,cnn_ig,all,sequence,GAGG,GAGG,GAGG,GAGG,GAGG,4,20,23,20.0,0.0,20:487,20,487,487,0.021831420445912963,+,1.125826317075742,1.1660859314218486,4.4925369091345575e-05,0.00047533938909552736,ok
motif_cnn73_hct116_all_cnn_ig_116,cnn,cnn73,cnn_ig,single,all,GAGG,GAGG,GAGG,GAGG,GAGG,4,20,23,20.0,0.0,20:487,20,487,487,0.021831420445912963,+,1.125826317075742,1.1660859314218486,4.4925369091345575e-05,0.00047533938909552736,ok
motif_cnn73_hct116_sequence_cnn_ig_117,cnn,cnn73,cnn_ig,single,sequence,GAGG,GAGG,GAGG,GAGG,GAGG,4,20,23,20.0,0.0,20:487,20,487,487,0.021831420445912963,+,1.125826317075742,1.1660859314218486,4.4925369091345575e-05,0.00047533938909552736,ok
motif_cnn53_hela_all_cnn_ig_118,cnn,cnn53,cnn_ig,single,all,AGGG,AGGG,AGGG,AGGG,AGGG,4,20,23,20.0,0.0,20:485,20,485,485,0.047818102346537494,+,1.1051804244880377,1.12563469891311,0.00478956859095623,0.028563245415157156,ok
motif_cnn33_hela_sequence_cnn_ism_119,cnn,cnn33,cnn_ism,all,sequence,GCTG,GCTG,GCTG,GCTG,GCTG,4,19,22,19.0,0.0,19:482,19,482,482,-0.06055019725303032,-,0.8208411528422178,0.790836302621284,0.9999999057602148,0.9999999999999979,ok
motif_cnn53_hela_all_cnn_ig_120,cnn,cnn53,cnn_ig,all,all,GCTGG,GCTGG,GCTGG,GCTGG,GCTGG,5,19,23,19.0,0.0,19:482,19,482,482,-0.06055019725303032,-,0.7294468049767675,0.7093629883232746,0.9999999932849386,0.9999999999999979,ok
motif_cnn53_hela_sequence_cnn_ig_121,cnn,cnn53,cnn_ig,all,sequence,GCTGG,GCTGG,GCTGG,GCTGG,GCTGG,5,19,23,19.0,0.0,19:482,19,482,482,-0.06055019725303032,-,0.7294468049767675,0.7093629883232746,0.9999999932849386,0.9999999999999979,ok
motif_cnn73_hela_all_cnn_ig_122,cnn,cnn73,cnn_ig,all,all,GCTGG,GCTGG,GCTGG,GCTGG,GCTGG,5,19,23,19.0,0.0,19:482,19,482,482,-0.06055019725303032,-,0.7294468049767675,0.7093629883232746,0.9999999932849386,0.9999999999999979,ok
motif_cnn73_hela_sequence_cnn_ig_123,cnn,cnn73,cnn_ig,all,sequence,GCTGG,GCTGG,GCTGG,GCTGG,GCTGG,5,19,23,19.0,0.0,19:482,19,482,482,-0.06055019725303032,-,0.7294468049767675,0.7093629883232746,0.9999999932849386,0.9999999999999979,ok
motif_cnn73_hela_all_cnn_ig_124,cnn,cnn73,cnn_ig,single,all,GCTGG,GCTGG,GCTGG,GCTGG,GCTGG,5,19,23,19.0,0.0,19:482,19,482,482,-0.06055019725303032,-,0.7294468049767675,0.7093629883232746,0.9999999932849386,0.9999999999999979,ok
motif_cnn73_hela_sequence_cnn_ig_125,cnn,cnn73,cnn_ig,single,sequence,GCTGG,GCTGG,GCTGG,GCTGG,GCTGG,5,19,23,19.0,0.0,19:482,19,482,482,-0.06055019725303032,-,0.7294468049767675,0.7093629883232746,0.9999999932849386,0.9999999999999979,ok
motif_cnn33_hct116_sequence_cnn_ig_126,cnn,cnn33,cnn_ig,all,sequence,AAGG,AAGG,AAGG,AAGG,AAGG,4,20,23,20.0,0.0,20:460,20,460,460,-0.010400326907845314,-,0.9748667808616571,0.9682213093786003,0.7942816146159972,0.9999999999999979,ok
motif_cnn33_hct116_all_cnn_ig_127,cnn,cnn33,cnn_ig,single,all,AAGG,AAGG,AAGG,AAGG,AAGG,4,20,23,20.0,0.0,20:460,20,460,460,-0.010400326907845314,-,0.9748667808616571,0.9682213093786003,0.7942816146159972,0.9999999999999979,ok
motif_cnn33_hct116_sequence_cnn_ig_128,cnn,cnn33,cnn_ig,single,sequence,AAGG,AAGG,AAGG,AAGG,AAGG,4,20,23,20.0,0.0,20:460,20,460,460,-0.010400326907845314,-,0.9748667808616571,0.9682213093786003,0.7942816146159972,0.9999999999999979,ok
motif_cnn53_hct116_sequence_cnn_ig_129,cnn,cnn53,cnn_ig,all,sequence,AAGG,AAGG,AAGG,AAGG,AAGG,4,20,23,20.0,0.0,20:460,20,460,460,-0.010400326907845314,-,0.9748667808616571,0.9682213093786003,0.7942816146159972,0.9999999999999979,ok
motif_cnn73_hct116_all_cnn_ig_130,cnn,cnn73,cnn_ig,all,all,AAGG,AAGG,AAGG,AAGG,AAGG,4,20,23,20.0,0.0,20:460,20,460,460,-0.010400326907845314,-,0.9748667808616571,0.9682213093786003,0.7942816146159972,0.9999999999999979,ok
motif_cnn73_hct116_sequence_cnn_ig_131,cnn,cnn73,cnn_ig,all,sequence,AAGG,AAGG,AAGG,AAGG,AAGG,4,20,23,20.0,0.0,20:460,20,460,460,-0.010400326907845314,-,0.9748667808616571,0.9682213093786003,0.7942816146159972,0.9999999999999979,ok
motif_cnn73_hct116_all_cnn_ig_132,cnn,cnn73,cnn_ig,single,all,AAGG,AAGG,AAGG,AAGG,AAGG,4,20,23,20.0,0.0,20:460,20,460,460,-0.010400326907845314,-,0.9748667808616571,0.9682213093786003,0.7942816146159972,0.9999999999999979,ok
motif_cnn73_hct116_sequence_cnn_ig_133,cnn,cnn73,cnn_ig,single,sequence,AAGG,AAGG,AAGG,AAGG,AAGG,4,20,23,20.0,0.0,20:460,20,460,460,-0.010400326907845314,-,0.9748667808616571,0.9682213093786003,0.7942816146159972,0.9999999999999979,ok
motif_cnn33_hela_all_cnn_ig_134,cnn,cnn33,cnn_ig,all,all,GTGG,GTGG,GTGG,GTGG,GTGG,4,20,23,20.0,0.0,20:458,20,458,458,0.017684397454139356,+,1.0452449472577903,1.054610058611586,0.11704755263572675,0.2713187085831687,ok
motif_cnn53_hela_all_cnn_ig_135,cnn,cnn53,cnn_ig,all,all,AGGG,AGGG,AGGG,AGGG,AGGG,4,20,23,20.0,0.0,20:451,20,451,451,0.02622475443033284,+,1.1051804244880377,1.12563469891311,0.00478956859095623,0.028563245415157156,ok
motif_cnn33_hct116_sequence_cnn_ig_136,cnn,cnn33,cnn_ig,all,sequence,GAGG,GAGG,GAGG,GAGG,GAGG,4,20,23,20.0,0.0,20:449,20,449,449,0.024082529097037397,+,1.125826317075742,1.1660859314218486,4.4925369091345575e-05,0.00047533938909552736,ok
motif_cnn73_hct116_sequence_cnn_ism_137,cnn,cnn73,cnn_ism,single,sequence,CTGG,CTGG,CTGG,CTGG,CTGG,4,20,23,20.0,0.0,20:439,20,439,439,-0.08045720421379252,-,0.8179779821504929,0.7679387189409419,0.9999999999959698,0.9999999999999979,ok
motif_cnn33_hct116_sequence_cnn_ig_138,cnn,cnn33,cnn_ig,all,sequence,ATGG,ATGG,ATGG,ATGG,ATGG,4,20,23,20.0,0.0,20:436,20,436,436,0.00461980754023722,+,1.0762208775730724,1.0928899936560723,0.0212906976785494,0.07199328699550725,ok
motif_cnn33_hct116_all_cnn_ig_139,cnn,cnn33,cnn_ig,single,all,ATGG,ATGG,ATGG,ATGG,ATGG,4,20,23,20.0,0.0,20:436,20,436,436,0.00461980754023722,+,1.0762208775730724,1.0928899936560723,0.0212906976785494,0.07199328699550725,ok
motif_cnn33_hct116_sequence_cnn_ig_140,cnn,cnn33,cnn_ig,single,sequence,ATGG,ATGG,ATGG,ATGG,ATGG,4,20,23,20.0,0.0,20:436,20,436,436,0.00461980754023722,+,1.0762208775730724,1.0928899936560723,0.0212906976785494,0.07199328699550725,ok
motif_cnn53_hct116_sequence_cnn_ig_141,cnn,cnn53,cnn_ig,all,sequence,ATGG,ATGG,ATGG,ATGG,ATGG,4,20,23,20.0,0.0,20:436,20,436,436,0.00461980754023722,+,1.0762208775730724,1.0928899936560723,0.0212906976785494,0.07199328699550725,ok
motif_cnn53_hct116_all_cnn_ig_142,cnn,cnn53,cnn_ig,single,all,ATGG,ATGG,ATGG,ATGG,ATGG,4,20,23,20.0,0.0,20:436,20,436,436,0.00461980754023722,+,1.0762208775730724,1.0928899936560723,0.0212906976785494,0.07199328699550725,ok
motif_cnn73_hct116_all_cnn_ig_143,cnn,cnn73,cnn_ig,all,all,ATGG,ATGG,ATGG,ATGG,ATGG,4,20,23,20.0,0.0,20:436,20,436,436,0.00461980754023722,+,1.0762208775730724,1.0928899936560723,0.0212906976785494,0.07199328699550725,ok
motif_cnn73_hct116_sequence_cnn_ig_144,cnn,cnn73,cnn_ig,all,sequence,ATGG,ATGG,ATGG,ATGG,ATGG,4,20,23,20.0,0.0,20:436,20,436,436,0.00461980754023722,+,1.0762208775730724,1.0928899936560723,0.0212906976785494,0.07199328699550725,ok
motif_cnn73_hct116_all_cnn_ig_145,cnn,cnn73,cnn_ig,single,all,ATGG,ATGG,ATGG,ATGG,ATGG,4,20,23,20.0,0.0,20:436,20,436,436,0.00461980754023722,+,1.0762208775730724,1.0928899936560723,0.0212906976785494,0.07199328699550725,ok
motif_cnn73_hct116_sequence_cnn_ig_146,cnn,cnn73,cnn_ig,single,sequence,ATGG,ATGG,ATGG,ATGG,ATGG,4,20,23,20.0,0.0,20:436,20,436,436,0.00461980754023722,+,1.0762208775730724,1.0928899936560723,0.0212906976785494,0.07199328699550725,ok
motif_cnn33_hela_sequence_cnn_ig_147,cnn,cnn33,cnn_ig,all,sequence,GGGG,GGGG,GGGG,GGGG,GGGG,4,20,23,20.0,0.0,20:435,20,435,435,0.060086543457410546,+,1.6378506224525653,1.6905676147508386,1.1078210592272281e-14,3.2774510509963977e-12,ok
motif_cnn53_hct116_all_cnn_ig_148,cnn,cnn53,cnn_ig,all,all,AAGG,AAGG,AAGG,AAGG,AAGG,4,20,23,20.0,0.0,20:432,20,432,432,-0.0005259369669834424,-,0.9748667808616571,0.9682213093786003,0.7942816146159972,0.9999999999999979,ok
motif_cnn53_hct116_all_cnn_ig_149,cnn,cnn53,cnn_ig,single,all,AAGG,AAGG,AAGG,AAGG,AAGG,4,20,23,20.0,0.0,20:432,20,432,432,-0.0005259369669834424,-,0.9748667808616571,0.9682213093786003,0.7942816146159972,0.9999999999999979,ok
motif_cnn33_hela_all_cnn_ig_150,cnn,cnn33,cnn_ig,single,all,GTGG,GTGG,GTGG,GTGG,GTGG,4,20,23,20.0,0.0,20:429,20,429,429,0.014702742990903017,+,1.0452449472577903,1.054610058611586,0.11704755263572675,0.2713187085831687,ok
motif_cnn33_hela_sequence_cnn_ism_151,cnn,cnn33,cnn_ism,all,sequence,CCTG,CCTG,CCTG,CCTG,CCTG,4,19,22,19.0,0.0,19:427,19,427,427,-0.026392295403740745,-,0.9018739919509166,0.8873201968227393,0.9939600786783306,0.9999999999999979,ok
motif_cnn53_hct116_sequence_cnn_ig_152,cnn,cnn53,cnn_ig,single,sequence,AAGG,AAGG,AAGG,AAGG,AAGG,4,20,23,20.0,0.0,20:423,20,423,423,-6.946595330048488e-05,-,0.9748667808616571,0.9682213093786003,0.7942816146159972,0.9999999999999979,ok
motif_cnn33_hct116_all_cnn_ism_153,cnn,cnn33,cnn_ism,single,all,ATGG,ATGG,ATGG,ATGG,ATGG,4,20,23,20.0,0.0,20:415,20,415,415,0.013835565922463655,+,1.0762208775730724,1.0928899936560723,0.0212906976785494,0.07199328699550725,ok
motif_cnn53_hct116_all_cnn_ig_154,cnn,cnn53,cnn_ig,all,all,ATGG,ATGG,ATGG,ATGG,ATGG,4,20,23,20.0,0.0,20:415,20,415,415,0.013835565922463655,+,1.0762208775730724,1.0928899936560723,0.0212906976785494,0.07199328699550725,ok
motif_cnn53_hct116_all_cnn_ig_155,cnn,cnn53,cnn_ig,single,all,GAGG,GAGG,GAGG,GAGG,GAGG,4,20,23,20.0,0.0,20:401,20,401,401,0.025142550336878677,+,1.125826317075742,1.1660859314218486,4.4925369091345575e-05,0.00047533938909552736,ok
motif_cnn53_hct116_sequence_cnn_ism_156,cnn,cnn53,cnn_ism,all,sequence,CTGG,CTGG,CTGG,CTGG,CTGG,4,20,23,20.0,0.0,20:396,20,396,396,-0.07453974099283317,-,0.8179779821504929,0.7679387189409419,0.9999999999959698,0.9999999999999979,ok
motif_cnn73_hela_sequence_cnn_ism_157,cnn,cnn73,cnn_ism,single,sequence,GCTGG,GCTGG,GCTGG,GCTGG,GCTGG,5,19,23,19.0,0.0,19:393,19,393,393,-0.07493154312356243,-,0.7294468049767675,0.7093629883232746,0.9999999932849386,0.9999999999999979,ok
motif_cnn33_hela_sequence_cnn_ism_158,cnn,cnn33,cnn_ism,all,sequence,GCTGG,GCTGG,GCTGG,GCTGG,GCTGG,5,19,23,19.0,0.0,19:389,19,389,389,-0.06005415589226801,-,0.7294468049767675,0.7093629883232746,0.9999999932849386,0.9999999999999979,ok
motif_cnn33_hela_all_cnn_ism_159,cnn,cnn33,cnn_ism,single,all,AGAGG,AGAGG,AGAGG,AGAGG,AGAGG,5,19,23,19.0,0.0,19:383,19,383,383,0.01198677009044613,+,1.071375418525591,1.0776393769400763,0.11616610473712534,0.2713187085831687,ok
motif_cnn33_hela_all_cnn_ism_160,cnn,cnn33,cnn_ism,single,all,ACAGG,ACAGG,ACAGG,ACAGG,ACAGG,5,19,23,19.0,0.0,19:382,19,382,382,-0.042465522945152684,-,0.7151344352197425,0.697165991902834,0.999999988536171,0.9999999999999979,ok
motif_cnn33_hela_sequence_cnn_ig_161,cnn,cnn33,cnn_ig,single,sequence,ACAGG,ACAGG,ACAGG,ACAGG,ACAGG,5,19,23,19.0,0.0,19:382,19,382,382,-0.042465522945152684,-,0.7151344352197425,0.697165991902834,0.999999988536171,0.9999999999999979,ok
motif_cnn33_hela_sequence_cnn_ig_162,cnn,cnn33,cnn_ig,single,sequence,CCGG,CCGG,CCGG,CCGG,CCGG,4,20,23,20.0,0.0,20:382,20,382,382,0.006545234879860473,+,1.0848140007972478,1.0973933935203959,0.03251808805644323,0.10109888988164341,ok
motif_cnn53_hela_all_cnn_ig_163,cnn,cnn53,cnn_ig,single,all,CCGG,CCGG,CCGG,CCGG,CCGG,4,20,23,20.0,0.0,20:377,20,377,377,0.008378568596069003,+,1.0848140007972478,1.0973933935203959,0.03251808805644323,0.10109888988164341,ok
motif_cnn33_hct116_all_cnn_ig_164,cnn,cnn33,cnn_ig,single,all,GTGG,GTGG,GTGG,GTGG,GTGG,4,20,23,20.0,0.0,20:368,20,368,368,0.0172458504296763,+,1.0452449472577903,1.054610058611586,0.11704755263572675,0.2713187085831687,ok
motif_cnn53_hct116_all_cnn_ig_165,cnn,cnn53,cnn_ig,all,all,GTGG,GTGG,GTGG,GTGG,GTGG,4,20,23,20.0,0.0,20:368,20,368,368,0.0172458504296763,+,1.0452449472577903,1.054610058611586,0.11704755263572675,0.2713187085831687,ok
motif_cnn53_hct116_sequence_cnn_ig_166,cnn,cnn53,cnn_ig,all,sequence,GTGG,GTGG,GTGG,GTGG,GTGG,4,20,23,20.0,0.0,20:368,20,368,368,0.0172458504296763,+,1.0452449472577903,1.054610058611586,0.11704755263572675,0.2713187085831687,ok
motif_cnn53_hct116_sequence_cnn_ig_167,cnn,cnn53,cnn_ig,single,sequence,GTGG,GTGG,GTGG,GTGG,GTGG,4,20,23,20.0,0.0,20:368,20,368,368,0.0172458504296763,+,1.0452449472577903,1.054610058611586,0.11704755263572675,0.2713187085831687,ok
motif_cnn73_hct116_all_cnn_ig_168,cnn,cnn73,cnn_ig,all,all,GTGG,GTGG,GTGG,GTGG,GTGG,4,20,23,20.0,0.0,20:368,20,368,368,0.0172458504296763,+,1.0452449472577903,1.054610058611586,0.11704755263572675,0.2713187085831687,ok
motif_cnn73_hct116_sequence_cnn_ig_169,cnn,cnn73,cnn_ig,all,sequence,GTGG,GTGG,GTGG,GTGG,GTGG,4,20,23,20.0,0.0,20:368,20,368,368,0.0172458504296763,+,1.0452449472577903,1.054610058611586,0.11704755263572675,0.2713187085831687,ok
motif_cnn73_hct116_all_cnn_ig_170,cnn,cnn73,cnn_ig,single,all,GTGG,GTGG,GTGG,GTGG,GTGG,4,20,23,20.0,0.0,20:368,20,368,368,0.0172458504296763,+,1.0452449472577903,1.054610058611586,0.11704755263572675,0.2713187085831687,ok
motif_cnn73_hct116_sequence_cnn_ig_171,cnn,cnn73,cnn_ig,single,sequence,GTGG,GTGG,GTGG,GTGG,GTGG,4,20,23,20.0,0.0,20:368,20,368,368,0.0172458504296763,+,1.0452449472577903,1.054610058611586,0.11704755263572675,0.2713187085831687,ok
motif_cnn53_hct116_sequence_cnn_ism_172,cnn,cnn53,cnn_ism,all,sequence,GAGG,GAGG,GAGG,GAGG,GAGG,4,20,23,20.0,0.0,20:367,20,367,367,0.015570560878684914,+,1.125826317075742,1.1660859314218486,4.4925369091345575e-05,0.00047533938909552736,ok
motif_cnn33_hela_sequence_cnn_ism_173,cnn,cnn33,cnn_ism,all,sequence,ACTG,ACTG,ACTG,ACTG,ACTG,4,19,22,19.0,0.0,19:364,19,364,364,-0.03271105111448702,-,0.9871938585877756,0.9855673089242047,0.6194770180892402,0.9999999999999979,ok
motif_cnn33_hela_sequence_cnn_ig_174,cnn,cnn33,cnn_ig,single,sequence,GCAGG,GCAGG,GCAGG,GCAGG,GCAGG,5,19,23,19.0,0.0,19:357,19,357,357,-0.05125861464502346,-,0.7681081181528305,0.7519066532124729,0.9999973736526241,0.9999999999999979,ok
motif_cnn33_hela_all_cnn_ig_175,cnn,cnn33,cnn_ig,all,all,CCGG,CCGG,CCGG,CCGG,CCGG,4,20,23,20.0,0.0,20:356,20,356,356,0.011475138497004267,+,1.0848140007972478,1.0973933935203959,0.03251808805644323,0.10109888988164341,ok
motif_cnn33_hct116_sequence_cnn_ig_176,cnn,cnn33,cnn_ig,single,sequence,GAGG,GAGG,GAGG,GAGG,GAGG,4,20,23,20.0,0.0,20:353,20,353,353,0.019379589831356125,+,1.125826317075742,1.1660859314218486,4.4925369091345575e-05,0.00047533938909552736,ok
motif_cnn53_hct116_sequence_cnn_ism_177,cnn,cnn53,cnn_ism,all,sequence,CAGG,CAGG,CAGG,CAGG,CAGG,4,20,23,20.0,0.0,20:353,20,353,353,-0.07078356846273348,-,0.9045852149323084,0.8720395604429404,0.9998916736934959,0.9999999999999979,ok
motif_cnn73_hela_sequence_cnn_ism_178,cnn,cnn73,cnn_ism,single,sequence,GCTG,GCTG,GCTG,GCTG,GCTG,4,19,22,19.0,0.0,19:352,19,352,352,-0.06893941924078742,-,0.8208411528422178,0.790836302621284,0.9999999057602148,0.9999999999999979,ok
motif_cnn33_hct116_all_cnn_ig_179,cnn,cnn33,cnn_ig,all,all,AAGG,AAGG,AAGG,AAGG,AAGG,4,20,23,20.0,0.0,20:348,20,348,348,-0.014834834616949566,-,0.9748667808616571,0.9682213093786003,0.7942816146159972,0.9999999999999979,ok
motif_cnn53_hela_sequence_cnn_ig_180,cnn,cnn53,cnn_ig,single,sequence,CCGG,CCGG,CCGG,CCGG,CCGG,4,20,23,20.0,0.0,20:344,20,344,344,0.009648911152684958,+,1.0848140007972478,1.0973933935203959,0.03251808805644323,0.10109888988164341,ok
motif_cnn33_hela_all_cnn_ig_181,cnn,cnn33,cnn_ig,single,all,CCGG,CCGG,CCGG,CCGG,CCGG,4,20,23,20.0,0.0,20:340,20,340,340,0.0071249000673672125,+,1.0848140007972478,1.0973933935203959,0.03251808805644323,0.10109888988164341,ok
motif_cnn73_hela_sequence_cnn_ism_182,cnn,cnn73,cnn_ism,single,sequence,CCTGG,CCTGG,CCTGG,CCTGG,CCTGG,5,19,23,19.0,0.0,19:330,19,330,330,-0.05688982674640064,-,0.8651811344926573,0.8549477056199708,0.9945144290588849,0.9999999999999979,ok
motif_cnn73_hela_sequence_cnn_ism_183,cnn,cnn73,cnn_ism,single,sequence,CCTG,CCTG,CCTG,CCTG,CCTG,4,19,22,19.0,0.0,19:330,19,330,330,-0.05688982674640064,-,0.9018739919509166,0.8873201968227393,0.9939600786783306,0.9999999999999979,ok
motif_cnn33_hct116_all_cnn_ism_184,cnn,cnn33,cnn_ism,single,all,GTGG,GTGG,GTGG,GTGG,GTGG,4,20,23,20.0,0.0,20:327,20,327,327,0.026875957263987782,+,1.0452449472577903,1.054610058611586,0.11704755263572675,0.2713187085831687,ok
motif_cnn53_hct116_all_cnn_ig_185,cnn,cnn53,cnn_ig,single,all,GTGG,GTGG,GTGG,GTGG,GTGG,4,20,23,20.0,0.0,20:327,20,327,327,0.026875957263987782,+,1.0452449472577903,1.054610058611586,0.11704755263572675,0.2713187085831687,ok
motif_cnn73_hct116_sequence_cnn_ism_186,cnn,cnn73,cnn_ism,single,sequence,CAGG,CAGG,CAGG,CAGG,CAGG,4,20,23,20.0,0.0,20:324,20,324,324,-0.08765861048833057,-,0.9045852149323084,0.8720395604429404,0.9998916736934959,0.9999999999999979,ok
motif_cnn53_hct116_sequence_cnn_ig_187,cnn,cnn53,cnn_ig,single,sequence,ATGG,ATGG,ATGG,ATGG,ATGG,4,20,23,20.0,0.0,20:321,20,321,321,0.028101772332179975,+,1.0762208775730724,1.0928899936560723,0.0212906976785494,0.07199328699550725,ok
motif_cnn73_hct116_sequence_cnn_ism_188,cnn,cnn73,cnn_ism,single,sequence,GAGG,GAGG,GAGG,GAGG,GAGG,4,20,23,20.0,0.0,20:319,20,319,319,0.010426292020126682,+,1.125826317075742,1.1660859314218486,4.4925369091345575e-05,0.00047533938909552736,ok
motif_cnn33_hct116_sequence_cnn_ig_189,cnn,cnn33,cnn_ig,all,sequence,GTGG,GTGG,GTGG,GTGG,GTGG,4,20,23,20.0,0.0,20:312,20,312,312,0.023131067550012818,+,1.0452449472577903,1.054610058611586,0.11704755263572675,0.2713187085831687,ok
motif_cnn33_hela_sequence_cnn_ism_190,cnn,cnn33,cnn_ism,all,sequence,ACTGG,ACTGG,ACTGG,ACTGG,ACTGG,5,19,23,19.0,0.0,19:311,19,311,311,-0.022284152643419097,-,0.8085229244767933,0.798153075230304,0.9993095637430763,0.9999999999999979,ok
motif_cnn33_hct116_all_cnn_ig_191,cnn,cnn33,cnn_ig,single,all,AGGG,AGGG,AGGG,AGGG,AGGG,4,20,23,20.0,0.0,20:311,20,311,311,0.03010319277082152,+,1.1051804244880377,1.12563469891311,0.00478956859095623,0.028563245415157156,ok
motif_cnn53_hct116_sequence_cnn_ig_192,cnn,cnn53,cnn_ig,all,sequence,AGGG,AGGG,AGGG,AGGG,AGGG,4,20,23,20.0,0.0,20:311,20,311,311,0.03010319277082152,+,1.1051804244880377,1.12563469891311,0.00478956859095623,0.028563245415157156,ok
motif_cnn73_hct116_all_cnn_ig_193,cnn,cnn73,cnn_ig,all,all,AGGG,AGGG,AGGG,AGGG,AGGG,4,20,23,20.0,0.0,20:311,20,311,311,0.03010319277082152,+,1.1051804244880377,1.12563469891311,0.00478956859095623,0.028563245415157156,ok
motif_cnn73_hct116_sequence_cnn_ig_194,cnn,cnn73,cnn_ig,all,sequence,AGGG,AGGG,AGGG,AGGG,AGGG,4,20,23,20.0,0.0,20:311,20,311,311,0.03010319277082152,+,1.1051804244880377,1.12563469891311,0.00478956859095623,0.028563245415157156,ok
motif_cnn73_hct116_all_cnn_ig_195,cnn,cnn73,cnn_ig,single,all,AGGG,AGGG,AGGG,AGGG,AGGG,4,20,23,20.0,0.0,20:311,20,311,311,0.03010319277082152,+,1.1051804244880377,1.12563469891311,0.00478956859095623,0.028563245415157156,ok
motif_cnn73_hct116_sequence_cnn_ig_196,cnn,cnn73,cnn_ig,single,sequence,AGGG,AGGG,AGGG,AGGG,AGGG,4,20,23,20.0,0.0,20:311,20,311,311,0.03010319277082152,+,1.1051804244880377,1.12563469891311,0.00478956859095623,0.028563245415157156,ok
motif_cnn53_hct116_sequence_cnn_ism_197,cnn,cnn53,cnn_ism,all,sequence,AAGG,AAGG,AAGG,AAGG,AAGG,4,20,23,20.0,0.0,20:297,20,297,297,-0.023528148983877062,-,0.9748667808616571,0.9682213093786003,0.7942816146159972,0.9999999999999979,ok
motif_cnn33_hela_all_cnn_ig_198,cnn,cnn33,cnn_ig,single,all,AGAGG,AGAGG,AGAGG,AGAGG,AGAGG,5,19,23,19.0,0.0,19:296,19,296,296,0.017559861680781552,+,1.071375418525591,1.0776393769400763,0.11616610473712534,0.2713187085831687,ok
motif_cnn33_hela_sequence_cnn_ism_199,cnn,cnn33,cnn_ism,all,sequence,GGTG,GGTG,GGTG,GGTG,GGTG,4,19,22,19.0,0.0,19:293,19,293,293,0.04200983833648675,+,1.1454387875537795,1.165395107508186,0.0016828493557283965,0.013785380668509402,ok
motif_cnn33_hela_sequence_cnn_ism_200,cnn,cnn33,cnn_ism,all,sequence,GGTGG,GGTGG,GGTGG,GGTGG,GGTGG,5,19,23,19.0,0.0,19:293,19,293,293,0.04200983833648675,+,1.2536286580423672,1.2715590202708127,0.0002977937950880405,0.002831198979387747,ok
motif_cnn53_hct116_all_cnn_ig_201,cnn,cnn53,cnn_ig,all,all,AGGG,AGGG,AGGG,AGGG,AGGG,4,20,23,20.0,0.0,20:293,20,293,293,0.03830693253978085,+,1.1051804244880377,1.12563469891311,0.00478956859095623,0.028563245415157156,ok
motif_cnn53_hct116_all_cnn_ig_202,cnn,cnn53,cnn_ig,single,all,AGGG,AGGG,AGGG,AGGG,AGGG,4,20,23,20.0,0.0,20:293,20,293,293,0.03830693253978085,+,1.1051804244880377,1.12563469891311,0.00478956859095623,0.028563245415157156,ok
motif_cnn73_hela_sequence_cnn_ism_203,cnn,cnn73,cnn_ism,single,sequence,AGGG,AGGG,AGGG,AGGG,AGGG,4,14,23,19.91780821917808,0.6986176760230166,14:4;20:288,14;20,292,292,-0.004750332567360738,-,1.1051804244880377,1.12563469891311,0.00478956859095623,0.028563245415157156,ok
motif_cnn33_hek293t_all_cnn_ig_204,cnn,cnn33,cnn_ig,all,all,CTGG,CTGG,CTGG,CTGG,CTGG,4,20,23,20.0,0.0,20:289,20,289,289,0.01965439559166121,+,0.8179779821504929,0.7679387189409419,0.9999999999959698,0.9999999999999979,ok
motif_cnn33_hek293t_sequence_cnn_ig_205,cnn,cnn33,cnn_ig,all,sequence,CTGG,CTGG,CTGG,CTGG,CTGG,4,20,23,20.0,0.0,20:289,20,289,289,0.01965439559166121,+,0.8179779821504929,0.7679387189409419,0.9999999999959698,0.9999999999999979,ok
motif_cnn33_hela_sequence_cnn_ism_206,cnn,cnn33,cnn_ism,all,sequence,AGTG,AGTG,AGTG,AGTG,AGTG,4,19,22,19.0,0.0,19:289,19,289,289,0.005682730306465544,+,0.9997475891637476,0.999720990381363,0.512124833074955,0.9999999999999979,ok
motif_cnn33_hek293t_all_cnn_ig_207,cnn,cnn33,cnn_ig,single,all,CTGG,CTGG,CTGG,CTGG,CTGG,4,20,23,20.0,0.0,20:289,20,289,289,0.01965439559166121,+,0.8179779821504929,0.7679387189409419,0.9999999999959698,0.9999999999999979,ok
motif_cnn33_hek293t_sequence_cnn_ig_208,cnn,cnn33,cnn_ig,single,sequence,CTGG,CTGG,CTGG,CTGG,CTGG,4,20,23,20.0,0.0,20:289,20,289,289,0.01965439559166121,+,0.8179779821504929,0.7679387189409419,0.9999999999959698,0.9999999999999979,ok
motif_cnn53_hek293t_sequence_cnn_ig_209,cnn,cnn53,cnn_ig,all,sequence,CTGG,CTGG,CTGG,CTGG,CTGG,4,20,23,20.0,0.0,20:289,20,289,289,0.01965439559166121,+,0.8179779821504929,0.7679387189409419,0.9999999999959698,0.9999999999999979,ok
motif_cnn53_hek293t_all_cnn_ig_210,cnn,cnn53,cnn_ig,single,all,CTGG,CTGG,CTGG,CTGG,CTGG,4,20,23,20.0,0.0,20:289,20,289,289,0.01965439559166121,+,0.8179779821504929,0.7679387189409419,0.9999999999959698,0.9999999999999979,ok
motif_cnn73_hek293t_all_cnn_ig_211,cnn,cnn73,cnn_ig,all,all,CTGG,CTGG,CTGG,CTGG,CTGG,4,20,23,20.0,0.0,20:289,20,289,289,0.01965439559166121,+,0.8179779821504929,0.7679387189409419,0.9999999999959698,0.9999999999999979,ok
motif_cnn73_hek293t_sequence_cnn_ig_212,cnn,cnn73,cnn_ig,all,sequence,CTGG,CTGG,CTGG,CTGG,CTGG,4,20,23,20.0,0.0,20:289,20,289,289,0.01965439559166121,+,0.8179779821504929,0.7679387189409419,0.9999999999959698,0.9999999999999979,ok
motif_cnn73_hek293t_all_cnn_ig_213,cnn,cnn73,cnn_ig,single,all,CTGG,CTGG,CTGG,CTGG,CTGG,4,20,23,20.0,0.0,20:289,20,289,289,0.01965439559166121,+,0.8179779821504929,0.7679387189409419,0.9999999999959698,0.9999999999999979,ok
motif_cnn73_hek293t_sequence_cnn_ig_214,cnn,cnn73,cnn_ig,single,sequence,CTGG,CTGG,CTGG,CTGG,CTGG,4,20,23,20.0,0.0,20:289,20,289,289,0.01965439559166121,+,0.8179779821504929,0.7679387189409419,0.9999999999959698,0.9999999999999979,ok
motif_cnn53_hct116_sequence_cnn_ism_215,cnn,cnn53,cnn_ism,all,sequence,GTGG,GTGG,GTGG,GTGG,GTGG,4,20,23,20.0,0.0,20:287,20,287,287,0.017678736882075774,+,1.0452449472577903,1.054610058611586,0.11704755263572675,0.2713187085831687,ok
motif_cnn53_hek293t_all_cnn_ig_216,cnn,cnn53,cnn_ig,all,all,CTGG,CTGG,CTGG,CTGG,CTGG,4,20,23,20.0,0.0,20:283,20,283,283,0.019575285633074757,+,0.8179779821504929,0.7679387189409419,0.9999999999959698,0.9999999999999979,ok
motif_cnn33_hela_all_cnn_ig_217,cnn,cnn33,cnn_ig,single,all,AGGG,AGGG,AGGG,AGGG,AGGG,4,20,23,20.0,0.0,20:281,20,281,281,0.04309957045619678,+,1.1051804244880377,1.12563469891311,0.00478956859095623,0.028563245415157156,ok
motif_cnn53_hct116_sequence_cnn_ig_218,cnn,cnn53,cnn_ig,single,sequence,AGGG,AGGG,AGGG,AGGG,AGGG,4,20,23,20.0,0.0,20:279,20,279,279,0.040885027569535715,+,1.1051804244880377,1.12563469891311,0.00478956859095623,0.028563245415157156,ok
motif_cnn33_hct116_all_cnn_ig_219,cnn,cnn33,cnn_ig,all,all,ATGG,ATGG,ATGG,ATGG,ATGG,4,20,23,20.0,0.0,20:271,20,271,271,-0.011957608191787733,-,1.0762208775730724,1.0928899936560723,0.0212906976785494,0.07199328699550725,ok
motif_cnn53_hela_all_cnn_ism_220,cnn,cnn53,cnn_ism,single,all,AGCT,AGCT,AGCT,AGCT,AGCT,4,18,21,18.0,0.0,18:271,18,271,271,-0.09160405752378481,-,0.8345994718710464,0.8173158602403885,0.999910977800589,0.9999999999999979,ok
motif_cnn73_hct116_sequence_cnn_ism_221,cnn,cnn73,cnn_ism,single,sequence,AAGG,AAGG,AAGG,AAGG,AAGG,4,20,23,20.0,0.0,20:270,20,270,270,-0.03713041154462571,-,0.9748667808616571,0.9682213093786003,0.7942816146159972,0.9999999999999979,ok
motif_cnn33_hct116_sequence_cnn_ig_222,cnn,cnn33,cnn_ig,single,sequence,GTGG,GTGG,GTGG,GTGG,GTGG,4,20,23,20.0,0.0,20:267,20,267,267,0.017574899437143576,+,1.0452449472577903,1.054610058611586,0.11704755263572675,0.2713187085831687,ok
motif_cnn33_hct116_sequence_cnn_ig_223,cnn,cnn33,cnn_ig,all,sequence,GCTGG,GCTGG,GCTGG,GCTGG,GCTGG,5,19,23,19.0,0.0,19:245,19,245,245,-0.06004767135944586,-,0.7294468049767675,0.7093629883232746,0.9999999932849386,0.9999999999999979,ok
motif_cnn33_hek293t_all_cnn_ig_224,cnn,cnn33,cnn_ig,all,all,CAGG,CAGG,CAGG,CAGG,CAGG,4,20,23,20.0,0.0,20:245,20,245,245,0.011426500468881745,+,0.9045852149323084,0.8720395604429404,0.9998916736934959,0.9999999999999979,ok
motif_cnn33_hek293t_sequence_cnn_ig_225,cnn,cnn33,cnn_ig,all,sequence,CAGG,CAGG,CAGG,CAGG,CAGG,4,20,23,20.0,0.0,20:245,20,245,245,0.011426500468881745,+,0.9045852149323084,0.8720395604429404,0.9998916736934959,0.9999999999999979,ok
motif_cnn33_hct116_all_cnn_ig_226,cnn,cnn33,cnn_ig,single,all,GCTGG,GCTGG,GCTGG,GCTGG,GCTGG,5,19,23,19.0,0.0,19:245,19,245,245,-0.06004767135944586,-,0.7294468049767675,0.7093629883232746,0.9999999932849386,0.9999999999999979,ok
motif_cnn33_hek293t_all_cnn_ig_227,cnn,cnn33,cnn_ig,single,all,CAGG,CAGG,CAGG,CAGG,CAGG,4,20,23,20.0,0.0,20:245,20,245,245,0.011426500468881745,+,0.9045852149323084,0.8720395604429404,0.9998916736934959,0.9999999999999979,ok
motif_cnn33_hek293t_sequence_cnn_ig_228,cnn,cnn33,cnn_ig,single,sequence,CAGG,CAGG,CAGG,CAGG,CAGG,4,20,23,20.0,0.0,20:245,20,245,245,0.011426500468881745,+,0.9045852149323084,0.8720395604429404,0.9998916736934959,0.9999999999999979,ok
motif_cnn53_hct116_sequence_cnn_ig_229,cnn,cnn53,cnn_ig,all,sequence,GCTGG,GCTGG,GCTGG,GCTGG,GCTGG,5,19,23,19.0,0.0,19:245,19,245,245,-0.06004767135944586,-,0.7294468049767675,0.7093629883232746,0.9999999932849386,0.9999999999999979,ok
motif_cnn53_hek293t_sequence_cnn_ig_230,cnn,cnn53,cnn_ig,all,sequence,CAGG,CAGG,CAGG,CAGG,CAGG,4,20,23,20.0,0.0,20:245,20,245,245,0.011426500468881745,+,0.9045852149323084,0.8720395604429404,0.9998916736934959,0.9999999999999979,ok
motif_cnn53_hek293t_all_cnn_ig_231,cnn,cnn53,cnn_ig,single,all,CAGG,CAGG,CAGG,CAGG,CAGG,4,20,23,20.0,0.0,20:245,20,245,245,0.011426500468881745,+,0.9045852149323084,0.8720395604429404,0.9998916736934959,0.9999999999999979,ok
motif_cnn73_hct116_sequence_cnn_ig_232,cnn,cnn73,cnn_ig,all,sequence,GCTGG,GCTGG,GCTGG,GCTGG,GCTGG,5,19,23,19.0,0.0,19:245,19,245,245,-0.06004767135944586,-,0.7294468049767675,0.7093629883232746,0.9999999932849386,0.9999999999999979,ok
motif_cnn73_hek293t_all_cnn_ig_233,cnn,cnn73,cnn_ig,all,all,CAGG,CAGG,CAGG,CAGG,CAGG,4,20,23,20.0,0.0,20:245,20,245,245,0.011426500468881745,+,0.9045852149323084,0.8720395604429404,0.9998916736934959,0.9999999999999979,ok
motif_cnn73_hek293t_sequence_cnn_ig_234,cnn,cnn73,cnn_ig,all,sequence,CAGG,CAGG,CAGG,CAGG,CAGG,4,20,23,20.0,0.0,20:245,20,245,245,0.011426500468881745,+,0.9045852149323084,0.8720395604429404,0.9998916736934959,0.9999999999999979,ok
motif_cnn73_hek293t_all_cnn_ig_235,cnn,cnn73,cnn_ig,single,all,CAGG,CAGG,CAGG,CAGG,CAGG,4,20,23,20.0,0.0,20:245,20,245,245,0.011426500468881745,+,0.9045852149323084,0.8720395604429404,0.9998916736934959,0.9999999999999979,ok
motif_cnn73_hek293t_sequence_cnn_ig_236,cnn,cnn73,cnn_ig,single,sequence,CAGG,CAGG,CAGG,CAGG,CAGG,4,20,23,20.0,0.0,20:245,20,245,245,0.011426500468881745,+,0.9045852149323084,0.8720395604429404,0.9998916736934959,0.9999999999999979,ok
motif_cnn33_hek293t_sequence_cnn_ism_237,cnn,cnn33,cnn_ism,all,sequence,CAGG,CAGG,CAGG,CAGG,CAGG,4,20,23,20.0,0.0,20:242,20,242,242,0.01236400484691258,+,0.9045852149323084,0.8720395604429404,0.9998916736934959,0.9999999999999979,ok
motif_cnn53_hek293t_all_cnn_ig_238,cnn,cnn53,cnn_ig,all,all,CAGG,CAGG,CAGG,CAGG,CAGG,4,20,23,20.0,0.0,20:242,20,242,242,0.011135423105286674,+,0.9045852149323084,0.8720395604429404,0.9998916736934959,0.9999999999999979,ok
motif_cnn53_hct116_all_cnn_ig_239,cnn,cnn53,cnn_ig,all,all,GCGG,GCGG,GCGG,GCGG,GCGG,4,20,23,20.0,0.0,20:236,20,236,236,0.018332673949633338,+,1.1007019155783477,1.1177909837742501,0.010096039251920312,0.04869854227396857,ok
motif_cnn53_hct116_sequence_cnn_ig_240,cnn,cnn53,cnn_ig,single,sequence,GCGG,GCGG,GCGG,GCGG,GCGG,4,20,23,20.0,0.0,20:236,20,236,236,0.018332673949633338,+,1.1007019155783477,1.1177909837742501,0.010096039251920312,0.04869854227396857,ok
motif_cnn73_hct116_all_cnn_ig_241,cnn,cnn73,cnn_ig,all,all,GCGG,GCGG,GCGG,GCGG,GCGG,4,20,23,20.0,0.0,20:236,20,236,236,0.018332673949633338,+,1.1007019155783477,1.1177909837742501,0.010096039251920312,0.04869854227396857,ok
motif_cnn73_hct116_sequence_cnn_ig_242,cnn,cnn73,cnn_ig,single,sequence,GCGG,GCGG,GCGG,GCGG,GCGG,4,20,23,20.0,0.0,20:236,20,236,236,0.018332673949633338,+,1.1007019155783477,1.1177909837742501,0.010096039251920312,0.04869854227396857,ok
motif_cnn53_hct116_sequence_cnn_ism_243,cnn,cnn53,cnn_ism,all,sequence,ATGG,ATGG,ATGG,ATGG,ATGG,4,20,23,20.0,0.0,20:235,20,235,235,-0.021398887969801383,-,1.0762208775730724,1.0928899936560723,0.0212906976785494,0.07199328699550725,ok
motif_cnn73_hct116_sequence_cnn_ism_244,cnn,cnn73,cnn_ism,single,sequence,GTGG,GTGG,GTGG,GTGG,GTGG,4,20,23,20.0,0.0,20:233,20,233,233,-0.0050379504779905215,-,1.0452449472577903,1.054610058611586,0.11704755263572675,0.2713187085831687,ok
motif_cnn73_hct116_all_cnn_ig_245,cnn,cnn73,cnn_ig,single,all,GGGG,GGGG,GGGG,GGGG,GGGG,4,20,23,20.0,0.0,20:232,20,232,232,0.06472802648248194,+,1.6378506224525653,1.6905676147508386,1.1078210592272281e-14,3.2774510509963977e-12,ok
motif_cnn33_hela_all_cnn_ism_246,cnn,cnn33,cnn_ism,all,all,GAAG,GAAG,GAAG,GAAG,GAAG,4,16,20,16.572052401746724,0.49586507507648675,16:98;17:131,16;17,229,229,-0.041132504311888335,-,0.9945559933215887,0.9933522268791125,0.5699440032586677,0.9999999999999979,ok
motif_cnn33_hl60_all_cnn_ig_247,cnn,cnn33,cnn_ig,all,all,CTGG,CTGG,CTGG,CTGG,CTGG,4,20,23,20.0,0.0,20:229,20,229,229,-0.03238977052608644,-,0.8179779821504929,0.7679387189409419,0.9999999999959698,0.9999999999999979,ok
motif_cnn33_hl60_sequence_cnn_ig_248,cnn,cnn33,cnn_ig,all,sequence,CTGG,CTGG,CTGG,CTGG,CTGG,4,20,23,20.0,0.0,20:229,20,229,229,-0.03238977052608644,-,0.8179779821504929,0.7679387189409419,0.9999999999959698,0.9999999999999979,ok
motif_cnn33_hl60_all_cnn_ig_249,cnn,cnn33,cnn_ig,single,all,CTGG,CTGG,CTGG,CTGG,CTGG,4,20,23,20.0,0.0,20:229,20,229,229,-0.03238977052608644,-,0.8179779821504929,0.7679387189409419,0.9999999999959698,0.9999999999999979,ok
motif_cnn53_hl60_all_cnn_ig_250,cnn,cnn53,cnn_ig,all,all,CTGG,CTGG,CTGG,CTGG,CTGG,4,20,23,20.0,0.0,20:229,20,229,229,-0.03238977052608644,-,0.8179779821504929,0.7679387189409419,0.9999999999959698,0.9999999999999979,ok
motif_cnn53_hl60_sequence_cnn_ig_251,cnn,cnn53,cnn_ig,all,sequence,CTGG,CTGG,CTGG,CTGG,CTGG,4,20,23,20.0,0.0,20:229,20,229,229,-0.03238977052608644,-,0.8179779821504929,0.7679387189409419,0.9999999999959698,0.9999999999999979,ok
motif_cnn53_hek293t_sequence_cnn_ig_252,cnn,cnn53,cnn_ig,single,sequence,CAGG,CAGG,CAGG,CAGG,CAGG,4,20,23,20.0,0.0,20:229,20,229,229,0.0065792274238091475,+,0.9045852149323084,0.8720395604429404,0.9998916736934959,0.9999999999999979,ok
motif_cnn53_hl60_all_cnn_ig_253,cnn,cnn53,cnn_ig,single,all,CTGG,CTGG,CTGG,CTGG,CTGG,4,20,23,20.0,0.0,20:229,20,229,229,-0.03238977052608644,-,0.8179779821504929,0.7679387189409419,0.9999999999959698,0.9999999999999979,ok
motif_cnn53_hl60_sequence_cnn_ig_254,cnn,cnn53,cnn_ig,single,sequence,CTGG,CTGG,CTGG,CTGG,CTGG,4,20,23,20.0,0.0,20:229,20,229,229,-0.03238977052608644,-,0.8179779821504929,0.7679387189409419,0.9999999999959698,0.9999999999999979,ok
motif_cnn73_hl60_all_cnn_ig_255,cnn,cnn73,cnn_ig,all,all,CTGG,CTGG,CTGG,CTGG,CTGG,4,20,23,20.0,0.0,20:229,20,229,229,-0.03238977052608644,-,0.8179779821504929,0.7679387189409419,0.9999999999959698,0.9999999999999979,ok
motif_cnn73_hl60_sequence_cnn_ig_256,cnn,cnn73,cnn_ig,all,sequence,CTGG,CTGG,CTGG,CTGG,CTGG,4,20,23,20.0,0.0,20:229,20,229,229,-0.03238977052608644,-,0.8179779821504929,0.7679387189409419,0.9999999999959698,0.9999999999999979,ok
motif_cnn73_hl60_all_cnn_ig_257,cnn,cnn73,cnn_ig,single,all,CTGG,CTGG,CTGG,CTGG,CTGG,4,20,23,20.0,0.0,20:229,20,229,229,-0.03238977052608644,-,0.8179779821504929,0.7679387189409419,0.9999999999959698,0.9999999999999979,ok
motif_cnn73_hl60_sequence_cnn_ig_258,cnn,cnn73,cnn_ig,single,sequence,CTGG,CTGG,CTGG,CTGG,CTGG,4,20,23,20.0,0.0,20:229,20,229,229,-0.03238977052608644,-,0.8179779821504929,0.7679387189409419,0.9999999999959698,0.9999999999999979,ok
motif_cnn33_hct116_all_cnn_ig_259,cnn,cnn33,cnn_ig,all,all,GAGG,GAGG,GAGG,GAGG,GAGG,4,20,23,20.0,0.0,20:224,20,224,224,0.016810865861648372,+,1.125826317075742,1.1660859314218486,4.4925369091345575e-05,0.00047533938909552736,ok
motif_cnn33_hek293t_all_cnn_ig_260,cnn,cnn33,cnn_ig,all,all,AAGG,AAGG,AAGG,AAGG,AAGG,4,20,23,20.0,0.0,20:221,20,221,221,0.0061297718013130775,+,0.9748667808616571,0.9682213093786003,0.7942816146159972,0.9999999999999979,ok
motif_cnn33_hek293t_sequence_cnn_ig_261,cnn,cnn33,cnn_ig,all,sequence,AAGG,AAGG,AAGG,AAGG,AAGG,4,20,23,20.0,0.0,20:221,20,221,221,0.0061297718013130775,+,0.9748667808616571,0.9682213093786003,0.7942816146159972,0.9999999999999979,ok
motif_cnn33_hek293t_all_cnn_ig_262,cnn,cnn33,cnn_ig,single,all,AAGG,AAGG,AAGG,AAGG,AAGG,4,20,23,20.0,0.0,20:221,20,221,221,0.0061297718013130775,+,0.9748667808616571,0.9682213093786003,0.7942816146159972,0.9999999999999979,ok
motif_cnn33_hek293t_sequence_cnn_ig_263,cnn,cnn33,cnn_ig,single,sequence,AAGG,AAGG,AAGG,AAGG,AAGG,4,20,23,20.0,0.0,20:221,20,221,221,0.0061297718013130775,+,0.9748667808616571,0.9682213093786003,0.7942816146159972,0.9999999999999979,ok
motif_cnn53_hek293t_sequence_cnn_ig_264,cnn,cnn53,cnn_ig,all,sequence,AAGG,AAGG,AAGG,AAGG,AAGG,4,20,23,20.0,0.0,20:221,20,221,221,0.0061297718013130775,+,0.9748667808616571,0.9682213093786003,0.7942816146159972,0.9999999999999979,ok
motif_cnn73_hek293t_all_cnn_ig_265,cnn,cnn73,cnn_ig,all,all,AAGG,AAGG,AAGG,AAGG,AAGG,4,20,23,20.0,0.0,20:221,20,221,221,0.0061297718013130775,+,0.9748667808616571,0.9682213093786003,0.7942816146159972,0.9999999999999979,ok
motif_cnn73_hek293t_sequence_cnn_ig_266,cnn,cnn73,cnn_ig,all,sequence,AAGG,AAGG,AAGG,AAGG,AAGG,4,20,23,20.0,0.0,20:221,20,221,221,0.0061297718013130775,+,0.9748667808616571,0.9682213093786003,0.7942816146159972,0.9999999999999979,ok
motif_cnn73_hek293t_all_cnn_ig_267,cnn,cnn73,cnn_ig,single,all,AAGG,AAGG,AAGG,AAGG,AAGG,4,20,23,20.0,0.0,20:221,20,221,221,0.0061297718013130775,+,0.9748667808616571,0.9682213093786003,0.7942816146159972,0.9999999999999979,ok
motif_cnn73_hek293t_sequence_cnn_ig_268,cnn,cnn73,cnn_ig,single,sequence,AAGG,AAGG,AAGG,AAGG,AAGG,4,20,23,20.0,0.0,20:221,20,221,221,0.0061297718013130775,+,0.9748667808616571,0.9682213093786003,0.7942816146159972,0.9999999999999979,ok
motif_cnn53_hl60_sequence_cnn_ig_269,cnn,cnn53,cnn_ig,single,sequence,GAGG,GAGG,GAGG,GAGG,GAGG,4,2,23,19.49767441860465,2.9716328917001382,2:6;20:209,2;20,215,215,0.03188957985573784,+,1.125826317075742,1.1660859314218486,4.4925369091345575e-05,0.00047533938909552736,ok
motif_cnn33_hct116_sequence_cnn_ig_270,cnn,cnn33,cnn_ig,all,sequence,CCTGG,CCTGG,CCTGG,CCTGG,CCTGG,5,19,23,19.0,0.0,19:212,19,212,212,-0.027588997902563278,-,0.8651811344926573,0.8549477056199708,0.9945144290588849,0.9999999999999979,ok
motif_cnn33_hct116_sequence_cnn_ig_271,cnn,cnn33,cnn_ig,single,sequence,CCTGG,CCTGG,CCTGG,CCTGG,CCTGG,5,19,23,19.0,0.0,19:212,19,212,212,-0.027588997902563278,-,0.8651811344926573,0.8549477056199708,0.9945144290588849,0.9999999999999979,ok
motif_cnn53_hek293t_all_cnn_ig_272,cnn,cnn53,cnn_ig,all,all,AAGG,AAGG,AAGG,AAGG,AAGG,4,20,23,20.0,0.0,20:212,20,212,212,-5.526572877945224e-05,-,0.9748667808616571,0.9682213093786003,0.7942816146159972,0.9999999999999979,ok
motif_cnn53_hek293t_sequence_cnn_ig_273,cnn,cnn53,cnn_ig,single,sequence,AAGG,AAGG,AAGG,AAGG,AAGG,4,20,23,20.0,0.0,20:210,20,210,210,0.004849950178004131,+,0.9748667808616571,0.9682213093786003,0.7942816146159972,0.9999999999999979,ok
motif_cnn33_hl60_all_cnn_ig_274,cnn,cnn33,cnn_ig,all,all,GAGG,GAGG,GAGG,GAGG,GAGG,4,20,23,20.0,0.0,20:209,20,209,209,0.03197634392634202,+,1.125826317075742,1.1660859314218486,4.4925369091345575e-05,0.00047533938909552736,ok
motif_cnn33_hl60_sequence_cnn_ig_275,cnn,cnn33,cnn_ig,all,sequence,GAGG,GAGG,GAGG,GAGG,GAGG,4,20,23,20.0,0.0,20:209,20,209,209,0.03197634392634202,+,1.125826317075742,1.1660859314218486,4.4925369091345575e-05,0.00047533938909552736,ok
motif_cnn33_hct116_sequence_cnn_ism_276,cnn,cnn33,cnn_ism,single,sequence,ACAG,ACAG,ACAG,ACAG,ACAG,4,19,22,19.0,0.0,19:209,19,209,209,-0.03763933293690927,-,0.951702949409941,0.9430125729643871,0.9059355987057428,0.9999999999999979,ok
motif_cnn53_hl60_all_cnn_ig_277,cnn,cnn53,cnn_ig,all,all,GAGG,GAGG,GAGG,GAGG,GAGG,4,20,23,20.0,0.0,20:209,20,209,209,0.03197634392634202,+,1.125826317075742,1.1660859314218486,4.4925369091345575e-05,0.00047533938909552736,ok
motif_cnn53_hl60_sequence_cnn_ig_278,cnn,cnn53,cnn_ig,all,sequence,GAGG,GAGG,GAGG,GAGG,GAGG,4,20,23,20.0,0.0,20:209,20,209,209,0.03197634392634202,+,1.125826317075742,1.1660859314218486,4.4925369091345575e-05,0.00047533938909552736,ok
motif_cnn53_hl60_all_cnn_ig_279,cnn,cnn53,cnn_ig,single,all,GAGG,GAGG,GAGG,GAGG,GAGG,4,20,23,20.0,0.0,20:209,20,209,209,0.03197634392634202,+,1.125826317075742,1.1660859314218486,4.4925369091345575e-05,0.00047533938909552736,ok
motif_cnn73_hl60_all_cnn_ig_280,cnn,cnn73,cnn_ig,all,all,GAGG,GAGG,GAGG,GAGG,GAGG,4,20,23,20.0,0.0,20:209,20,209,209,0.03197634392634202,+,1.125826317075742,1.1660859314218486,4.4925369091345575e-05,0.00047533938909552736,ok
motif_cnn73_hl60_sequence_cnn_ig_281,cnn,cnn73,cnn_ig,all,sequence,GAGG,GAGG,GAGG,GAGG,GAGG,4,20,23,20.0,0.0,20:209,20,209,209,0.03197634392634202,+,1.125826317075742,1.1660859314218486,4.4925369091345575e-05,0.00047533938909552736,ok
motif_cnn73_hct116_sequence_cnn_ism_282,cnn,cnn73,cnn_ism,single,sequence,ATGG,ATGG,ATGG,ATGG,ATGG,4,20,23,20.0,0.0,20:209,20,209,209,-0.021375318548865152,-,1.0762208775730724,1.0928899936560723,0.0212906976785494,0.07199328699550725,ok
motif_cnn73_hl60_all_cnn_ig_283,cnn,cnn73,cnn_ig,single,all,GAGG,GAGG,GAGG,GAGG,GAGG,4,20,23,20.0,0.0,20:209,20,209,209,0.03197634392634202,+,1.125826317075742,1.1660859314218486,4.4925369091345575e-05,0.00047533938909552736,ok
motif_cnn73_hl60_sequence_cnn_ig_284,cnn,cnn73,cnn_ig,single,sequence,GAGG,GAGG,GAGG,GAGG,GAGG,4,20,23,20.0,0.0,20:209,20,209,209,0.03197634392634202,+,1.125826317075742,1.1660859314218486,4.4925369091345575e-05,0.00047533938909552736,ok
motif_cnn33_hct116_all_cnn_ism_285,cnn,cnn33,cnn_ism,all,all,ACAGG,ACAGG,ACAGG,ACAGG,ACAGG,5,19,23,19.0,0.0,19:208,19,208,208,-0.03722144848020972,-,0.7151344352197425,0.697165991902834,0.999999988536171,0.9999999999999979,ok
motif_cnn33_hct116_sequence_cnn_ig_286,cnn,cnn33,cnn_ig,single,sequence,AGGG,AGGG,AGGG,AGGG,AGGG,4,20,23,20.0,0.0,20:204,20,204,204,0.04224320651718905,+,1.1051804244880377,1.12563469891311,0.00478956859095623,0.028563245415157156,ok
motif_cnn53_hl60_sequence_cnn_ig_287,cnn,cnn53,cnn_ig,single,sequence,GTGG,GTGG,GTGG,GTGG,GTGG,4,2,23,19.205882352941178,3.7055097713936664,2:9;20:195,2;20,204,204,0.03752895988422991,+,1.0452449472577903,1.054610058611586,0.11704755263572675,0.2713187085831687,ok
motif_cnn33_hct116_all_cnn_ism_288,cnn,cnn33,cnn_ism,single,all,AGAGG,AGAGG,AGAGG,AGAGG,AGAGG,5,19,23,19.0,0.0,19:203,19,203,203,0.03265230361326432,+,1.071375418525591,1.0776393769400763,0.11616610473712534,0.2713187085831687,ok
motif_cnn53_hct116_all_cnn_ig_289,cnn,cnn53,cnn_ig,single,all,AGAGG,AGAGG,AGAGG,AGAGG,AGAGG,5,19,23,19.0,0.0,19:203,19,203,203,0.03265230361326432,+,1.071375418525591,1.0776393769400763,0.11616610473712534,0.2713187085831687,ok
motif_cnn33_hek293t_sequence_cnn_ig_290,cnn,cnn33,cnn_ig,all,sequence,GAGG,GAGG,GAGG,GAGG,GAGG,4,20,23,20.0,0.0,20:202,20,202,202,-0.033116640726866875,-,1.125826317075742,1.1660859314218486,4.4925369091345575e-05,0.00047533938909552736,ok
motif_cnn33_hek293t_all_cnn_ig_291,cnn,cnn33,cnn_ig,single,all,GAGG,GAGG,GAGG,GAGG,GAGG,4,20,23,20.0,0.0,20:202,20,202,202,-0.033116640726866875,-,1.125826317075742,1.1660859314218486,4.4925369091345575e-05,0.00047533938909552736,ok
motif_cnn33_hek293t_sequence_cnn_ig_292,cnn,cnn33,cnn_ig,single,sequence,GAGG,GAGG,GAGG,GAGG,GAGG,4,20,23,20.0,0.0,20:202,20,202,202,-0.033116640726866875,-,1.125826317075742,1.1660859314218486,4.4925369091345575e-05,0.00047533938909552736,ok
motif_cnn53_hek293t_sequence_cnn_ig_293,cnn,cnn53,cnn_ig,all,sequence,GAGG,GAGG,GAGG,GAGG,GAGG,4,20,23,20.0,0.0,20:202,20,202,202,-0.033116640726866875,-,1.125826317075742,1.1660859314218486,4.4925369091345575e-05,0.00047533938909552736,ok
motif_cnn73_hek293t_all_cnn_ig_294,cnn,cnn73,cnn_ig,all,all,GAGG,GAGG,GAGG,GAGG,GAGG,4,20,23,20.0,0.0,20:202,20,202,202,-0.033116640726866875,-,1.125826317075742,1.1660859314218486,4.4925369091345575e-05,0.00047533938909552736,ok
motif_cnn73_hek293t_sequence_cnn_ig_295,cnn,cnn73,cnn_ig,all,sequence,GAGG,GAGG,GAGG,GAGG,GAGG,4,20,23,20.0,0.0,20:202,20,202,202,-0.033116640726866875,-,1.125826317075742,1.1660859314218486,4.4925369091345575e-05,0.00047533938909552736,ok
motif_cnn73_hek293t_all_cnn_ig_296,cnn,cnn73,cnn_ig,single,all,GAGG,GAGG,GAGG,GAGG,GAGG,4,20,23,20.0,0.0,20:202,20,202,202,-0.033116640726866875,-,1.125826317075742,1.1660859314218486,4.4925369091345575e-05,0.00047533938909552736,ok
motif_cnn73_hek293t_sequence_cnn_ig_297,cnn,cnn73,cnn_ig,single,sequence,GAGG,GAGG,GAGG,GAGG,GAGG,4,20,23,20.0,0.0,20:202,20,202,202,-0.033116640726866875,-,1.125826317075742,1.1660859314218486,4.4925369091345575e-05,0.00047533938909552736,ok
motif_cnn53_hek293t_all_cnn_ig_298,cnn,cnn53,cnn_ig,all,all,GAGG,GAGG,GAGG,GAGG,GAGG,4,20,23,20.0,0.0,20:197,20,197,197,-0.032247131520708766,-,1.125826317075742,1.1660859314218486,4.4925369091345575e-05,0.00047533938909552736,ok
motif_cnn53_hek293t_all_cnn_ig_299,cnn,cnn53,cnn_ig,single,all,AAGG,AAGG,AAGG,AAGG,AAGG,4,20,23,20.0,0.0,20:197,20,197,197,0.0019192770616525412,+,0.9748667808616571,0.9682213093786003,0.7942816146159972,0.9999999999999979,ok
motif_cnn33_hl60_all_cnn_ig_300,cnn,cnn33,cnn_ig,all,all,GTGG,GTGG,GTGG,GTGG,GTGG,4,20,23,20.0,0.0,20:195,20,195,195,0.039536399847423576,+,1.0452449472577903,1.054610058611586,0.11704755263572675,0.2713187085831687,ok
motif_cnn33_hl60_sequence_cnn_ig_301,cnn,cnn33,cnn_ig,all,sequence,GTGG,GTGG,GTGG,GTGG,GTGG,4,20,23,20.0,0.0,20:195,20,195,195,0.039536399847423576,+,1.0452449472577903,1.054610058611586,0.11704755263572675,0.2713187085831687,ok
motif_cnn53_hl60_all_cnn_ig_302,cnn,cnn53,cnn_ig,all,all,GTGG,GTGG,GTGG,GTGG,GTGG,4,20,23,20.0,0.0,20:195,20,195,195,0.039536399847423576,+,1.0452449472577903,1.054610058611586,0.11704755263572675,0.2713187085831687,ok
motif_cnn53_hl60_sequence_cnn_ig_303,cnn,cnn53,cnn_ig,all,sequence,GTGG,GTGG,GTGG,GTGG,GTGG,4,20,23,20.0,0.0,20:195,20,195,195,0.039536399847423576,+,1.0452449472577903,1.054610058611586,0.11704755263572675,0.2713187085831687,ok
motif_cnn53_hl60_all_cnn_ig_304,cnn,cnn53,cnn_ig,single,all,GTGG,GTGG,GTGG,GTGG,GTGG,4,20,23,20.0,0.0,20:195,20,195,195,0.039536399847423576,+,1.0452449472577903,1.054610058611586,0.11704755263572675,0.2713187085831687,ok
motif_cnn73_hl60_all_cnn_ig_305,cnn,cnn73,cnn_ig,all,all,GTGG,GTGG,GTGG,GTGG,GTGG,4,20,23,20.0,0.0,20:195,20,195,195,0.039536399847423576,+,1.0452449472577903,1.054610058611586,0.11704755263572675,0.2713187085831687,ok
motif_cnn73_hl60_sequence_cnn_ig_306,cnn,cnn73,cnn_ig,all,sequence,GTGG,GTGG,GTGG,GTGG,GTGG,4,20,23,20.0,0.0,20:195,20,195,195,0.039536399847423576,+,1.0452449472577903,1.054610058611586,0.11704755263572675,0.2713187085831687,ok
motif_cnn73_hl60_all_cnn_ig_307,cnn,cnn73,cnn_ig,single,all,GTGG,GTGG,GTGG,GTGG,GTGG,4,20,23,20.0,0.0,20:195,20,195,195,0.039536399847423576,+,1.0452449472577903,1.054610058611586,0.11704755263572675,0.2713187085831687,ok
motif_cnn73_hl60_sequence_cnn_ig_308,cnn,cnn73,cnn_ig,single,sequence,GTGG,GTGG,GTGG,GTGG,GTGG,4,20,23,20.0,0.0,20:195,20,195,195,0.039536399847423576,+,1.0452449472577903,1.054610058611586,0.11704755263572675,0.2713187085831687,ok
motif_cnn33_hct116_all_cnn_ism_309,cnn,cnn33,cnn_ism,all,all,GCAGG,GCAGG,GCAGG,GCAGG,GCAGG,5,19,23,19.0,0.0,19:194,19,194,194,-0.04699017580269593,-,0.7681081181528305,0.7519066532124729,0.9999973736526241,0.9999999999999979,ok
motif_cnn33_hl60_all_cnn_ig_310,cnn,cnn33,cnn_ig,all,all,CAGG,CAGG,CAGG,CAGG,CAGG,4,20,23,20.0,0.0,20:194,20,194,194,-0.01733516118908754,-,0.9045852149323084,0.8720395604429404,0.9998916736934959,0.9999999999999979,ok
motif_cnn33_hl60_sequence_cnn_ig_311,cnn,cnn33,cnn_ig,all,sequence,CAGG,CAGG,CAGG,CAGG,CAGG,4,20,23,20.0,0.0,20:194,20,194,194,-0.01733516118908754,-,0.9045852149323084,0.8720395604429404,0.9998916736934959,0.9999999999999979,ok
motif_cnn33_hct116_sequence_cnn_ig_312,cnn,cnn33,cnn_ig,single,sequence,CCGG,CCGG,CCGG,CCGG,CCGG,4,20,23,20.0,0.0,20:194,20,194,194,-0.010849528968868982,-,1.0848140007972478,1.0973933935203959,0.03251808805644323,0.10109888988164341,ok
motif_cnn33_hl60_all_cnn_ig_313,cnn,cnn33,cnn_ig,single,all,CAGG,CAGG,CAGG,CAGG,CAGG,4,20,23,20.0,0.0,20:194,20,194,194,-0.01733516118908754,-,0.9045852149323084,0.8720395604429404,0.9998916736934959,0.9999999999999979,ok
motif_cnn33_hl60_sequence_cnn_ig_314,cnn,cnn33,cnn_ig,single,sequence,CAGG,CAGG,CAGG,CAGG,CAGG,4,20,23,20.0,0.0,20:194,20,194,194,-0.01733516118908754,-,0.9045852149323084,0.8720395604429404,0.9998916736934959,0.9999999999999979,ok
motif_cnn53_hl60_all_cnn_ig_315,cnn,cnn53,cnn_ig,all,all,CAGG,CAGG,CAGG,CAGG,CAGG,4,20,23,20.0,0.0,20:194,20,194,194,-0.01733516118908754,-,0.9045852149323084,0.8720395604429404,0.9998916736934959,0.9999999999999979,ok
motif_cnn53_hl60_sequence_cnn_ig_316,cnn,cnn53,cnn_ig,all,sequence,CAGG,CAGG,CAGG,CAGG,CAGG,4,20,23,20.0,0.0,20:194,20,194,194,-0.01733516118908754,-,0.9045852149323084,0.8720395604429404,0.9998916736934959,0.9999999999999979,ok
motif_cnn73_hl60_all_cnn_ig_317,cnn,cnn73,cnn_ig,all,all,CAGG,CAGG,CAGG,CAGG,CAGG,4,20,23,20.0,0.0,20:194,20,194,194,-0.01733516118908754,-,0.9045852149323084,0.8720395604429404,0.9998916736934959,0.9999999999999979,ok
motif_cnn73_hl60_sequence_cnn_ig_318,cnn,cnn73,cnn_ig,all,sequence,CAGG,CAGG,CAGG,CAGG,CAGG,4,20,23,20.0,0.0,20:194,20,194,194,-0.01733516118908754,-,0.9045852149323084,0.8720395604429404,0.9998916736934959,0.9999999999999979,ok
motif_cnn73_hl60_all_cnn_ig_319,cnn,cnn73,cnn_ig,single,all,CAGG,CAGG,CAGG,CAGG,CAGG,4,20,23,20.0,0.0,20:194,20,194,194,-0.01733516118908754,-,0.9045852149323084,0.8720395604429404,0.9998916736934959,0.9999999999999979,ok
motif_cnn73_hl60_sequence_cnn_ig_320,cnn,cnn73,cnn_ig,single,sequence,CAGG,CAGG,CAGG,CAGG,CAGG,4,20,23,20.0,0.0,20:194,20,194,194,-0.01733516118908754,-,0.9045852149323084,0.8720395604429404,0.9998916736934959,0.9999999999999979,ok
motif_cnn53_hl60_all_cnn_ig_321,cnn,cnn53,cnn_ig,single,all,CAGG,CAGG,CAGG,CAGG,CAGG,4,20,23,20.0,0.0,20:193,20,193,193,-0.01849909199628999,-,0.9045852149323084,0.8720395604429404,0.9998916736934959,0.9999999999999979,ok
motif_cnn33_hek293t_all_cnn_ig_322,cnn,cnn33,cnn_ig,all,all,TTGG,TTGG,TTGG,TTGG,TTGG,4,20,23,20.0,0.0,20:192,20,192,192,0.042278880207082065,+,0.8575293885479466,0.8441674831604765,0.9986608964088999,0.9999999999999979,ok
motif_cnn33_hek293t_sequence_cnn_ig_323,cnn,cnn33,cnn_ig,all,sequence,TTGG,TTGG,TTGG,TTGG,TTGG,4,20,23,20.0,0.0,20:192,20,192,192,0.042278880207082065,+,0.8575293885479466,0.8441674831604765,0.9986608964088999,0.9999999999999979,ok
motif_cnn33_hek293t_all_cnn_ig_324,cnn,cnn33,cnn_ig,single,all,TTGG,TTGG,TTGG,TTGG,TTGG,4,20,23,20.0,0.0,20:192,20,192,192,0.042278880207082065,+,0.8575293885479466,0.8441674831604765,0.9986608964088999,0.9999999999999979,ok
motif_cnn33_hek293t_sequence_cnn_ig_325,cnn,cnn33,cnn_ig,single,sequence,TTGG,TTGG,TTGG,TTGG,TTGG,4,20,23,20.0,0.0,20:192,20,192,192,0.042278880207082065,+,0.8575293885479466,0.8441674831604765,0.9986608964088999,0.9999999999999979,ok
motif_cnn53_hek293t_all_cnn_ig_326,cnn,cnn53,cnn_ig,all,all,TTGG,TTGG,TTGG,TTGG,TTGG,4,20,23,20.0,0.0,20:192,20,192,192,0.042278880207082065,+,0.8575293885479466,0.8441674831604765,0.9986608964088999,0.9999999999999979,ok
motif_cnn53_hek293t_sequence_cnn_ig_327,cnn,cnn53,cnn_ig,all,sequence,TTGG,TTGG,TTGG,TTGG,TTGG,4,20,23,20.0,0.0,20:192,20,192,192,0.042278880207082065,+,0.8575293885479466,0.8441674831604765,0.9986608964088999,0.9999999999999979,ok
motif_cnn53_hek293t_all_cnn_ig_328,cnn,cnn53,cnn_ig,single,all,TTGG,TTGG,TTGG,TTGG,TTGG,4,20,23,20.0,0.0,20:192,20,192,192,0.042278880207082065,+,0.8575293885479466,0.8441674831604765,0.9986608964088999,0.9999999999999979,ok
motif_cnn73_hek293t_all_cnn_ig_329,cnn,cnn73,cnn_ig,all,all,TTGG,TTGG,TTGG,TTGG,TTGG,4,20,23,20.0,0.0,20:192,20,192,192,0.042278880207082065,+,0.8575293885479466,0.8441674831604765,0.9986608964088999,0.9999999999999979,ok
motif_cnn73_hek293t_sequence_cnn_ig_330,cnn,cnn73,cnn_ig,all,sequence,TTGG,TTGG,TTGG,TTGG,TTGG,4,20,23,20.0,0.0,20:192,20,192,192,0.042278880207082065,+,0.8575293885479466,0.8441674831604765,0.9986608964088999,0.9999999999999979,ok
motif_cnn73_hek293t_all_cnn_ig_331,cnn,cnn73,cnn_ig,single,all,TTGG,TTGG,TTGG,TTGG,TTGG,4,20,23,20.0,0.0,20:192,20,192,192,0.042278880207082065,+,0.8575293885479466,0.8441674831604765,0.9986608964088999,0.9999999999999979,ok
motif_cnn73_hek293t_sequence_cnn_ig_332,cnn,cnn73,cnn_ig,single,sequence,TTGG,TTGG,TTGG,TTGG,TTGG,4,20,23,20.0,0.0,20:192,20,192,192,0.042278880207082065,+,0.8575293885479466,0.8441674831604765,0.9986608964088999,0.9999999999999979,ok
motif_cnn53_hek293t_sequence_cnn_ig_333,cnn,cnn53,cnn_ig,single,sequence,GAGG,GAGG,GAGG,GAGG,GAGG,4,20,23,20.0,0.0,20:190,20,190,190,-0.035776017468590965,-,1.125826317075742,1.1660859314218486,4.4925369091345575e-05,0.00047533938909552736,ok
motif_cnn33_hl60_all_cnn_ig_334,cnn,cnn33,cnn_ig,all,all,AAGG,AAGG,AAGG,AAGG,AAGG,4,20,23,20.0,0.0,20:189,20,189,189,0.009436246667999554,+,0.9748667808616571,0.9682213093786003,0.7942816146159972,0.9999999999999979,ok
motif_cnn33_hl60_sequence_cnn_ig_335,cnn,cnn33,cnn_ig,all,sequence,AAGG,AAGG,AAGG,AAGG,AAGG,4,20,23,20.0,0.0,20:189,20,189,189,0.009436246667999554,+,0.9748667808616571,0.9682213093786003,0.7942816146159972,0.9999999999999979,ok
motif_cnn33_hl60_all_cnn_ig_336,cnn,cnn33,cnn_ig,single,all,AAGG,AAGG,AAGG,AAGG,AAGG,4,20,23,20.0,0.0,20:189,20,189,189,0.009436246667999554,+,0.9748667808616571,0.9682213093786003,0.7942816146159972,0.9999999999999979,ok
motif_cnn53_hl60_all_cnn_ig_337,cnn,cnn53,cnn_ig,all,all,AAGG,AAGG,AAGG,AAGG,AAGG,4,20,23,20.0,0.0,20:189,20,189,189,0.009436246667999554,+,0.9748667808616571,0.9682213093786003,0.7942816146159972,0.9999999999999979,ok
motif_cnn53_hl60_sequence_cnn_ig_338,cnn,cnn53,cnn_ig,all,sequence,AAGG,AAGG,AAGG,AAGG,AAGG,4,20,23,20.0,0.0,20:189,20,189,189,0.009436246667999554,+,0.9748667808616571,0.9682213093786003,0.7942816146159972,0.9999999999999979,ok
motif_cnn73_hl60_all_cnn_ig_339,cnn,cnn73,cnn_ig,all,all,AAGG,AAGG,AAGG,AAGG,AAGG,4,20,23,20.0,0.0,20:189,20,189,189,0.009436246667999554,+,0.9748667808616571,0.9682213093786003,0.7942816146159972,0.9999999999999979,ok
motif_cnn73_hl60_sequence_cnn_ig_340,cnn,cnn73,cnn_ig,all,sequence,AAGG,AAGG,AAGG,AAGG,AAGG,4,20,23,20.0,0.0,20:189,20,189,189,0.009436246667999554,+,0.9748667808616571,0.9682213093786003,0.7942816146159972,0.9999999999999979,ok
motif_cnn73_hl60_all_cnn_ig_341,cnn,cnn73,cnn_ig,single,all,AAGG,AAGG,AAGG,AAGG,AAGG,4,20,23,20.0,0.0,20:189,20,189,189,0.009436246667999554,+,0.9748667808616571,0.9682213093786003,0.7942816146159972,0.9999999999999979,ok
motif_cnn73_hl60_sequence_cnn_ig_342,cnn,cnn73,cnn_ig,single,sequence,AAGG,AAGG,AAGG,AAGG,AAGG,4,20,23,20.0,0.0,20:189,20,189,189,0.009436246667999554,+,0.9748667808616571,0.9682213093786003,0.7942816146159972,0.9999999999999979,ok
motif_cnn33_hct116_all_cnn_ig_343,cnn,cnn33,cnn_ig,all,all,GTGG,GTGG,GTGG,GTGG,GTGG,4,20,23,20.0,0.0,20:186,20,186,186,0.02072100190674181,+,1.0452449472577903,1.054610058611586,0.11704755263572675,0.2713187085831687,ok
motif_cnn53_hl60_sequence_cnn_ig_344,cnn,cnn53,cnn_ig,single,sequence,CAGG,CAGG,CAGG,CAGG,CAGG,4,20,23,20.0,0.0,20:186,20,186,186,-0.01753769510993572,-,0.9045852149323084,0.8720395604429404,0.9998916736934959,0.9999999999999979,ok
motif_cnn33_hek293t_sequence_cnn_ism_345,cnn,cnn33,cnn_ism,all,sequence,AAGG,AAGG,AAGG,AAGG,AAGG,4,20,23,20.0,0.0,20:185,20,185,185,-0.005736219969392886,-,0.9748667808616571,0.9682213093786003,0.7942816146159972,0.9999999999999979,ok
motif_cnn33_hct116_sequence_cnn_ism_346,cnn,cnn33,cnn_ism,single,sequence,CCGG,CCGG,CCGG,CCGG,CCGG,4,1,23,19.28108108108108,3.6351124196058557,1:7;20:178,1;20,185,185,-0.005266831797170274,-,1.0848140007972478,1.0973933935203959,0.03251808805644323,0.10109888988164341,ok
motif_cnn33_hek293t_all_cnn_ig_347,cnn,cnn33,cnn_ig,all,all,GAGG,GAGG,GAGG,GAGG,GAGG,4,20,23,20.0,0.0,20:183,20,183,183,-0.03455037272910205,-,1.125826317075742,1.1660859314218486,4.4925369091345575e-05,0.00047533938909552736,ok
motif_cnn53_hela_sequence_cnn_ism_348,cnn,cnn53,cnn_ism,all,sequence,GCCA,GCCA,GCCA,GCCA,GCCA,4,15,19,15.66120218579235,0.4745995160706938,15:62;16:121,15;16,183,183,0.0005422411047615316,+,0.9091211327101341,0.896030964739574,0.9886612864090131,0.9999999999999979,ok
motif_cnn73_hct116_sequence_cnn_ism_349,cnn,cnn73,cnn_ism,single,sequence,GCTGG,GCTGG,GCTGG,GCTGG,GCTGG,5,19,23,19.0,0.0,19:183,19,183,183,-0.07456771924915598,-,0.7294468049767675,0.7093629883232746,0.9999999932849386,0.9999999999999979,ok
motif_cnn53_hct116_sequence_cnn_ism_350,cnn,cnn53,cnn_ism,all,sequence,AGGG,AGGG,AGGG,AGGG,AGGG,4,20,23,20.0,0.0,20:182,20,182,182,0.0031028862003838475,+,1.1051804244880377,1.12563469891311,0.00478956859095623,0.028563245415157156,ok
motif_cnn73_hl60_sequence_cnn_ism_351,cnn,cnn73,cnn_ism,single,sequence,CTGG,CTGG,CTGG,CTGG,CTGG,4,20,23,20.0,0.0,20:179,20,179,179,-0.024742153234248693,-,0.8179779821504929,0.7679387189409419,0.9999999999959698,0.9999999999999979,ok
motif_cnn33_hct116_all_cnn_ism_352,cnn,cnn33,cnn_ism,single,all,CCGG,CCGG,CCGG,CCGG,CCGG,4,20,23,20.0,0.0,20:178,20,178,178,-0.00707924876838939,-,1.0848140007972478,1.0973933935203959,0.03251808805644323,0.10109888988164341,ok
motif_cnn33_hct116_all_cnn_ism_353,cnn,cnn33,cnn_ism,single,all,GAAGG,GAAGG,GAAGG,GAAGG,GAAGG,5,19,23,19.0,0.0,19:177,19,177,177,0.010075493693421533,+,1.1474055925791473,1.1619996254030867,0.005899285475545154,0.0348642456933119,ok
motif_cnn33_hct116_all_cnn_ism_354,cnn,cnn33,cnn_ism,all,all,CCAGG,CCAGG,CCAGG,CCAGG,CCAGG,5,19,23,19.0,0.0,19:174,19,174,174,0.0008402604449301299,+,1.1741890237114552,1.1939800409099361,0.0008495720293184073,0.007430923349771669,ok
motif_cnn53_hek293t_all_cnn_ig_355,cnn,cnn53,cnn_ig,single,all,GAGG,GAGG,GAGG,GAGG,GAGG,4,20,23,20.0,0.0,20:174,20,174,174,-0.037972782886056905,-,1.125826317075742,1.1660859314218486,4.4925369091345575e-05,0.00047533938909552736,ok
motif_cnn73_hl60_sequence_cnn_ism_356,cnn,cnn73,cnn_ism,single,sequence,GAGG,GAGG,GAGG,GAGG,GAGG,4,20,23,20.0,0.0,20:173,20,173,173,0.03391664284394166,+,1.125826317075742,1.1660859314218486,4.4925369091345575e-05,0.00047533938909552736,ok
motif_cnn53_hct116_sequence_cnn_ism_357,cnn,cnn53,cnn_ism,all,sequence,GCGG,GCGG,GCGG,GCGG,GCGG,4,20,23,20.0,0.0,20:171,20,171,171,0.019535308517451444,+,1.1007019155783477,1.1177909837742501,0.010096039251920312,0.04869854227396857,ok
motif_cnn73_hl60_all_cnn_ism_358,cnn,cnn73,cnn_ism,single,all,CTGG,CTGG,CTGG,CTGG,CTGG,4,20,23,20.0,0.0,20:170,20,170,170,-0.01434005460818319,-,0.8179779821504929,0.7679387189409419,0.9999999999959698,0.9999999999999979,ok
motif_cnn53_hela_sequence_cnn_ism_359,cnn,cnn53,cnn_ism,all,sequence,TCCA,TCCA,TCCA,TCCA,TCCA,4,15,19,15.520958083832335,0.5010630068032038,15:80;16:87,15;16,167,167,0.02026552708696755,+,1.0556416288386234,1.0637089735335359,0.11231816748811477,0.2713187085831687,ok
motif_cnn73_hl60_all_cnn_ism_360,cnn,cnn73,cnn_ism,single,all,GAGG,GAGG,GAGG,GAGG,GAGG,4,20,23,20.0,0.0,20:167,20,167,167,0.034749968119778124,+,1.125826317075742,1.1660859314218486,4.4925369091345575e-05,0.00047533938909552736,ok
motif_cnn33_hek293t_sequence_cnn_ig_361,cnn,cnn33,cnn_ig,all,sequence,GTGG,GTGG,GTGG,GTGG,GTGG,4,20,23,20.0,0.0,20:165,20,165,165,-0.02252307016131247,-,1.0452449472577903,1.054610058611586,0.11704755263572675,0.2713187085831687,ok
motif_cnn33_hek293t_all_cnn_ig_362,cnn,cnn33,cnn_ig,single,all,GTGG,GTGG,GTGG,GTGG,GTGG,4,20,23,20.0,0.0,20:165,20,165,165,-0.02252307016131247,-,1.0452449472577903,1.054610058611586,0.11704755263572675,0.2713187085831687,ok
motif_cnn33_hek293t_sequence_cnn_ig_363,cnn,cnn33,cnn_ig,single,sequence,GTGG,GTGG,GTGG,GTGG,GTGG,4,20,23,20.0,0.0,20:165,20,165,165,-0.02252307016131247,-,1.0452449472577903,1.054610058611586,0.11704755263572675,0.2713187085831687,ok
motif_cnn53_hek293t_sequence_cnn_ig_364,cnn,cnn53,cnn_ig,all,sequence,GTGG,GTGG,GTGG,GTGG,GTGG,4,20,23,20.0,0.0,20:165,20,165,165,-0.02252307016131247,-,1.0452449472577903,1.054610058611586,0.11704755263572675,0.2713187085831687,ok
motif_cnn73_hek293t_all_cnn_ig_365,cnn,cnn73,cnn_ig,all,all,GTGG,GTGG,GTGG,GTGG,GTGG,4,20,23,20.0,0.0,20:165,20,165,165,-0.02252307016131247,-,1.0452449472577903,1.054610058611586,0.11704755263572675,0.2713187085831687,ok
motif_cnn73_hek293t_sequence_cnn_ig_366,cnn,cnn73,cnn_ig,all,sequence,GTGG,GTGG,GTGG,GTGG,GTGG,4,20,23,20.0,0.0,20:165,20,165,165,-0.02252307016131247,-,1.0452449472577903,1.054610058611586,0.11704755263572675,0.2713187085831687,ok
motif_cnn73_hek293t_all_cnn_ig_367,cnn,cnn73,cnn_ig,single,all,GTGG,GTGG,GTGG,GTGG,GTGG,4,20,23,20.0,0.0,20:165,20,165,165,-0.02252307016131247,-,1.0452449472577903,1.054610058611586,0.11704755263572675,0.2713187085831687,ok
motif_cnn73_hek293t_sequence_cnn_ig_368,cnn,cnn73,cnn_ig,single,sequence,GTGG,GTGG,GTGG,GTGG,GTGG,4,20,23,20.0,0.0,20:165,20,165,165,-0.02252307016131247,-,1.0452449472577903,1.054610058611586,0.11704755263572675,0.2713187085831687,ok
motif_cnn33_hek293t_all_cnn_ig_369,cnn,cnn33,cnn_ig,all,all,ATGG,ATGG,ATGG,ATGG,ATGG,4,20,23,20.0,0.0,20:164,20,164,164,-0.0029890596564527694,-,1.0762208775730724,1.0928899936560723,0.0212906976785494,0.07199328699550725,ok
motif_cnn33_hek293t_sequence_cnn_ig_370,cnn,cnn33,cnn_ig,all,sequence,ATGG,ATGG,ATGG,ATGG,ATGG,4,20,23,20.0,0.0,20:164,20,164,164,-0.0029890596564527694,-,1.0762208775730724,1.0928899936560723,0.0212906976785494,0.07199328699550725,ok
motif_cnn33_hct116_all_cnn_ism_371,cnn,cnn33,cnn_ism,single,all,AGGG,AGGG,AGGG,AGGG,AGGG,4,20,23,20.0,0.0,20:164,20,164,164,0.0827095885801048,+,1.1051804244880377,1.12563469891311,0.00478956859095623,0.028563245415157156,ok
motif_cnn33_hct116_sequence_cnn_ism_372,cnn,cnn33,cnn_ism,single,sequence,GCAGG,GCAGG,GCAGG,GCAGG,GCAGG,5,19,23,19.0,0.0,19:164,19,164,164,-0.033439907443574945,-,0.7681081181528305,0.7519066532124729,0.9999973736526241,0.9999999999999979,ok
motif_cnn33_hek293t_all_cnn_ig_373,cnn,cnn33,cnn_ig,single,all,ATGG,ATGG,ATGG,ATGG,ATGG,4,20,23,20.0,0.0,20:164,20,164,164,-0.0029890596564527694,-,1.0762208775730724,1.0928899936560723,0.0212906976785494,0.07199328699550725,ok
motif_cnn33_hek293t_sequence_cnn_ig_374,cnn,cnn33,cnn_ig,single,sequence,ATGG,ATGG,ATGG,ATGG,ATGG,4,20,23,20.0,0.0,20:164,20,164,164,-0.0029890596564527694,-,1.0762208775730724,1.0928899936560723,0.0212906976785494,0.07199328699550725,ok
motif_cnn53_hek293t_all_cnn_ig_375,cnn,cnn53,cnn_ig,all,all,GTGG,GTGG,GTGG,GTGG,GTGG,4,20,23,20.0,0.0,20:164,20,164,164,-0.021644570041275096,-,1.0452449472577903,1.054610058611586,0.11704755263572675,0.2713187085831687,ok
motif_cnn53_hek293t_sequence_cnn_ig_376,cnn,cnn53,cnn_ig,all,sequence,ATGG,ATGG,ATGG,ATGG,ATGG,4,20,23,20.0,0.0,20:164,20,164,164,-0.0029890596564527694,-,1.0762208775730724,1.0928899936560723,0.0212906976785494,0.07199328699550725,ok
motif_cnn53_hek293t_all_cnn_ig_377,cnn,cnn53,cnn_ig,single,all,ATGG,ATGG,ATGG,ATGG,ATGG,4,20,23,20.0,0.0,20:164,20,164,164,-0.0029890596564527694,-,1.0762208775730724,1.0928899936560723,0.0212906976785494,0.07199328699550725,ok
motif_cnn53_hek293t_all_cnn_ig_378,cnn,cnn53,cnn_ig,single,all,GTGG,GTGG,GTGG,GTGG,GTGG,4,20,23,20.0,0.0,20:164,20,164,164,-0.022428447069872154,-,1.0452449472577903,1.054610058611586,0.11704755263572675,0.2713187085831687,ok
motif_cnn73_hek293t_all_cnn_ig_379,cnn,cnn73,cnn_ig,all,all,ATGG,ATGG,ATGG,ATGG,ATGG,4,20,23,20.0,0.0,20:164,20,164,164,-0.0029890596564527694,-,1.0762208775730724,1.0928899936560723,0.0212906976785494,0.07199328699550725,ok
motif_cnn73_hek293t_sequence_cnn_ig_380,cnn,cnn73,cnn_ig,all,sequence,ATGG,ATGG,ATGG,ATGG,ATGG,4,20,23,20.0,0.0,20:164,20,164,164,-0.0029890596564527694,-,1.0762208775730724,1.0928899936560723,0.0212906976785494,0.07199328699550725,ok
motif_cnn73_hek293t_all_cnn_ig_381,cnn,cnn73,cnn_ig,single,all,ATGG,ATGG,ATGG,ATGG,ATGG,4,20,23,20.0,0.0,20:164,20,164,164,-0.0029890596564527694,-,1.0762208775730724,1.0928899936560723,0.0212906976785494,0.07199328699550725,ok
motif_cnn73_hek293t_sequence_cnn_ig_382,cnn,cnn73,cnn_ig,single,sequence,ATGG,ATGG,ATGG,ATGG,ATGG,4,20,23,20.0,0.0,20:164,20,164,164,-0.0029890596564527694,-,1.0762208775730724,1.0928899936560723,0.0212906976785494,0.07199328699550725,ok
motif_cnn33_hct116_sequence_cnn_ism_383,cnn,cnn33,cnn_ism,single,sequence,CCAGG,CCAGG,CCAGG,CCAGG,CCAGG,5,1,23,18.447852760736197,3.1133987110137906,1:5;19:158,1;19,163,163,-0.005899782886627181,-,1.1741890237114552,1.1939800409099361,0.0008495720293184073,0.007430923349771669,ok
motif_cnn33_hek293t_all_cnn_ig_384,cnn,cnn33,cnn_ig,single,all,TGGG,TGGG,TGGG,TGGG,TGGG,4,20,23,20.0,0.0,20:162,20,162,162,0.004696383111533947,+,0.9174574155032342,0.910442510873774,0.9438909163688488,0.9999999999999979,ok
motif_cnn33_hek293t_sequence_cnn_ig_385,cnn,cnn33,cnn_ig,single,sequence,TGGG,TGGG,TGGG,TGGG,TGGG,4,20,23,20.0,0.0,20:162,20,162,162,0.004696383111533947,+,0.9174574155032342,0.910442510873774,0.9438909163688488,0.9999999999999979,ok
motif_cnn53_hek293t_all_cnn_ig_386,cnn,cnn53,cnn_ig,single,all,TGGG,TGGG,TGGG,TGGG,TGGG,4,20,23,20.0,0.0,20:162,20,162,162,0.004696383111533947,+,0.9174574155032342,0.910442510873774,0.9438909163688488,0.9999999999999979,ok
motif_cnn73_hek293t_all_cnn_ig_387,cnn,cnn73,cnn_ig,all,all,TGGG,TGGG,TGGG,TGGG,TGGG,4,20,23,20.0,0.0,20:162,20,162,162,0.004696383111533947,+,0.9174574155032342,0.910442510873774,0.9438909163688488,0.9999999999999979,ok
motif_cnn73_hek293t_sequence_cnn_ig_388,cnn,cnn73,cnn_ig,all,sequence,TGGG,TGGG,TGGG,TGGG,TGGG,4,20,23,20.0,0.0,20:162,20,162,162,0.004696383111533947,+,0.9174574155032342,0.910442510873774,0.9438909163688488,0.9999999999999979,ok
motif_cnn73_hek293t_all_cnn_ig_389,cnn,cnn73,cnn_ig,single,all,TGGG,TGGG,TGGG,TGGG,TGGG,4,20,23,20.0,0.0,20:162,20,162,162,0.004696383111533947,+,0.9174574155032342,0.910442510873774,0.9438909163688488,0.9999999999999979,ok
motif_cnn73_hek293t_sequence_cnn_ig_390,cnn,cnn73,cnn_ig,single,sequence,TGGG,TGGG,TGGG,TGGG,TGGG,4,20,23,20.0,0.0,20:162,20,162,162,0.004696383111533947,+,0.9174574155032342,0.910442510873774,0.9438909163688488,0.9999999999999979,ok
motif_cnn33_hek293t_sequence_cnn_ig_391,cnn,cnn33,cnn_ig,all,sequence,TGGG,TGGG,TGGG,TGGG,TGGG,4,20,23,20.0,0.0,20:160,20,160,160,0.005174666229428193,+,0.9174574155032342,0.910442510873774,0.9438909163688488,0.9999999999999979,ok
motif_cnn33_hl60_all_cnn_ig_392,cnn,cnn33,cnn_ig,single,all,GTGG,GTGG,GTGG,GTGG,GTGG,4,20,23,20.0,0.0,20:160,20,160,160,0.038710975132225295,+,1.0452449472577903,1.054610058611586,0.11704755263572675,0.2713187085831687,ok
motif_cnn53_hl60_sequence_cnn_ig_393,cnn,cnn53,cnn_ig,single,sequence,GCGG,GCGG,GCGG,GCGG,GCGG,4,2,23,19.8875,1.4230249470757708,2:1;20:159,2;20,160,160,0.05498469362788619,+,1.1007019155783477,1.1177909837742501,0.010096039251920312,0.04869854227396857,ok
motif_cnn33_hl60_sequence_cnn_ig_394,cnn,cnn33,cnn_ig,all,sequence,GCGG,GCGG,GCGG,GCGG,GCGG,4,20,23,20.0,0.0,20:159,20,159,159,0.05569779474559183,+,1.1007019155783477,1.1177909837742501,0.010096039251920312,0.04869854227396857,ok
motif_cnn53_hek293t_all_cnn_ig_395,cnn,cnn53,cnn_ig,all,all,ATGG,ATGG,ATGG,ATGG,ATGG,4,20,23,20.0,0.0,20:159,20,159,159,-0.0029053260972871087,-,1.0762208775730724,1.0928899936560723,0.0212906976785494,0.07199328699550725,ok
motif_cnn53_hek293t_sequence_cnn_ig_396,cnn,cnn53,cnn_ig,all,sequence,TGGG,TGGG,TGGG,TGGG,TGGG,4,20,23,20.0,0.0,20:159,20,159,159,0.004522706024781609,+,0.9174574155032342,0.910442510873774,0.9438909163688488,0.9999999999999979,ok
motif_cnn53_hl60_all_cnn_ig_397,cnn,cnn53,cnn_ig,all,all,GCGG,GCGG,GCGG,GCGG,GCGG,4,20,23,20.0,0.0,20:159,20,159,159,0.05569779474559183,+,1.1007019155783477,1.1177909837742501,0.010096039251920312,0.04869854227396857,ok
motif_cnn53_hl60_sequence_cnn_ig_398,cnn,cnn53,cnn_ig,all,sequence,GCGG,GCGG,GCGG,GCGG,GCGG,4,20,23,20.0,0.0,20:159,20,159,159,0.05569779474559183,+,1.1007019155783477,1.1177909837742501,0.010096039251920312,0.04869854227396857,ok
motif_cnn53_hl60_all_cnn_ig_399,cnn,cnn53,cnn_ig,single,all,GCGG,GCGG,GCGG,GCGG,GCGG,4,20,23,20.0,0.0,20:159,20,159,159,0.05569779474559183,+,1.1007019155783477,1.1177909837742501,0.010096039251920312,0.04869854227396857,ok
motif_cnn73_hl60_all_cnn_ig_400,cnn,cnn73,cnn_ig,all,all,GCGG,GCGG,GCGG,GCGG,GCGG,4,20,23,20.0,0.0,20:159,20,159,159,0.05569779474559183,+,1.1007019155783477,1.1177909837742501,0.010096039251920312,0.04869854227396857,ok
motif_cnn73_hl60_sequence_cnn_ig_401,cnn,cnn73,cnn_ig,all,sequence,GCGG,GCGG,GCGG,GCGG,GCGG,4,20,23,20.0,0.0,20:159,20,159,159,0.05569779474559183,+,1.1007019155783477,1.1177909837742501,0.010096039251920312,0.04869854227396857,ok
motif_cnn73_hl60_all_cnn_ig_402,cnn,cnn73,cnn_ig,single,all,GCGG,GCGG,GCGG,GCGG,GCGG,4,20,23,20.0,0.0,20:159,20,159,159,0.05569779474559183,+,1.1007019155783477,1.1177909837742501,0.010096039251920312,0.04869854227396857,ok
motif_cnn73_hl60_sequence_cnn_ig_403,cnn,cnn73,cnn_ig,single,sequence,GCGG,GCGG,GCGG,GCGG,GCGG,4,20,23,20.0,0.0,20:159,20,159,159,0.05569779474559183,+,1.1007019155783477,1.1177909837742501,0.010096039251920312,0.04869854227396857,ok
motif_cnn33_hek293t_all_cnn_ig_404,cnn,cnn33,cnn_ig,all,all,GTGG,GTGG,GTGG,GTGG,GTGG,4,20,23,20.0,0.0,20:158,20,158,158,-0.02311913467075169,-,1.0452449472577903,1.054610058611586,0.11704755263572675,0.2713187085831687,ok
motif_cnn33_hl60_sequence_cnn_ig_405,cnn,cnn33,cnn_ig,single,sequence,GAGG,GAGG,GAGG,GAGG,GAGG,4,20,23,20.0,0.0,20:158,20,158,158,0.03899227380025794,+,1.125826317075742,1.1660859314218486,4.4925369091345575e-05,0.00047533938909552736,ok
motif_cnn73_hct116_sequence_cnn_ism_406,cnn,cnn73,cnn_ism,single,sequence,CCTGG,CCTGG,CCTGG,CCTGG,CCTGG,5,19,23,19.0,0.0,19:158,19,158,158,-0.06212805774440852,-,0.8651811344926573,0.8549477056199708,0.9945144290588849,0.9999999999999979,ok
motif_cnn53_hl60_all_cnn_ism_407,cnn,cnn53,cnn_ism,all,all,CTGG,CTGG,CTGG,CTGG,CTGG,4,20,23,20.0,0.0,20:157,20,157,157,-0.03923496928655354,-,0.8179779821504929,0.7679387189409419,0.9999999999959698,0.9999999999999979,ok
motif_cnn33_hct116_sequence_cnn_ism_408,cnn,cnn33,cnn_ism,single,sequence,ACAGG,ACAGG,ACAGG,ACAGG,ACAGG,5,19,23,19.0,0.0,19:153,19,153,153,-0.0002479367245394881,-,0.7151344352197425,0.697165991902834,0.999999988536171,0.9999999999999979,ok
motif_cnn53_hek293t_all_cnn_ig_409,cnn,cnn53,cnn_ig,all,all,TGGG,TGGG,TGGG,TGGG,TGGG,4,20,23,20.0,0.0,20:153,20,153,153,0.004952245401249611,+,0.9174574155032342,0.910442510873774,0.9438909163688488,0.9999999999999979,ok
motif_cnn53_hek293t_sequence_cnn_ig_410,cnn,cnn53,cnn_ig,single,sequence,TGGG,TGGG,TGGG,TGGG,TGGG,4,20,23,20.0,0.0,20:153,20,153,153,0.0020389995500923463,+,0.9174574155032342,0.910442510873774,0.9438909163688488,0.9999999999999979,ok
motif_cnn33_hct116_all_cnn_ig_411,cnn,cnn33,cnn_ig,all,all,CATGG,CATGG,CATGG,CATGG,CATGG,5,19,23,19.0,0.0,19:152,19,152,152,0.025310558828083862,+,1.0841233883699515,1.0902628282044042,0.1016297763588859,0.2713187085831687,ok
motif_cnn33_hct116_all_cnn_ig_412,cnn,cnn33,cnn_ig,all,all,CCGG,CCGG,CCGG,CCGG,CCGG,4,20,23,20.0,0.0,20:151,20,151,151,-0.02394565779680477,-,1.0848140007972478,1.0973933935203959,0.03251808805644323,0.10109888988164341,ok
motif_cnn33_hct116_all_cnn_ism_413,cnn,cnn33,cnn_ism,all,all,ACAG,ACAG,ACAG,ACAG,ACAG,4,19,22,19.0,0.0,19:151,19,151,151,-0.0006020114366817597,-,0.951702949409941,0.9430125729643871,0.9059355987057428,0.9999999999999979,ok
motif_cnn53_hela_all_cnn_ism_414,cnn,cnn53,cnn_ism,single,all,AGCTG,AGCTG,AGCTG,AGCTG,AGCTG,5,18,22,18.0,0.0,18:151,18,151,151,-0.08279292997564505,-,0.5719755307425749,0.55465475888292,0.999999999999998,0.9999999999999979,ok
motif_cnn53_hl60_all_cnn_ig_415,cnn,cnn53,cnn_ig,single,all,AAGG,AAGG,AAGG,AAGG,AAGG,4,20,23,20.0,0.0,20:151,20,151,151,0.00190875741728197,+,0.9748667808616571,0.9682213093786003,0.7942816146159972,0.9999999999999979,ok
motif_cnn33_hl60_sequence_cnn_ig_416,cnn,cnn33,cnn_ig,single,sequence,AAGG,AAGG,AAGG,AAGG,AAGG,4,20,23,20.0,0.0,20:147,20,147,147,0.008511987338126026,+,0.9748667808616571,0.9682213093786003,0.7942816146159972,0.9999999999999979,ok
motif_cnn53_hl60_all_cnn_ism_417,cnn,cnn53,cnn_ism,all,all,GTGG,GTGG,GTGG,GTGG,GTGG,4,1,23,18.54861111111111,5.064382497942873,1:11;20:133,1;20,144,144,0.033755999538498616,+,1.0452449472577903,1.054610058611586,0.11704755263572675,0.2713187085831687,ok
motif_cnn33_hl60_all_cnn_ig_418,cnn,cnn33,cnn_ig,single,all,GAGG,GAGG,GAGG,GAGG,GAGG,4,20,23,20.0,0.0,20:143,20,143,143,0.03686110156598921,+,1.125826317075742,1.1660859314218486,4.4925369091345575e-05,0.00047533938909552736,ok
motif_cnn33_hek293t_sequence_cnn_ism_419,cnn,cnn33,cnn_ism,all,sequence,GAGG,GAGG,GAGG,GAGG,GAGG,4,20,23,20.0,0.0,20:142,20,142,142,-0.03526376450309038,-,1.125826317075742,1.1660859314218486,4.4925369091345575e-05,0.00047533938909552736,ok
motif_cnn33_hela_all_cnn_ism_420,cnn,cnn33,cnn_ism,all,all,CAAG,CAAG,CAAG,CAAG,CAAG,4,16,20,16.56737588652482,0.4972059725392212,16:61;17:80,16;17,141,141,-0.002597704676623902,-,1.0457571580355016,1.0536583728511355,0.13645073815157724,0.3118874014893194,ok
motif_cnn33_hl60_all_cnn_ig_421,cnn,cnn33,cnn_ig,all,all,TTGG,TTGG,TTGG,TTGG,TTGG,4,20,23,20.0,0.0,20:141,20,141,141,-0.06443191338219667,-,0.8575293885479466,0.8441674831604765,0.9986608964088999,0.9999999999999979,ok
motif_cnn33_hl60_sequence_cnn_ig_422,cnn,cnn33,cnn_ig,all,sequence,TTGG,TTGG,TTGG,TTGG,TTGG,4,20,23,20.0,0.0,20:141,20,141,141,-0.06443191338219667,-,0.8575293885479466,0.8441674831604765,0.9986608964088999,0.9999999999999979,ok
motif_cnn33_hl60_all_cnn_ig_423,cnn,cnn33,cnn_ig,single,all,TTGG,TTGG,TTGG,TTGG,TTGG,4,20,23,20.0,0.0,20:141,20,141,141,-0.06443191338219667,-,0.8575293885479466,0.8441674831604765,0.9986608964088999,0.9999999999999979,ok
motif_cnn53_hl60_all_cnn_ig_424,cnn,cnn53,cnn_ig,all,all,TTGG,TTGG,TTGG,TTGG,TTGG,4,20,23,20.0,0.0,20:141,20,141,141,-0.06443191338219667,-,0.8575293885479466,0.8441674831604765,0.9986608964088999,0.9999999999999979,ok
motif_cnn53_hl60_sequence_cnn_ig_425,cnn,cnn53,cnn_ig,all,sequence,TTGG,TTGG,TTGG,TTGG,TTGG,4,20,23,20.0,0.0,20:141,20,141,141,-0.06443191338219667,-,0.8575293885479466,0.8441674831604765,0.9986608964088999,0.9999999999999979,ok
motif_cnn73_hl60_all_cnn_ig_426,cnn,cnn73,cnn_ig,all,all,TTGG,TTGG,TTGG,TTGG,TTGG,4,20,23,20.0,0.0,20:141,20,141,141,-0.06443191338219667,-,0.8575293885479466,0.8441674831604765,0.9986608964088999,0.9999999999999979,ok
motif_cnn73_hl60_sequence_cnn_ig_427,cnn,cnn73,cnn_ig,all,sequence,TTGG,TTGG,TTGG,TTGG,TTGG,4,20,23,20.0,0.0,20:141,20,141,141,-0.06443191338219667,-,0.8575293885479466,0.8441674831604765,0.9986608964088999,0.9999999999999979,ok
motif_cnn73_hl60_all_cnn_ig_428,cnn,cnn73,cnn_ig,single,all,TTGG,TTGG,TTGG,TTGG,TTGG,4,20,23,20.0,0.0,20:141,20,141,141,-0.06443191338219667,-,0.8575293885479466,0.8441674831604765,0.9986608964088999,0.9999999999999979,ok
motif_cnn73_hl60_sequence_cnn_ig_429,cnn,cnn73,cnn_ig,single,sequence,TTGG,TTGG,TTGG,TTGG,TTGG,4,20,23,20.0,0.0,20:141,20,141,141,-0.06443191338219667,-,0.8575293885479466,0.8441674831604765,0.9986608964088999,0.9999999999999979,ok
motif_cnn53_hl60_sequence_cnn_ig_430,cnn,cnn53,cnn_ig,single,sequence,TTGG,TTGG,TTGG,TTGG,TTGG,4,20,23,20.0,0.0,20:140,20,140,140,-0.06464480790443658,-,0.8575293885479466,0.8441674831604765,0.9986608964088999,0.9999999999999979,ok
motif_cnn33_hl60_all_cnn_ig_431,cnn,cnn33,cnn_ig,all,all,ATGG,ATGG,ATGG,ATGG,ATGG,4,20,23,20.0,0.0,20:139,20,139,139,0.007986760235546092,+,1.0762208775730724,1.0928899936560723,0.0212906976785494,0.07199328699550725,ok
motif_cnn33_hl60_sequence_cnn_ig_432,cnn,cnn33,cnn_ig,all,sequence,ATGG,ATGG,ATGG,ATGG,ATGG,4,20,23,20.0,0.0,20:139,20,139,139,0.007986760235546092,+,1.0762208775730724,1.0928899936560723,0.0212906976785494,0.07199328699550725,ok
motif_cnn33_hct116_all_cnn_ism_433,cnn,cnn33,cnn_ism,single,all,CATGG,CATGG,CATGG,CATGG,CATGG,5,19,23,19.0,0.0,19:139,19,139,139,0.04883726859773124,+,1.0841233883699515,1.0902628282044042,0.1016297763588859,0.2713187085831687,ok
motif_cnn33_hl60_all_cnn_ig_434,cnn,cnn33,cnn_ig,single,all,ATGG,ATGG,ATGG,ATGG,ATGG,4,20,23,20.0,0.0,20:139,20,139,139,0.007986760235546092,+,1.0762208775730724,1.0928899936560723,0.0212906976785494,0.07199328699550725,ok
motif_cnn53_hl60_all_cnn_ig_435,cnn,cnn53,cnn_ig,all,all,ATGG,ATGG,ATGG,ATGG,ATGG,4,20,23,20.0,0.0,20:139,20,139,139,0.007986760235546092,+,1.0762208775730724,1.0928899936560723,0.0212906976785494,0.07199328699550725,ok
motif_cnn53_hl60_sequence_cnn_ig_436,cnn,cnn53,cnn_ig,all,sequence,ATGG,ATGG,ATGG,ATGG,ATGG,4,20,23,20.0,0.0,20:139,20,139,139,0.007986760235546092,+,1.0762208775730724,1.0928899936560723,0.0212906976785494,0.07199328699550725,ok
motif_cnn73_hl60_all_cnn_ig_437,cnn,cnn73,cnn_ig,all,all,ATGG,ATGG,ATGG,ATGG,ATGG,4,20,23,20.0,0.0,20:139,20,139,139,0.007986760235546092,+,1.0762208775730724,1.0928899936560723,0.0212906976785494,0.07199328699550725,ok
motif_cnn73_hl60_sequence_cnn_ig_438,cnn,cnn73,cnn_ig,all,sequence,ATGG,ATGG,ATGG,ATGG,ATGG,4,20,23,20.0,0.0,20:139,20,139,139,0.007986760235546092,+,1.0762208775730724,1.0928899936560723,0.0212906976785494,0.07199328699550725,ok
motif_cnn73_hl60_all_cnn_ig_439,cnn,cnn73,cnn_ig,single,all,ATGG,ATGG,ATGG,ATGG,ATGG,4,20,23,20.0,0.0,20:139,20,139,139,0.007986760235546092,+,1.0762208775730724,1.0928899936560723,0.0212906976785494,0.07199328699550725,ok
motif_cnn73_hl60_sequence_cnn_ig_440,cnn,cnn73,cnn_ig,single,sequence,ATGG,ATGG,ATGG,ATGG,ATGG,4,20,23,20.0,0.0,20:139,20,139,139,0.007986760235546092,+,1.0762208775730724,1.0928899936560723,0.0212906976785494,0.07199328699550725,ok
motif_cnn53_hl60_all_cnn_ig_441,cnn,cnn53,cnn_ig,single,all,TTGG,TTGG,TTGG,TTGG,TTGG,4,20,23,20.0,0.0,20:137,20,137,137,-0.0674046408892087,-,0.8575293885479466,0.8441674831604765,0.9986608964088999,0.9999999999999979,ok
motif_cnn53_hl60_sequence_cnn_ig_442,cnn,cnn53,cnn_ig,single,sequence,AAGG,AAGG,AAGG,AAGG,AAGG,4,2,23,19.474452554744527,3.04157537540606,2:4;20:133,2;20,137,136,0.0020879520909222737,+,0.9748667808616571,0.9682213093786003,0.7942816146159972,0.9999999999999979,ok
motif_cnn53_hela_sequence_cnn_ism_443,cnn,cnn53,cnn_ism,all,sequence,CCCA,CCCA,CCCA,CCCA,CCCA,4,15,19,15.595588235294118,0.492592183071889,15:55;16:81,15;16,136,136,0.0486653483546714,+,1.1995444662503885,1.2244773726968146,0.00010252338341866868,0.0010346975311176408,ok
motif_cnn53_hela_all_cnn_ism_444,cnn,cnn53,cnn_ism,single,all,GCAG,GCAG,GCAG,GCAG,GCAG,4,16,19,16.0,0.0,16:136,16,136,136,-0.040365643942653184,-,0.8613633743608781,0.8362778751264546,0.9999739874349008,0.9999999999999979,ok
motif_cnn53_hl60_sequence_cnn_ig_445,cnn,cnn53,cnn_ig,single,sequence,ATGG,ATGG,ATGG,ATGG,ATGG,4,2,23,19.86764705882353,1.5434872662825796,2:1;20:135,2;20,136,136,0.0026615764970434053,+,1.0762208775730724,1.0928899936560723,0.0212906976785494,0.07199328699550725,ok
motif_cnn53_hela_sequence_cnn_ism_446,cnn,cnn53,cnn_ism,all,sequence,ACCA,ACCA,ACCA,ACCA,ACCA,4,15,19,15.511111111111111,0.5017382719429904,15:66;16:69,15;16,135,135,-0.0073449606920046595,-,1.1555228848030974,1.180010575207605,0.00042174505273887924,0.0038425660360653447,ok
motif_cnn33_hct116_all_cnn_ism_447,cnn,cnn33,cnn_ism,single,all,AGCT,AGCT,AGCT,AGCT,AGCT,4,18,21,18.0,0.0,18:134,18,134,134,-0.08776585349232471,-,0.8345994718710464,0.8173158602403885,0.999910977800589,0.9999999999999979,ok
motif_cnn33_hct116_sequence_cnn_ism_448,cnn,cnn33,cnn_ism,single,sequence,ACTGG,ACTGG,ACTGG,ACTGG,ACTGG,5,19,23,19.0,0.0,19:134,19,134,134,-0.012507607391603531,-,0.8085229244767933,0.798153075230304,0.9993095637430763,0.9999999999999979,ok
motif_cnn33_hct116_sequence_cnn_ism_449,cnn,cnn33,cnn_ism,single,sequence,AAAG,AAAG,AAAG,AAAG,AAAG,4,19,22,19.0,0.0,19:133,19,133,133,-0.05673157380494909,-,0.805268356399856,0.7856051531922732,0.9999956869764973,0.9999999999999979,ok
motif_cnn73_hl60_all_cnn_ism_450,cnn,cnn73,cnn_ism,single,all,GCGG,GCGG,GCGG,GCGG,GCGG,4,20,23,20.0,0.0,20:133,20,133,133,0.05874643024465345,+,1.1007019155783477,1.1177909837742501,0.010096039251920312,0.04869854227396857,ok
motif_cnn73_hl60_sequence_cnn_ism_451,cnn,cnn73,cnn_ism,single,sequence,GCGG,GCGG,GCGG,GCGG,GCGG,4,20,23,20.0,0.0,20:132,20,132,132,0.0559435145976214,+,1.1007019155783477,1.1177909837742501,0.010096039251920312,0.04869854227396857,ok
motif_cnn53_hl60_all_cnn_ig_452,cnn,cnn53,cnn_ig,single,all,ATGG,ATGG,ATGG,ATGG,ATGG,4,20,23,20.0,0.0,20:130,20,130,130,0.010285085340991373,+,1.0762208775730724,1.0928899936560723,0.0212906976785494,0.07199328699550725,ok
motif_cnn73_hela_all_cnn_ism_453,cnn,cnn73,cnn_ism,all,all,CAAA,CAAA,CAAA,CAAA,CAAA,4,16,21,17.565891472868216,0.8276940977075075,16:28;18:101,16;18,129,129,-0.01358578795221671,-,0.7586091985699169,0.7414438383442165,0.9999992997263454,0.9999999999999979,ok
motif_cnn53_hela_all_cnn_ism_454,cnn,cnn53,cnn_ism,single,all,GCCA,GCCA,GCCA,GCCA,GCCA,4,16,19,16.0,0.0,16:128,16,128,128,0.032967286133123386,+,0.9091211327101341,0.896030964739574,0.9886612864090131,0.9999999999999979,ok
motif_cnn73_hela_all_cnn_ism_455,cnn,cnn73,cnn_ism,single,all,GCCA,GCCA,GCCA,GCCA,GCCA,4,16,19,16.0,0.0,16:128,16,128,128,0.032967286133123386,+,0.9091211327101341,0.896030964739574,0.9886612864090131,0.9999999999999979,ok
motif_cnn53_hek293t_sequence_cnn_ig_456,cnn,cnn53,cnn_ig,single,sequence,AGGG,AGGG,AGGG,AGGG,AGGG,4,20,23,20.0,0.0,20:127,20,127,127,-0.03031035509974872,-,1.1051804244880377,1.12563469891311,0.00478956859095623,0.028563245415157156,ok
motif_cnn33_hek293t_sequence_cnn_ism_457,cnn,cnn33,cnn_ism,all,sequence,TGGG,TGGG,TGGG,TGGG,TGGG,4,20,23,20.0,0.0,20:126,20,126,126,-0.002359738808796169,-,0.9174574155032342,0.910442510873774,0.9438909163688488,0.9999999999999979,ok
motif_cnn33_hl60_sequence_cnn_ig_458,cnn,cnn33,cnn_ig,single,sequence,GCGG,GCGG,GCGG,GCGG,GCGG,4,20,23,20.0,0.0,20:126,20,126,126,0.06125767517213876,+,1.1007019155783477,1.1177909837742501,0.010096039251920312,0.04869854227396857,ok
motif_cnn73_hl60_all_cnn_ism_459,cnn,cnn73,cnn_ism,single,all,GTGG,GTGG,GTGG,GTGG,GTGG,4,20,23,20.0,0.0,20:126,20,126,126,0.045525508777000234,+,1.0452449472577903,1.054610058611586,0.11704755263572675,0.2713187085831687,ok
motif_cnn33_hl60_all_cnn_ig_460,cnn,cnn33,cnn_ig,all,all,CCGG,CCGG,CCGG,CCGG,CCGG,4,20,23,20.0,0.0,20:125,20,125,125,-0.01272639239491638,-,1.0848140007972478,1.0973933935203959,0.03251808805644323,0.10109888988164341,ok
motif_cnn33_hl60_all_cnn_ig_461,cnn,cnn33,cnn_ig,single,all,CCGG,CCGG,CCGG,CCGG,CCGG,4,20,23,20.0,0.0,20:125,20,125,125,-0.01272639239491638,-,1.0848140007972478,1.0973933935203959,0.03251808805644323,0.10109888988164341,ok
motif_cnn33_hl60_sequence_cnn_ig_462,cnn,cnn33,cnn_ig,single,sequence,CCGG,CCGG,CCGG,CCGG,CCGG,4,20,23,20.0,0.0,20:125,20,125,125,-0.01272639239491638,-,1.0848140007972478,1.0973933935203959,0.03251808805644323,0.10109888988164341,ok
motif_cnn73_hl60_sequence_cnn_ism_463,cnn,cnn73,cnn_ism,single,sequence,CAGG,CAGG,CAGG,CAGG,CAGG,4,20,23,20.0,0.0,20:122,20,122,122,-0.0032694606635671475,-,0.9045852149323084,0.8720395604429404,0.9998916736934959,0.9999999999999979,ok
motif_cnn53_hela_all_cnn_ism_464,cnn,cnn53,cnn_ism,single,all,CCAG,CCAG,CCAG,CCAG,CCAG,4,16,19,16.0,0.0,16:119,16,119,119,0.017675516316467188,+,1.1243287301744274,1.1570228970537435,0.00021954463188181907,0.002117959978154019,ok
motif_cnn53_hela_all_cnn_ism_465,cnn,cnn53,cnn_ism,single,all,TGAA,TGAA,TGAA,TGAA,TGAA,4,16,19,16.0,0.0,16:115,16,115,115,-0.07442244894217306,-,1.0178545063785869,1.0197123449692087,0.37439446295129714,0.8000090152965829,ok
motif_cnn53_hela_sequence_cnn_ism_466,cnn,cnn53,cnn_ism,single,sequence,TGAA,TGAA,TGAA,TGAA,TGAA,4,16,19,16.0,0.0,16:115,16,115,115,-0.07442244894217306,-,1.0178545063785869,1.0197123449692087,0.37439446295129714,0.8000090152965829,ok
motif_cnn33_hct116_all_cnn_ism_467,cnn,cnn33,cnn_ism,all,all,AGCAGG,AGCAGG,AGCAGG,AGCAGG,AGCAGG,6,18,23,18.0,0.0,18:114,18,114,114,-0.06952796800170388,-,0.5653914649538423,0.5555834292017833,0.9999999989592975,0.9999999999999979,ok
motif_cnn73_hl60_sequence_cnn_ism_468,cnn,cnn73,cnn_ism,single,sequence,TTGG,TTGG,TTGG,TTGG,TTGG,4,20,23,20.0,0.0,20:114,20,114,114,-0.06054729718112406,-,0.8575293885479466,0.8441674831604765,0.9986608964088999,0.9999999999999979,ok
motif_cnn73_hl60_sequence_cnn_ism_469,cnn,cnn73,cnn_ism,single,sequence,ATGG,ATGG,ATGG,ATGG,ATGG,4,20,23,20.0,0.0,20:113,20,113,113,0.008988210485080611,+,1.0762208775730724,1.0928899936560723,0.0212906976785494,0.07199328699550725,ok
motif_cnn53_hela_all_cnn_ism_470,cnn,cnn53,cnn_ism,single,all,CACA,CACA,CACA,CACA,CACA,4,16,19,16.0,0.0,16:112,16,112,112,0.057548895725725135,+,1.0310083975313116,1.0350755927057684,0.25972366387177986,0.5623060181514442,ok
motif_cnn73_hela_all_cnn_ism_471,cnn,cnn73,cnn_ism,all,all,GAAA,GAAA,GAAA,GAAA,GAAA,4,16,21,17.47747747747748,0.8826287889218091,16:29;18:82,16;18,111,111,-0.0783788684882687,-,0.8216051616015435,0.8092889834332495,0.9995571581539096,0.9999999999999979,ok
motif_cnn53_hela_all_cnn_ism_472,cnn,cnn53,cnn_ism,single,all,GGAA,GGAA,GGAA,GGAA,GGAA,4,16,19,16.0,0.0,16:110,16,110,110,-0.07261329585151924,-,0.9461711054572616,0.9398856304985337,0.8832068135181675,0.9999999999999979,ok
motif_cnn53_hela_sequence_cnn_ism_473,cnn,cnn53,cnn_ism,single,sequence,GGAA,GGAA,GGAA,GGAA,GGAA,4,16,19,16.0,0.0,16:110,16,110,110,-0.07261329585151924,-,0.9461711054572616,0.9398856304985337,0.8832068135181675,0.9999999999999979,ok
motif_cnn73_hela_all_cnn_ism_474,cnn,cnn73,cnn_ism,single,all,CACA,CACA,CACA,CACA,CACA,4,16,19,16.0,0.0,16:109,16,109,109,0.06023447459753378,+,1.0310083975313116,1.0350755927057684,0.25972366387177986,0.5623060181514442,ok
motif_cnn33_hela_sequence_cnn_ism_475,cnn,cnn33,cnn_ism,all,sequence,GAGGAAATGG,GTTGCCATGG,KNNVVCATGG,(G/T)(A/C/G/T)(A/C/G/T)(A/C/G)(A/C/G)CATGG,[GT][ACGT][ACGT][ACG][ACG]CATGG,10,14,23,14.0,0.0,14:106,14,106,106,0.02464212166853258,+,1.322728849849351,1.332286288315741,0.0034599716747135945,0.02734628215195323,exploratory
motif_cnn53_hl60_all_cnn_ism_476,cnn,cnn53,cnn_ism,all,all,ATGG,ATGG,ATGG,ATGG,ATGG,4,20,23,20.0,0.0,20:106,20,106,106,-0.0006408400404654402,-,1.0762208775730724,1.0928899936560723,0.0212906976785494,0.07199328699550725,ok
motif_cnn73_hl60_all_cnn_ism_477,cnn,cnn73,cnn_ism,single,all,ATGG,ATGG,ATGG,ATGG,ATGG,4,20,23,20.0,0.0,20:106,20,106,106,0.010558336794427636,+,1.0762208775730724,1.0928899936560723,0.0212906976785494,0.07199328699550725,ok
motif_cnn73_hl60_all_cnn_ism_478,cnn,cnn73,cnn_ism,single,all,CAGG,CAGG,CAGG,CAGG,CAGG,4,20,23,20.0,0.0,20:106,20,106,106,-0.006671784941892495,-,0.9045852149323084,0.8720395604429404,0.9998916736934959,0.9999999999999979,ok
motif_cnn73_hela_all_cnn_ism_479,cnn,cnn73,cnn_ism,single,all,TCCA,TCCA,TCCA,TCCA,TCCA,4,16,19,16.0,0.0,16:104,16,104,104,0.07039487036378472,+,1.0556416288386234,1.0637089735335359,0.11231816748811477,0.2713187085831687,ok
motif_cnn53_hl60_all_cnn_ism_480,cnn,cnn53,cnn_ism,all,all,TTGG,TTGG,TTGG,TTGG,TTGG,4,20,23,20.0,0.0,20:103,20,103,103,-0.07511596720900768,-,0.8575293885479466,0.8441674831604765,0.9986608964088999,0.9999999999999979,ok
motif_cnn73_hela_all_cnn_ism_481,cnn,cnn73,cnn_ism,all,all,CAAAG,CAAAG,CAAAG,CAAAG,CAAAG,5,16,22,17.300970873786408,0.9582966041347989,16:36;18:67,16;18,103,103,-0.013168480401867133,-,0.8051352585921142,0.7973260036683362,0.9975570420271773,0.9999999999999979,ok
motif_cnn33_hela_all_cnn_ism_482,cnn,cnn33,cnn_ism,all,all,CAAC,CAAC,CAAC,CAAC,CAAC,4,16,20,16.627450980392158,0.4858710383323114,16:38;17:64,16;17,102,102,-0.07573807544907749,-,0.8338723370670821,0.8208090301086497,0.9994609906563127,0.9999999999999979,ok
motif_cnn33_hela_all_cnn_ism_483,cnn,cnn33,cnn_ism,all,all,GAAGA,GAAGA,GAAGA,GAAGA,GAAGA,5,15,21,16.205882352941178,0.7221836426733188,15:18;16:45;17:39,15;16;17,102,102,-0.04681875944197278,-,0.9245540758876357,0.920740199830264,0.8701795774904872,0.9999999999999979,ok
motif_cnn53_hct116_all_cnn_ism_484,cnn,cnn53,cnn_ism,all,all,GCCA,GCCA,GCCA,GCCA,GCCA,4,15,19,15.656862745098039,0.47710135584259805,15:35;16:67,15;16,102,102,-0.0037641060496902967,-,0.9091211327101341,0.896030964739574,0.9886612864090131,0.9999999999999979,ok
motif_cnn73_hela_all_cnn_ism_485,cnn,cnn73,cnn_ism,all,all,GAAAG,GAAAG,GAAAG,GAAAG,GAAAG,5,16,22,17.445544554455445,0.8997249304621106,16:28;18:73,16;18,101,101,-0.05613808235342849,-,0.7652023109113302,0.757888150478984,0.999028317858858,0.9999999999999979,ok
motif_cnn33_hek293t_all_cnn_ig_486,cnn,cnn33,cnn_ig,all,all,TGGG,TGGG,TGGG,TGGG,TGGG,4,20,23,20.0,0.0,20:100,20,100,100,-0.0026643775062187847,-,0.9174574155032342,0.910442510873774,0.9438909163688488,0.9999999999999979,ok
motif_cnn53_hct116_all_cnn_ism_487,cnn,cnn53,cnn_ism,all,all,TCCA,TCCA,TCCA,TCCA,TCCA,4,15,19,15.464646464646465,0.5012867384496991,15:53;16:46,15;16,99,99,-0.01071461058685444,-,1.0556416288386234,1.0637089735335359,0.11231816748811477,0.2713187085831687,ok
motif_cnn73_hela_sequence_cnn_ism_488,cnn,cnn73,cnn_ism,all,sequence,GAGG,GAGG,GAGG,GAGG,GAGG,4,1,5,1.5353535353535352,0.501286738449699,1:46;2:53,1;2,99,99,0.011136797061483628,+,1.125826317075742,1.1660859314218486,4.4925369091345575e-05,0.00047533938909552736,ok
motif_cnn53_hela_all_cnn_ism_489,cnn,cnn53,cnn_ism,all,all,CACA,CACA,CACA,CACA,CACA,4,16,19,16.0,0.0,16:97,16,97,97,0.06516423515738645,+,1.0310083975313116,1.0350755927057684,0.25972366387177986,0.5623060181514442,ok
motif_cnn73_hela_all_cnn_ism_490,cnn,cnn73,cnn_ism,all,all,GGAA,GGAA,GGAA,GGAA,GGAA,4,1,19,9.350515463917526,7.490328816093181,1:43;16:54,1;16,97,97,-0.0019252256529680989,-,0.9461711054572616,0.9398856304985337,0.8832068135181675,0.9999999999999979,ok
motif_cnn73_hl60_sequence_cnn_ism_491,cnn,cnn73,cnn_ism,single,sequence,AAGG,AAGG,AAGG,AAGG,AAGG,4,20,23,20.0,0.0,20:97,20,97,97,-0.0012728226439916168,-,0.9748667808616571,0.9682213093786003,0.7942816146159972,0.9999999999999979,ok
motif_cnn53_hela_all_cnn_ism_492,cnn,cnn53,cnn_ism,all,all,GCCA,GCCA,GCCA,GCCA,GCCA,4,16,19,16.0,0.0,16:95,16,95,95,0.03301442909990604,+,0.9091211327101341,0.896030964739574,0.9886612864090131,0.9999999999999979,ok
motif_cnn53_hela_sequence_cnn_ism_493,cnn,cnn53,cnn_ism,single,sequence,AGAA,AGAA,AGAA,AGAA,AGAA,4,16,19,16.0,0.0,16:95,16,95,95,-0.0727684545806137,-,0.8634118479190528,0.8460319525482307,0.9995737854940694,0.9999999999999979,ok
motif_cnn53_hela_sequence_cnn_ism_494,cnn,cnn53,cnn_ism,single,sequence,CCAA,CCAA,CCAA,CCAA,CCAA,4,16,19,16.0,0.0,16:95,16,95,95,-0.070626017513013,-,1.0057805634867862,1.0064909516463447,0.4606609319979865,0.9676941438427678,ok
motif_cnn33_hela_all_cnn_ism_495,cnn,cnn33,cnn_ism,all,all,AAAG,AAAG,AAAG,AAAG,AAAG,4,16,20,16.648936170212767,0.4798621398915569,16:33;17:61,16;17,94,94,-0.038482396704889954,-,0.805268356399856,0.7856051531922732,0.9999956869764973,0.9999999999999979,ok
motif_cnn53_hela_sequence_cnn_ism_496,cnn,cnn53,cnn_ism,all,sequence,GCCG,GCCG,GCCG,GCCG,GCCG,4,15,19,15.77659574468085,0.418760467862074,15:21;16:73,15;16,94,94,0.06855662903557697,+,1.041312047756874,1.0455379860418743,0.22540118698356648,0.5029359818408831,ok
motif_cnn53_hct116_all_cnn_ism_497,cnn,cnn53,cnn_ism,single,all,CACA,CACA,CACA,CACA,CACA,4,18,21,18.0,0.0,18:94,18,94,94,0.04784038735120527,+,1.0310083975313116,1.0350755927057684,0.25972366387177986,0.5623060181514442,ok
motif_cnn53_hct116_all_cnn_ism_498,cnn,cnn53,cnn_ism,single,all,CACAG,CACAG,CACAG,CACAG,CACAG,5,18,22,18.0,0.0,18:94,18,94,94,0.04784038735120527,+,1.1417895260492041,1.1514028394823257,0.022523655814206112,0.07577188827753441,ok
motif_cnn53_hela_all_cnn_ism_499,cnn,cnn53,cnn_ism,all,all,CACC,CACC,CACC,CACC,CACC,4,16,19,16.0,0.0,16:92,16,92,92,0.08861819457665265,+,1.1134050229958559,1.1294184490340815,0.00899410701786072,0.04869854227396857,ok
motif_cnn53_hela_sequence_cnn_ism_500,cnn,cnn53,cnn_ism,all,sequence,CCCG,CCCG,CCCG,CCCG,CCCG,4,15,19,15.565217391304348,0.4984447862792268,15:40;16:52,15;16,92,92,0.04265291702015439,+,1.0446951278340568,1.0480503046804097,0.2444684251506021,0.5436314810128643,ok
motif_cnn53_hl60_all_cnn_ism_501,cnn,cnn53,cnn_ism,all,all,GAGG,GAGG,GAGG,GAGG,GAGG,4,1,23,18.32967032967033,5.409980375924454,1:8;20:83,1;20,91,91,0.018834028085541937,+,1.125826317075742,1.1660859314218486,4.4925369091345575e-05,0.00047533938909552736,ok
motif_cnn73_hct116_sequence_cnn_ism_502,cnn,cnn73,cnn_ism,all,sequence,CACAGG,CACAGG,CACAGG,CACAGG,CACAGG,6,18,23,18.0,0.0,18:91,18,91,91,0.04492897803078166,+,1.1173475484273556,1.1212971667364289,0.12200645387984721,0.28181772445485836,ok
motif_cnn33_hek293t_sequence_cnn_ism_503,cnn,cnn33,cnn_ism,all,sequence,GCTGG,GCTGG,GCTGG,GCTGG,GCTGG,5,19,23,19.0,0.0,19:90,19,90,90,0.027500473547870663,+,0.7294468049767675,0.7093629883232746,0.9999999932849386,0.9999999999999979,ok
motif_cnn53_hela_all_cnn_ism_504,cnn,cnn53,cnn_ism,all,all,AGCC,AGCC,AGCC,AGCC,AGCC,4,16,19,16.0,0.0,16:90,16,90,90,0.03898520249155446,+,0.9815383644984386,0.9793409066695078,0.6617633747268279,0.9999999999999979,ok
motif_cnn53_hl60_all_cnn_ism_505,cnn,cnn53,cnn_ism,all,all,GCGG,GCGG,GCGG,GCGG,GCGG,4,20,23,20.0,0.0,20:90,20,90,90,0.04958911937904245,+,1.1007019155783477,1.1177909837742501,0.010096039251920312,0.04869854227396857,ok
motif_cnn53_hl60_all_cnn_ism_506,cnn,cnn53,cnn_ism,all,all,AAGG,AAGG,AAGG,AAGG,AAGG,4,20,23,20.0,0.0,20:90,20,90,90,-0.005210946267542954,-,0.9748667808616571,0.9682213093786003,0.7942816146159972,0.9999999999999979,ok
motif_cnn53_hek293t_sequence_cnn_ig_507,cnn,cnn53,cnn_ig,single,sequence,GCTGG,GCTGG,GCTGG,GCTGG,GCTGG,5,19,23,19.0,0.0,19:90,19,90,90,0.027500473547870663,+,0.7294468049767675,0.7093629883232746,0.9999999932849386,0.9999999999999979,ok
motif_cnn73_hela_all_cnn_ism_508,cnn,cnn73,cnn_ism,single,all,GGCA,GGCA,GGCA,GGCA,GGCA,4,16,19,16.0,0.0,16:87,16,87,87,0.05468543771757978,+,1.0089588945552814,1.0100333810983784,0.43514213411426705,0.9208169031579329,ok
motif_cnn53_hct116_all_cnn_ism_509,cnn,cnn53,cnn_ism,single,all,CACT,CACT,CACT,CACT,CACT,4,18,21,18.0,0.0,18:84,18,84,84,0.03053267202339227,+,1.028133446449705,1.0307294392361133,0.31473588680298026,0.676940136861492,ok
motif_cnn53_hct116_all_cnn_ism_510,cnn,cnn53,cnn_ism,single,all,CACTG,CACTG,CACTG,CACTG,CACTG,5,18,22,18.0,0.0,18:84,18,84,84,0.03053267202339227,+,1.239329334807176,1.250333502897648,0.004325070150064303,0.028563245415157156,ok
motif_cnn33_hl60_sequence_cnn_ig_511,cnn,cnn33,cnn_ig,single,sequence,TCGG,TCGG,TCGG,TCGG,TCGG,4,20,23,20.0,0.0,20:83,20,83,83,-0.04817882955475511,-,0.8667700388743996,0.8587736864616837,0.9873572861159035,0.9999999999999979,ok
motif_cnn73_hela_sequence_cnn_ism_512,cnn,cnn73,cnn_ism,all,sequence,GGGC,GGGC,GGGC,GGGC,GGGC,4,1,5,1.4337349397590362,0.4986022189969834,1:47;2:36,1;2,83,83,-0.006732376974842469,-,0.8405741625218764,0.82933655507764,0.9984407270778772,0.9999999999999979,ok
motif_cnn73_hl60_all_cnn_ism_513,cnn,cnn73,cnn_ism,single,all,TGGG,TGGG,TGGG,TGGG,TGGG,4,20,23,20.0,0.0,20:83,20,83,83,-0.0075148900247992145,-,0.9174574155032342,0.910442510873774,0.9438909163688488,0.9999999999999979,ok
motif_cnn73_hl60_all_cnn_ism_514,cnn,cnn73,cnn_ism,single,all,AAGG,AAGG,AAGG,AAGG,AAGG,4,20,23,20.0,0.0,20:83,20,83,83,-0.005378254814902839,-,0.9748667808616571,0.9682213093786003,0.7942816146159972,0.9999999999999979,ok
motif_cnn53_hct116_all_cnn_ism_515,cnn,cnn53,cnn_ism,all,all,ACCA,ACCA,ACCA,ACCA,ACCA,4,15,19,15.463414634146341,0.5017284187715013,15:44;16:38,15;16,82,82,-0.012842969583450742,-,1.1555228848030974,1.180010575207605,0.00042174505273887924,0.0038425660360653447,ok
motif_cnn73_hl60_sequence_cnn_ism_516,cnn,cnn73,cnn_ism,single,sequence,TGGG,TGGG,TGGG,TGGG,TGGG,4,20,23,20.0,0.0,20:82,20,82,82,-0.006629098286248553,-,0.9174574155032342,0.910442510873774,0.9438909163688488,0.9999999999999979,ok
motif_cnn53_hela_all_cnn_ism_517,cnn,cnn53,cnn_ism,all,all,CCCA,CCCA,CCCA,CCCA,CCCA,4,16,19,16.0,0.0,16:81,16,81,81,0.09194164010635092,+,1.1995444662503885,1.2244773726968146,0.00010252338341866868,0.0010346975311176408,ok
motif_cnn73_hct116_sequence_cnn_ism_518,cnn,cnn73,cnn_ism,all,sequence,CACTGG,CACTGG,CACTGG,CACTGG,CACTGG,6,18,23,18.0,0.0,18:81,18,81,81,0.02451255122380258,+,1.1662723423972376,1.170308228417997,0.08721998028848833,0.2636696178306375,ok
motif_cnn73_hct116_sequence_cnn_ism_519,cnn,cnn73,cnn_ism,all,sequence,CCATGG,CCATGG,CCATGG,CCATGG,CCATGG,6,18,23,18.0,0.0,18:81,18,81,81,0.07929260441382102,+,1.3504703328509409,1.3611183597390495,0.0017021582837641182,0.013785380668509402,ok
motif_cnn73_hela_all_cnn_ism_520,cnn,cnn73,cnn_ism,single,all,AACA,AACA,AACA,AACA,AACA,4,16,19,16.0,0.0,16:81,16,81,81,0.010020393712866393,+,0.8651488275048123,0.8535159596082927,0.9966388792923243,0.9999999999999979,ok
motif_cnn33_hek293t_sequence_cnn_ism_521,cnn,cnn33,cnn_ism,all,sequence,CCTGG,CCTGG,CCTGG,CCTGG,CCTGG,5,19,23,19.0,0.0,19:80,19,80,80,0.01975879602115252,+,0.8651811344926573,0.8549477056199708,0.9945144290588849,0.9999999999999979,ok
motif_cnn53_hek293t_sequence_cnn_ig_522,cnn,cnn53,cnn_ig,single,sequence,CCTGG,CCTGG,CCTGG,CCTGG,CCTGG,5,19,23,19.0,0.0,19:80,19,80,80,0.01975879602115252,+,0.8651811344926573,0.8549477056199708,0.9945144290588849,0.9999999999999979,ok
motif_cnn33_hela_all_cnn_ism_523,cnn,cnn33,cnn_ism,all,all,GAAC,GAAC,GAAC,GAAC,GAAC,4,16,20,16.848101265822784,0.36121616494682235,16:12;17:67,16;17,79,79,-0.07199648376813725,-,1.03818269868548,1.041904696909536,0.2485756883474693,0.5490425978314474,ok
motif_cnn53_hela_all_cnn_ism_524,cnn,cnn53,cnn_ism,all,all,TGCC,TGCC,TGCC,TGCC,TGCC,4,16,19,16.0,0.0,16:79,16,79,79,0.11118606807515707,+,1.1194014961266705,1.1319311354363852,0.016344790723847345,0.07199328699550725,ok
motif_cnn53_hela_sequence_cnn_ism_525,cnn,cnn53,cnn_ism,all,sequence,TCCG,TCCG,TCCG,TCCG,TCCG,4,15,19,15.810126582278482,0.39470694637299264,15:15;16:64,15;16,79,79,0.05772297578961705,+,1.0567914437401833,1.0608181133273407,0.19680278738576443,0.44365164441601884,ok
motif_cnn53_hl60_all_cnn_ism_526,cnn,cnn53,cnn_ism,all,all,CCGG,CCGG,CCGG,CCGG,CCGG,4,20,23,20.0,0.0,20:78,20,78,78,-0.030720911018595753,-,1.0848140007972478,1.0973933935203959,0.03251808805644323,0.10109888988164341,ok
motif_cnn53_hela_all_cnn_ism_527,cnn,cnn53,cnn_ism,all,all,TCCA,TCCA,TCCA,TCCA,TCCA,4,16,19,16.0,0.0,16:75,16,75,75,0.06482621952349399,+,1.0556416288386234,1.0637089735335359,0.11231816748811477,0.2713187085831687,ok
motif_cnn53_hct116_sequence_cnn_ism_528,cnn,cnn53,cnn_ism,single,sequence,GCGG,GCGG,GCGG,GCGG,GCGG,4,18,22,18.68,0.46961744062645344,18:24;19:51,18;19,75,75,0.007041780526176267,+,1.1007019155783477,1.1177909837742501,0.010096039251920312,0.04869854227396857,ok
motif_cnn73_hela_all_cnn_ism_529,cnn,cnn73,cnn_ism,all,all,CAAT,CAAT,CAAT,CAAT,CAAT,4,18,21,18.0,0.0,18:75,18,75,75,0.06325871192407623,+,1.1065726807641487,1.1132513993203026,0.07025975345880309,0.21638684633321514,ok
motif_cnn73_hela_all_cnn_ism_530,cnn,cnn73,cnn_ism,single,all,ACCA,ACCA,ACCA,ACCA,ACCA,4,16,19,16.0,0.0,16:75,16,75,75,0.001995520851825694,+,1.1555228848030974,1.180010575207605,0.00042174505273887924,0.0038425660360653447,ok
motif_cnn33_hek293t_all_cnn_ism_531,cnn,cnn33,cnn_ism,all,all,CTTG,CTTG,CTTG,CTTG,CTTG,4,1,22,16.56756756756757,6.1956261219764786,1:10;19:64,1;19,74,74,0.017514231884142417,+,0.8813557319231341,0.8707908759005291,0.9916425515914541,0.9999999999999979,ok
motif_cnn33_hl60_sequence_cnn_ig_532,cnn,cnn33,cnn_ig,single,sequence,ACGG,ACGG,ACGG,ACGG,ACGG,4,20,23,20.0,0.0,20:74,20,74,74,-0.006733861925208806,-,1.200904865094218,1.2237763639413335,0.0001819917495481428,0.0017818893687101742,ok
motif_cnn73_hela_all_cnn_ism_533,cnn,cnn73,cnn_ism,single,all,GACA,GACA,GACA,GACA,GACA,4,16,19,16.0,0.0,16:74,16,74,74,0.01905999214171117,+,1.0558850823853128,1.0624358802396947,0.1372348546107229,0.31259050216886886,ok
motif_cnn33_hek293t_sequence_cnn_ism_534,cnn,cnn33,cnn_ism,all,sequence,TAGG,TAGG,TAGG,TAGG,TAGG,4,20,23,20.0,0.0,20:73,20,73,73,0.023085121927649943,+,0.97111435309061,0.9696541512514048,0.6693283437812453,0.9999999999999979,ok
motif_cnn73_hct116_all_cnn_ism_535,cnn,cnn73,cnn_ism,all,all,GAAG,GAAG,GAAG,GAAG,GAAG,4,17,20,17.0,0.0,17:73,17,73,73,0.006171806933963742,+,0.9945559933215887,0.9933522268791125,0.5699440032586677,0.9999999999999979,ok
motif_cnn53_hela_sequence_cnn_ism_536,cnn,cnn53,cnn_ism,all,sequence,CCCAG,CCCAG,CCCAG,CCCAG,CCCAG,5,15,20,15.541666666666666,0.5017574746630903,15:33;16:39,15;16,72,72,0.05056534538322682,+,1.4729870778530538,1.5028216473791696,3.9840092363519675e-08,6.533775147617227e-06,ok
motif_cnn53_hela_sequence_cnn_ism_537,cnn,cnn53,cnn_ism,single,sequence,GCAA,GCAA,GCAA,GCAA,GCAA,4,16,19,16.0,0.0,16:72,16,72,72,-0.09742919358389507,-,0.9274467903898796,0.9203427720506961,0.9315304959264104,0.9999999999999979,ok
motif_cnn73_hela_all_cnn_ism_538,cnn,cnn73,cnn_ism,single,all,AGCA,AGCA,AGCA,AGCA,AGCA,4,16,19,16.0,0.0,16:72,16,72,72,0.04175561644606546,+,0.9113061255029132,0.8987402440685883,0.9861835708310387,0.9999999999999979,ok
motif_cnn53_hct116_all_cnn_ism_539,cnn,cnn53,cnn_ism,all,all,GACC,GACC,GACC,GACC,GACC,4,16,20,16.56338028169014,0.4994967286092552,16:31;17:40,16;17,71,71,0.06389070563942512,+,1.0987842708307782,1.1088458140626953,0.03911971344252775,0.1210496793315953,ok
motif_cnn33_hela_all_cnn_ism_540,cnn,cnn33,cnn_ism,all,all,CAACA,CAACA,CAACA,CAACA,CAACA,5,15,21,16.357142857142858,0.799197319882681,15:14;16:17;17:39,15;16;17,70,70,-0.09771633729277429,-,0.7696106336719226,0.7627435884758548,0.9984837438804852,0.9999999999999979,ok
motif_cnn33_hl60_sequence_cnn_ig_541,cnn,cnn33,cnn_ig,single,sequence,TAGG,TAGG,TAGG,TAGG,TAGG,4,20,23,20.0,0.0,20:70,20,70,70,0.0017786917823325588,+,0.97111435309061,0.9696541512514048,0.6693283437812453,0.9999999999999979,ok
motif_cnn73_hct116_all_cnn_ism_542,cnn,cnn73,cnn_ism,all,all,GCCA,GCCA,GCCA,GCCA,GCCA,4,16,19,16.0,0.0,16:70,16,70,70,0.02948413595134025,+,0.9091211327101341,0.896030964739574,0.9886612864090131,0.9999999999999979,ok
motif_cnn73_hct116_all_cnn_ism_543,cnn,cnn73,cnn_ism,single,all,GCCA,GCCA,GCCA,GCCA,GCCA,4,16,19,16.0,0.0,16:70,16,70,70,0.02948413595134025,+,0.9091211327101341,0.896030964739574,0.9886612864090131,0.9999999999999979,ok
motif_cnn53_hct116_all_cnn_ism_544,cnn,cnn53,cnn_ism,all,all,CCCA,CCCA,CCCA,CCCA,CCCA,4,15,19,15.666666666666666,0.47485807993381696,15:23;16:46,15;16,69,69,0.034004741081046785,+,1.1995444662503885,1.2244773726968146,0.00010252338341866868,0.0010346975311176408,ok
motif_cnn53_hct116_all_cnn_ism_545,cnn,cnn53,cnn_ism,all,all,AACC,AACC,AACC,AACC,AACC,4,16,20,16.52173913043478,0.5031867754087855,16:33;17:36,16;17,69,69,-0.004466598180433906,-,1.0497367205189982,1.0535328253561183,0.21848600024241602,0.49084526081857843,ok
motif_cnn53_hela_all_cnn_ism_546,cnn,cnn53,cnn_ism,all,all,CGCC,CGCC,CGCC,CGCC,CGCC,4,16,19,16.0,0.0,16:69,16,69,69,0.128175165795324,+,1.0000977758046443,1.0001048098987928,0.5111765043118142,0.9999999999999979,ok
motif_cnn53_hek293t_sequence_cnn_ig_547,cnn,cnn53,cnn_ig,single,sequence,TAGG,TAGG,TAGG,TAGG,TAGG,4,20,23,20.0,0.0,20:69,20,69,69,0.018966293472020335,+,0.97111435309061,0.9696541512514048,0.6693283437812453,0.9999999999999979,ok
motif_cnn33_hek293t_all_cnn_ism_548,cnn,cnn33,cnn_ism,all,all,CTTGG,CTTGG,CTTGG,CTTGG,CTTGG,5,1,23,18.205882352941178,3.723899511002162,1:3;19:65,1;19,68,68,0.0231855328068577,+,0.7558450570567722,0.7486145418904518,0.9992348346192595,0.9999999999999979,ok
motif_cnn33_hek293t_sequence_cnn_ism_549,cnn,cnn33,cnn_ism,all,sequence,CTTGG,CTTGG,CTTGG,CTTGG,CTTGG,5,1,23,18.46268656716418,3.086276358965239,1:2;19:65,1;19,67,67,0.022631234134301598,+,0.7558450570567722,0.7486145418904518,0.9992348346192595,0.9999999999999979,ok
motif_cnn33_hct116_all_cnn_ism_550,cnn,cnn33,cnn_ism,all,all,ACCAGG,ACCAGG,ACCAGG,ACCAGG,ACCAGG,6,18,23,18.0,0.0,18:66,18,66,66,0.0033484273552014665,+,1.2450740804501852,1.252614118353277,0.014642853853173174,0.06960660962088118,ok
motif_cnn33_hela_all_cnn_ism_551,cnn,cnn33,cnn_ism,all,all,CAAGA,CAAGA,CAAGA,CAAGA,CAAGA,5,15,21,16.272727272727273,0.7950898264773812,15:14;16:20;17:32,15;16;17,66,66,-0.037582867284716964,-,1.1237562750143455,1.1289341666564836,0.08457216883604671,0.25804345468114714,ok
motif_cnn73_hela_all_cnn_ism_552,cnn,cnn73,cnn_ism,all,all,GGAG,GGAG,GGAG,GGAG,GGAG,4,1,4,1.0,0.0,1:66,1,66,66,0.0746661534951264,+,1.0950643518744192,1.1154725856211358,0.006636437122735359,0.03785654567403822,ok
motif_cnn73_hela_sequence_cnn_ism_553,cnn,cnn73,cnn_ism,all,sequence,GAAG,GAAG,GAAG,GAAG,GAAG,4,1,4,1.0,0.0,1:66,1,66,66,-0.04397086294475047,-,0.9945559933215887,0.9933522268791125,0.5699440032586677,0.9999999999999979,ok
motif_cnn73_hela_sequence_cnn_ism_554,cnn,cnn73,cnn_ism,all,sequence,GGAG,GGAG,GGAG,GGAG,GGAG,4,1,4,1.0,0.0,1:66,1,66,66,0.0746661534951264,+,1.0950643518744192,1.1154725856211358,0.006636437122735359,0.03785654567403822,ok
motif_cnn33_hl60_all_cnn_ism_555,cnn,cnn33,cnn_ism,single,all,CTTG,CTTG,CTTG,CTTG,CTTG,4,17,22,18.907692307692308,0.4229020617662603,17:3;19:62,17;19,65,65,-0.08459782536361149,-,0.8813557319231341,0.8707908759005291,0.9916425515914541,0.9999999999999979,ok
motif_cnn33_hl60_all_cnn_ism_556,cnn,cnn33,cnn_ism,single,all,CTTGG,CTTGG,CTTGG,CTTGG,CTTGG,5,18,23,18.96875,0.17536809360305042,18:2;19:62,18;19,64,64,-0.08524947547477832,-,0.7558450570567722,0.7486145418904518,0.9992348346192595,0.9999999999999979,ok
motif_cnn53_hct116_sequence_cnn_ism_557,cnn,cnn53,cnn_ism,single,sequence,ACGG,ACGG,ACGG,ACGG,ACGG,4,18,22,18.671875,0.4732423621500228,18:21;19:43,18;19,64,64,0.032441176591619436,+,1.200904865094218,1.2237763639413335,0.0001819917495481428,0.0017818893687101742,ok
motif_cnn53_hela_sequence_cnn_ism_558,cnn,cnn53,cnn_ism,single,sequence,CAAA,CAAA,CAAA,CAAA,CAAA,4,16,19,16.0,0.0,16:64,16,64,64,-0.0794603837267131,-,0.7586091985699169,0.7414438383442165,0.9999992997263454,0.9999999999999979,ok
motif_cnn73_hela_all_cnn_ism_559,cnn,cnn73,cnn_ism,all,all,GGTG,GGTG,GGTG,GGTG,GGTG,4,1,4,1.0,0.0,1:64,1,64,64,0.07028785801055387,+,1.1454387875537795,1.165395107508186,0.0016828493557283965,0.013785380668509402,ok
motif_cnn73_hela_sequence_cnn_ism_560,cnn,cnn73,cnn_ism,all,sequence,GGTG,GGTG,GGTG,GGTG,GGTG,4,1,4,1.0,0.0,1:64,1,64,64,0.07028785801055387,+,1.1454387875537795,1.165395107508186,0.0016828493557283965,0.013785380668509402,ok
motif_cnn73_hct116_all_cnn_ism_561,cnn,cnn73,cnn_ism,single,all,CACA,CACA,CACA,CACA,CACA,4,16,19,16.0,0.0,16:64,16,64,64,0.0714149366540952,+,1.0310083975313116,1.0350755927057684,0.25972366387177986,0.5623060181514442,ok
motif_cnn53_hela_sequence_cnn_ism_562,cnn,cnn53,cnn_ism,single,sequence,ACAA,ACAA,ACAA,ACAA,ACAA,4,16,19,16.0,0.0,16:62,16,62,62,-0.05245924124780549,-,0.8410972567581614,0.8295334048824211,0.998613081683647,0.9999999999999979,ok
motif_cnn73_hct116_all_cnn_ism_563,cnn,cnn73,cnn_ism,all,all,CACA,CACA,CACA,CACA,CACA,4,16,19,16.0,0.0,16:62,16,62,62,0.058412355979684805,+,1.0310083975313116,1.0350755927057684,0.25972366387177986,0.5623060181514442,ok
motif_cnn73_hct116_sequence_cnn_ism_564,cnn,cnn73,cnn_ism,all,sequence,CAGAGG,CAGAGG,CAGAGG,CAGAGG,CAGAGG,6,18,23,18.0,0.0,18:62,18,62,62,0.06251857977082553,+,1.1302562985133535,1.1338146846648984,0.12494514256393066,0.2875930299015386,ok
motif_cnn33_hela_sequence_cnn_ism_565,cnn,cnn33,cnn_ism,single,sequence,CTGT,CTGT,CTGT,CTGT,CTGT,4,1,4,1.0,0.0,1:61,1,61,61,-0.0528360819771484,-,0.8351866828930669,0.8227455219908315,0.9992506639308543,0.9999999999999979,ok
motif_cnn33_hela_sequence_cnn_ism_566,cnn,cnn33,cnn_ism,single,sequence,CTTC,CTTC,CTTC,CTTC,CTTC,4,1,4,1.0,0.0,1:61,1,61,61,-0.05106589667333716,-,0.8293153496596034,0.8114042080588223,0.9999506105735451,0.9999999999999979,ok
motif_cnn53_hct116_sequence_cnn_ism_567,cnn,cnn53,cnn_ism,single,sequence,CCGG,CCGG,CCGG,CCGG,CCGG,4,18,22,18.78688524590164,0.4129065309227846,18:13;19:48,18;19,61,61,0.023904264764614158,+,1.0848140007972478,1.0973933935203959,0.03251808805644323,0.10109888988164341,ok
motif_cnn73_hela_sequence_cnn_ism_568,cnn,cnn73,cnn_ism,all,sequence,GGAC,GGAC,GGAC,GGAC,GGAC,4,1,4,1.0,0.0,1:61,1,61,61,0.08356782771857013,+,0.9078887212778772,0.8992299329554929,0.9694660730679555,0.9999999999999979,ok
motif_cnn53_hela_sequence_cnn_ism_569,cnn,cnn53,cnn_ism,single,sequence,CTGT,CTGT,CTGT,CTGT,CTGT,4,1,4,1.0,0.0,1:60,1,60,60,-0.0516646685733497,-,0.8351866828930669,0.8227455219908315,0.9992506639308543,0.9999999999999979,ok
motif_cnn73_hct116_all_cnn_ism_570,cnn,cnn73,cnn_ism,all,all,GAAC,GAAC,GAAC,GAAC,GAAC,4,17,20,17.0,0.0,17:60,17,60,60,-0.07366513722934431,-,1.03818269868548,1.041904696909536,0.2485756883474693,0.5490425978314474,ok
motif_cnn73_hela_sequence_cnn_ism_571,cnn,cnn73,cnn_ism,all,sequence,GATG,GATG,GATG,GATG,GATG,4,1,4,1.0,0.0,1:60,1,60,60,0.10982513280200007,+,1.0891867565564224,1.102670635202812,0.025343761983906938,0.08482401970123955,ok
motif_cnn33_hela_sequence_cnn_ism_572,cnn,cnn33,cnn_ism,single,sequence,CTCA,CTCA,CTCA,CTCA,CTCA,4,1,4,1.0,0.0,1:59,1,59,59,-0.04957760142635825,-,0.9590810419681621,0.954642069380389,0.8081845153339388,0.9999999999999979,ok
motif_cnn53_hek293t_all_cnn_ism_573,cnn,cnn53,cnn_ism,all,all,CTGG,CTGG,CTGG,CTGG,CTGG,4,19,22,19.0,0.0,19:59,19,59,59,0.012004663791823855,+,0.8179779821504929,0.7679387189409419,0.9999999999959698,0.9999999999999979,ok
motif_cnn53_hct116_all_cnn_ism_574,cnn,cnn53,cnn_ism,single,all,GACAG,GACAG,GACAG,GACAG,GACAG,5,18,22,18.0,0.0,18:59,18,59,59,-0.07621056585228186,-,0.8413185981415188,0.835701294348439,0.9820624080227367,0.9999999999999979,ok
motif_cnn33_hl60_all_cnn_ism_575,cnn,cnn33,cnn_ism,all,all,CTTGG,CTTGG,CTTGG,CTTGG,CTTGG,5,19,23,19.0,0.0,19:58,19,58,58,-0.08721309637034333,-,0.7558450570567722,0.7486145418904518,0.9992348346192595,0.9999999999999979,ok
motif_cnn33_hek293t_all_cnn_ism_576,cnn,cnn33,cnn_ism,all,all,TTTGG,TTTGG,TTTGG,TTTGG,TTTGG,5,18,23,18.982456140350877,0.13245323570650439,18:1;19:56,18;19,57,57,0.09006580257329908,+,0.8971203418958033,0.8952442899244797,0.833523598104934,0.9999999999999979,ok
motif_cnn33_hela_sequence_cnn_ism_577,cnn,cnn33,cnn_ism,single,sequence,CTCC,CTCC,CTCC,CTCC,CTCC,4,1,4,1.0,0.0,1:57,1,57,57,-0.04520957053964916,-,1.1147526155963086,1.1288025297495214,0.013016153472380571,0.06232552319621646,ok
motif_cnn33_hela_sequence_cnn_ism_578,cnn,cnn33,cnn_ism,single,sequence,CTGC,CTGC,CTGC,CTGC,CTGC,4,1,4,1.0,0.0,1:57,1,57,57,0.02138740122581234,+,1.0679807596098232,1.076630839951693,0.08380896291711827,0.2569097181010728,ok
motif_cnn33_hct116_all_cnn_ism_579,cnn,cnn33,cnn_ism,all,all,AACAGG,AACAGG,AACAGG,AACAGG,AACAGG,6,18,23,18.0,0.0,18:56,18,56,56,-0.1346755631891453,-,0.3514577889370145,0.34565772170903747,0.9999999999999937,0.9999999999999979,ok
motif_cnn33_hek293t_all_cnn_ism_580,cnn,cnn33,cnn_ism,all,all,TTTG,TTTG,TTTG,TTTG,TTTG,4,19,22,19.0,0.0,19:56,19,56,56,0.08894726733423355,+,0.7408204548575532,0.7285440459364446,0.9999914494247242,0.9999999999999979,ok
motif_cnn53_hek293t_sequence_cnn_ism_581,cnn,cnn53,cnn_ism,all,sequence,CTGGG,CTGGG,CTGGG,CTGGG,CTGGG,5,18,23,18.625,0.48850421045919723,18:21;19:35,18;19,56,56,0.010962026120091922,+,0.9386580560969693,0.9368296822101427,0.7636157126703874,0.9999999999999979,ok
motif_cnn53_hct116_all_cnn_ism_582,cnn,cnn53,cnn_ism,single,all,AACA,AACA,AACA,AACA,AACA,4,18,21,18.0,0.0,18:56,18,56,56,-0.1346755631891453,-,0.8651488275048123,0.8535159596082927,0.9966388792923243,0.9999999999999979,ok
motif_cnn53_hct116_all_cnn_ism_583,cnn,cnn53,cnn_ism,single,all,AACAG,AACAG,AACAG,AACAG,AACAG,5,18,22,18.0,0.0,18:56,18,56,56,-0.1346755631891453,-,0.7011415426485517,0.6921189802014898,0.9999808038517852,0.9999999999999979,ok
motif_cnn73_hct116_sequence_cnn_ism_584,cnn,cnn73,cnn_ism,all,sequence,CCAAGG,CCAAGG,CCAAGG,CCAAGG,CCAAGG,6,18,23,18.0,0.0,18:56,18,56,56,0.04796094928647032,+,1.280365690749193,1.2889376469913383,0.0073600627978316025,0.041622424098082166,ok
motif_cnn53_hek293t_sequence_cnn_ism_585,cnn,cnn53,cnn_ism,all,sequence,CTGG,CTGG,CTGG,CTGG,CTGG,4,18,22,18.618181818181817,0.49031014715590016,18:21;19:34,18;19,55,55,0.005534679158986339,+,0.8179779821504929,0.7679387189409419,0.9999999999959698,0.9999999999999979,ok
motif_cnn73_hct116_all_cnn_ism_586,cnn,cnn73,cnn_ism,all,all,CAAG,CAAG,CAAG,CAAG,CAAG,4,17,20,17.0,0.0,17:55,17,55,55,-0.012274442243383865,-,1.0457571580355016,1.0536583728511355,0.13645073815157724,0.3118874014893194,ok
motif_cnn73_hela_sequence_cnn_ism_587,cnn,cnn73,cnn_ism,all,sequence,GGGA,GGGA,GGGA,GGGA,GGGA,4,1,5,1.4444444444444444,0.5015698625755192,1:30;2:24,1;2,54,54,0.01913355029739705,+,0.9386580560969693,0.9338731930780121,0.868844880984899,0.9999999999999979,ok
motif_cnn33_hct116_all_cnn_ism_588,cnn,cnn33,cnn_ism,all,all,CCCAGG,CCCAGG,CCCAGG,CCCAGG,CCCAGG,6,18,23,18.0,0.0,18:53,18,53,53,0.0902616134728702,+,2.109449930478704,2.1536943596099087,1.498834322102011e-14,3.2774510509963977e-12,ok
motif_cnn53_hct116_all_cnn_ism_589,cnn,cnn53,cnn_ism,all,all,CGCC,CGCC,CGCC,CGCC,CGCC,4,16,19,16.0,0.0,16:53,16,53,53,0.07394517610373541,+,1.0000977758046443,1.0001048098987928,0.5111765043118142,0.9999999999999979,ok
motif_cnn73_hct116_sequence_cnn_ism_590,cnn,cnn73,cnn_ism,all,sequence,CCCTGG,CCCTGG,CCCTGG,CCCTGG,CCCTGG,6,18,23,18.0,0.0,18:53,18,53,53,0.07321433572686625,+,1.4921399545720284,1.5022244173664707,0.0008826466558539847,0.007618634292634395,ok
motif_cnn73_hct116_sequence_cnn_ism_591,cnn,cnn73,cnn_ism,all,sequence,CAAAGG,CAAAGG,CAAAGG,CAAAGG,CAAAGG,6,18,23,18.0,0.0,18:53,18,53,53,-0.0015161453623374066,-,0.7453348295043415,0.7409295063489142,0.994886973595362,0.9999999999999979,ok
motif_cnn53_hek293t_all_cnn_ism_592,cnn,cnn53,cnn_ism,all,all,CTGGG,CTGGG,CTGGG,CTGGG,CTGGG,5,19,23,19.0,0.0,19:52,19,52,52,0.010893680714479104,+,0.9386580560969693,0.9368296822101427,0.7636157126703874,0.9999999999999979,ok
motif_cnn73_hct116_all_cnn_ism_593,cnn,cnn73,cnn_ism,single,all,TGCC,TGCC,TGCC,TGCC,TGCC,4,16,19,16.0,0.0,16:52,16,52,52,0.11459378145045618,+,1.1194014961266705,1.1319311354363852,0.016344790723847345,0.07199328699550725,ok
motif_cnn73_hct116_all_cnn_ism_594,cnn,cnn73,cnn_ism,single,all,GGCC,GGCC,GGCC,GGCC,GGCC,4,16,19,16.0,0.0,16:51,16,51,51,-0.05766201548236871,-,0.8308215259314105,0.8129562790697674,0.9999447837838207,0.9999999999999979,ok
motif_cnn53_hct116_all_cnn_ism_595,cnn,cnn53,cnn_ism,single,all,GACTG,GACTG,GACTG,GACTG,GACTG,5,18,22,18.0,0.0,18:50,18,50,50,-0.08372677387206373,-,0.8384154973887876,0.8344320425514768,0.964015650507686,0.9999999999999979,ok
motif_cnn73_hct116_sequence_cnn_ism_596,cnn,cnn73,cnn_ism,all,sequence,CAATGG,CAATGG,CAATGG,CAATGG,CAATGG,6,18,23,18.0,0.0,18:50,18,50,50,0.04743982316563955,+,1.4353925470332851,1.4433321053601031,0.003711527257423181,0.028563245415157156,ok
motif_cnn73_hct116_all_cnn_ism_597,cnn,cnn73,cnn_ism,single,all,TCCA,TCCA,TCCA,TCCA,TCCA,4,16,19,16.0,0.0,16:50,16,50,50,0.029093727704459782,+,1.0556416288386234,1.0637089735335359,0.11231816748811477,0.2713187085831687,ok
motif_cnn73_hct116_all_cnn_ism_598,cnn,cnn73,cnn_ism,single,all,CGCC,CGCC,CGCC,CGCC,CGCC,4,16,19,16.0,0.0,16:50,16,50,50,0.08845392337716868,+,1.0000977758046443,1.0001048098987928,0.5111765043118142,0.9999999999999979,ok
motif_cnn53_hct116_all_cnn_ism_599,cnn,cnn53,cnn_ism,all,all,TCCAC,TCCAC,TCCAC,TCCAC,TCCAC,5,14,20,14.918367346938776,0.7862552250456366,14:17;15:19;16:13,14;15;16,49,49,0.0035404960443594646,+,1.1253561707520077,1.1304043868869211,0.08627751090244248,0.26202799607408456,ok
motif_cnn73_hct116_all_cnn_ism_600,cnn,cnn73,cnn_ism,all,all,TCCA,TCCA,TCCA,TCCA,TCCA,4,16,19,16.0,0.0,16:49,16,49,49,0.032346444614134606,+,1.0556416288386234,1.0637089735335359,0.11231816748811477,0.2713187085831687,ok
motif_cnn33_hela_sequence_cnn_ism_601,cnn,cnn33,cnn_ism,single,sequence,CTGG,CTGG,CTGG,CTGG,CTGG,4,1,4,1.0,0.0,1:47,1,47,47,0.01031367697977753,+,0.8179779821504929,0.7679387189409419,0.9999999999959698,0.9999999999999979,ok
motif_cnn33_hela_sequence_cnn_ism_602,cnn,cnn33,cnn_ism,single,sequence,CTTG,CTTG,CTTG,CTTG,CTTG,4,1,4,1.0,0.0,1:46,1,46,46,-0.02093928043448906,-,0.8813557319231341,0.8707908759005291,0.9916425515914541,0.9999999999999979,ok
motif_cnn73_hct116_all_cnn_ism_603,cnn,cnn73,cnn_ism,all,all,CAAC,CAAC,CAAC,CAAC,CAAC,4,17,20,17.0,0.0,17:45,17,45,45,-0.13194274188468808,-,0.8338723370670821,0.8208090301086497,0.9994609906563127,0.9999999999999979,ok
motif_cnn73_hct116_all_cnn_ism_604,cnn,cnn73,cnn_ism,single,all,GGCA,GGCA,GGCA,GGCA,GGCA,4,16,19,16.0,0.0,16:45,16,45,45,0.04900570794154496,+,1.0089588945552814,1.0100333810983784,0.43514213411426705,0.9208169031579329,ok
motif_cnn33_hl60_sequence_cnn_ism_605,cnn,cnn33,cnn_ism,single,sequence,CTTGG,CTTGG,CTTGG,CTTGG,CTTGG,5,18,23,18.977272727272727,0.15075567228888181,18:1;19:43,18;19,44,44,-0.06284202874934741,-,0.7558450570567722,0.7486145418904518,0.9992348346192595,0.9999999999999979,ok
motif_cnn73_hct116_all_cnn_ism_606,cnn,cnn73,cnn_ism,all,all,GGCA,GGCA,GGCA,GGCA,GGCA,4,16,19,16.0,0.0,16:44,16,44,44,0.05430753957491291,+,1.0089588945552814,1.0100333810983784,0.43514213411426705,0.9208169031579329,ok
motif_cnn33_hela_sequence_cnn_ism_607,cnn,cnn33,cnn_ism,single,sequence,CTGA,CTGA,CTGA,CTGA,CTGA,4,1,4,1.0,0.0,1:43,1,43,43,-0.052316602643229876,-,1.005491643757498,1.0060776389772672,0.4667657208120984,0.9751538625883329,ok
motif_cnn53_hl60_sequence_cnn_ism_608,cnn,cnn53,cnn_ism,single,sequence,AGGA,AGGA,AGGA,AGGA,AGGA,4,1,21,9.976744186046512,8.316616677279928,1:9;2:12;18:22,1;2;18,43,43,0.027578372575802174,+,1.0449668192070507,1.0525754180576516,0.14309125978930567,0.32368229800615356,ok
motif_cnn73_hct116_all_cnn_ism_609,cnn,cnn73,cnn_ism,single,all,AACA,AACA,AACA,AACA,AACA,4,16,19,16.0,0.0,16:43,16,43,43,0.05150977007911728,+,0.8651488275048123,0.8535159596082927,0.9966388792923243,0.9999999999999979,ok
motif_cnn33_hek293t_all_cnn_ism_610,cnn,cnn33,cnn_ism,all,all,GTTGG,GTTGG,GTTGG,GTTGG,GTTGG,5,19,23,19.0,0.0,19:41,19,41,41,0.011326098884720331,+,0.9591589669375488,0.9581831393277958,0.6714981611640272,0.9999999999999979,ok
motif_cnn33_hl60_sequence_cnn_ism_611,cnn,cnn33,cnn_ism,all,sequence,CTTGG,CTTGG,CTTGG,CTTGG,CTTGG,5,19,23,19.0,0.0,19:41,19,41,41,-0.06747044770581614,-,0.7558450570567722,0.7486145418904518,0.9992348346192595,0.9999999999999979,ok
motif_cnn53_hl60_sequence_cnn_ism_612,cnn,cnn53,cnn_ism,single,sequence,TGGC,TGGC,TGGC,TGGC,TGGC,4,1,21,6.439024390243903,7.540055638016887,1:10;2:19;18:12,1;2;18,41,41,0.023706126684031492,+,0.9511380264728807,0.9453109962223293,0.8622279516575739,0.9999999999999979,ok
motif_cnn53_hl60_sequence_cnn_ism_613,cnn,cnn53,cnn_ism,single,sequence,AGGT,AGGT,AGGT,AGGT,AGGT,4,1,21,12.1,8.145472236078025,1:12;2:2;18:26,1;2;18,40,40,0.009439978330817916,+,1.0069324954134713,1.0075334843022743,0.46171991924205225,0.9676941438427678,ok
motif_cnn53_hek293t_sequence_cnn_ism_614,cnn,cnn53,cnn_ism,single,sequence,CCTT,CCTT,CCTT,CCTT,CCTT,4,1,21,12.512820512820513,7.7861949185107,1:12;17:10;18:17,1;17;18,39,39,0.024735728485037217,+,0.9443417769402422,0.9401403390905952,0.8412503496883247,0.9999999999999979,ok
motif_cnn33_hl60_sequence_cnn_ism_615,cnn,cnn33,cnn_ism,single,sequence,CTTG,CTTG,CTTG,CTTG,CTTG,4,18,22,18.94736842105263,0.22629428592141426,18:2;19:36,18;19,38,38,-0.06077432803246746,-,0.8813557319231341,0.8707908759005291,0.9916425515914541,0.9999999999999979,ok
motif_cnn53_hek293t_sequence_cnn_ism_616,cnn,cnn53,cnn_ism,single,sequence,TCTT,TCTT,TCTT,TCTT,TCTT,4,1,21,13.68421052631579,7.173921477120181,1:9;17:11;18:18,1;17;18,38,38,0.026157132125454452,+,0.7851909552143777,0.7700494965966459,0.9999849762169101,0.9999999999999979,ok
motif_cnn53_hl60_sequence_cnn_ism_617,cnn,cnn53,cnn_ism,single,sequence,TGGA,TGGA,TGGA,TGGA,TGGA,4,1,21,9.368421052631579,8.30636699012751,1:8;2:12;18:18,1;2;18,38,38,0.0013598728456976072,+,1.0345395912473183,1.0396459427772373,0.22216522794090457,0.49740747279601844,ok
motif_cnn53_hek293t_all_cnn_ism_618,cnn,cnn53,cnn_ism,all,all,GTGG,GTGG,GTGG,GTGG,GTGG,4,1,22,14.621621621621621,7.8292590516151215,1:9;19:28,1;19,37,37,-0.02639077777575427,-,1.0452449472577903,1.054610058611586,0.11704755263572675,0.2713187085831687,ok
motif_cnn53_hct116_sequence_cnn_ism_619,cnn,cnn53,cnn_ism,single,sequence,AAGG,AAGG,AAGG,AAGG,AAGG,4,18,21,18.0,0.0,18:36,18,36,36,0.016266083053110447,+,0.9748667808616571,0.9682213093786003,0.7942816146159972,0.9999999999999979,ok
motif_cnn53_hct116_sequence_cnn_ism_620,cnn,cnn53,cnn_ism,single,sequence,AAGGG,AAGGG,AAGGG,AAGGG,AAGGG,5,18,22,18.0,0.0,18:36,18,36,36,0.016266083053110447,+,0.8922408994767895,0.8881958881958882,0.922028675811452,0.9999999999999979,ok
motif_cnn53_hek293t_all_cnn_ism_621,cnn,cnn53,cnn_ism,single,all,CCTT,CCTT,CCTT,CCTT,CCTT,4,1,21,13.0,7.559289460184544,1:10;17:10;18:16,1;17;18,36,36,0.012057708803336342,+,0.9443417769402422,0.9401403390905952,0.8412503496883247,0.9999999999999979,ok
motif_cnn33_hct116_all_cnn_ism_622,cnn,cnn33,cnn_ism,all,all,TGTGCAAGAGG,TCATGAAGAGG,DSWKSAAGAGG,(A/G/T)(C/G)(A/T)(G/T)(C/G)AAGAGG,[AGT][CG][AT][GT][CG]AAGAGG,11,13,23,13.0,0.0,13:35,13,35,35,-0.019626629530459294,-,0.8119392185238785,0.8113248638838475,0.8107039328471339,0.9999999999999979,exploratory
motif_cnn33_hct116_sequence_cnn_ism_623,cnn,cnn33,cnn_ism,all,sequence,CTTC,CTTC,CTTC,CTTC,CTTC,4,1,4,1.0,0.0,1:35,1,35,35,0.022502531457053554,+,0.8293153496596034,0.8114042080588223,0.9999506105735451,0.9999999999999979,ok
motif_cnn33_hela_sequence_cnn_ig_624,cnn,cnn33,cnn_ig,single,sequence,CCTCCCGCGG,CCTCCGGGGG,CCWCMVGSGG,CC(A/T)C(A/C)(A/C/G)G(C/G)GG,CC[AT]C[AC][ACG]G[CG]GG,10,14,23,14.0,0.0,14:35,14,35,35,0.054988078682147945,+,2.664175560781476,2.670521608861449,0.002473327840630689,0.019786622725045513,exploratory
motif_cnn33_hl60_all_cnn_ism_625,cnn,cnn33,cnn_ism,single,all,TTTG,TTTG,TTTG,TTTG,TTTG,4,17,22,18.65714285714286,0.683539970123403,17:4;18:4;19:27,17;18;19,35,35,-0.06918282638389966,-,0.7408204548575532,0.7285440459364446,0.9999914494247242,0.9999999999999979,ok
motif_cnn53_hct116_sequence_cnn_ism_626,cnn,cnn53,cnn_ism,single,sequence,ACGGG,ACGGG,ACGGG,ACGGG,ACGGG,5,18,23,18.4,0.4970501217477084,18:21;19:14,18;19,35,35,0.013813384158288644,+,1.3586233935459322,1.3698638282690134,0.001214455344218866,0.010346528646851637,ok
motif_cnn33_hct116_sequence_cnn_ism_627,cnn,cnn33,cnn_ism,all,sequence,CTCA,CTCA,CTCA,CTCA,CTCA,4,1,4,1.0,0.0,1:34,1,34,34,-0.04324410410380869,-,0.9590810419681621,0.954642069380389,0.8081845153339388,0.9999999999999979,ok
motif_cnn33_hl60_all_cnn_ism_628,cnn,cnn33,cnn_ism,all,all,GTAGG,GTAGG,GTAGG,GTAGG,GTAGG,5,19,23,19.0,0.0,19:34,19,34,34,0.050220996677624224,+,1.2794193746436873,1.2847769732725485,0.02828836419346139,0.09419881680665315,ok
motif_cnn33_hl60_sequence_cnn_ism_629,cnn,cnn33,cnn_ism,all,sequence,CTTG,CTTG,CTTG,CTTG,CTTG,4,1,22,14.235294117647058,8.060599359358186,1:9;19:25,1;19,34,34,-0.02323652112362004,-,0.8813557319231341,0.8707908759005291,0.9916425515914541,0.9999999999999979,ok
motif_cnn53_hct116_sequence_cnn_ism_630,cnn,cnn53,cnn_ism,single,sequence,GCGGG,GCGGG,GCGGG,GCGGG,GCGGG,5,18,23,18.5,0.5075192189225523,18:17;19:17,18;19,34,34,-0.004888219188333737,-,1.0176894837084034,1.0182985527582438,0.4379862116366941,0.9238551602368853,ok
motif_cnn53_hl60_all_cnn_ism_631,cnn,cnn53,cnn_ism,single,all,GGAG,GGAG,GGAG,GGAG,GGAG,4,1,4,1.0,0.0,1:34,1,34,34,0.017242557414521353,+,1.0950643518744192,1.1154725856211358,0.006636437122735359,0.03785654567403822,ok
motif_cnn53_hl60_sequence_cnn_ism_632,cnn,cnn53,cnn_ism,single,sequence,GGAG,GGAG,GGAG,GGAG,GGAG,4,1,4,1.0,0.0,1:34,1,34,34,0.016083441045257302,+,1.0950643518744192,1.1154725856211358,0.006636437122735359,0.03785654567403822,ok
motif_cnn33_hl60_all_cnn_ism_633,cnn,cnn33,cnn_ism,single,all,ATTG,ATTG,ATTG,ATTG,ATTG,4,1,22,16.03030303030303,6.4830782064003385,1:5;17:4;19:24,1;17;19,33,33,-0.03534735815554632,-,0.9257752913912465,0.921963828606088,0.8679525190297481,0.9999999999999979,ok
motif_cnn53_hek293t_all_cnn_ism_634,cnn,cnn53,cnn_ism,all,all,ATGG,ATGG,ATGG,ATGG,ATGG,4,19,22,19.0,0.0,19:33,19,33,33,-0.018316591577690472,-,1.0762208775730724,1.0928899936560723,0.0212906976785494,0.07199328699550725,ok
motif_cnn53_hl60_sequence_cnn_ism_635,cnn,cnn53,cnn_ism,all,sequence,GCTG,GCTG,GCTG,GCTG,GCTG,4,17,20,17.0,0.0,17:33,17,33,33,0.044458812174728884,+,0.8208411528422178,0.790836302621284,0.9999999057602148,0.9999999999999979,ok
motif_cnn53_hct116_sequence_cnn_ism_636,cnn,cnn53,cnn_ism,single,sequence,GAGG,GAGG,GAGG,GAGG,GAGG,4,18,21,18.0,0.0,18:33,18,33,33,0.09608047578878448,+,1.125826317075742,1.1660859314218486,4.4925369091345575e-05,0.00047533938909552736,ok
motif_cnn73_hek293t_all_cnn_ism_637,cnn,cnn73,cnn_ism,single,all,AGGA,AGGA,AGGA,AGGA,AGGA,4,18,21,18.0,0.0,18:33,18,33,33,0.0034250413945710323,+,1.0449668192070507,1.0525754180576516,0.14309125978930567,0.32368229800615356,ok
motif_cnn33_hl60_all_cnn_ism_638,cnn,cnn33,cnn_ism,single,all,GTTGG,GTTGG,GTTGG,GTTGG,GTTGG,5,18,23,18.875,0.3360107525161235,18:4;19:28,18;19,32,32,-0.009941843868262162,-,0.9591589669375488,0.9581831393277958,0.6714981611640272,0.9999999999999979,ok
motif_cnn53_hek293t_all_cnn_ism_639,cnn,cnn53,cnn_ism,single,all,GCTT,GCTT,GCTT,GCTT,GCTT,4,1,21,14.0,7.002303768369102,1:7;17:9;18:16,1;17;18,32,32,0.029654169661982394,+,0.8638220276126901,0.8553714060793374,0.9900761033201787,0.9999999999999979,ok
motif_cnn53_hek293t_sequence_cnn_ism_640,cnn,cnn53,cnn_ism,single,sequence,GCTT,GCTT,GCTT,GCTT,GCTT,4,1,21,13.5,7.34407814984071,1:8;17:8;18:16,1;17;18,32,32,0.015117149448924339,+,0.8638220276126901,0.8553714060793374,0.9900761033201787,0.9999999999999979,ok
motif_cnn53_hl60_sequence_cnn_ism_641,cnn,cnn53,cnn_ism,single,sequence,AGGTG,AGGTG,AGGTG,AGGTG,AGGTG,5,1,22,14.84375,6.677402310247842,1:5;2:1;18:26,1;2;18,32,32,0.021262883615648404,+,1.050850537248825,1.0530981809428608,0.27750016584024745,0.5988161473394813,ok
motif_cnn33_hela_sequence_cnn_ism_642,cnn,cnn33,cnn_ism,all,sequence,GGGTGCCCTGG,GGTTGCCATGG,RGNWSCCATGG,(A/G)G(A/C/G/T)(A/T)(C/G)CCATGG,[AG]G[ACGT][AT][CG]CCATGG,11,13,23,13.0,0.0,13:31,13,31,31,0.07159438862000311,+,3.189761215629522,3.198510715583,0.0004944416258849419,0.0044432014600071495,exploratory
motif_cnn33_hl60_all_cnn_ism_643,cnn,cnn33,cnn_ism,single,all,TTTGG,TTTGG,TTTGG,TTTGG,TTTGG,5,18,23,18.870967741935484,0.3407771005482389,18:4;19:27,18;19,31,31,-0.07053159436747408,-,0.8971203418958033,0.8952442899244797,0.833523598104934,0.9999999999999979,ok
motif_cnn33_hl60_sequence_cnn_ism_644,cnn,cnn33,cnn_ism,single,sequence,TTTG,TTTG,TTTG,TTTG,TTTG,4,18,22,18.870967741935484,0.3407771005482389,18:4;19:27,18;19,31,31,-0.07053159436747408,-,0.7408204548575532,0.7285440459364446,0.9999914494247242,0.9999999999999979,ok
motif_cnn33_hl60_sequence_cnn_ism_645,cnn,cnn33,cnn_ism,single,sequence,TTTGG,TTTGG,TTTGG,TTTGG,TTTGG,5,18,23,18.870967741935484,0.3407771005482389,18:4;19:27,18;19,31,31,-0.07053159436747408,-,0.8971203418958033,0.8952442899244797,0.833523598104934,0.9999999999999979,ok
motif_cnn53_hek293t_sequence_cnn_ism_646,cnn,cnn53,cnn_ism,all,sequence,GTGG,GTGG,GTGG,GTGG,GTGG,4,18,22,18.741935483870968,0.44480272297456935,18:8;19:23,18;19,31,31,-0.0029296851603314022,-,1.0452449472577903,1.054610058611586,0.11704755263572675,0.2713187085831687,ok
motif_cnn53_hek293t_all_cnn_ism_647,cnn,cnn53,cnn_ism,single,all,TGTT,TGTT,TGTT,TGTT,TGTT,4,17,21,17.580645161290324,0.5016103101271009,17:13;18:18,17;18,31,31,-0.005705992742239874,-,0.7782984784305437,0.7667809683661361,0.9999014940992814,0.9999999999999979,ok
motif_cnn53_hl60_sequence_cnn_ism_648,cnn,cnn53,cnn_ism,single,sequence,TGGT,TGGT,TGGT,TGGT,TGGT,4,1,21,8.451612903225806,8.25767808235632,1:8;2:10;18:13,1;2;18,31,31,0.04586251477971198,+,1.0051651383168205,1.0055810955073075,0.4758546877536645,0.9909862703695362,ok
motif_cnn33_hek293t_all_cnn_ism_649,cnn,cnn33,cnn_ism,all,all,ATTGG,ATTGG,ATTGG,ATTGG,ATTGG,5,19,23,19.0,0.0,19:30,19,30,30,0.016921228371441638,+,0.958539355201801,0.9578918896850185,0.6494883530033986,0.9999999999999979,ok
motif_cnn33_hek293t_all_cnn_ism_650,cnn,cnn33,cnn_ism,all,all,ATTG,ATTG,ATTG,ATTG,ATTG,4,19,22,19.0,0.0,19:30,19,30,30,0.016921228371441638,+,0.9257752913912465,0.921963828606088,0.8679525190297481,0.9999999999999979,ok
motif_cnn33_hek293t_all_cnn_ism_651,cnn,cnn33,cnn_ism,all,all,GTTG,GTTG,GTTG,GTTG,GTTG,4,19,22,19.0,0.0,19:30,19,30,30,0.00612753007604222,+,0.8791341883327511,0.871855349655437,0.9780543548689602,0.9999999999999979,ok
motif_cnn33_hl60_all_cnn_ism_652,cnn,cnn33,cnn_ism,single,all,GTTG,GTTG,GTTG,GTTG,GTTG,4,17,22,18.866666666666667,0.5074162634049248,17:2;19:28,17;19,30,30,-0.0102962751864486,-,0.8791341883327511,0.871855349655437,0.9780543548689602,0.9999999999999979,ok
motif_cnn33_hl60_sequence_cnn_ism_653,cnn,cnn33,cnn_ism,single,sequence,GTTG,GTTG,GTTG,GTTG,GTTG,4,18,22,18.833333333333332,0.3790490217894517,18:5;19:25,18;19,30,30,-0.007297780984117291,-,0.8791341883327511,0.871855349655437,0.9780543548689602,0.9999999999999979,ok
motif_cnn53_hek293t_sequence_cnn_ism_654,cnn,cnn53,cnn_ism,all,sequence,TTGG,TTGG,TTGG,TTGG,TTGG,4,18,22,18.533333333333335,0.5074162634049248,18:14;19:16,18;19,30,30,0.017477987902631525,+,0.8575293885479466,0.8441674831604765,0.9986608964088999,0.9999999999999979,ok
motif_cnn53_hek293t_sequence_cnn_ism_655,cnn,cnn53,cnn_ism,all,sequence,TTGGG,TTGGG,TTGGG,TTGGG,TTGGG,5,18,23,18.533333333333335,0.5074162634049248,18:14;19:16,18;19,30,30,0.017477987902631525,+,0.8160193150993752,0.8133176897704381,0.948264232204172,0.9999999999999979,ok
motif_cnn53_hek293t_sequence_cnn_ism_656,cnn,cnn53,cnn_ism,all,sequence,GTGGG,GTGGG,GTGGG,GTGGG,GTGGG,5,18,23,18.766666666666666,0.4301830671520763,18:7;19:23,18;19,30,30,-7.068277917168797e-05,-,0.9472624216111916,0.9463797437312244,0.6874192580254982,0.9999999999999979,ok
