feature,channel,position,model,architecture,split_type,cell_line,environment,method,importance,snr,effect,attention_entropy,source_file
C_pos_15,C,16,cnn,cnn33,single,labuhn,sequence,cnn_ism,0.0272704642266035,1.5708816051483154,,,cnn_feature_importance.csv
C_pos_2,C,3,cnn,cnn33,single,labuhn,sequence,cnn_ism,0.0260372888296842,1.205098032951355,,,cnn_feature_importance.csv
C_pos_19,C,20,cnn,cnn33,single,labuhn,sequence,cnn_ism,0.024751678109169,1.1503111124038696,,,cnn_feature_importance.csv
T_pos_22,T,23,cnn,cnn33,single,labuhn,sequence,cnn_ism,0.0246897656470537,2.3059818744659424,,,cnn_feature_importance.csv
C_pos_7,C,8,cnn,cnn33,single,labuhn,sequence,cnn_ism,0.02345747128129,1.3635075092315674,,,cnn_feature_importance.csv
C_pos_22,C,23,cnn,cnn33,single,labuhn,sequence,cnn_ism,0.0233408920466899,1.8975210189819336,,,cnn_feature_importance.csv
C_pos_16,C,17,cnn,cnn33,single,labuhn,sequence,cnn_ism,0.0233263969421386,1.5112059116363523,,,cnn_feature_importance.csv
C_pos_5,C,6,cnn,cnn33,single,labuhn,sequence,cnn_ism,0.023283353075385,1.3265396356582642,,,cnn_feature_importance.csv
C_pos_11,C,12,cnn,cnn33,single,labuhn,sequence,cnn_ism,0.0226953718811273,1.50403892993927,,,cnn_feature_importance.csv
C_pos_6,C,7,cnn,cnn33,single,labuhn,sequence,cnn_ism,0.0225563701242208,1.2509515285491943,,,cnn_feature_importance.csv
C_pos_14,C,15,cnn,cnn33,single,labuhn,sequence,cnn_ism,0.0225085597485303,1.3007806539535522,,,cnn_feature_importance.csv
C_pos_21,C,22,cnn,cnn33,single,labuhn,sequence,cnn_ism,0.0220368523150682,1.5856733322143557,,,cnn_feature_importance.csv
C_pos_20,C,21,cnn,cnn33,single,labuhn,sequence,cnn_ism,0.0219614766538143,1.2394680976867676,,,cnn_feature_importance.csv
C_pos_13,C,14,cnn,cnn33,single,labuhn,sequence,cnn_ism,0.0217720195651054,1.063876032829285,,,cnn_feature_importance.csv
C_pos_3,C,4,cnn,cnn33,single,labuhn,sequence,cnn_ism,0.0215547569096088,1.4262124300003052,,,cnn_feature_importance.csv
A_pos_7,A,8,cnn,cnn33,single,labuhn,sequence,cnn_ism,0.0212933700531721,1.2450265884399414,,,cnn_feature_importance.csv
G_pos_20,G,21,cnn,cnn33,single,labuhn,sequence,cnn_ism,0.0212081000208854,1.6541049480438232,,,cnn_feature_importance.csv
C_pos_12,C,13,cnn,cnn33,single,labuhn,sequence,cnn_ism,0.0206661950796842,1.3412710428237915,,,cnn_feature_importance.csv
C_pos_17,C,18,cnn,cnn33,single,labuhn,sequence,cnn_ism,0.0202436298131942,1.2695157527923584,,,cnn_feature_importance.csv
A_pos_18,A,19,cnn,cnn33,single,labuhn,sequence,cnn_ism,0.0200871098786592,1.2193673849105835,,,cnn_feature_importance.csv
G_pos_19,G,20,cnn,cnn33,single,labuhn,sequence,cnn_ism,0.0200794544070959,1.3442258834838867,,,cnn_feature_importance.csv
T_pos_20,T,21,cnn,cnn33,single,labuhn,sequence,cnn_ism,0.0198299437761306,1.427667260169983,,,cnn_feature_importance.csv
C_pos_1,C,2,cnn,cnn33,single,labuhn,sequence,cnn_ism,0.0196583829820156,1.6942005157470703,,,cnn_feature_importance.csv
C_pos_9,C,10,cnn,cnn33,single,labuhn,sequence,cnn_ism,0.0190102942287921,1.259842038154602,,,cnn_feature_importance.csv
C_pos_4,C,5,cnn,cnn33,single,labuhn,sequence,cnn_ism,0.0189067479223012,1.4344676733016968,,,cnn_feature_importance.csv
A_pos_3,A,4,cnn,cnn33,single,labuhn,sequence,cnn_ism,0.0187229551374912,1.2113966941833496,,,cnn_feature_importance.csv
C_pos_10,C,11,cnn,cnn33,single,labuhn,sequence,cnn_ism,0.018696641549468,1.208817720413208,,,cnn_feature_importance.csv
C_pos_18,C,19,cnn,cnn33,single,labuhn,sequence,cnn_ism,0.0186379235237836,1.4433417320251465,,,cnn_feature_importance.csv
C_pos_8,C,9,cnn,cnn33,single,labuhn,sequence,cnn_ism,0.0183622352778911,1.4150073528289795,,,cnn_feature_importance.csv
T_pos_2,T,3,cnn,cnn33,single,labuhn,sequence,cnn_ism,0.0181085169315338,1.7662575244903564,,,cnn_feature_importance.csv
G_pos_7,G,8,cnn,cnn33,single,labuhn,sequence,cnn_ism,0.0179121419787406,1.3299601078033447,,,cnn_feature_importance.csv
G_pos_8,G,9,cnn,cnn33,single,labuhn,sequence,cnn_ism,0.0178815983235836,1.499297022819519,,,cnn_feature_importance.csv
A_pos_4,A,5,cnn,cnn33,single,labuhn,sequence,cnn_ism,0.0178208351135253,1.189565658569336,,,cnn_feature_importance.csv
A_pos_14,A,15,cnn,cnn33,single,labuhn,sequence,cnn_ism,0.0177742410451173,1.3543264865875244,,,cnn_feature_importance.csv
G_pos_21,G,22,cnn,cnn33,single,labuhn,sequence,cnn_ism,0.0175776444375515,1.5503675937652588,,,cnn_feature_importance.csv
T_pos_0,T,1,cnn,cnn33,single,labuhn,sequence,cnn_ism,0.0170851554721593,1.3845171928405762,,,cnn_feature_importance.csv
T_pos_5,T,6,cnn,cnn33,single,labuhn,sequence,cnn_ism,0.0170293878763914,1.3315011262893677,,,cnn_feature_importance.csv
A_pos_5,A,6,cnn,cnn33,single,labuhn,sequence,cnn_ism,0.0170132555067539,1.2649743556976318,,,cnn_feature_importance.csv
A_pos_13,A,14,cnn,cnn33,single,labuhn,sequence,cnn_ism,0.0169562306255102,1.2257055044174194,,,cnn_feature_importance.csv
A_pos_2,A,3,cnn,cnn33,single,labuhn,sequence,cnn_ism,0.0169368777424097,0.9897658228874208,,,cnn_feature_importance.csv
G_pos_5,G,6,cnn,cnn33,single,labuhn,sequence,cnn_ism,0.0168905779719352,1.259696364402771,,,cnn_feature_importance.csv
A_pos_20,A,21,cnn,cnn33,single,labuhn,sequence,cnn_ism,0.016738349571824,1.4718326330184937,,,cnn_feature_importance.csv
T_pos_7,T,8,cnn,cnn33,single,labuhn,sequence,cnn_ism,0.016735466197133,1.4743826389312744,,,cnn_feature_importance.csv
A_pos_15,A,16,cnn,cnn33,single,labuhn,sequence,cnn_ism,0.0166875831782817,1.3344637155532837,,,cnn_feature_importance.csv
A_pos_11,A,12,cnn,cnn33,single,labuhn,sequence,cnn_ism,0.0166352204978466,1.179774045944214,,,cnn_feature_importance.csv
A_pos_16,A,17,cnn,cnn33,single,labuhn,sequence,cnn_ism,0.0165783986449241,1.1004239320755005,,,cnn_feature_importance.csv
G_pos_4,G,5,cnn,cnn33,single,labuhn,sequence,cnn_ism,0.0164143200963735,1.245759129524231,,,cnn_feature_importance.csv
G_pos_6,G,7,cnn,cnn33,single,labuhn,sequence,cnn_ism,0.0163461938500404,1.365755319595337,,,cnn_feature_importance.csv
T_pos_13,T,14,cnn,cnn33,single,labuhn,sequence,cnn_ism,0.0162862055003643,1.4726054668426514,,,cnn_feature_importance.csv
T_pos_19,T,20,cnn,cnn33,single,labuhn,sequence,cnn_ism,0.0160386711359024,1.336292743682861,,,cnn_feature_importance.csv
T_pos_12,T,13,cnn,cnn33,single,labuhn,sequence,cnn_ism,0.0160226970911026,1.2991734743118286,,,cnn_feature_importance.csv
G_pos_15,G,16,cnn,cnn33,single,labuhn,sequence,cnn_ism,0.015785714611411,1.3017045259475708,,,cnn_feature_importance.csv
T_pos_3,T,4,cnn,cnn33,single,labuhn,sequence,cnn_ism,0.0157357882708311,1.0949108600616455,,,cnn_feature_importance.csv
T_pos_11,T,12,cnn,cnn33,single,labuhn,sequence,cnn_ism,0.015732804313302,1.206805944442749,,,cnn_feature_importance.csv
A_pos_8,A,9,cnn,cnn33,single,labuhn,sequence,cnn_ism,0.0157017074525356,1.0651711225509644,,,cnn_feature_importance.csv
A_pos_10,A,11,cnn,cnn33,single,labuhn,sequence,cnn_ism,0.015628395602107,1.2449300289154053,,,cnn_feature_importance.csv
A_pos_12,A,13,cnn,cnn33,single,labuhn,sequence,cnn_ism,0.0155742298811674,1.4398130178451538,,,cnn_feature_importance.csv
T_pos_14,T,15,cnn,cnn33,single,labuhn,sequence,cnn_ism,0.0155646158382296,1.4247463941574097,,,cnn_feature_importance.csv
T_pos_4,T,5,cnn,cnn33,single,labuhn,sequence,cnn_ism,0.0155469859018921,1.6830830574035645,,,cnn_feature_importance.csv
G_pos_3,G,4,cnn,cnn33,single,labuhn,sequence,cnn_ism,0.0153895542025566,1.327229380607605,,,cnn_feature_importance.csv
G_pos_2,G,3,cnn,cnn33,single,labuhn,sequence,cnn_ism,0.0153693864122033,1.1346924304962158,,,cnn_feature_importance.csv
G_pos_18,G,19,cnn,cnn33,single,labuhn,sequence,cnn_ism,0.0151985678821802,1.263168215751648,,,cnn_feature_importance.csv
A_pos_9,A,10,cnn,cnn33,single,labuhn,sequence,cnn_ism,0.0151980612426996,1.214031457901001,,,cnn_feature_importance.csv
G_pos_14,G,15,cnn,cnn33,single,labuhn,sequence,cnn_ism,0.0151473600417375,1.1660759449005127,,,cnn_feature_importance.csv
T_pos_17,T,18,cnn,cnn33,single,labuhn,sequence,cnn_ism,0.0149590205401182,1.2655458450317385,,,cnn_feature_importance.csv
A_pos_19,A,20,cnn,cnn33,single,labuhn,sequence,cnn_ism,0.0149529445916414,1.2693217992782593,,,cnn_feature_importance.csv
G_pos_12,G,13,cnn,cnn33,single,labuhn,sequence,cnn_ism,0.0148362899199128,1.432281255722046,,,cnn_feature_importance.csv
G_pos_16,G,17,cnn,cnn33,single,labuhn,sequence,cnn_ism,0.0148074878379702,1.2678756713867188,,,cnn_feature_importance.csv
A_pos_6,A,7,cnn,cnn33,single,labuhn,sequence,cnn_ism,0.0147530902177095,0.927116632461548,,,cnn_feature_importance.csv
G_pos_10,G,11,cnn,cnn33,single,labuhn,sequence,cnn_ism,0.0147312665358185,1.20985746383667,,,cnn_feature_importance.csv
G_pos_13,G,14,cnn,cnn33,single,labuhn,sequence,cnn_ism,0.0146593637764453,1.250470757484436,,,cnn_feature_importance.csv
T_pos_18,T,19,cnn,cnn33,single,labuhn,sequence,cnn_ism,0.0145453661680221,1.189854621887207,,,cnn_feature_importance.csv
A_pos_17,A,18,cnn,cnn33,single,labuhn,sequence,cnn_ism,0.0145368492230772,1.4209740161895752,,,cnn_feature_importance.csv
T_pos_15,T,16,cnn,cnn33,single,labuhn,sequence,cnn_ism,0.0144719798117876,1.1291210651397705,,,cnn_feature_importance.csv
G_pos_0,G,1,cnn,cnn33,single,labuhn,sequence,cnn_ism,0.0143424207344651,1.224918007850647,,,cnn_feature_importance.csv
G_pos_11,G,12,cnn,cnn33,single,labuhn,sequence,cnn_ism,0.0143098002299666,1.3309612274169922,,,cnn_feature_importance.csv
C_pos_0,C,1,cnn,cnn33,single,labuhn,sequence,cnn_ism,0.0142977703362703,1.0826038122177124,,,cnn_feature_importance.csv
T_pos_16,T,17,cnn,cnn33,single,labuhn,sequence,cnn_ism,0.0142575073987245,1.3256587982177734,,,cnn_feature_importance.csv
T_pos_9,T,10,cnn,cnn33,single,labuhn,sequence,cnn_ism,0.0137889254838228,1.1782251596450806,,,cnn_feature_importance.csv
G_pos_17,G,18,cnn,cnn33,single,labuhn,sequence,cnn_ism,0.0135049214586615,1.4909697771072388,,,cnn_feature_importance.csv
T_pos_8,T,9,cnn,cnn33,single,labuhn,sequence,cnn_ism,0.0134374955669045,1.297667145729065,,,cnn_feature_importance.csv
G_pos_1,G,2,cnn,cnn33,single,labuhn,sequence,cnn_ism,0.0132873179391026,1.386810541152954,,,cnn_feature_importance.csv
G_pos_9,G,10,cnn,cnn33,single,labuhn,sequence,cnn_ism,0.0131282592192292,1.3476136922836304,,,cnn_feature_importance.csv
A_pos_1,A,2,cnn,cnn33,single,labuhn,sequence,cnn_ism,0.013123283162713,1.119221568107605,,,cnn_feature_importance.csv
A_pos_0,A,1,cnn,cnn33,single,labuhn,sequence,cnn_ism,0.012922435067594,1.1406042575836182,,,cnn_feature_importance.csv
T_pos_21,T,22,cnn,cnn33,single,labuhn,sequence,cnn_ism,0.0126138823106884,1.411595582962036,,,cnn_feature_importance.csv
T_pos_10,T,11,cnn,cnn33,single,labuhn,sequence,cnn_ism,0.0124990502372384,1.1571259498596191,,,cnn_feature_importance.csv
T_pos_6,T,7,cnn,cnn33,single,labuhn,sequence,cnn_ism,0.0123152872547507,1.4695650339126587,,,cnn_feature_importance.csv
T_pos_1,T,2,cnn,cnn33,single,labuhn,sequence,cnn_ism,0.0121669610962271,1.682342529296875,,,cnn_feature_importance.csv
A_pos_21,A,22,cnn,cnn33,single,labuhn,sequence,cnn_ism,0.0113832224160432,1.4075044393539429,,,cnn_feature_importance.csv
A_pos_22,A,23,cnn,cnn33,single,labuhn,sequence,cnn_ism,0.0075855520553886,1.215477705001831,,,cnn_feature_importance.csv
G_pos_22,G,23,cnn,cnn33,single,labuhn,sequence,cnn_ism,0.0067428783513605,1.0967260599136353,,,cnn_feature_importance.csv
C_pos_15,C,16,cnn,cnn33,single,labuhn,sequence,cnn_ig,0.0075295944698154,,,,cnn_feature_importance.csv
C_pos_2,C,3,cnn,cnn33,single,labuhn,sequence,cnn_ig,0.0074429572559893,,,,cnn_feature_importance.csv
C_pos_19,C,20,cnn,cnn33,single,labuhn,sequence,cnn_ig,0.01220612693578,,,,cnn_feature_importance.csv
T_pos_22,T,23,cnn,cnn33,single,labuhn,sequence,cnn_ig,0.0,,,,cnn_feature_importance.csv
C_pos_7,C,8,cnn,cnn33,single,labuhn,sequence,cnn_ig,0.0064021460711956,,,,cnn_feature_importance.csv
C_pos_22,C,23,cnn,cnn33,single,labuhn,sequence,cnn_ig,0.0,,,,cnn_feature_importance.csv
C_pos_16,C,17,cnn,cnn33,single,labuhn,sequence,cnn_ig,0.003649118123576,,,,cnn_feature_importance.csv
C_pos_5,C,6,cnn,cnn33,single,labuhn,sequence,cnn_ig,0.003458424238488,,,,cnn_feature_importance.csv
C_pos_11,C,12,cnn,cnn33,single,labuhn,sequence,cnn_ig,0.0068162605166435,,,,cnn_feature_importance.csv
C_pos_6,C,7,cnn,cnn33,single,labuhn,sequence,cnn_ig,0.004612626042217,,,,cnn_feature_importance.csv
C_pos_14,C,15,cnn,cnn33,single,labuhn,sequence,cnn_ig,0.0059836981818079,,,,cnn_feature_importance.csv
C_pos_21,C,22,cnn,cnn33,single,labuhn,sequence,cnn_ig,0.0,,,,cnn_feature_importance.csv
C_pos_20,C,21,cnn,cnn33,single,labuhn,sequence,cnn_ig,0.0079024815931916,,,,cnn_feature_importance.csv
C_pos_13,C,14,cnn,cnn33,single,labuhn,sequence,cnn_ig,0.0083236554637551,,,,cnn_feature_importance.csv
C_pos_3,C,4,cnn,cnn33,single,labuhn,sequence,cnn_ig,0.0057528209872543,,,,cnn_feature_importance.csv
A_pos_7,A,8,cnn,cnn33,single,labuhn,sequence,cnn_ig,0.006561099551618,,,,cnn_feature_importance.csv
G_pos_20,G,21,cnn,cnn33,single,labuhn,sequence,cnn_ig,0.0022722124122083,,,,cnn_feature_importance.csv
C_pos_12,C,13,cnn,cnn33,single,labuhn,sequence,cnn_ig,0.0068034660071134,,,,cnn_feature_importance.csv
C_pos_17,C,18,cnn,cnn33,single,labuhn,sequence,cnn_ig,0.0062993359751999,,,,cnn_feature_importance.csv
A_pos_18,A,19,cnn,cnn33,single,labuhn,sequence,cnn_ig,0.0060772998258471,,,,cnn_feature_importance.csv
G_pos_19,G,20,cnn,cnn33,single,labuhn,sequence,cnn_ig,0.0021545195486396,,,,cnn_feature_importance.csv
T_pos_20,T,21,cnn,cnn33,single,labuhn,sequence,cnn_ig,0.0119978059083223,,,,cnn_feature_importance.csv
C_pos_1,C,2,cnn,cnn33,single,labuhn,sequence,cnn_ig,0.003530915826559,,,,cnn_feature_importance.csv
C_pos_9,C,10,cnn,cnn33,single,labuhn,sequence,cnn_ig,0.0027294505853205,,,,cnn_feature_importance.csv
C_pos_4,C,5,cnn,cnn33,single,labuhn,sequence,cnn_ig,0.0053526810370385,,,,cnn_feature_importance.csv
A_pos_3,A,4,cnn,cnn33,single,labuhn,sequence,cnn_ig,0.0036261656787246,,,,cnn_feature_importance.csv
C_pos_10,C,11,cnn,cnn33,single,labuhn,sequence,cnn_ig,0.0055226790718734,,,,cnn_feature_importance.csv
C_pos_18,C,19,cnn,cnn33,single,labuhn,sequence,cnn_ig,0.0043595791794359,,,,cnn_feature_importance.csv
C_pos_8,C,9,cnn,cnn33,single,labuhn,sequence,cnn_ig,0.0062349829822778,,,,cnn_feature_importance.csv
T_pos_2,T,3,cnn,cnn33,single,labuhn,sequence,cnn_ig,0.0024113666731864,,,,cnn_feature_importance.csv
G_pos_7,G,8,cnn,cnn33,single,labuhn,sequence,cnn_ig,0.004435361828655,,,,cnn_feature_importance.csv
G_pos_8,G,9,cnn,cnn33,single,labuhn,sequence,cnn_ig,0.0030517496634274,,,,cnn_feature_importance.csv
A_pos_4,A,5,cnn,cnn33,single,labuhn,sequence,cnn_ig,0.0049756867811083,,,,cnn_feature_importance.csv
A_pos_14,A,15,cnn,cnn33,single,labuhn,sequence,cnn_ig,0.0029952945187687,,,,cnn_feature_importance.csv
G_pos_21,G,22,cnn,cnn33,single,labuhn,sequence,cnn_ig,0.0089521938934922,,,,cnn_feature_importance.csv
T_pos_0,T,1,cnn,cnn33,single,labuhn,sequence,cnn_ig,0.005173195619136,,,,cnn_feature_importance.csv
T_pos_5,T,6,cnn,cnn33,single,labuhn,sequence,cnn_ig,0.0064001199789345,,,,cnn_feature_importance.csv
A_pos_5,A,6,cnn,cnn33,single,labuhn,sequence,cnn_ig,0.0034323693253099,,,,cnn_feature_importance.csv
A_pos_13,A,14,cnn,cnn33,single,labuhn,sequence,cnn_ig,0.0031269474420696,,,,cnn_feature_importance.csv
A_pos_2,A,3,cnn,cnn33,single,labuhn,sequence,cnn_ig,0.0055748121812939,,,,cnn_feature_importance.csv
G_pos_5,G,6,cnn,cnn33,single,labuhn,sequence,cnn_ig,0.0040865768678486,,,,cnn_feature_importance.csv
A_pos_20,A,21,cnn,cnn33,single,labuhn,sequence,cnn_ig,0.0028972630389034,,,,cnn_feature_importance.csv
T_pos_7,T,8,cnn,cnn33,single,labuhn,sequence,cnn_ig,0.0036938863340765,,,,cnn_feature_importance.csv
A_pos_15,A,16,cnn,cnn33,single,labuhn,sequence,cnn_ig,0.0054436116479337,,,,cnn_feature_importance.csv
A_pos_11,A,12,cnn,cnn33,single,labuhn,sequence,cnn_ig,0.0050311260856688,,,,cnn_feature_importance.csv
A_pos_16,A,17,cnn,cnn33,single,labuhn,sequence,cnn_ig,0.0056750671938061,,,,cnn_feature_importance.csv
G_pos_4,G,5,cnn,cnn33,single,labuhn,sequence,cnn_ig,0.0031340548302978,,,,cnn_feature_importance.csv
G_pos_6,G,7,cnn,cnn33,single,labuhn,sequence,cnn_ig,0.0034739428665488,,,,cnn_feature_importance.csv
T_pos_13,T,14,cnn,cnn33,single,labuhn,sequence,cnn_ig,0.0032944292761385,,,,cnn_feature_importance.csv
T_pos_19,T,20,cnn,cnn33,single,labuhn,sequence,cnn_ig,0.0034503021743148,,,,cnn_feature_importance.csv
T_pos_12,T,13,cnn,cnn33,single,labuhn,sequence,cnn_ig,0.0040777013637125,,,,cnn_feature_importance.csv
G_pos_15,G,16,cnn,cnn33,single,labuhn,sequence,cnn_ig,0.0036208047531545,,,,cnn_feature_importance.csv
T_pos_3,T,4,cnn,cnn33,single,labuhn,sequence,cnn_ig,0.0037898449227213,,,,cnn_feature_importance.csv
T_pos_11,T,12,cnn,cnn33,single,labuhn,sequence,cnn_ig,0.0037099607288837,,,,cnn_feature_importance.csv
A_pos_8,A,9,cnn,cnn33,single,labuhn,sequence,cnn_ig,0.0047328574582934,,,,cnn_feature_importance.csv
A_pos_10,A,11,cnn,cnn33,single,labuhn,sequence,cnn_ig,0.0047412072308361,,,,cnn_feature_importance.csv
A_pos_12,A,13,cnn,cnn33,single,labuhn,sequence,cnn_ig,0.0041565592400729,,,,cnn_feature_importance.csv
T_pos_14,T,15,cnn,cnn33,single,labuhn,sequence,cnn_ig,0.0028490936383605,,,,cnn_feature_importance.csv
T_pos_4,T,5,cnn,cnn33,single,labuhn,sequence,cnn_ig,0.0021111676469445,,,,cnn_feature_importance.csv
G_pos_3,G,4,cnn,cnn33,single,labuhn,sequence,cnn_ig,0.0049434946849942,,,,cnn_feature_importance.csv
G_pos_2,G,3,cnn,cnn33,single,labuhn,sequence,cnn_ig,0.0037442278116941,,,,cnn_feature_importance.csv
G_pos_18,G,19,cnn,cnn33,single,labuhn,sequence,cnn_ig,0.0019273164216428,,,,cnn_feature_importance.csv
A_pos_9,A,10,cnn,cnn33,single,labuhn,sequence,cnn_ig,0.0028068299870938,,,,cnn_feature_importance.csv
G_pos_14,G,15,cnn,cnn33,single,labuhn,sequence,cnn_ig,0.004330757074058,,,,cnn_feature_importance.csv
T_pos_17,T,18,cnn,cnn33,single,labuhn,sequence,cnn_ig,0.0025520254857838,,,,cnn_feature_importance.csv
A_pos_19,A,20,cnn,cnn33,single,labuhn,sequence,cnn_ig,0.0049237618222832,,,,cnn_feature_importance.csv
G_pos_12,G,13,cnn,cnn33,single,labuhn,sequence,cnn_ig,0.0039139669388532,,,,cnn_feature_importance.csv
G_pos_16,G,17,cnn,cnn33,single,labuhn,sequence,cnn_ig,0.0032996828667819,,,,cnn_feature_importance.csv
A_pos_6,A,7,cnn,cnn33,single,labuhn,sequence,cnn_ig,0.0047107064165174,,,,cnn_feature_importance.csv
G_pos_10,G,11,cnn,cnn33,single,labuhn,sequence,cnn_ig,0.0029936579521745,,,,cnn_feature_importance.csv
G_pos_13,G,14,cnn,cnn33,single,labuhn,sequence,cnn_ig,0.002486276673153,,,,cnn_feature_importance.csv
T_pos_18,T,19,cnn,cnn33,single,labuhn,sequence,cnn_ig,0.0053008156828582,,,,cnn_feature_importance.csv
A_pos_17,A,18,cnn,cnn33,single,labuhn,sequence,cnn_ig,0.0040814229287207,,,,cnn_feature_importance.csv
T_pos_15,T,16,cnn,cnn33,single,labuhn,sequence,cnn_ig,0.002269037766382,,,,cnn_feature_importance.csv
G_pos_0,G,1,cnn,cnn33,single,labuhn,sequence,cnn_ig,0.0066055296920239,,,,cnn_feature_importance.csv
G_pos_11,G,12,cnn,cnn33,single,labuhn,sequence,cnn_ig,0.0027593520935624,,,,cnn_feature_importance.csv
C_pos_0,C,1,cnn,cnn33,single,labuhn,sequence,cnn_ig,0.0020615775138139,,,,cnn_feature_importance.csv
T_pos_16,T,17,cnn,cnn33,single,labuhn,sequence,cnn_ig,0.0026456664782017,,,,cnn_feature_importance.csv
T_pos_9,T,10,cnn,cnn33,single,labuhn,sequence,cnn_ig,0.0064463801681995,,,,cnn_feature_importance.csv
G_pos_17,G,18,cnn,cnn33,single,labuhn,sequence,cnn_ig,0.0029326868243515,,,,cnn_feature_importance.csv
T_pos_8,T,9,cnn,cnn33,single,labuhn,sequence,cnn_ig,0.0038618145044893,,,,cnn_feature_importance.csv
G_pos_1,G,2,cnn,cnn33,single,labuhn,sequence,cnn_ig,0.0036232590209692,,,,cnn_feature_importance.csv
G_pos_9,G,10,cnn,cnn33,single,labuhn,sequence,cnn_ig,0.0037611969746649,,,,cnn_feature_importance.csv
A_pos_1,A,2,cnn,cnn33,single,labuhn,sequence,cnn_ig,0.002069923793897,,,,cnn_feature_importance.csv
A_pos_0,A,1,cnn,cnn33,single,labuhn,sequence,cnn_ig,0.0027890529017895,,,,cnn_feature_importance.csv
T_pos_21,T,22,cnn,cnn33,single,labuhn,sequence,cnn_ig,0.0,,,,cnn_feature_importance.csv
T_pos_10,T,11,cnn,cnn33,single,labuhn,sequence,cnn_ig,0.0036286138929426,,,,cnn_feature_importance.csv
T_pos_6,T,7,cnn,cnn33,single,labuhn,sequence,cnn_ig,0.0038905635010451,,,,cnn_feature_importance.csv
T_pos_1,T,2,cnn,cnn33,single,labuhn,sequence,cnn_ig,0.0028002015314996,,,,cnn_feature_importance.csv
A_pos_21,A,22,cnn,cnn33,single,labuhn,sequence,cnn_ig,0.0,,,,cnn_feature_importance.csv
A_pos_22,A,23,cnn,cnn33,single,labuhn,sequence,cnn_ig,0.0,,,,cnn_feature_importance.csv
G_pos_22,G,23,cnn,cnn33,single,labuhn,sequence,cnn_ig,0.0031429817900061,,,,cnn_feature_importance.csv
G_pos_19,G,20,cnn,cnn53,single,labuhn,sequence,cnn_ism,0.0488398894667625,2.855135679244995,,,cnn_feature_importance.csv
G_pos_20,G,21,cnn,cnn53,single,labuhn,sequence,cnn_ism,0.0342242084443569,2.731396198272705,,,cnn_feature_importance.csv
C_pos_16,C,17,cnn,cnn53,single,labuhn,sequence,cnn_ism,0.0287692472338676,1.5399397611618042,,,cnn_feature_importance.csv
C_pos_13,C,14,cnn,cnn53,single,labuhn,sequence,cnn_ism,0.0287310779094696,1.8732445240020752,,,cnn_feature_importance.csv
C_pos_15,C,16,cnn,cnn53,single,labuhn,sequence,cnn_ism,0.0285759884864091,1.64795184135437,,,cnn_feature_importance.csv
C_pos_11,C,12,cnn,cnn53,single,labuhn,sequence,cnn_ism,0.0278732664883136,1.5393835306167605,,,cnn_feature_importance.csv
T_pos_21,T,22,cnn,cnn53,single,labuhn,sequence,cnn_ism,0.0277349576354026,2.4807848930358887,,,cnn_feature_importance.csv
C_pos_14,C,15,cnn,cnn53,single,labuhn,sequence,cnn_ism,0.0275474768131971,1.536271095275879,,,cnn_feature_importance.csv
C_pos_5,C,6,cnn,cnn53,single,labuhn,sequence,cnn_ism,0.0273759178817272,1.8506736755371092,,,cnn_feature_importance.csv
C_pos_9,C,10,cnn,cnn53,single,labuhn,sequence,cnn_ism,0.0272411089390516,1.749940276145935,,,cnn_feature_importance.csv
C_pos_18,C,19,cnn,cnn53,single,labuhn,sequence,cnn_ism,0.0271640196442604,1.5672014951705933,,,cnn_feature_importance.csv
C_pos_17,C,18,cnn,cnn53,single,labuhn,sequence,cnn_ism,0.0268676578998565,1.7582244873046875,,,cnn_feature_importance.csv
C_pos_10,C,11,cnn,cnn53,single,labuhn,sequence,cnn_ism,0.0261465106159448,1.495729923248291,,,cnn_feature_importance.csv
C_pos_12,C,13,cnn,cnn53,single,labuhn,sequence,cnn_ism,0.0261268764734268,1.6543970108032229,,,cnn_feature_importance.csv
G_pos_18,G,19,cnn,cnn53,single,labuhn,sequence,cnn_ism,0.0254680048674345,1.3964539766311646,,,cnn_feature_importance.csv
C_pos_6,C,7,cnn,cnn53,single,labuhn,sequence,cnn_ism,0.0251339133828878,1.329967021942139,,,cnn_feature_importance.csv
C_pos_4,C,5,cnn,cnn53,single,labuhn,sequence,cnn_ism,0.0250403508543968,1.2105344533920288,,,cnn_feature_importance.csv
T_pos_7,T,8,cnn,cnn53,single,labuhn,sequence,cnn_ism,0.0249202903360128,1.4215871095657349,,,cnn_feature_importance.csv
A_pos_21,A,22,cnn,cnn53,single,labuhn,sequence,cnn_ism,0.0249172281473875,2.1521975994110107,,,cnn_feature_importance.csv
C_pos_8,C,9,cnn,cnn53,single,labuhn,sequence,cnn_ism,0.0244479030370712,1.57045316696167,,,cnn_feature_importance.csv
C_pos_7,C,8,cnn,cnn53,single,labuhn,sequence,cnn_ism,0.0243293214589357,1.3263442516326904,,,cnn_feature_importance.csv
G_pos_5,G,6,cnn,cnn53,single,labuhn,sequence,cnn_ism,0.0242128036916255,1.5535286664962769,,,cnn_feature_importance.csv
G_pos_4,G,5,cnn,cnn53,single,labuhn,sequence,cnn_ism,0.0239765755832195,1.296460509300232,,,cnn_feature_importance.csv
G_pos_3,G,4,cnn,cnn53,single,labuhn,sequence,cnn_ism,0.0236911363899707,1.6267683506011963,,,cnn_feature_importance.csv
T_pos_4,T,5,cnn,cnn53,single,labuhn,sequence,cnn_ism,0.0228419918566942,1.4880452156066897,,,cnn_feature_importance.csv
G_pos_2,G,3,cnn,cnn53,single,labuhn,sequence,cnn_ism,0.0226907152682542,1.4775055646896362,,,cnn_feature_importance.csv
C_pos_3,C,4,cnn,cnn53,single,labuhn,sequence,cnn_ism,0.0226901937276124,1.4392030239105225,,,cnn_feature_importance.csv
G_pos_6,G,7,cnn,cnn53,single,labuhn,sequence,cnn_ism,0.0223722755908966,1.6011778116226196,,,cnn_feature_importance.csv
C_pos_2,C,3,cnn,cnn53,single,labuhn,sequence,cnn_ism,0.0223123915493488,1.4748724699020386,,,cnn_feature_importance.csv
T_pos_8,T,9,cnn,cnn53,single,labuhn,sequence,cnn_ism,0.0222765877842903,1.522981882095337,,,cnn_feature_importance.csv
T_pos_5,T,6,cnn,cnn53,single,labuhn,sequence,cnn_ism,0.0222680531442165,1.4265209436416626,,,cnn_feature_importance.csv
G_pos_16,G,17,cnn,cnn53,single,labuhn,sequence,cnn_ism,0.0218386575579643,1.3422093391418457,,,cnn_feature_importance.csv
G_pos_8,G,9,cnn,cnn53,single,labuhn,sequence,cnn_ism,0.0214136764407157,1.5566880702972412,,,cnn_feature_importance.csv
T_pos_11,T,12,cnn,cnn53,single,labuhn,sequence,cnn_ism,0.021013755351305,1.2734568119049072,,,cnn_feature_importance.csv
T_pos_9,T,10,cnn,cnn53,single,labuhn,sequence,cnn_ism,0.0209995191544294,1.439386248588562,,,cnn_feature_importance.csv
G_pos_7,G,8,cnn,cnn53,single,labuhn,sequence,cnn_ism,0.0208260398358106,1.3090027570724487,,,cnn_feature_importance.csv
T_pos_13,T,14,cnn,cnn53,single,labuhn,sequence,cnn_ism,0.0207676086574792,1.268251657485962,,,cnn_feature_importance.csv
T_pos_2,T,3,cnn,cnn53,single,labuhn,sequence,cnn_ism,0.0206134468317031,1.4806747436523438,,,cnn_feature_importance.csv
T_pos_10,T,11,cnn,cnn53,single,labuhn,sequence,cnn_ism,0.0205825995653867,1.558937907218933,,,cnn_feature_importance.csv
C_pos_19,C,20,cnn,cnn53,single,labuhn,sequence,cnn_ism,0.0199262760579586,1.6544089317321775,,,cnn_feature_importance.csv
T_pos_12,T,13,cnn,cnn53,single,labuhn,sequence,cnn_ism,0.0198785383254289,1.3953673839569092,,,cnn_feature_importance.csv
C_pos_21,C,22,cnn,cnn53,single,labuhn,sequence,cnn_ism,0.019536854699254,1.3553482294082642,,,cnn_feature_importance.csv
T_pos_20,T,21,cnn,cnn53,single,labuhn,sequence,cnn_ism,0.019372209906578,1.3350322246551514,,,cnn_feature_importance.csv
T_pos_14,T,15,cnn,cnn53,single,labuhn,sequence,cnn_ism,0.0192267596721649,1.3180729150772097,,,cnn_feature_importance.csv
G_pos_0,G,1,cnn,cnn53,single,labuhn,sequence,cnn_ism,0.018696641549468,1.34753155708313,,,cnn_feature_importance.csv
T_pos_19,T,20,cnn,cnn53,single,labuhn,sequence,cnn_ism,0.0186945330351591,1.15792715549469,,,cnn_feature_importance.csv
T_pos_22,T,23,cnn,cnn53,single,labuhn,sequence,cnn_ism,0.0185970719903707,1.7505249977111816,,,cnn_feature_importance.csv
G_pos_12,G,13,cnn,cnn53,single,labuhn,sequence,cnn_ism,0.0185099449008703,1.444805383682251,,,cnn_feature_importance.csv
G_pos_14,G,15,cnn,cnn53,single,labuhn,sequence,cnn_ism,0.0184276569634675,1.4286690950393677,,,cnn_feature_importance.csv
G_pos_15,G,16,cnn,cnn53,single,labuhn,sequence,cnn_ism,0.0183397810906171,1.4642733335494995,,,cnn_feature_importance.csv
G_pos_11,G,12,cnn,cnn53,single,labuhn,sequence,cnn_ism,0.0183204784989357,1.155301809310913,,,cnn_feature_importance.csv
C_pos_22,C,23,cnn,cnn53,single,labuhn,sequence,cnn_ism,0.0182621404528617,1.6890101432800293,,,cnn_feature_importance.csv
T_pos_15,T,16,cnn,cnn53,single,labuhn,sequence,cnn_ism,0.018225397914648,1.2768954038619995,,,cnn_feature_importance.csv
G_pos_13,G,14,cnn,cnn53,single,labuhn,sequence,cnn_ism,0.0181071031838655,1.1181581020355225,,,cnn_feature_importance.csv
T_pos_6,T,7,cnn,cnn53,single,labuhn,sequence,cnn_ism,0.018010726198554,1.3726454973220823,,,cnn_feature_importance.csv
G_pos_21,G,22,cnn,cnn53,single,labuhn,sequence,cnn_ism,0.0178654119372367,1.456458330154419,,,cnn_feature_importance.csv
C_pos_1,C,2,cnn,cnn53,single,labuhn,sequence,cnn_ism,0.017332648858428,1.834721803665161,,,cnn_feature_importance.csv
G_pos_10,G,11,cnn,cnn53,single,labuhn,sequence,cnn_ism,0.0172591693699359,1.4123979806900024,,,cnn_feature_importance.csv
A_pos_20,A,21,cnn,cnn53,single,labuhn,sequence,cnn_ism,0.0171607378870248,1.3888145685195925,,,cnn_feature_importance.csv
T_pos_17,T,18,cnn,cnn53,single,labuhn,sequence,cnn_ism,0.0171206872910261,1.5582631826400757,,,cnn_feature_importance.csv
G_pos_17,G,18,cnn,cnn53,single,labuhn,sequence,cnn_ism,0.0170876458287239,1.287825584411621,,,cnn_feature_importance.csv
A_pos_12,A,13,cnn,cnn53,single,labuhn,sequence,cnn_ism,0.016997879371047,1.4031686782836914,,,cnn_feature_importance.csv
A_pos_13,A,14,cnn,cnn53,single,labuhn,sequence,cnn_ism,0.0169432815164327,1.4031835794448853,,,cnn_feature_importance.csv
T_pos_16,T,17,cnn,cnn53,single,labuhn,sequence,cnn_ism,0.016780961304903,1.3839681148529053,,,cnn_feature_importance.csv
A_pos_4,A,5,cnn,cnn53,single,labuhn,sequence,cnn_ism,0.0165492482483387,1.674723505973816,,,cnn_feature_importance.csv
G_pos_9,G,10,cnn,cnn53,single,labuhn,sequence,cnn_ism,0.0165205374360084,1.3745135068893433,,,cnn_feature_importance.csv
A_pos_15,A,16,cnn,cnn53,single,labuhn,sequence,cnn_ism,0.0163543261587619,1.6990950107574463,,,cnn_feature_importance.csv
T_pos_3,T,4,cnn,cnn53,single,labuhn,sequence,cnn_ism,0.0162912886589765,1.4399816989898682,,,cnn_feature_importance.csv
A_pos_11,A,12,cnn,cnn53,single,labuhn,sequence,cnn_ism,0.0158935841172933,1.524654746055603,,,cnn_feature_importance.csv
A_pos_5,A,6,cnn,cnn53,single,labuhn,sequence,cnn_ism,0.0158111862838268,1.3905240297317505,,,cnn_feature_importance.csv
C_pos_20,C,21,cnn,cnn53,single,labuhn,sequence,cnn_ism,0.0156945306807756,1.2292234897613523,,,cnn_feature_importance.csv
A_pos_10,A,11,cnn,cnn53,single,labuhn,sequence,cnn_ism,0.0155152399092912,1.264010667800903,,,cnn_feature_importance.csv
A_pos_16,A,17,cnn,cnn53,single,labuhn,sequence,cnn_ism,0.0154419634491205,1.4762355089187622,,,cnn_feature_importance.csv
A_pos_8,A,9,cnn,cnn53,single,labuhn,sequence,cnn_ism,0.0151745565235614,1.0922032594680786,,,cnn_feature_importance.csv
A_pos_6,A,7,cnn,cnn53,single,labuhn,sequence,cnn_ism,0.0149323809891939,1.334874391555786,,,cnn_feature_importance.csv
A_pos_3,A,4,cnn,cnn53,single,labuhn,sequence,cnn_ism,0.0148524856194853,1.5783361196517944,,,cnn_feature_importance.csv
T_pos_18,T,19,cnn,cnn53,single,labuhn,sequence,cnn_ism,0.0148319555446505,1.3477287292480469,,,cnn_feature_importance.csv
G_pos_1,G,2,cnn,cnn53,single,labuhn,sequence,cnn_ism,0.0147967999801039,1.3122475147247314,,,cnn_feature_importance.csv
G_pos_22,G,23,cnn,cnn53,single,labuhn,sequence,cnn_ism,0.014551973901689,1.4685053825378418,,,cnn_feature_importance.csv
A_pos_19,A,20,cnn,cnn53,single,labuhn,sequence,cnn_ism,0.014429185539484,1.547155261039734,,,cnn_feature_importance.csv
A_pos_9,A,10,cnn,cnn53,single,labuhn,sequence,cnn_ism,0.014345210045576,1.4045346975326538,,,cnn_feature_importance.csv
A_pos_18,A,19,cnn,cnn53,single,labuhn,sequence,cnn_ism,0.0143236294388771,1.290947675704956,,,cnn_feature_importance.csv
A_pos_14,A,15,cnn,cnn53,single,labuhn,sequence,cnn_ism,0.0142993358895182,1.2470897436141968,,,cnn_feature_importance.csv
T_pos_0,T,1,cnn,cnn53,single,labuhn,sequence,cnn_ism,0.0139626981690526,1.2982404232025146,,,cnn_feature_importance.csv
A_pos_7,A,8,cnn,cnn53,single,labuhn,sequence,cnn_ism,0.0134890498593449,1.2554205656051636,,,cnn_feature_importance.csv
A_pos_17,A,18,cnn,cnn53,single,labuhn,sequence,cnn_ism,0.0124118672683835,1.2379186153411863,,,cnn_feature_importance.csv
T_pos_1,T,2,cnn,cnn53,single,labuhn,sequence,cnn_ism,0.0121440850198268,1.609619140625,,,cnn_feature_importance.csv
C_pos_0,C,1,cnn,cnn53,single,labuhn,sequence,cnn_ism,0.0119201699271798,1.6279747486114502,,,cnn_feature_importance.csv
A_pos_1,A,2,cnn,cnn53,single,labuhn,sequence,cnn_ism,0.0115895261988043,1.302319884300232,,,cnn_feature_importance.csv
A_pos_22,A,23,cnn,cnn53,single,labuhn,sequence,cnn_ism,0.0113605270162224,1.6722043752670288,,,cnn_feature_importance.csv
A_pos_2,A,3,cnn,cnn53,single,labuhn,sequence,cnn_ism,0.0109397023916244,1.200258493423462,,,cnn_feature_importance.csv
A_pos_0,A,1,cnn,cnn53,single,labuhn,sequence,cnn_ism,0.0089521976187825,1.3035342693328855,,,cnn_feature_importance.csv
G_pos_19,G,20,cnn,cnn53,single,labuhn,sequence,cnn_ig,0.0078572211787104,,,,cnn_feature_importance.csv
G_pos_20,G,21,cnn,cnn53,single,labuhn,sequence,cnn_ig,0.0058191618882119,,,,cnn_feature_importance.csv
C_pos_16,C,17,cnn,cnn53,single,labuhn,sequence,cnn_ig,0.004936387296766,,,,cnn_feature_importance.csv
C_pos_13,C,14,cnn,cnn53,single,labuhn,sequence,cnn_ig,0.0074820555746555,,,,cnn_feature_importance.csv
C_pos_15,C,16,cnn,cnn53,single,labuhn,sequence,cnn_ig,0.0034137601032853,,,,cnn_feature_importance.csv
C_pos_11,C,12,cnn,cnn53,single,labuhn,sequence,cnn_ig,0.0058264192193746,,,,cnn_feature_importance.csv
T_pos_21,T,22,cnn,cnn53,single,labuhn,sequence,cnn_ig,0.0,,,,cnn_feature_importance.csv
C_pos_14,C,15,cnn,cnn53,single,labuhn,sequence,cnn_ig,0.0067983567714691,,,,cnn_feature_importance.csv
C_pos_5,C,6,cnn,cnn53,single,labuhn,sequence,cnn_ig,0.003457254031673,,,,cnn_feature_importance.csv
C_pos_9,C,10,cnn,cnn53,single,labuhn,sequence,cnn_ig,0.0046260212548077,,,,cnn_feature_importance.csv
C_pos_18,C,19,cnn,cnn53,single,labuhn,sequence,cnn_ig,0.0058949352242052,,,,cnn_feature_importance.csv
C_pos_17,C,18,cnn,cnn53,single,labuhn,sequence,cnn_ig,0.0087729720398783,,,,cnn_feature_importance.csv
C_pos_10,C,11,cnn,cnn53,single,labuhn,sequence,cnn_ig,0.0036230897530913,,,,cnn_feature_importance.csv
C_pos_12,C,13,cnn,cnn53,single,labuhn,sequence,cnn_ig,0.0053483047522604,,,,cnn_feature_importance.csv
G_pos_18,G,19,cnn,cnn53,single,labuhn,sequence,cnn_ig,0.0045985230244696,,,,cnn_feature_importance.csv
C_pos_6,C,7,cnn,cnn53,single,labuhn,sequence,cnn_ig,0.0029641641303896,,,,cnn_feature_importance.csv
C_pos_4,C,5,cnn,cnn53,single,labuhn,sequence,cnn_ig,0.005671105813235,,,,cnn_feature_importance.csv
T_pos_7,T,8,cnn,cnn53,single,labuhn,sequence,cnn_ig,0.0018047522753477,,,,cnn_feature_importance.csv
A_pos_21,A,22,cnn,cnn53,single,labuhn,sequence,cnn_ig,0.0,,,,cnn_feature_importance.csv
C_pos_8,C,9,cnn,cnn53,single,labuhn,sequence,cnn_ig,0.0054870373569428,,,,cnn_feature_importance.csv
C_pos_7,C,8,cnn,cnn53,single,labuhn,sequence,cnn_ig,0.0035427161492407,,,,cnn_feature_importance.csv
G_pos_5,G,6,cnn,cnn53,single,labuhn,sequence,cnn_ig,0.0056724287569522,,,,cnn_feature_importance.csv
G_pos_4,G,5,cnn,cnn53,single,labuhn,sequence,cnn_ig,0.008159814402461,,,,cnn_feature_importance.csv
G_pos_3,G,4,cnn,cnn53,single,labuhn,sequence,cnn_ig,0.0102547565475106,,,,cnn_feature_importance.csv
T_pos_4,T,5,cnn,cnn53,single,labuhn,sequence,cnn_ig,0.0008622579625807,,,,cnn_feature_importance.csv
G_pos_2,G,3,cnn,cnn53,single,labuhn,sequence,cnn_ig,0.0055033741518855,,,,cnn_feature_importance.csv
C_pos_3,C,4,cnn,cnn53,single,labuhn,sequence,cnn_ig,0.0045400359667837,,,,cnn_feature_importance.csv
G_pos_6,G,7,cnn,cnn53,single,labuhn,sequence,cnn_ig,0.0052121859043836,,,,cnn_feature_importance.csv
C_pos_2,C,3,cnn,cnn53,single,labuhn,sequence,cnn_ig,0.0049119587056338,,,,cnn_feature_importance.csv
T_pos_8,T,9,cnn,cnn53,single,labuhn,sequence,cnn_ig,0.0030311802402138,,,,cnn_feature_importance.csv
T_pos_5,T,6,cnn,cnn53,single,labuhn,sequence,cnn_ig,0.0026163896545767,,,,cnn_feature_importance.csv
G_pos_16,G,17,cnn,cnn53,single,labuhn,sequence,cnn_ig,0.0054655284620821,,,,cnn_feature_importance.csv
G_pos_8,G,9,cnn,cnn53,single,labuhn,sequence,cnn_ig,0.0049184644594788,,,,cnn_feature_importance.csv
T_pos_11,T,12,cnn,cnn53,single,labuhn,sequence,cnn_ig,0.0023100411053746,,,,cnn_feature_importance.csv
T_pos_9,T,10,cnn,cnn53,single,labuhn,sequence,cnn_ig,0.0028629517182707,,,,cnn_feature_importance.csv
G_pos_7,G,8,cnn,cnn53,single,labuhn,sequence,cnn_ig,0.0055967345833778,,,,cnn_feature_importance.csv
T_pos_13,T,14,cnn,cnn53,single,labuhn,sequence,cnn_ig,0.0017581538995727,,,,cnn_feature_importance.csv
T_pos_2,T,3,cnn,cnn53,single,labuhn,sequence,cnn_ig,0.0007992399623617,,,,cnn_feature_importance.csv
T_pos_10,T,11,cnn,cnn53,single,labuhn,sequence,cnn_ig,0.0019633015617728,,,,cnn_feature_importance.csv
C_pos_19,C,20,cnn,cnn53,single,labuhn,sequence,cnn_ig,0.0057293432764709,,,,cnn_feature_importance.csv
T_pos_12,T,13,cnn,cnn53,single,labuhn,sequence,cnn_ig,0.0016602565301582,,,,cnn_feature_importance.csv
C_pos_21,C,22,cnn,cnn53,single,labuhn,sequence,cnn_ig,0.0,,,,cnn_feature_importance.csv
T_pos_20,T,21,cnn,cnn53,single,labuhn,sequence,cnn_ig,0.0047411583364009,,,,cnn_feature_importance.csv
T_pos_14,T,15,cnn,cnn53,single,labuhn,sequence,cnn_ig,0.0011530924821272,,,,cnn_feature_importance.csv
G_pos_0,G,1,cnn,cnn53,single,labuhn,sequence,cnn_ig,0.0088010095059871,,,,cnn_feature_importance.csv
T_pos_19,T,20,cnn,cnn53,single,labuhn,sequence,cnn_ig,0.0016133913304656,,,,cnn_feature_importance.csv
T_pos_22,T,23,cnn,cnn53,single,labuhn,sequence,cnn_ig,0.0,,,,cnn_feature_importance.csv
G_pos_12,G,13,cnn,cnn53,single,labuhn,sequence,cnn_ig,0.0060107465833425,,,,cnn_feature_importance.csv
G_pos_14,G,15,cnn,cnn53,single,labuhn,sequence,cnn_ig,0.0070553310215473,,,,cnn_feature_importance.csv
G_pos_15,G,16,cnn,cnn53,single,labuhn,sequence,cnn_ig,0.0056694196537137,,,,cnn_feature_importance.csv
G_pos_11,G,12,cnn,cnn53,single,labuhn,sequence,cnn_ig,0.0041380450129508,,,,cnn_feature_importance.csv
C_pos_22,C,23,cnn,cnn53,single,labuhn,sequence,cnn_ig,0.0,,,,cnn_feature_importance.csv
T_pos_15,T,16,cnn,cnn53,single,labuhn,sequence,cnn_ig,0.0015534568810835,,,,cnn_feature_importance.csv
G_pos_13,G,14,cnn,cnn53,single,labuhn,sequence,cnn_ig,0.0052497559227049,,,,cnn_feature_importance.csv
T_pos_6,T,7,cnn,cnn53,single,labuhn,sequence,cnn_ig,0.0014400577638298,,,,cnn_feature_importance.csv
G_pos_21,G,22,cnn,cnn53,single,labuhn,sequence,cnn_ig,0.0124462833628058,,,,cnn_feature_importance.csv
C_pos_1,C,2,cnn,cnn53,single,labuhn,sequence,cnn_ig,0.0068653998896479,,,,cnn_feature_importance.csv
G_pos_10,G,11,cnn,cnn53,single,labuhn,sequence,cnn_ig,0.0039064614102244,,,,cnn_feature_importance.csv
A_pos_20,A,21,cnn,cnn53,single,labuhn,sequence,cnn_ig,0.0039717080071568,,,,cnn_feature_importance.csv
T_pos_17,T,18,cnn,cnn53,single,labuhn,sequence,cnn_ig,0.0012698103673756,,,,cnn_feature_importance.csv
G_pos_17,G,18,cnn,cnn53,single,labuhn,sequence,cnn_ig,0.0043470915406942,,,,cnn_feature_importance.csv
A_pos_12,A,13,cnn,cnn53,single,labuhn,sequence,cnn_ig,0.0030750315636396,,,,cnn_feature_importance.csv
A_pos_13,A,14,cnn,cnn53,single,labuhn,sequence,cnn_ig,0.0027824072167277,,,,cnn_feature_importance.csv
T_pos_16,T,17,cnn,cnn53,single,labuhn,sequence,cnn_ig,0.0012723727850243,,,,cnn_feature_importance.csv
A_pos_4,A,5,cnn,cnn53,single,labuhn,sequence,cnn_ig,0.0045550493523478,,,,cnn_feature_importance.csv
G_pos_9,G,10,cnn,cnn53,single,labuhn,sequence,cnn_ig,0.0059546618722379,,,,cnn_feature_importance.csv
A_pos_15,A,16,cnn,cnn53,single,labuhn,sequence,cnn_ig,0.003287885338068,,,,cnn_feature_importance.csv
T_pos_3,T,4,cnn,cnn53,single,labuhn,sequence,cnn_ig,0.0020091279875487,,,,cnn_feature_importance.csv
A_pos_11,A,12,cnn,cnn53,single,labuhn,sequence,cnn_ig,0.0027227401733398,,,,cnn_feature_importance.csv
A_pos_5,A,6,cnn,cnn53,single,labuhn,sequence,cnn_ig,0.0015334544004872,,,,cnn_feature_importance.csv
C_pos_20,C,21,cnn,cnn53,single,labuhn,sequence,cnn_ig,0.0026059178635478,,,,cnn_feature_importance.csv
A_pos_10,A,11,cnn,cnn53,single,labuhn,sequence,cnn_ig,0.0042541897855699,,,,cnn_feature_importance.csv
A_pos_16,A,17,cnn,cnn53,single,labuhn,sequence,cnn_ig,0.002958342898637,,,,cnn_feature_importance.csv
A_pos_8,A,9,cnn,cnn53,single,labuhn,sequence,cnn_ig,0.0035185033921152,,,,cnn_feature_importance.csv
A_pos_6,A,7,cnn,cnn53,single,labuhn,sequence,cnn_ig,0.003726412076503,,,,cnn_feature_importance.csv
A_pos_3,A,4,cnn,cnn53,single,labuhn,sequence,cnn_ig,0.0017708099912852,,,,cnn_feature_importance.csv
T_pos_18,T,19,cnn,cnn53,single,labuhn,sequence,cnn_ig,0.0020079298410564,,,,cnn_feature_importance.csv
G_pos_1,G,2,cnn,cnn53,single,labuhn,sequence,cnn_ig,0.0052143349312245,,,,cnn_feature_importance.csv
G_pos_22,G,23,cnn,cnn53,single,labuhn,sequence,cnn_ig,0.0089448662474751,,,,cnn_feature_importance.csv
A_pos_19,A,20,cnn,cnn53,single,labuhn,sequence,cnn_ig,0.0024904441088438,,,,cnn_feature_importance.csv
A_pos_9,A,10,cnn,cnn53,single,labuhn,sequence,cnn_ig,0.0013602395774796,,,,cnn_feature_importance.csv
A_pos_18,A,19,cnn,cnn53,single,labuhn,sequence,cnn_ig,0.0032473437022417,,,,cnn_feature_importance.csv
A_pos_14,A,15,cnn,cnn53,single,labuhn,sequence,cnn_ig,0.0024164617061614,,,,cnn_feature_importance.csv
T_pos_0,T,1,cnn,cnn53,single,labuhn,sequence,cnn_ig,0.0023645635228604,,,,cnn_feature_importance.csv
A_pos_7,A,8,cnn,cnn53,single,labuhn,sequence,cnn_ig,0.0040907436050474,,,,cnn_feature_importance.csv
A_pos_17,A,18,cnn,cnn53,single,labuhn,sequence,cnn_ig,0.0018234429880976,,,,cnn_feature_importance.csv
T_pos_1,T,2,cnn,cnn53,single,labuhn,sequence,cnn_ig,0.0015667241532355,,,,cnn_feature_importance.csv
C_pos_0,C,1,cnn,cnn53,single,labuhn,sequence,cnn_ig,0.0031404602341353,,,,cnn_feature_importance.csv
A_pos_1,A,2,cnn,cnn53,single,labuhn,sequence,cnn_ig,0.0012085204944014,,,,cnn_feature_importance.csv
A_pos_22,A,23,cnn,cnn53,single,labuhn,sequence,cnn_ig,0.0,,,,cnn_feature_importance.csv
A_pos_2,A,3,cnn,cnn53,single,labuhn,sequence,cnn_ig,0.0029814862646162,,,,cnn_feature_importance.csv
A_pos_0,A,1,cnn,cnn53,single,labuhn,sequence,cnn_ig,0.0026593182701617,,,,cnn_feature_importance.csv
G_pos_19,G,20,cnn,cnn73,single,labuhn,sequence,cnn_ism,0.0531034655869007,2.3596463203430176,,,cnn_feature_importance.csv
G_pos_4,G,5,cnn,cnn73,single,labuhn,sequence,cnn_ism,0.0330957397818565,1.3896998167037964,,,cnn_feature_importance.csv
C_pos_16,C,17,cnn,cnn73,single,labuhn,sequence,cnn_ism,0.0325558520853519,1.42970609664917,,,cnn_feature_importance.csv
C_pos_17,C,18,cnn,cnn73,single,labuhn,sequence,cnn_ism,0.0300976168364286,1.4620417356491089,,,cnn_feature_importance.csv
C_pos_14,C,15,cnn,cnn73,single,labuhn,sequence,cnn_ism,0.0300448033958673,1.2165122032165527,,,cnn_feature_importance.csv
C_pos_10,C,11,cnn,cnn73,single,labuhn,sequence,cnn_ism,0.0293649528175592,1.3599034547805786,,,cnn_feature_importance.csv
C_pos_5,C,6,cnn,cnn73,single,labuhn,sequence,cnn_ism,0.0287701562047004,1.5327739715576172,,,cnn_feature_importance.csv
G_pos_20,G,21,cnn,cnn73,single,labuhn,sequence,cnn_ism,0.0286687444895505,1.5751869678497314,,,cnn_feature_importance.csv
G_pos_18,G,19,cnn,cnn73,single,labuhn,sequence,cnn_ism,0.0286489930003881,1.4473823308944702,,,cnn_feature_importance.csv
C_pos_15,C,16,cnn,cnn73,single,labuhn,sequence,cnn_ism,0.0282412208616733,1.487140655517578,,,cnn_feature_importance.csv
C_pos_9,C,10,cnn,cnn73,single,labuhn,sequence,cnn_ism,0.0277837645262479,1.2813438177108765,,,cnn_feature_importance.csv
C_pos_13,C,14,cnn,cnn73,single,labuhn,sequence,cnn_ism,0.027481248602271,1.3701807260513306,,,cnn_feature_importance.csv
C_pos_12,C,13,cnn,cnn73,single,labuhn,sequence,cnn_ism,0.0259992554783821,1.3368327617645264,,,cnn_feature_importance.csv
G_pos_16,G,17,cnn,cnn73,single,labuhn,sequence,cnn_ism,0.0258134920150041,1.418459415435791,,,cnn_feature_importance.csv
G_pos_3,G,4,cnn,cnn73,single,labuhn,sequence,cnn_ism,0.0256749037653207,1.6893712282180786,,,cnn_feature_importance.csv
G_pos_8,G,9,cnn,cnn73,single,labuhn,sequence,cnn_ism,0.0249062031507492,1.327212691307068,,,cnn_feature_importance.csv
G_pos_5,G,6,cnn,cnn73,single,labuhn,sequence,cnn_ism,0.0246860329061746,1.4868955612182615,,,cnn_feature_importance.csv
C_pos_11,C,12,cnn,cnn73,single,labuhn,sequence,cnn_ism,0.0246523190289735,1.5418626070022583,,,cnn_feature_importance.csv
G_pos_2,G,3,cnn,cnn73,single,labuhn,sequence,cnn_ism,0.024542462080717,1.601812481880188,,,cnn_feature_importance.csv
G_pos_7,G,8,cnn,cnn73,single,labuhn,sequence,cnn_ism,0.0244553424417972,1.4529879093170166,,,cnn_feature_importance.csv
C_pos_8,C,9,cnn,cnn73,single,labuhn,sequence,cnn_ism,0.0242342911660671,1.3729031085968018,,,cnn_feature_importance.csv
C_pos_19,C,20,cnn,cnn73,single,labuhn,sequence,cnn_ism,0.0237179957330226,1.1733765602111816,,,cnn_feature_importance.csv
C_pos_6,C,7,cnn,cnn73,single,labuhn,sequence,cnn_ism,0.0235657505691051,1.3712701797485352,,,cnn_feature_importance.csv
A_pos_22,A,23,cnn,cnn73,single,labuhn,sequence,cnn_ism,0.0235571227967739,2.0432636737823486,,,cnn_feature_importance.csv
C_pos_18,C,19,cnn,cnn73,single,labuhn,sequence,cnn_ism,0.0235178675502538,1.487747073173523,,,cnn_feature_importance.csv
C_pos_7,C,8,cnn,cnn73,single,labuhn,sequence,cnn_ism,0.0231087133288383,1.3274263143539429,,,cnn_feature_importance.csv
C_pos_4,C,5,cnn,cnn73,single,labuhn,sequence,cnn_ism,0.0231015160679817,1.353722095489502,,,cnn_feature_importance.csv
A_pos_4,A,5,cnn,cnn73,single,labuhn,sequence,cnn_ism,0.0227555185556411,1.3821346759796145,,,cnn_feature_importance.csv
T_pos_11,T,12,cnn,cnn73,single,labuhn,sequence,cnn_ism,0.0224627833813428,1.456106185913086,,,cnn_feature_importance.csv
G_pos_17,G,18,cnn,cnn73,single,labuhn,sequence,cnn_ism,0.0221875105053186,1.2046682834625244,,,cnn_feature_importance.csv
G_pos_6,G,7,cnn,cnn73,single,labuhn,sequence,cnn_ism,0.0215655751526355,1.2841490507125854,,,cnn_feature_importance.csv
G_pos_13,G,14,cnn,cnn73,single,labuhn,sequence,cnn_ism,0.021483751013875,1.46890127658844,,,cnn_feature_importance.csv
C_pos_20,C,21,cnn,cnn73,single,labuhn,sequence,cnn_ism,0.0213643759489059,1.1557884216308594,,,cnn_feature_importance.csv
C_pos_21,C,22,cnn,cnn73,single,labuhn,sequence,cnn_ism,0.021288713440299,1.2685327529907229,,,cnn_feature_importance.csv
G_pos_0,G,1,cnn,cnn73,single,labuhn,sequence,cnn_ism,0.0212486013770103,1.520930290222168,,,cnn_feature_importance.csv
C_pos_3,C,4,cnn,cnn73,single,labuhn,sequence,cnn_ism,0.021154498681426,1.484439253807068,,,cnn_feature_importance.csv
G_pos_11,G,12,cnn,cnn73,single,labuhn,sequence,cnn_ism,0.0210051368921995,1.2069875001907349,,,cnn_feature_importance.csv
G_pos_1,G,2,cnn,cnn73,single,labuhn,sequence,cnn_ism,0.0208685081452131,1.3899847269058228,,,cnn_feature_importance.csv
G_pos_15,G,16,cnn,cnn73,single,labuhn,sequence,cnn_ism,0.0208304803818464,1.4134318828582764,,,cnn_feature_importance.csv
T_pos_14,T,15,cnn,cnn73,single,labuhn,sequence,cnn_ism,0.0207967571914196,1.4720659255981443,,,cnn_feature_importance.csv
G_pos_14,G,15,cnn,cnn73,single,labuhn,sequence,cnn_ism,0.0206733308732509,1.333426594734192,,,cnn_feature_importance.csv
A_pos_14,A,15,cnn,cnn73,single,labuhn,sequence,cnn_ism,0.0206494890153408,1.4226924180984497,,,cnn_feature_importance.csv
G_pos_12,G,13,cnn,cnn73,single,labuhn,sequence,cnn_ism,0.0205905977636575,1.3041130304336548,,,cnn_feature_importance.csv
T_pos_18,T,19,cnn,cnn73,single,labuhn,sequence,cnn_ism,0.0205494947731494,1.3980560302734375,,,cnn_feature_importance.csv
T_pos_6,T,7,cnn,cnn73,single,labuhn,sequence,cnn_ism,0.0204166732728481,1.276685118675232,,,cnn_feature_importance.csv
C_pos_2,C,3,cnn,cnn73,single,labuhn,sequence,cnn_ism,0.0203591268509626,1.303398609161377,,,cnn_feature_importance.csv
A_pos_7,A,8,cnn,cnn73,single,labuhn,sequence,cnn_ism,0.0203145164996385,1.2892941236495972,,,cnn_feature_importance.csv
A_pos_16,A,17,cnn,cnn73,single,labuhn,sequence,cnn_ism,0.0201187301427125,1.4566587209701538,,,cnn_feature_importance.csv
A_pos_6,A,7,cnn,cnn73,single,labuhn,sequence,cnn_ism,0.0198824517428874,1.2756648063659668,,,cnn_feature_importance.csv
A_pos_8,A,9,cnn,cnn73,single,labuhn,sequence,cnn_ism,0.0198564678430557,1.487836480140686,,,cnn_feature_importance.csv
T_pos_16,T,17,cnn,cnn73,single,labuhn,sequence,cnn_ism,0.0196535997092723,1.152817726135254,,,cnn_feature_importance.csv
T_pos_12,T,13,cnn,cnn73,single,labuhn,sequence,cnn_ism,0.0194579381495714,1.490572452545166,,,cnn_feature_importance.csv
G_pos_10,G,11,cnn,cnn73,single,labuhn,sequence,cnn_ism,0.0193491019308567,1.265305757522583,,,cnn_feature_importance.csv
A_pos_10,A,11,cnn,cnn73,single,labuhn,sequence,cnn_ism,0.0193083584308624,1.4876753091812134,,,cnn_feature_importance.csv
A_pos_15,A,16,cnn,cnn73,single,labuhn,sequence,cnn_ism,0.0190288498997688,1.270093321800232,,,cnn_feature_importance.csv
A_pos_13,A,14,cnn,cnn73,single,labuhn,sequence,cnn_ism,0.018814256414771,1.5184532403945925,,,cnn_feature_importance.csv
C_pos_0,C,1,cnn,cnn73,single,labuhn,sequence,cnn_ism,0.018774202093482,1.716706395149231,,,cnn_feature_importance.csv
T_pos_7,T,8,cnn,cnn73,single,labuhn,sequence,cnn_ism,0.0186996925622224,1.4683295488357544,,,cnn_feature_importance.csv
T_pos_4,T,5,cnn,cnn73,single,labuhn,sequence,cnn_ism,0.0185844805091619,1.3136988878250122,,,cnn_feature_importance.csv
T_pos_19,T,20,cnn,cnn73,single,labuhn,sequence,cnn_ism,0.0184283908456563,1.3011040687561035,,,cnn_feature_importance.csv
T_pos_20,T,21,cnn,cnn73,single,labuhn,sequence,cnn_ism,0.0183696877211332,1.3576600551605225,,,cnn_feature_importance.csv
A_pos_17,A,18,cnn,cnn73,single,labuhn,sequence,cnn_ism,0.018356617540121,1.255906105041504,,,cnn_feature_importance.csv
A_pos_11,A,12,cnn,cnn73,single,labuhn,sequence,cnn_ism,0.0182847455143928,1.222679615020752,,,cnn_feature_importance.csv
T_pos_15,T,16,cnn,cnn73,single,labuhn,sequence,cnn_ism,0.0181955341249704,1.4585915803909302,,,cnn_feature_importance.csv
A_pos_5,A,6,cnn,cnn73,single,labuhn,sequence,cnn_ism,0.0180100910365581,1.3098065853118896,,,cnn_feature_importance.csv
T_pos_0,T,1,cnn,cnn73,single,labuhn,sequence,cnn_ism,0.0179644152522087,1.5128108263015747,,,cnn_feature_importance.csv
A_pos_18,A,19,cnn,cnn73,single,labuhn,sequence,cnn_ism,0.017946196720004,1.359951376914978,,,cnn_feature_importance.csv
T_pos_13,T,14,cnn,cnn73,single,labuhn,sequence,cnn_ism,0.0178711898624897,1.535506010055542,,,cnn_feature_importance.csv
T_pos_22,T,23,cnn,cnn73,single,labuhn,sequence,cnn_ism,0.0177164692431688,1.3839592933654783,,,cnn_feature_importance.csv
A_pos_12,A,13,cnn,cnn73,single,labuhn,sequence,cnn_ism,0.0176808852702379,1.3654580116271973,,,cnn_feature_importance.csv
A_pos_9,A,10,cnn,cnn73,single,labuhn,sequence,cnn_ism,0.0174808129668235,1.2232455015182495,,,cnn_feature_importance.csv
T_pos_8,T,9,cnn,cnn73,single,labuhn,sequence,cnn_ism,0.0172936040908098,1.3771326541900637,,,cnn_feature_importance.csv
G_pos_9,G,10,cnn,cnn73,single,labuhn,sequence,cnn_ism,0.0172627456486225,1.1624029874801636,,,cnn_feature_importance.csv
T_pos_10,T,11,cnn,cnn73,single,labuhn,sequence,cnn_ism,0.0170912891626358,1.6483657360076904,,,cnn_feature_importance.csv
T_pos_9,T,10,cnn,cnn73,single,labuhn,sequence,cnn_ism,0.0170046333223581,1.322714924812317,,,cnn_feature_importance.csv
A_pos_21,A,22,cnn,cnn73,single,labuhn,sequence,cnn_ism,0.0167177561670541,1.4447517395019531,,,cnn_feature_importance.csv
A_pos_20,A,21,cnn,cnn73,single,labuhn,sequence,cnn_ism,0.0167042687535285,1.211152195930481,,,cnn_feature_importance.csv
A_pos_3,A,4,cnn,cnn73,single,labuhn,sequence,cnn_ism,0.0165337175130844,1.3250343799591064,,,cnn_feature_importance.csv
T_pos_1,T,2,cnn,cnn73,single,labuhn,sequence,cnn_ism,0.016343193128705,1.433066487312317,,,cnn_feature_importance.csv
T_pos_2,T,3,cnn,cnn73,single,labuhn,sequence,cnn_ism,0.0162962209433317,1.4738643169403076,,,cnn_feature_importance.csv
T_pos_5,T,6,cnn,cnn73,single,labuhn,sequence,cnn_ism,0.0162828918546438,1.4324026107788086,,,cnn_feature_importance.csv
G_pos_22,G,23,cnn,cnn73,single,labuhn,sequence,cnn_ism,0.016148978844285,1.4781699180603027,,,cnn_feature_importance.csv
C_pos_1,C,2,cnn,cnn73,single,labuhn,sequence,cnn_ism,0.0160829909145832,1.502976655960083,,,cnn_feature_importance.csv
C_pos_22,C,23,cnn,cnn73,single,labuhn,sequence,cnn_ism,0.0159073360264301,1.282962203025818,,,cnn_feature_importance.csv
T_pos_3,T,4,cnn,cnn73,single,labuhn,sequence,cnn_ism,0.0155332339927554,1.1729851961135864,,,cnn_feature_importance.csv
A_pos_2,A,3,cnn,cnn73,single,labuhn,sequence,cnn_ism,0.0153901921585202,1.2268515825271606,,,cnn_feature_importance.csv
T_pos_17,T,18,cnn,cnn73,single,labuhn,sequence,cnn_ism,0.01506217289716,1.1742459535598757,,,cnn_feature_importance.csv
G_pos_21,G,22,cnn,cnn73,single,labuhn,sequence,cnn_ism,0.014257944189012,1.286100149154663,,,cnn_feature_importance.csv
T_pos_21,T,22,cnn,cnn73,single,labuhn,sequence,cnn_ism,0.0134280212223529,1.2732900381088257,,,cnn_feature_importance.csv
A_pos_19,A,20,cnn,cnn73,single,labuhn,sequence,cnn_ism,0.0129686575382947,1.339573621749878,,,cnn_feature_importance.csv
A_pos_1,A,2,cnn,cnn73,single,labuhn,sequence,cnn_ism,0.0126161836087703,1.6458137035369873,,,cnn_feature_importance.csv
A_pos_0,A,1,cnn,cnn73,single,labuhn,sequence,cnn_ism,0.0098785599693655,1.4918266534805298,,,cnn_feature_importance.csv
G_pos_19,G,20,cnn,cnn73,single,labuhn,sequence,cnn_ig,0.0087301656603813,,,,cnn_feature_importance.csv
G_pos_4,G,5,cnn,cnn73,single,labuhn,sequence,cnn_ig,0.0089872851967811,,,,cnn_feature_importance.csv
C_pos_16,C,17,cnn,cnn73,single,labuhn,sequence,cnn_ig,0.0035004352685064,,,,cnn_feature_importance.csv
C_pos_17,C,18,cnn,cnn73,single,labuhn,sequence,cnn_ig,0.0061966883949935,,,,cnn_feature_importance.csv
C_pos_14,C,15,cnn,cnn73,single,labuhn,sequence,cnn_ig,0.0061326902359724,,,,cnn_feature_importance.csv
C_pos_10,C,11,cnn,cnn73,single,labuhn,sequence,cnn_ig,0.0068839425221085,,,,cnn_feature_importance.csv
C_pos_5,C,6,cnn,cnn73,single,labuhn,sequence,cnn_ig,0.0066614178940653,,,,cnn_feature_importance.csv
G_pos_20,G,21,cnn,cnn73,single,labuhn,sequence,cnn_ig,0.0035690504591912,,,,cnn_feature_importance.csv
G_pos_18,G,19,cnn,cnn73,single,labuhn,sequence,cnn_ig,0.0049589634872972,,,,cnn_feature_importance.csv
C_pos_15,C,16,cnn,cnn73,single,labuhn,sequence,cnn_ig,0.0061194724403321,,,,cnn_feature_importance.csv
C_pos_9,C,10,cnn,cnn73,single,labuhn,sequence,cnn_ig,0.0030933755915611,,,,cnn_feature_importance.csv
C_pos_13,C,14,cnn,cnn73,single,labuhn,sequence,cnn_ig,0.0078403791412711,,,,cnn_feature_importance.csv
C_pos_12,C,13,cnn,cnn73,single,labuhn,sequence,cnn_ig,0.0061659174971282,,,,cnn_feature_importance.csv
G_pos_16,G,17,cnn,cnn73,single,labuhn,sequence,cnn_ig,0.005514204967767,,,,cnn_feature_importance.csv
G_pos_3,G,4,cnn,cnn73,single,labuhn,sequence,cnn_ig,0.0102664595469832,,,,cnn_feature_importance.csv
G_pos_8,G,9,cnn,cnn73,single,labuhn,sequence,cnn_ig,0.0027319712098687,,,,cnn_feature_importance.csv
G_pos_5,G,6,cnn,cnn73,single,labuhn,sequence,cnn_ig,0.0059210052713751,,,,cnn_feature_importance.csv
C_pos_11,C,12,cnn,cnn73,single,labuhn,sequence,cnn_ig,0.0054027768783271,,,,cnn_feature_importance.csv
G_pos_2,G,3,cnn,cnn73,single,labuhn,sequence,cnn_ig,0.0070744841359555,,,,cnn_feature_importance.csv
G_pos_7,G,8,cnn,cnn73,single,labuhn,sequence,cnn_ig,0.0044385497458279,,,,cnn_feature_importance.csv
C_pos_8,C,9,cnn,cnn73,single,labuhn,sequence,cnn_ig,0.0059824506752192,,,,cnn_feature_importance.csv
C_pos_19,C,20,cnn,cnn73,single,labuhn,sequence,cnn_ig,0.0138370478525757,,,,cnn_feature_importance.csv
C_pos_6,C,7,cnn,cnn73,single,labuhn,sequence,cnn_ig,0.0054011819884181,,,,cnn_feature_importance.csv
A_pos_22,A,23,cnn,cnn73,single,labuhn,sequence,cnn_ig,0.0,,,,cnn_feature_importance.csv
C_pos_18,C,19,cnn,cnn73,single,labuhn,sequence,cnn_ig,0.0045098909176886,,,,cnn_feature_importance.csv
C_pos_7,C,8,cnn,cnn73,single,labuhn,sequence,cnn_ig,0.0058763064444065,,,,cnn_feature_importance.csv
C_pos_4,C,5,cnn,cnn73,single,labuhn,sequence,cnn_ig,0.008136280812323,,,,cnn_feature_importance.csv
A_pos_4,A,5,cnn,cnn73,single,labuhn,sequence,cnn_ig,0.0109376246109604,,,,cnn_feature_importance.csv
T_pos_11,T,12,cnn,cnn73,single,labuhn,sequence,cnn_ig,0.0028982216026633,,,,cnn_feature_importance.csv
G_pos_17,G,18,cnn,cnn73,single,labuhn,sequence,cnn_ig,0.0029864916577935,,,,cnn_feature_importance.csv
G_pos_6,G,7,cnn,cnn73,single,labuhn,sequence,cnn_ig,0.0049576056189835,,,,cnn_feature_importance.csv
G_pos_13,G,14,cnn,cnn73,single,labuhn,sequence,cnn_ig,0.0049166590906679,,,,cnn_feature_importance.csv
C_pos_20,C,21,cnn,cnn73,single,labuhn,sequence,cnn_ig,0.0066542858257889,,,,cnn_feature_importance.csv
C_pos_21,C,22,cnn,cnn73,single,labuhn,sequence,cnn_ig,0.0,,,,cnn_feature_importance.csv
G_pos_0,G,1,cnn,cnn73,single,labuhn,sequence,cnn_ig,0.0062438840977847,,,,cnn_feature_importance.csv
C_pos_3,C,4,cnn,cnn73,single,labuhn,sequence,cnn_ig,0.0050132912583649,,,,cnn_feature_importance.csv
G_pos_11,G,12,cnn,cnn73,single,labuhn,sequence,cnn_ig,0.0040335799567401,,,,cnn_feature_importance.csv
G_pos_1,G,2,cnn,cnn73,single,labuhn,sequence,cnn_ig,0.0079678809270262,,,,cnn_feature_importance.csv
G_pos_15,G,16,cnn,cnn73,single,labuhn,sequence,cnn_ig,0.0043218010105192,,,,cnn_feature_importance.csv
T_pos_14,T,15,cnn,cnn73,single,labuhn,sequence,cnn_ig,0.0022211354225873,,,,cnn_feature_importance.csv
G_pos_14,G,15,cnn,cnn73,single,labuhn,sequence,cnn_ig,0.005235415417701,,,,cnn_feature_importance.csv
A_pos_14,A,15,cnn,cnn73,single,labuhn,sequence,cnn_ig,0.0083257593214511,,,,cnn_feature_importance.csv
G_pos_12,G,13,cnn,cnn73,single,labuhn,sequence,cnn_ig,0.0056625506840646,,,,cnn_feature_importance.csv
T_pos_18,T,19,cnn,cnn73,single,labuhn,sequence,cnn_ig,0.0047685150057077,,,,cnn_feature_importance.csv
T_pos_6,T,7,cnn,cnn73,single,labuhn,sequence,cnn_ig,0.0042789112776517,,,,cnn_feature_importance.csv
C_pos_2,C,3,cnn,cnn73,single,labuhn,sequence,cnn_ig,0.0092618186026811,,,,cnn_feature_importance.csv
A_pos_7,A,8,cnn,cnn73,single,labuhn,sequence,cnn_ig,0.011437919922173,,,,cnn_feature_importance.csv
A_pos_16,A,17,cnn,cnn73,single,labuhn,sequence,cnn_ig,0.0105250813066959,,,,cnn_feature_importance.csv
A_pos_6,A,7,cnn,cnn73,single,labuhn,sequence,cnn_ig,0.0100607611238956,,,,cnn_feature_importance.csv
A_pos_8,A,9,cnn,cnn73,single,labuhn,sequence,cnn_ig,0.009888001717627,,,,cnn_feature_importance.csv
T_pos_16,T,17,cnn,cnn73,single,labuhn,sequence,cnn_ig,0.0027779159136116,,,,cnn_feature_importance.csv
T_pos_12,T,13,cnn,cnn73,single,labuhn,sequence,cnn_ig,0.0023688143119215,,,,cnn_feature_importance.csv
G_pos_10,G,11,cnn,cnn73,single,labuhn,sequence,cnn_ig,0.0044071981683373,,,,cnn_feature_importance.csv
A_pos_10,A,11,cnn,cnn73,single,labuhn,sequence,cnn_ig,0.0086906421929597,,,,cnn_feature_importance.csv
A_pos_15,A,16,cnn,cnn73,single,labuhn,sequence,cnn_ig,0.0090781897306442,,,,cnn_feature_importance.csv
A_pos_13,A,14,cnn,cnn73,single,labuhn,sequence,cnn_ig,0.0058963540941476,,,,cnn_feature_importance.csv
C_pos_0,C,1,cnn,cnn73,single,labuhn,sequence,cnn_ig,0.0012095184065401,,,,cnn_feature_importance.csv
T_pos_7,T,8,cnn,cnn73,single,labuhn,sequence,cnn_ig,0.002130125882104,,,,cnn_feature_importance.csv
T_pos_4,T,5,cnn,cnn73,single,labuhn,sequence,cnn_ig,0.0017413818277418,,,,cnn_feature_importance.csv
T_pos_19,T,20,cnn,cnn73,single,labuhn,sequence,cnn_ig,0.0014298466267064,,,,cnn_feature_importance.csv
T_pos_20,T,21,cnn,cnn73,single,labuhn,sequence,cnn_ig,0.0050979615189135,,,,cnn_feature_importance.csv
A_pos_17,A,18,cnn,cnn73,single,labuhn,sequence,cnn_ig,0.0077995341271162,,,,cnn_feature_importance.csv
A_pos_11,A,12,cnn,cnn73,single,labuhn,sequence,cnn_ig,0.0086972825229167,,,,cnn_feature_importance.csv
T_pos_15,T,16,cnn,cnn73,single,labuhn,sequence,cnn_ig,0.0026684640906751,,,,cnn_feature_importance.csv
A_pos_5,A,6,cnn,cnn73,single,labuhn,sequence,cnn_ig,0.0061661847867071,,,,cnn_feature_importance.csv
T_pos_0,T,1,cnn,cnn73,single,labuhn,sequence,cnn_ig,0.0033417728263884,,,,cnn_feature_importance.csv
A_pos_18,A,19,cnn,cnn73,single,labuhn,sequence,cnn_ig,0.0087400041520595,,,,cnn_feature_importance.csv
T_pos_13,T,14,cnn,cnn73,single,labuhn,sequence,cnn_ig,0.0019155667396262,,,,cnn_feature_importance.csv
T_pos_22,T,23,cnn,cnn73,single,labuhn,sequence,cnn_ig,0.0,,,,cnn_feature_importance.csv
A_pos_12,A,13,cnn,cnn73,single,labuhn,sequence,cnn_ig,0.0073466533794999,,,,cnn_feature_importance.csv
A_pos_9,A,10,cnn,cnn73,single,labuhn,sequence,cnn_ig,0.0055400384590029,,,,cnn_feature_importance.csv
T_pos_8,T,9,cnn,cnn73,single,labuhn,sequence,cnn_ig,0.0031025628559291,,,,cnn_feature_importance.csv
G_pos_9,G,10,cnn,cnn73,single,labuhn,sequence,cnn_ig,0.0041927103884518,,,,cnn_feature_importance.csv
T_pos_10,T,11,cnn,cnn73,single,labuhn,sequence,cnn_ig,0.0037366033066064,,,,cnn_feature_importance.csv
T_pos_9,T,10,cnn,cnn73,single,labuhn,sequence,cnn_ig,0.0045149284414947,,,,cnn_feature_importance.csv
A_pos_21,A,22,cnn,cnn73,single,labuhn,sequence,cnn_ig,0.0,,,,cnn_feature_importance.csv
A_pos_20,A,21,cnn,cnn73,single,labuhn,sequence,cnn_ig,0.0081077050417661,,,,cnn_feature_importance.csv
A_pos_3,A,4,cnn,cnn73,single,labuhn,sequence,cnn_ig,0.0036976493429392,,,,cnn_feature_importance.csv
T_pos_1,T,2,cnn,cnn73,single,labuhn,sequence,cnn_ig,0.0021007969044148,,,,cnn_feature_importance.csv
T_pos_2,T,3,cnn,cnn73,single,labuhn,sequence,cnn_ig,0.0019896482117474,,,,cnn_feature_importance.csv
T_pos_5,T,6,cnn,cnn73,single,labuhn,sequence,cnn_ig,0.0046174982562661,,,,cnn_feature_importance.csv
G_pos_22,G,23,cnn,cnn73,single,labuhn,sequence,cnn_ig,0.0144296884536743,,,,cnn_feature_importance.csv
C_pos_1,C,2,cnn,cnn73,single,labuhn,sequence,cnn_ig,0.0066872211173176,,,,cnn_feature_importance.csv
C_pos_22,C,23,cnn,cnn73,single,labuhn,sequence,cnn_ig,0.0,,,,cnn_feature_importance.csv
T_pos_3,T,4,cnn,cnn73,single,labuhn,sequence,cnn_ig,0.0029773318674415,,,,cnn_feature_importance.csv
A_pos_2,A,3,cnn,cnn73,single,labuhn,sequence,cnn_ig,0.0056573720648884,,,,cnn_feature_importance.csv
T_pos_17,T,18,cnn,cnn73,single,labuhn,sequence,cnn_ig,0.0012212014989927,,,,cnn_feature_importance.csv
G_pos_21,G,22,cnn,cnn73,single,labuhn,sequence,cnn_ig,0.0094270221889019,,,,cnn_feature_importance.csv
T_pos_21,T,22,cnn,cnn73,single,labuhn,sequence,cnn_ig,0.0,,,,cnn_feature_importance.csv
A_pos_19,A,20,cnn,cnn73,single,labuhn,sequence,cnn_ig,0.0070528276264667,,,,cnn_feature_importance.csv
A_pos_1,A,2,cnn,cnn73,single,labuhn,sequence,cnn_ig,0.0021370782051235,,,,cnn_feature_importance.csv
A_pos_0,A,1,cnn,cnn73,single,labuhn,sequence,cnn_ig,0.0028881302569061,,,,cnn_feature_importance.csv
pos1_A,A,1,linear,,single,labuhn,sequence,linear_coefficient,0.0232619624679955,0.4712966461381617,0.0232619624679955,,linear_regression_weights.csv
pos1_C,C,1,linear,,single,labuhn,sequence,linear_coefficient,0.0226705711802551,0.4659026350296896,0.0226705711802551,,linear_regression_weights.csv
pos1_G,G,1,linear,,single,labuhn,sequence,linear_coefficient,0.0603895230730478,1.458861996219077,0.0603895230730478,,linear_regression_weights.csv
pos2_A,A,2,linear,,single,labuhn,sequence,linear_coefficient,-0.0112602806167756,-0.2327423094671907,-0.0112602806167756,,linear_regression_weights.csv
pos2_C,C,2,linear,,single,labuhn,sequence,linear_coefficient,0.0126750034453146,0.2987803498509759,0.0126750034453146,,linear_regression_weights.csv
pos2_G,G,2,linear,,single,labuhn,sequence,linear_coefficient,-0.0083903957179187,-0.18782022352518,-0.0083903957179187,,linear_regression_weights.csv
pos3_A,A,3,linear,,single,labuhn,sequence,linear_coefficient,-0.0506912555808346,-1.1404070043568773,-0.0506912555808346,,linear_regression_weights.csv
pos3_C,C,3,linear,,single,labuhn,sequence,linear_coefficient,-0.092534317863679,-2.186900721347766,-0.092534317863679,,linear_regression_weights.csv
pos3_G,G,3,linear,,single,labuhn,sequence,linear_coefficient,-0.0246188572483431,-0.5289311875484176,-0.0246188572483431,,linear_regression_weights.csv
pos4_A,A,4,linear,,single,labuhn,sequence,linear_coefficient,-0.0100690866271436,-0.228791095872617,-0.0100690866271436,,linear_regression_weights.csv
pos4_C,C,4,linear,,single,labuhn,sequence,linear_coefficient,0.0697939782431878,1.515926336608771,0.0697939782431878,,linear_regression_weights.csv
pos4_G,G,4,linear,,single,labuhn,sequence,linear_coefficient,0.0991083472838832,2.3090581511853934,0.0991083472838832,,linear_regression_weights.csv
pos5_A,A,5,linear,,single,labuhn,sequence,linear_coefficient,-0.0599273656913174,-1.2807547758999598,-0.0599273656913174,,linear_regression_weights.csv
pos5_C,C,5,linear,,single,labuhn,sequence,linear_coefficient,-0.0873933931887094,-1.7575384255421858,-0.0873933931887094,,linear_regression_weights.csv
pos5_G,G,5,linear,,single,labuhn,sequence,linear_coefficient,-0.0118410459647383,-0.2507059282838927,-0.0118410459647383,,linear_regression_weights.csv
pos6_A,A,6,linear,,single,labuhn,sequence,linear_coefficient,0.0471906083640979,1.056157052167109,0.0471906083640979,,linear_regression_weights.csv
pos6_C,C,6,linear,,single,labuhn,sequence,linear_coefficient,0.0191761951799802,0.3949524792738469,0.0191761951799802,,linear_regression_weights.csv
pos6_G,G,6,linear,,single,labuhn,sequence,linear_coefficient,0.0851752904789601,1.836901538909527,0.0851752904789601,,linear_regression_weights.csv
pos7_A,A,7,linear,,single,labuhn,sequence,linear_coefficient,0.0156516615221254,0.3180961770302776,0.0156516615221254,,linear_regression_weights.csv
pos7_C,C,7,linear,,single,labuhn,sequence,linear_coefficient,0.0990947142702903,2.1152215689623817,0.0990947142702903,,linear_regression_weights.csv
pos7_G,G,7,linear,,single,labuhn,sequence,linear_coefficient,0.0689415521916036,1.5218045187074212,0.0689415521916036,,linear_regression_weights.csv
pos8_A,A,8,linear,,single,labuhn,sequence,linear_coefficient,-0.0036116289728054,-0.0784015338591151,-0.0036116289728054,,linear_regression_weights.csv
pos8_C,C,8,linear,,single,labuhn,sequence,linear_coefficient,0.0417923845956011,0.8712745212152004,0.0417923845956011,,linear_regression_weights.csv
pos8_G,G,8,linear,,single,labuhn,sequence,linear_coefficient,-0.0019527067491599,-0.0403012395200355,-0.0019527067491599,,linear_regression_weights.csv
pos9_A,A,9,linear,,single,labuhn,sequence,linear_coefficient,-0.006628689403614,-0.1494077265686615,-0.006628689403614,,linear_regression_weights.csv
pos9_C,C,9,linear,,single,labuhn,sequence,linear_coefficient,-0.0591978247247242,-1.3142857940507893,-0.0591978247247242,,linear_regression_weights.csv
pos9_G,G,9,linear,,single,labuhn,sequence,linear_coefficient,0.016492129494019,0.366050396051097,0.016492129494019,,linear_regression_weights.csv
pos10_A,A,10,linear,,single,labuhn,sequence,linear_coefficient,-0.0273953198605471,-0.5720793208978046,-0.0273953198605471,,linear_regression_weights.csv
pos10_C,C,10,linear,,single,labuhn,sequence,linear_coefficient,-0.0512762160919696,-1.1460195316016095,-0.0512762160919696,,linear_regression_weights.csv
pos10_G,G,10,linear,,single,labuhn,sequence,linear_coefficient,-0.0532306492439046,-1.23803722202735,-0.0532306492439046,,linear_regression_weights.csv
pos11_A,A,11,linear,,single,labuhn,sequence,linear_coefficient,-0.0333695718540164,-0.7307263830755742,-0.0333695718540164,,linear_regression_weights.csv
pos11_C,C,11,linear,,single,labuhn,sequence,linear_coefficient,0.0309120131576543,0.693131705598142,0.0309120131576543,,linear_regression_weights.csv
pos11_G,G,11,linear,,single,labuhn,sequence,linear_coefficient,0.0493890474014212,1.1078859160334211,0.0493890474014212,,linear_regression_weights.csv
pos12_A,A,12,linear,,single,labuhn,sequence,linear_coefficient,0.0607746119548399,1.3209177097474298,0.0607746119548399,,linear_regression_weights.csv
pos12_C,C,12,linear,,single,labuhn,sequence,linear_coefficient,0.0128898614916897,0.2889823836960186,0.0128898614916897,,linear_regression_weights.csv
pos12_G,G,12,linear,,single,labuhn,sequence,linear_coefficient,0.0601526868146902,1.311683475898608,0.0601526868146902,,linear_regression_weights.csv
pos13_A,A,13,linear,,single,labuhn,sequence,linear_coefficient,0.0631293475095623,1.3299492215931437,0.0631293475095623,,linear_regression_weights.csv
pos13_C,C,13,linear,,single,labuhn,sequence,linear_coefficient,0.1093629792758713,2.4870005734592686,0.1093629792758713,,linear_regression_weights.csv
pos13_G,G,13,linear,,single,labuhn,sequence,linear_coefficient,0.0887185215674894,1.9083825380916972,0.0887185215674894,,linear_regression_weights.csv
pos14_A,A,14,linear,,single,labuhn,sequence,linear_coefficient,-0.044341467404531,-0.8869091249995956,-0.044341467404531,,linear_regression_weights.csv
pos14_C,C,14,linear,,single,labuhn,sequence,linear_coefficient,0.0436636553197877,1.013422189427863,0.0436636553197877,,linear_regression_weights.csv
pos14_G,G,14,linear,,single,labuhn,sequence,linear_coefficient,-0.0568457192426878,-1.2817443048514354,-0.0568457192426878,,linear_regression_weights.csv
pos15_A,A,15,linear,,single,labuhn,sequence,linear_coefficient,-0.1216682548739652,-2.6019277632980287,-0.1216682548739652,,linear_regression_weights.csv
pos15_C,C,15,linear,,single,labuhn,sequence,linear_coefficient,0.0060274797310492,0.1356995954381822,0.0060274797310492,,linear_regression_weights.csv
pos15_G,G,15,linear,,single,labuhn,sequence,linear_coefficient,-0.0249031201570703,-0.5493209526299159,-0.0249031201570703,,linear_regression_weights.csv
pos16_A,A,16,linear,,single,labuhn,sequence,linear_coefficient,-0.0020298085568306,-0.0433809345688184,-0.0020298085568306,,linear_regression_weights.csv
pos16_C,C,16,linear,,single,labuhn,sequence,linear_coefficient,-0.0257737698363727,-0.5975771201032927,-0.0257737698363727,,linear_regression_weights.csv
pos16_G,G,16,linear,,single,labuhn,sequence,linear_coefficient,-0.0821343652098832,-1.8384489494657523,-0.0821343652098832,,linear_regression_weights.csv
pos17_A,A,17,linear,,single,labuhn,sequence,linear_coefficient,-0.0497819709157432,-1.0014880872028973,-0.0497819709157432,,linear_regression_weights.csv
pos17_C,C,17,linear,,single,labuhn,sequence,linear_coefficient,-0.0125397774907297,-0.2839793261273912,-0.0125397774907297,,linear_regression_weights.csv
pos17_G,G,17,linear,,single,labuhn,sequence,linear_coefficient,-0.0655763580713708,-1.4628705899963013,-0.0655763580713708,,linear_regression_weights.csv
pos18_A,A,18,linear,,single,labuhn,sequence,linear_coefficient,-0.0656797087413937,-1.4191376931518795,-0.0656797087413937,,linear_regression_weights.csv
pos18_C,C,18,linear,,single,labuhn,sequence,linear_coefficient,0.0212555038343945,0.492442177493434,0.0212555038343945,,linear_regression_weights.csv
pos18_G,G,18,linear,,single,labuhn,sequence,linear_coefficient,-0.0327695159991241,-0.7223581312150807,-0.0327695159991241,,linear_regression_weights.csv
pos19_A,A,19,linear,,single,labuhn,sequence,linear_coefficient,0.0063891954053462,0.1239831824845786,0.0063891954053462,,linear_regression_weights.csv
pos19_C,C,19,linear,,single,labuhn,sequence,linear_coefficient,0.0524950866277689,1.1152069824339237,0.0524950866277689,,linear_regression_weights.csv
pos19_G,G,19,linear,,single,labuhn,sequence,linear_coefficient,0.0174027759353187,0.3574137791486688,0.0174027759353187,,linear_regression_weights.csv
pos20_A,A,20,linear,,single,labuhn,sequence,linear_coefficient,-0.0414817660980797,-0.7377914740502558,-0.0414817660980797,,linear_regression_weights.csv
pos20_C,C,20,linear,,single,labuhn,sequence,linear_coefficient,-0.084485364182948,-1.705940865163583,-0.084485364182948,,linear_regression_weights.csv
pos20_G,G,20,linear,,single,labuhn,sequence,linear_coefficient,0.0711913344552276,1.4376188354671948,0.0711913344552276,,linear_regression_weights.csv
pos21_A,A,21,linear,,single,labuhn,sequence,linear_coefficient,-0.0229620607645664,-0.614016998195022,-0.0229620607645664,,linear_regression_weights.csv
pos21_C,C,21,linear,,single,labuhn,sequence,linear_coefficient,-0.033041538402048,-0.5849434326061911,-0.033041538402048,,linear_regression_weights.csv
pos21_G,G,21,linear,,single,labuhn,sequence,linear_coefficient,0.0134836333433263,0.2913045681348963,0.0134836333433263,,linear_regression_weights.csv
pos22_A,A,22,linear,,single,labuhn,sequence,linear_coefficient,2.459488831842044e-21,7.777586588367719e-14,2.459488831842044e-21,,linear_regression_weights.csv
pos22_C,C,22,linear,,single,labuhn,sequence,linear_coefficient,0.0,0.0,0.0,,linear_regression_weights.csv
pos22_G,G,22,linear,,single,labuhn,sequence,linear_coefficient,6434800755.437707,0.7430056282020746,6434800755.437707,,linear_regression_weights.csv
pos23_A,A,23,linear,,single,labuhn,sequence,linear_coefficient,0.0,0.0,0.0,,linear_regression_weights.csv
pos23_C,C,23,linear,,single,labuhn,sequence,linear_coefficient,0.0,0.0,0.0,,linear_regression_weights.csv
pos23_G,G,23,linear,,single,labuhn,sequence,linear_coefficient,-757246275458.1895,-0.7430056281775903,-757246275458.1895,,linear_regression_weights.csv
pos22_G,G,22,mlp,,single,labuhn,sequence,mlp_ig,0.0505332,9.026656,,,mlp_feature_importance.csv
pos23_G,G,23,mlp,,single,labuhn,sequence,mlp_ig,0.03661973,6.135058,,,mlp_feature_importance.csv
pos21_T,T,21,mlp,,single,labuhn,sequence,mlp_ig,0.016621722,0.8235407,,,mlp_feature_importance.csv
pos2_G,G,2,mlp,,single,labuhn,sequence,mlp_ig,0.016019529,0.75107497,,,mlp_feature_importance.csv
pos13_G,G,13,mlp,,single,labuhn,sequence,mlp_ig,0.01448431,0.6270344,,,mlp_feature_importance.csv
pos10_T,T,10,mlp,,single,labuhn,sequence,mlp_ig,0.014305123,0.70110923,,,mlp_feature_importance.csv
pos14_C,C,14,mlp,,single,labuhn,sequence,mlp_ig,0.01231555,0.6778424,,,mlp_feature_importance.csv
pos7_T,T,7,mlp,,single,labuhn,sequence,mlp_ig,0.012056971,0.5751252,,,mlp_feature_importance.csv
pos15_G,G,15,mlp,,single,labuhn,sequence,mlp_ig,0.012049066,0.7217453,,,mlp_feature_importance.csv
pos4_G,G,4,mlp,,single,labuhn,sequence,mlp_ig,0.010760744,0.713357,,,mlp_feature_importance.csv
pos2_C,C,2,mlp,,single,labuhn,sequence,mlp_ig,0.010561631,0.6611543,,,mlp_feature_importance.csv
pos7_C,C,7,mlp,,single,labuhn,sequence,mlp_ig,0.010448976,0.50790846,,,mlp_feature_importance.csv
pos5_G,G,5,mlp,,single,labuhn,sequence,mlp_ig,0.010313792,0.67039144,,,mlp_feature_importance.csv
pos7_G,G,7,mlp,,single,labuhn,sequence,mlp_ig,0.010310474,0.6405072,,,mlp_feature_importance.csv
pos13_C,C,13,mlp,,single,labuhn,sequence,mlp_ig,0.0102851065,0.64816284,,,mlp_feature_importance.csv
pos6_G,G,6,mlp,,single,labuhn,sequence,mlp_ig,0.009919284,0.6903615,,,mlp_feature_importance.csv
pos18_C,C,18,mlp,,single,labuhn,sequence,mlp_ig,0.009489441,0.7800529,,,mlp_feature_importance.csv
pos1_G,G,1,mlp,,single,labuhn,sequence,mlp_ig,0.009339302,0.711819,,,mlp_feature_importance.csv
pos17_A,A,17,mlp,,single,labuhn,sequence,mlp_ig,0.009139711,0.6241024,,,mlp_feature_importance.csv
pos21_A,A,21,mlp,,single,labuhn,sequence,mlp_ig,0.009031962,0.5268386,,,mlp_feature_importance.csv
pos6_T,T,6,mlp,,single,labuhn,sequence,mlp_ig,0.008651547,0.6540453,,,mlp_feature_importance.csv
pos14_T,T,14,mlp,,single,labuhn,sequence,mlp_ig,0.008257568,0.47758797,,,mlp_feature_importance.csv
pos10_G,G,10,mlp,,single,labuhn,sequence,mlp_ig,0.008191453,0.68208426,,,mlp_feature_importance.csv
pos15_C,C,15,mlp,,single,labuhn,sequence,mlp_ig,0.008085144,0.66040295,,,mlp_feature_importance.csv
pos16_A,A,16,mlp,,single,labuhn,sequence,mlp_ig,0.008028511,0.5946465,,,mlp_feature_importance.csv
pos8_A,A,8,mlp,,single,labuhn,sequence,mlp_ig,0.007989054,0.637698,,,mlp_feature_importance.csv
pos17_C,C,17,mlp,,single,labuhn,sequence,mlp_ig,0.0078113726,0.52918303,,,mlp_feature_importance.csv
pos20_C,C,20,mlp,,single,labuhn,sequence,mlp_ig,0.0077380817,0.7731998,,,mlp_feature_importance.csv
pos19_T,T,19,mlp,,single,labuhn,sequence,mlp_ig,0.007471289,0.5790124,,,mlp_feature_importance.csv
pos5_A,A,5,mlp,,single,labuhn,sequence,mlp_ig,0.0071730874,0.5805276,,,mlp_feature_importance.csv
pos6_A,A,6,mlp,,single,labuhn,sequence,mlp_ig,0.0071607353,0.4073605,,,mlp_feature_importance.csv
pos5_T,T,5,mlp,,single,labuhn,sequence,mlp_ig,0.007103838,0.379418,,,mlp_feature_importance.csv
pos20_G,G,20,mlp,,single,labuhn,sequence,mlp_ig,0.0070548756,0.47921053,,,mlp_feature_importance.csv
pos12_C,C,12,mlp,,single,labuhn,sequence,mlp_ig,0.0068440964,0.61976403,,,mlp_feature_importance.csv
pos8_G,G,8,mlp,,single,labuhn,sequence,mlp_ig,0.0068062562,0.61384577,,,mlp_feature_importance.csv
pos11_G,G,11,mlp,,single,labuhn,sequence,mlp_ig,0.006686063,0.5702195,,,mlp_feature_importance.csv
pos10_C,C,10,mlp,,single,labuhn,sequence,mlp_ig,0.006625013,0.47204688,,,mlp_feature_importance.csv
pos12_G,G,12,mlp,,single,labuhn,sequence,mlp_ig,0.0065623946,0.6285076,,,mlp_feature_importance.csv
pos3_G,G,3,mlp,,single,labuhn,sequence,mlp_ig,0.0064010313,0.5917592,,,mlp_feature_importance.csv
pos9_T,T,9,mlp,,single,labuhn,sequence,mlp_ig,0.005776299,0.5413955,,,mlp_feature_importance.csv
pos1_A,A,1,mlp,,single,labuhn,sequence,mlp_ig,0.0057378775,0.556989,,,mlp_feature_importance.csv
pos12_A,A,12,mlp,,single,labuhn,sequence,mlp_ig,0.0055878474,0.50247526,,,mlp_feature_importance.csv
pos19_C,C,19,mlp,,single,labuhn,sequence,mlp_ig,0.0054969722,0.54325664,,,mlp_feature_importance.csv
pos19_G,G,19,mlp,,single,labuhn,sequence,mlp_ig,0.005457704,0.52644265,,,mlp_feature_importance.csv
pos11_C,C,11,mlp,,single,labuhn,sequence,mlp_ig,0.0053837886,0.5163166,,,mlp_feature_importance.csv
pos21_G,G,21,mlp,,single,labuhn,sequence,mlp_ig,0.005289195,0.44955125,,,mlp_feature_importance.csv
pos2_T,T,2,mlp,,single,labuhn,sequence,mlp_ig,0.0049101003,0.45042297,,,mlp_feature_importance.csv
pos3_T,T,3,mlp,,single,labuhn,sequence,mlp_ig,0.0045602964,0.3786516,,,mlp_feature_importance.csv
pos14_A,A,14,mlp,,single,labuhn,sequence,mlp_ig,0.004446046,0.46990937,,,mlp_feature_importance.csv
pos21_C,C,21,mlp,,single,labuhn,sequence,mlp_ig,0.0042687827,0.46548468,,,mlp_feature_importance.csv
pos3_A,A,3,mlp,,single,labuhn,sequence,mlp_ig,0.0041359845,0.6128593,,,mlp_feature_importance.csv
pos11_A,A,11,mlp,,single,labuhn,sequence,mlp_ig,0.00413555,0.55610776,,,mlp_feature_importance.csv
pos10_A,A,10,mlp,,single,labuhn,sequence,mlp_ig,0.0040614763,0.40003222,,,mlp_feature_importance.csv
pos1_T,T,1,mlp,,single,labuhn,sequence,mlp_ig,0.0040184315,0.4929518,,,mlp_feature_importance.csv
pos20_A,A,20,mlp,,single,labuhn,sequence,mlp_ig,0.0039631184,0.54312015,,,mlp_feature_importance.csv
pos15_A,A,15,mlp,,single,labuhn,sequence,mlp_ig,0.0039306222,0.4917641,,,mlp_feature_importance.csv
pos11_T,T,11,mlp,,single,labuhn,sequence,mlp_ig,0.0039153225,0.54323804,,,mlp_feature_importance.csv
pos14_G,G,14,mlp,,single,labuhn,sequence,mlp_ig,0.0036063509,0.56407785,,,mlp_feature_importance.csv
pos9_G,G,9,mlp,,single,labuhn,sequence,mlp_ig,0.0035504305,0.5045936,,,mlp_feature_importance.csv
pos8_C,C,8,mlp,,single,labuhn,sequence,mlp_ig,0.0034020203,0.51322335,,,mlp_feature_importance.csv
pos9_A,A,9,mlp,,single,labuhn,sequence,mlp_ig,0.0033995337,0.54383063,,,mlp_feature_importance.csv
pos18_G,G,18,mlp,,single,labuhn,sequence,mlp_ig,0.0033744662,0.5065997,,,mlp_feature_importance.csv
pos4_C,C,4,mlp,,single,labuhn,sequence,mlp_ig,0.0032728633,0.5217206,,,mlp_feature_importance.csv
pos13_T,T,13,mlp,,single,labuhn,sequence,mlp_ig,0.003129777,0.4455703,,,mlp_feature_importance.csv
pos16_T,T,16,mlp,,single,labuhn,sequence,mlp_ig,0.002911017,0.46362677,,,mlp_feature_importance.csv
pos16_G,G,16,mlp,,single,labuhn,sequence,mlp_ig,0.002837617,0.5516018,,,mlp_feature_importance.csv
pos19_A,A,19,mlp,,single,labuhn,sequence,mlp_ig,0.0027511248,0.5366051,,,mlp_feature_importance.csv
pos6_C,C,6,mlp,,single,labuhn,sequence,mlp_ig,0.002637839,0.47199932,,,mlp_feature_importance.csv
pos2_A,A,2,mlp,,single,labuhn,sequence,mlp_ig,0.0023841513,0.38717645,,,mlp_feature_importance.csv
pos7_A,A,7,mlp,,single,labuhn,sequence,mlp_ig,0.0023521993,0.4699994,,,mlp_feature_importance.csv
pos17_G,G,17,mlp,,single,labuhn,sequence,mlp_ig,0.0023423051,0.50722444,,,mlp_feature_importance.csv
pos17_T,T,17,mlp,,single,labuhn,sequence,mlp_ig,0.002228587,0.42482698,,,mlp_feature_importance.csv
pos15_T,T,15,mlp,,single,labuhn,sequence,mlp_ig,0.0020720775,0.35929602,,,mlp_feature_importance.csv
pos3_C,C,3,mlp,,single,labuhn,sequence,mlp_ig,0.0017663095,0.455525,,,mlp_feature_importance.csv
pos8_T,T,8,mlp,,single,labuhn,sequence,mlp_ig,0.0015957798,0.42358822,,,mlp_feature_importance.csv
pos16_C,C,16,mlp,,single,labuhn,sequence,mlp_ig,0.0015848654,0.49054122,,,mlp_feature_importance.csv
pos18_A,A,18,mlp,,single,labuhn,sequence,mlp_ig,0.0013823749,0.42987126,,,mlp_feature_importance.csv
pos12_T,T,12,mlp,,single,labuhn,sequence,mlp_ig,0.0012493504,0.4053503,,,mlp_feature_importance.csv
pos4_T,T,4,mlp,,single,labuhn,sequence,mlp_ig,0.0012491635,0.39973754,,,mlp_feature_importance.csv
pos5_C,C,5,mlp,,single,labuhn,sequence,mlp_ig,0.0012411873,0.44556564,,,mlp_feature_importance.csv
pos9_C,C,9,mlp,,single,labuhn,sequence,mlp_ig,0.001122745,0.4365679,,,mlp_feature_importance.csv
pos18_T,T,18,mlp,,single,labuhn,sequence,mlp_ig,0.0011173264,0.3704879,,,mlp_feature_importance.csv
pos1_C,C,1,mlp,,single,labuhn,sequence,mlp_ig,0.0009862407,0.38626713,,,mlp_feature_importance.csv
pos20_T,T,20,mlp,,single,labuhn,sequence,mlp_ig,0.0007882808,0.34303647,,,mlp_feature_importance.csv
pos13_A,A,13,mlp,,single,labuhn,sequence,mlp_ig,0.00077861216,0.3877179,,,mlp_feature_importance.csv
pos4_A,A,4,mlp,,single,labuhn,sequence,mlp_ig,0.0007393613,0.37203437,,,mlp_feature_importance.csv
pos22_C,C,22,mlp,,single,labuhn,sequence,mlp_ig,0.0,0.0,,,mlp_feature_importance.csv
pos22_A,A,22,mlp,,single,labuhn,sequence,mlp_ig,0.0,0.0,,,mlp_feature_importance.csv
pos22_T,T,22,mlp,,single,labuhn,sequence,mlp_ig,0.0,0.0,,,mlp_feature_importance.csv
pos23_A,A,23,mlp,,single,labuhn,sequence,mlp_ig,0.0,0.0,,,mlp_feature_importance.csv
pos23_C,C,23,mlp,,single,labuhn,sequence,mlp_ig,0.0,0.0,,,mlp_feature_importance.csv
pos23_T,T,23,mlp,,single,labuhn,sequence,mlp_ig,0.0,0.0,,,mlp_feature_importance.csv
A_pos_0,A,1,transformer,,single,labuhn,sequence,transformer_attention,0.053640991449356,14.959383964538574,,4.513103485107422,transformer_feature_importance.csv
C_pos_0,C,1,transformer,,single,labuhn,sequence,transformer_attention,0.053640991449356,14.959383964538574,,4.513103485107422,transformer_feature_importance.csv
G_pos_0,G,1,transformer,,single,labuhn,sequence,transformer_attention,0.053640991449356,14.959383964538574,,4.513103485107422,transformer_feature_importance.csv
T_pos_0,T,1,transformer,,single,labuhn,sequence,transformer_attention,0.053640991449356,14.959383964538574,,4.513103485107422,transformer_feature_importance.csv
A_pos_1,A,2,transformer,,single,labuhn,sequence,transformer_attention,0.0532118342816829,13.142434120178224,,4.513103485107422,transformer_feature_importance.csv
C_pos_1,C,2,transformer,,single,labuhn,sequence,transformer_attention,0.0532118342816829,13.142434120178224,,4.513103485107422,transformer_feature_importance.csv
G_pos_1,G,2,transformer,,single,labuhn,sequence,transformer_attention,0.0532118342816829,13.142434120178224,,4.513103485107422,transformer_feature_importance.csv
T_pos_1,T,2,transformer,,single,labuhn,sequence,transformer_attention,0.0532118342816829,13.142434120178224,,4.513103485107422,transformer_feature_importance.csv
A_pos_2,A,3,transformer,,single,labuhn,sequence,transformer_attention,0.0519197955727577,14.18310832977295,,4.513103485107422,transformer_feature_importance.csv
C_pos_2,C,3,transformer,,single,labuhn,sequence,transformer_attention,0.0519197955727577,14.18310832977295,,4.513103485107422,transformer_feature_importance.csv
G_pos_2,G,3,transformer,,single,labuhn,sequence,transformer_attention,0.0519197955727577,14.18310832977295,,4.513103485107422,transformer_feature_importance.csv
T_pos_2,T,3,transformer,,single,labuhn,sequence,transformer_attention,0.0519197955727577,14.18310832977295,,4.513103485107422,transformer_feature_importance.csv
A_pos_3,A,4,transformer,,single,labuhn,sequence,transformer_attention,0.0507074482738971,12.711993217468262,,4.513103485107422,transformer_feature_importance.csv
C_pos_3,C,4,transformer,,single,labuhn,sequence,transformer_attention,0.0507074482738971,12.711993217468262,,4.513103485107422,transformer_feature_importance.csv
G_pos_3,G,4,transformer,,single,labuhn,sequence,transformer_attention,0.0507074482738971,12.711993217468262,,4.513103485107422,transformer_feature_importance.csv
T_pos_3,T,4,transformer,,single,labuhn,sequence,transformer_attention,0.0507074482738971,12.711993217468262,,4.513103485107422,transformer_feature_importance.csv
A_pos_4,A,5,transformer,,single,labuhn,sequence,transformer_attention,0.0469834618270397,13.165986061096191,,4.513103485107422,transformer_feature_importance.csv
C_pos_4,C,5,transformer,,single,labuhn,sequence,transformer_attention,0.0469834618270397,13.165986061096191,,4.513103485107422,transformer_feature_importance.csv
G_pos_4,G,5,transformer,,single,labuhn,sequence,transformer_attention,0.0469834618270397,13.165986061096191,,4.513103485107422,transformer_feature_importance.csv
T_pos_4,T,5,transformer,,single,labuhn,sequence,transformer_attention,0.0469834618270397,13.165986061096191,,4.513103485107422,transformer_feature_importance.csv
A_pos_5,A,6,transformer,,single,labuhn,sequence,transformer_attention,0.0459650792181491,13.579716682434082,,4.513103485107422,transformer_feature_importance.csv
C_pos_5,C,6,transformer,,single,labuhn,sequence,transformer_attention,0.0459650792181491,13.579716682434082,,4.513103485107422,transformer_feature_importance.csv
G_pos_5,G,6,transformer,,single,labuhn,sequence,transformer_attention,0.0459650792181491,13.579716682434082,,4.513103485107422,transformer_feature_importance.csv
T_pos_5,T,6,transformer,,single,labuhn,sequence,transformer_attention,0.0459650792181491,13.579716682434082,,4.513103485107422,transformer_feature_importance.csv
A_pos_6,A,7,transformer,,single,labuhn,sequence,transformer_attention,0.0441366508603096,16.084613800048828,,4.513103485107422,transformer_feature_importance.csv
C_pos_6,C,7,transformer,,single,labuhn,sequence,transformer_attention,0.0441366508603096,16.084613800048828,,4.513103485107422,transformer_feature_importance.csv
G_pos_6,G,7,transformer,,single,labuhn,sequence,transformer_attention,0.0441366508603096,16.084613800048828,,4.513103485107422,transformer_feature_importance.csv
T_pos_6,T,7,transformer,,single,labuhn,sequence,transformer_attention,0.0441366508603096,16.084613800048828,,4.513103485107422,transformer_feature_importance.csv
T_pos_21,T,22,transformer,,single,labuhn,sequence,transformer_attention,0.0438614450395107,73.37849426269531,,4.513103485107422,transformer_feature_importance.csv
G_pos_21,G,22,transformer,,single,labuhn,sequence,transformer_attention,0.0438614450395107,73.37849426269531,,4.513103485107422,transformer_feature_importance.csv
C_pos_21,C,22,transformer,,single,labuhn,sequence,transformer_attention,0.0438614450395107,73.37849426269531,,4.513103485107422,transformer_feature_importance.csv
A_pos_21,A,22,transformer,,single,labuhn,sequence,transformer_attention,0.0438614450395107,73.37849426269531,,4.513103485107422,transformer_feature_importance.csv
A_pos_7,A,8,transformer,,single,labuhn,sequence,transformer_attention,0.0434975139796733,19.54376220703125,,4.513103485107422,transformer_feature_importance.csv
C_pos_7,C,8,transformer,,single,labuhn,sequence,transformer_attention,0.0434975139796733,19.54376220703125,,4.513103485107422,transformer_feature_importance.csv
G_pos_7,G,8,transformer,,single,labuhn,sequence,transformer_attention,0.0434975139796733,19.54376220703125,,4.513103485107422,transformer_feature_importance.csv
T_pos_7,T,8,transformer,,single,labuhn,sequence,transformer_attention,0.0434975139796733,19.54376220703125,,4.513103485107422,transformer_feature_importance.csv
T_pos_22,T,23,transformer,,single,labuhn,sequence,transformer_attention,0.0434628278017044,75.25508117675781,,4.513103485107422,transformer_feature_importance.csv
G_pos_22,G,23,transformer,,single,labuhn,sequence,transformer_attention,0.0434628278017044,75.25508117675781,,4.513103485107422,transformer_feature_importance.csv
C_pos_22,C,23,transformer,,single,labuhn,sequence,transformer_attention,0.0434628278017044,75.25508117675781,,4.513103485107422,transformer_feature_importance.csv
A_pos_22,A,23,transformer,,single,labuhn,sequence,transformer_attention,0.0434628278017044,75.25508117675781,,4.513103485107422,transformer_feature_importance.csv
A_pos_8,A,9,transformer,,single,labuhn,sequence,transformer_attention,0.0432235188782215,22.30223655700684,,4.513103485107422,transformer_feature_importance.csv
C_pos_8,C,9,transformer,,single,labuhn,sequence,transformer_attention,0.0432235188782215,22.30223655700684,,4.513103485107422,transformer_feature_importance.csv
G_pos_8,G,9,transformer,,single,labuhn,sequence,transformer_attention,0.0432235188782215,22.30223655700684,,4.513103485107422,transformer_feature_importance.csv
T_pos_8,T,9,transformer,,single,labuhn,sequence,transformer_attention,0.0432235188782215,22.30223655700684,,4.513103485107422,transformer_feature_importance.csv
A_pos_20,A,21,transformer,,single,labuhn,sequence,transformer_attention,0.0427031628787517,29.239093780517575,,4.513103485107422,transformer_feature_importance.csv
C_pos_20,C,21,transformer,,single,labuhn,sequence,transformer_attention,0.0427031628787517,29.239093780517575,,4.513103485107422,transformer_feature_importance.csv
G_pos_20,G,21,transformer,,single,labuhn,sequence,transformer_attention,0.0427031628787517,29.239093780517575,,4.513103485107422,transformer_feature_importance.csv
T_pos_20,T,21,transformer,,single,labuhn,sequence,transformer_attention,0.0427031628787517,29.239093780517575,,4.513103485107422,transformer_feature_importance.csv
A_pos_9,A,10,transformer,,single,labuhn,sequence,transformer_attention,0.0424484983086586,25.23506546020508,,4.513103485107422,transformer_feature_importance.csv
C_pos_9,C,10,transformer,,single,labuhn,sequence,transformer_attention,0.0424484983086586,25.23506546020508,,4.513103485107422,transformer_feature_importance.csv
G_pos_9,G,10,transformer,,single,labuhn,sequence,transformer_attention,0.0424484983086586,25.23506546020508,,4.513103485107422,transformer_feature_importance.csv
T_pos_9,T,10,transformer,,single,labuhn,sequence,transformer_attention,0.0424484983086586,25.23506546020508,,4.513103485107422,transformer_feature_importance.csv
A_pos_19,A,20,transformer,,single,labuhn,sequence,transformer_attention,0.0408612713217735,24.800159454345703,,4.513103485107422,transformer_feature_importance.csv
C_pos_19,C,20,transformer,,single,labuhn,sequence,transformer_attention,0.0408612713217735,24.800159454345703,,4.513103485107422,transformer_feature_importance.csv
G_pos_19,G,20,transformer,,single,labuhn,sequence,transformer_attention,0.0408612713217735,24.800159454345703,,4.513103485107422,transformer_feature_importance.csv
T_pos_19,T,20,transformer,,single,labuhn,sequence,transformer_attention,0.0408612713217735,24.800159454345703,,4.513103485107422,transformer_feature_importance.csv
A_pos_18,A,19,transformer,,single,labuhn,sequence,transformer_attention,0.0402567163109779,24.62206649780273,,4.513103485107422,transformer_feature_importance.csv
C_pos_18,C,19,transformer,,single,labuhn,sequence,transformer_attention,0.0402567163109779,24.62206649780273,,4.513103485107422,transformer_feature_importance.csv
G_pos_18,G,19,transformer,,single,labuhn,sequence,transformer_attention,0.0402567163109779,24.62206649780273,,4.513103485107422,transformer_feature_importance.csv
T_pos_18,T,19,transformer,,single,labuhn,sequence,transformer_attention,0.0402567163109779,24.62206649780273,,4.513103485107422,transformer_feature_importance.csv
T_pos_10,T,11,transformer,,single,labuhn,sequence,transformer_attention,0.0401760824024677,24.631885528564453,,4.513103485107422,transformer_feature_importance.csv
G_pos_10,G,11,transformer,,single,labuhn,sequence,transformer_attention,0.0401760824024677,24.631885528564453,,4.513103485107422,transformer_feature_importance.csv
C_pos_10,C,11,transformer,,single,labuhn,sequence,transformer_attention,0.0401760824024677,24.631885528564453,,4.513103485107422,transformer_feature_importance.csv
A_pos_10,A,11,transformer,,single,labuhn,sequence,transformer_attention,0.0401760824024677,24.631885528564453,,4.513103485107422,transformer_feature_importance.csv
T_pos_15,T,16,transformer,,single,labuhn,sequence,transformer_attention,0.03997203707695,21.13228988647461,,4.513103485107422,transformer_feature_importance.csv
G_pos_15,G,16,transformer,,single,labuhn,sequence,transformer_attention,0.03997203707695,21.13228988647461,,4.513103485107422,transformer_feature_importance.csv
C_pos_15,C,16,transformer,,single,labuhn,sequence,transformer_attention,0.03997203707695,21.13228988647461,,4.513103485107422,transformer_feature_importance.csv
A_pos_15,A,16,transformer,,single,labuhn,sequence,transformer_attention,0.03997203707695,21.13228988647461,,4.513103485107422,transformer_feature_importance.csv
A_pos_16,A,17,transformer,,single,labuhn,sequence,transformer_attention,0.039958544075489,19.49877166748047,,4.513103485107422,transformer_feature_importance.csv
C_pos_16,C,17,transformer,,single,labuhn,sequence,transformer_attention,0.039958544075489,19.49877166748047,,4.513103485107422,transformer_feature_importance.csv
G_pos_16,G,17,transformer,,single,labuhn,sequence,transformer_attention,0.039958544075489,19.49877166748047,,4.513103485107422,transformer_feature_importance.csv
T_pos_16,T,17,transformer,,single,labuhn,sequence,transformer_attention,0.039958544075489,19.49877166748047,,4.513103485107422,transformer_feature_importance.csv
A_pos_17,A,18,transformer,,single,labuhn,sequence,transformer_attention,0.0397513136267662,21.586891174316406,,4.513103485107422,transformer_feature_importance.csv
C_pos_17,C,18,transformer,,single,labuhn,sequence,transformer_attention,0.0397513136267662,21.586891174316406,,4.513103485107422,transformer_feature_importance.csv
G_pos_17,G,18,transformer,,single,labuhn,sequence,transformer_attention,0.0397513136267662,21.586891174316406,,4.513103485107422,transformer_feature_importance.csv
T_pos_17,T,18,transformer,,single,labuhn,sequence,transformer_attention,0.0397513136267662,21.586891174316406,,4.513103485107422,transformer_feature_importance.csv
T_pos_14,T,15,transformer,,single,labuhn,sequence,transformer_attention,0.0392533876001834,20.753795623779297,,4.513103485107422,transformer_feature_importance.csv
G_pos_14,G,15,transformer,,single,labuhn,sequence,transformer_attention,0.0392533876001834,20.753795623779297,,4.513103485107422,transformer_feature_importance.csv
C_pos_14,C,15,transformer,,single,labuhn,sequence,transformer_attention,0.0392533876001834,20.753795623779297,,4.513103485107422,transformer_feature_importance.csv
A_pos_14,A,15,transformer,,single,labuhn,sequence,transformer_attention,0.0392533876001834,20.753795623779297,,4.513103485107422,transformer_feature_importance.csv
T_pos_11,T,12,transformer,,single,labuhn,sequence,transformer_attention,0.0383512899279594,22.233997344970703,,4.513103485107422,transformer_feature_importance.csv
G_pos_11,G,12,transformer,,single,labuhn,sequence,transformer_attention,0.0383512899279594,22.233997344970703,,4.513103485107422,transformer_feature_importance.csv
C_pos_11,C,12,transformer,,single,labuhn,sequence,transformer_attention,0.0383512899279594,22.233997344970703,,4.513103485107422,transformer_feature_importance.csv
A_pos_11,A,12,transformer,,single,labuhn,sequence,transformer_attention,0.0383512899279594,22.233997344970703,,4.513103485107422,transformer_feature_importance.csv
A_pos_13,A,14,transformer,,single,labuhn,sequence,transformer_attention,0.0380987077951431,23.569713592529297,,4.513103485107422,transformer_feature_importance.csv
C_pos_13,C,14,transformer,,single,labuhn,sequence,transformer_attention,0.0380987077951431,23.569713592529297,,4.513103485107422,transformer_feature_importance.csv
G_pos_13,G,14,transformer,,single,labuhn,sequence,transformer_attention,0.0380987077951431,23.569713592529297,,4.513103485107422,transformer_feature_importance.csv
T_pos_13,T,14,transformer,,single,labuhn,sequence,transformer_attention,0.0380987077951431,23.569713592529297,,4.513103485107422,transformer_feature_importance.csv
A_pos_12,A,13,transformer,,single,labuhn,sequence,transformer_attention,0.0375584326684474,21.203426361083984,,4.513103485107422,transformer_feature_importance.csv
C_pos_12,C,13,transformer,,single,labuhn,sequence,transformer_attention,0.0375584326684474,21.203426361083984,,4.513103485107422,transformer_feature_importance.csv
G_pos_12,G,13,transformer,,single,labuhn,sequence,transformer_attention,0.0375584326684474,21.203426361083984,,4.513103485107422,transformer_feature_importance.csv
T_pos_12,T,13,transformer,,single,labuhn,sequence,transformer_attention,0.0375584326684474,21.203426361083984,,4.513103485107422,transformer_feature_importance.csv
pos18_G,G,18,xgboost,,single,labuhn,sequence,xgboost_treeshap,0.0063108685426414,0.6580168302240138,,,xgboost_feature_importance.csv
pos20_A,A,20,xgboost,,single,labuhn,sequence,xgboost_treeshap,0.0014411775628104,0.6936931940921767,,,xgboost_feature_importance.csv
pos12_C,C,12,xgboost,,single,labuhn,sequence,xgboost_treeshap,0.0019867192022502,0.7760859946950035,,,xgboost_feature_importance.csv
pos20_G,G,20,xgboost,,single,labuhn,sequence,xgboost_treeshap,0.0127375461161136,0.9824280680087376,,,xgboost_feature_importance.csv
pos15_T,T,15,xgboost,,single,labuhn,sequence,xgboost_treeshap,0.0005638694274239,0.7911610522040162,,,xgboost_feature_importance.csv
pos20_C,C,20,xgboost,,single,labuhn,sequence,xgboost_treeshap,0.0202446617186069,0.8678623121984602,,,xgboost_feature_importance.csv
pos17_C,C,17,xgboost,,single,labuhn,sequence,xgboost_treeshap,0.0033522169105708,0.7550264872088328,,,xgboost_feature_importance.csv
pos15_A,A,15,xgboost,,single,labuhn,sequence,xgboost_treeshap,0.0164257753640413,0.8340593325188275,,,xgboost_feature_importance.csv
pos6_G,G,6,xgboost,,single,labuhn,sequence,xgboost_treeshap,0.0128500740975141,0.8130099628937735,,,xgboost_feature_importance.csv
pos14_C,C,14,xgboost,,single,labuhn,sequence,xgboost_treeshap,0.0048812520690262,0.7740888268335638,,,xgboost_feature_importance.csv
pos19_C,C,19,xgboost,,single,labuhn,sequence,xgboost_treeshap,0.0016775038093328,0.6293526957958782,,,xgboost_feature_importance.csv
pos11_A,A,11,xgboost,,single,labuhn,sequence,xgboost_treeshap,0.0043791281059384,0.802352117547267,,,xgboost_feature_importance.csv
pos21_A,A,21,xgboost,,single,labuhn,sequence,xgboost_treeshap,0.002042468637228,0.8003865646558712,,,xgboost_feature_importance.csv
pos19_A,A,19,xgboost,,single,labuhn,sequence,xgboost_treeshap,0.0006523394258692,0.5122005591146368,,,xgboost_feature_importance.csv
pos12_A,A,12,xgboost,,single,labuhn,sequence,xgboost_treeshap,0.0020905842538923,0.7737457186438167,,,xgboost_feature_importance.csv
pos12_T,T,12,xgboost,,single,labuhn,sequence,xgboost_treeshap,0.0038326603826135,0.6059897269245342,,,xgboost_feature_importance.csv
pos18_C,C,18,xgboost,,single,labuhn,sequence,xgboost_treeshap,0.0091833872720599,0.8168787082820508,,,xgboost_feature_importance.csv
pos4_G,G,4,xgboost,,single,labuhn,sequence,xgboost_treeshap,0.0078550847247242,0.784344619566293,,,xgboost_feature_importance.csv
pos11_C,C,11,xgboost,,single,labuhn,sequence,xgboost_treeshap,0.0017101601697504,0.6529672203620667,,,xgboost_feature_importance.csv
pos14_A,A,14,xgboost,,single,labuhn,sequence,xgboost_treeshap,0.0034409267827868,0.6188315088724125,,,xgboost_feature_importance.csv
pos7_A,A,7,xgboost,,single,labuhn,sequence,xgboost_treeshap,0.0022117383778095,0.6710223496331431,,,xgboost_feature_importance.csv
pos18_A,A,18,xgboost,,single,labuhn,sequence,xgboost_treeshap,0.0015814147191122,0.7369923555626323,,,xgboost_feature_importance.csv
pos17_G,G,17,xgboost,,single,labuhn,sequence,xgboost_treeshap,0.0027066592592746,0.8149090829910188,,,xgboost_feature_importance.csv
pos16_A,A,16,xgboost,,single,labuhn,sequence,xgboost_treeshap,0.0006997731397859,0.63666497318787,,,xgboost_feature_importance.csv
pos13_T,T,13,xgboost,,single,labuhn,sequence,xgboost_treeshap,0.0048842318356037,0.6932933921770672,,,xgboost_feature_importance.csv
pos4_T,T,4,xgboost,,single,labuhn,sequence,xgboost_treeshap,0.0071386639028787,0.8019032469503902,,,xgboost_feature_importance.csv
pos14_T,T,14,xgboost,,single,labuhn,sequence,xgboost_treeshap,0.0015004182932898,0.708124281912595,,,xgboost_feature_importance.csv
pos16_G,G,16,xgboost,,single,labuhn,sequence,xgboost_treeshap,0.0071665961295366,0.8118455513378745,,,xgboost_feature_importance.csv
pos21_T,T,21,xgboost,,single,labuhn,sequence,xgboost_treeshap,0.0009540608152747,0.6974489932369202,,,xgboost_feature_importance.csv
pos7_C,C,7,xgboost,,single,labuhn,sequence,xgboost_treeshap,0.0098900916054844,0.79546301493823,,,xgboost_feature_importance.csv
pos9_T,T,9,xgboost,,single,labuhn,sequence,xgboost_treeshap,0.000899828155525,0.5087403760049027,,,xgboost_feature_importance.csv
pos19_T,T,19,xgboost,,single,labuhn,sequence,xgboost_treeshap,0.0035151953343302,0.6097349282517465,,,xgboost_feature_importance.csv
pos5_T,T,5,xgboost,,single,labuhn,sequence,xgboost_treeshap,0.0019160289084538,0.5237153675864599,,,xgboost_feature_importance.csv
pos10_A,A,10,xgboost,,single,labuhn,sequence,xgboost_treeshap,0.0025321629364043,0.6951482160351429,,,xgboost_feature_importance.csv
pos19_G,G,19,xgboost,,single,labuhn,sequence,xgboost_treeshap,0.0010786489583551,0.4746463045571777,,,xgboost_feature_importance.csv
pos14_G,G,14,xgboost,,single,labuhn,sequence,xgboost_treeshap,0.0030299508944153,0.7382680776456484,,,xgboost_feature_importance.csv
pos9_C,C,9,xgboost,,single,labuhn,sequence,xgboost_treeshap,0.0066343857906758,0.8624451959924117,,,xgboost_feature_importance.csv
pos8_A,A,8,xgboost,,single,labuhn,sequence,xgboost_treeshap,0.0035048713907599,0.7648457986327162,,,xgboost_feature_importance.csv
pos12_G,G,12,xgboost,,single,labuhn,sequence,xgboost_treeshap,0.0035158714745193,0.7928077953880497,,,xgboost_feature_importance.csv
pos4_A,A,4,xgboost,,single,labuhn,sequence,xgboost_treeshap,0.0046872212551534,0.7566409115515398,,,xgboost_feature_importance.csv
pos6_C,C,6,xgboost,,single,labuhn,sequence,xgboost_treeshap,0.0030722769442945,0.739681987660825,,,xgboost_feature_importance.csv
pos11_T,T,11,xgboost,,single,labuhn,sequence,xgboost_treeshap,0.0004764432669617,0.5934134497085531,,,xgboost_feature_importance.csv
pos17_A,A,17,xgboost,,single,labuhn,sequence,xgboost_treeshap,0.0002673387934919,0.4096315887829932,,,xgboost_feature_importance.csv
pos7_G,G,7,xgboost,,single,labuhn,sequence,xgboost_treeshap,0.0004960338701494,0.6545244437719506,,,xgboost_feature_importance.csv
pos6_A,A,6,xgboost,,single,labuhn,sequence,xgboost_treeshap,0.0010159886442124,0.6650424806959239,,,xgboost_feature_importance.csv
pos3_G,G,3,xgboost,,single,labuhn,sequence,xgboost_treeshap,0.0010525860125198,0.5554864051453999,,,xgboost_feature_importance.csv
pos10_G,G,10,xgboost,,single,labuhn,sequence,xgboost_treeshap,0.0034622815437614,0.8538714223792253,,,xgboost_feature_importance.csv
pos13_C,C,13,xgboost,,single,labuhn,sequence,xgboost_treeshap,0.0029459057841449,0.8181908124049465,,,xgboost_feature_importance.csv
pos10_T,T,10,xgboost,,single,labuhn,sequence,xgboost_treeshap,0.0023628559429198,0.7577926138769975,,,xgboost_feature_importance.csv
pos3_C,C,3,xgboost,,single,labuhn,sequence,xgboost_treeshap,0.0100103942677378,0.7895535236851258,,,xgboost_feature_importance.csv
pos5_C,C,5,xgboost,,single,labuhn,sequence,xgboost_treeshap,0.0046854335814714,0.7839879608260805,,,xgboost_feature_importance.csv
pos3_T,T,3,xgboost,,single,labuhn,sequence,xgboost_treeshap,0.0026791333220899,0.8191455029914838,,,xgboost_feature_importance.csv
pos9_G,G,9,xgboost,,single,labuhn,sequence,xgboost_treeshap,0.0008219396695494,0.7990478065692004,,,xgboost_feature_importance.csv
pos8_G,G,8,xgboost,,single,labuhn,sequence,xgboost_treeshap,0.0013893614523112,0.7129695373258853,,,xgboost_feature_importance.csv
pos6_T,T,6,xgboost,,single,labuhn,sequence,xgboost_treeshap,0.0015944143524393,0.7441856329555163,,,xgboost_feature_importance.csv
pos5_A,A,5,xgboost,,single,labuhn,sequence,xgboost_treeshap,0.0038193801883608,0.8020710636988447,,,xgboost_feature_importance.csv
pos8_C,C,8,xgboost,,single,labuhn,sequence,xgboost_treeshap,0.0011855557095259,0.7226244033179849,,,xgboost_feature_importance.csv
pos17_T,T,17,xgboost,,single,labuhn,sequence,xgboost_treeshap,0.0008929561008699,0.6529633145971928,,,xgboost_feature_importance.csv
pos18_T,T,18,xgboost,,single,labuhn,sequence,xgboost_treeshap,0.0005745732923969,0.499823333877142,,,xgboost_feature_importance.csv
pos15_G,G,15,xgboost,,single,labuhn,sequence,xgboost_treeshap,0.0012879900168627,0.7418720954925335,,,xgboost_feature_importance.csv
pos4_C,C,4,xgboost,,single,labuhn,sequence,xgboost_treeshap,0.0012437109835445,0.7811006240304524,,,xgboost_feature_importance.csv
pos13_G,G,13,xgboost,,single,labuhn,sequence,xgboost_treeshap,0.0008030028548091,0.6973383681479656,,,xgboost_feature_importance.csv
pos16_T,T,16,xgboost,,single,labuhn,sequence,xgboost_treeshap,0.0012234918540343,0.7066172631164565,,,xgboost_feature_importance.csv
pos9_A,A,9,xgboost,,single,labuhn,sequence,xgboost_treeshap,0.0016986750997602,0.5623073504499811,,,xgboost_feature_importance.csv
pos1_G,G,1,xgboost,,single,labuhn,sequence,xgboost_treeshap,0.0034827345516532,0.880939491511556,,,xgboost_feature_importance.csv
pos7_T,T,7,xgboost,,single,labuhn,sequence,xgboost_treeshap,0.0019421282922849,0.6876764814525329,,,xgboost_feature_importance.csv
pos10_C,C,10,xgboost,,single,labuhn,sequence,xgboost_treeshap,0.0009902758756652,0.8365453788835286,,,xgboost_feature_importance.csv
pos2_G,G,2,xgboost,,single,labuhn,sequence,xgboost_treeshap,0.0015498758293688,0.6892811656549447,,,xgboost_feature_importance.csv
pos21_G,G,21,xgboost,,single,labuhn,sequence,xgboost_treeshap,0.0006332120974548,0.5915366514976138,,,xgboost_feature_importance.csv
pos2_C,C,2,xgboost,,single,labuhn,sequence,xgboost_treeshap,0.0010161404497921,0.5760871979563892,,,xgboost_feature_importance.csv
pos15_C,C,15,xgboost,,single,labuhn,sequence,xgboost_treeshap,0.0013586140703409,0.8245770810673752,,,xgboost_feature_importance.csv
pos2_A,A,2,xgboost,,single,labuhn,sequence,xgboost_treeshap,0.00297008943744,0.7764038406124404,,,xgboost_feature_importance.csv
pos21_C,C,21,xgboost,,single,labuhn,sequence,xgboost_treeshap,0.0012597162276506,0.6305709498133987,,,xgboost_feature_importance.csv
pos1_T,T,1,xgboost,,single,labuhn,sequence,xgboost_treeshap,0.0024364269338548,0.8751760385165015,,,xgboost_feature_importance.csv
pos5_G,G,5,xgboost,,single,labuhn,sequence,xgboost_treeshap,0.0012767442967742,0.687762700599184,,,xgboost_feature_importance.csv
pos1_A,A,1,xgboost,,single,labuhn,sequence,xgboost_treeshap,0.0053461664356291,0.6538588979511645,,,xgboost_feature_importance.csv
pos16_C,C,16,xgboost,,single,labuhn,sequence,xgboost_treeshap,0.0005765493842773,0.5864887429539768,,,xgboost_feature_importance.csv
pos1_C,C,1,xgboost,,single,labuhn,sequence,xgboost_treeshap,0.0013507906114682,0.51517238928426,,,xgboost_feature_importance.csv
pos20_T,T,20,xgboost,,single,labuhn,sequence,xgboost_treeshap,0.0009155836305581,0.5563438682350303,,,xgboost_feature_importance.csv
pos11_G,G,11,xgboost,,single,labuhn,sequence,xgboost_treeshap,0.0008080177358351,0.5910254353549124,,,xgboost_feature_importance.csv
pos2_T,T,2,xgboost,,single,labuhn,sequence,xgboost_treeshap,0.0018821595003828,0.5626349110894879,,,xgboost_feature_importance.csv
pos13_A,A,13,xgboost,,single,labuhn,sequence,xgboost_treeshap,0.0002936676319222,0.5977397426229527,,,xgboost_feature_importance.csv
pos8_T,T,8,xgboost,,single,labuhn,sequence,xgboost_treeshap,0.000756669905968,0.6600325372585584,,,xgboost_feature_importance.csv
pos3_A,A,3,xgboost,,single,labuhn,sequence,xgboost_treeshap,0.0013660171534866,0.7497015468912785,,,xgboost_feature_importance.csv
pos22_A,A,22,xgboost,,single,labuhn,sequence,xgboost_treeshap,0.0,0.0,,,xgboost_feature_importance.csv
pos22_C,C,22,xgboost,,single,labuhn,sequence,xgboost_treeshap,0.0,0.0,,,xgboost_feature_importance.csv
pos22_G,G,22,xgboost,,single,labuhn,sequence,xgboost_treeshap,0.0,0.0,,,xgboost_feature_importance.csv
pos22_T,T,22,xgboost,,single,labuhn,sequence,xgboost_treeshap,0.0,0.0,,,xgboost_feature_importance.csv
pos23_A,A,23,xgboost,,single,labuhn,sequence,xgboost_treeshap,0.0,0.0,,,xgboost_feature_importance.csv
pos23_C,C,23,xgboost,,single,labuhn,sequence,xgboost_treeshap,0.0,0.0,,,xgboost_feature_importance.csv
pos23_G,G,23,xgboost,,single,labuhn,sequence,xgboost_treeshap,0.0,0.0,,,xgboost_feature_importance.csv
pos23_T,T,23,xgboost,,single,labuhn,sequence,xgboost_treeshap,0.0,0.0,,,xgboost_feature_importance.csv
pos18_G,G,18,xgboost,,single,labuhn,sequence,xgboost_gain,0.3705425858497619,,,,xgboost_feature_importance.csv
pos20_A,A,20,xgboost,,single,labuhn,sequence,xgboost_gain,0.2670308649539947,,,,xgboost_feature_importance.csv
pos12_C,C,12,xgboost,,single,labuhn,sequence,xgboost_gain,0.2637080252170563,,,,xgboost_feature_importance.csv
pos20_G,G,20,xgboost,,single,labuhn,sequence,xgboost_gain,0.2447313517332077,,,,xgboost_feature_importance.csv
pos15_T,T,15,xgboost,,single,labuhn,sequence,xgboost_gain,0.2302363514900207,,,,xgboost_feature_importance.csv
pos20_C,C,20,xgboost,,single,labuhn,sequence,xgboost_gain,0.2263006865978241,,,,xgboost_feature_importance.csv
pos17_C,C,17,xgboost,,single,labuhn,sequence,xgboost_gain,0.1995169222354889,,,,xgboost_feature_importance.csv
pos15_A,A,15,xgboost,,single,labuhn,sequence,xgboost_gain,0.1966886967420578,,,,xgboost_feature_importance.csv
pos6_G,G,6,xgboost,,single,labuhn,sequence,xgboost_gain,0.1845631748437881,,,,xgboost_feature_importance.csv
pos14_C,C,14,xgboost,,single,labuhn,sequence,xgboost_gain,0.1831289380788803,,,,xgboost_feature_importance.csv
pos19_C,C,19,xgboost,,single,labuhn,sequence,xgboost_gain,0.1805125474929809,,,,xgboost_feature_importance.csv
pos11_A,A,11,xgboost,,single,labuhn,sequence,xgboost_gain,0.1797545105218887,,,,xgboost_feature_importance.csv
pos21_A,A,21,xgboost,,single,labuhn,sequence,xgboost_gain,0.1794863194227218,,,,xgboost_feature_importance.csv
pos19_A,A,19,xgboost,,single,labuhn,sequence,xgboost_gain,0.1783333122730255,,,,xgboost_feature_importance.csv
pos12_A,A,12,xgboost,,single,labuhn,sequence,xgboost_gain,0.1773094534873962,,,,xgboost_feature_importance.csv
pos12_T,T,12,xgboost,,single,labuhn,sequence,xgboost_gain,0.1769575029611587,,,,xgboost_feature_importance.csv
pos18_C,C,18,xgboost,,single,labuhn,sequence,xgboost_gain,0.1765900403261184,,,,xgboost_feature_importance.csv
pos4_G,G,4,xgboost,,single,labuhn,sequence,xgboost_gain,0.172790452837944,,,,xgboost_feature_importance.csv
pos11_C,C,11,xgboost,,single,labuhn,sequence,xgboost_gain,0.1720660775899887,,,,xgboost_feature_importance.csv
pos14_A,A,14,xgboost,,single,labuhn,sequence,xgboost_gain,0.1696344763040542,,,,xgboost_feature_importance.csv
pos7_A,A,7,xgboost,,single,labuhn,sequence,xgboost_gain,0.1653827130794525,,,,xgboost_feature_importance.csv
pos18_A,A,18,xgboost,,single,labuhn,sequence,xgboost_gain,0.1624745875597,,,,xgboost_feature_importance.csv
pos17_G,G,17,xgboost,,single,labuhn,sequence,xgboost_gain,0.1609210222959518,,,,xgboost_feature_importance.csv
pos16_A,A,16,xgboost,,single,labuhn,sequence,xgboost_gain,0.1599988490343094,,,,xgboost_feature_importance.csv
pos13_T,T,13,xgboost,,single,labuhn,sequence,xgboost_gain,0.1592275351285934,,,,xgboost_feature_importance.csv
pos4_T,T,4,xgboost,,single,labuhn,sequence,xgboost_gain,0.159141719341278,,,,xgboost_feature_importance.csv
pos14_T,T,14,xgboost,,single,labuhn,sequence,xgboost_gain,0.1581413447856903,,,,xgboost_feature_importance.csv
pos16_G,G,16,xgboost,,single,labuhn,sequence,xgboost_gain,0.1561876982450485,,,,xgboost_feature_importance.csv
pos21_T,T,21,xgboost,,single,labuhn,sequence,xgboost_gain,0.1539875268936157,,,,xgboost_feature_importance.csv
pos7_C,C,7,xgboost,,single,labuhn,sequence,xgboost_gain,0.1539236754179,,,,xgboost_feature_importance.csv
pos9_T,T,9,xgboost,,single,labuhn,sequence,xgboost_gain,0.1532099992036819,,,,xgboost_feature_importance.csv
pos19_T,T,19,xgboost,,single,labuhn,sequence,xgboost_gain,0.1470105350017547,,,,xgboost_feature_importance.csv
pos5_T,T,5,xgboost,,single,labuhn,sequence,xgboost_gain,0.1463897377252578,,,,xgboost_feature_importance.csv
pos10_A,A,10,xgboost,,single,labuhn,sequence,xgboost_gain,0.1449186503887176,,,,xgboost_feature_importance.csv
pos19_G,G,19,xgboost,,single,labuhn,sequence,xgboost_gain,0.1413193047046661,,,,xgboost_feature_importance.csv
pos14_G,G,14,xgboost,,single,labuhn,sequence,xgboost_gain,0.1398188322782516,,,,xgboost_feature_importance.csv
pos9_C,C,9,xgboost,,single,labuhn,sequence,xgboost_gain,0.1393173635005951,,,,xgboost_feature_importance.csv
pos8_A,A,8,xgboost,,single,labuhn,sequence,xgboost_gain,0.137803852558136,,,,xgboost_feature_importance.csv
pos12_G,G,12,xgboost,,single,labuhn,sequence,xgboost_gain,0.1328706890344619,,,,xgboost_feature_importance.csv
pos4_A,A,4,xgboost,,single,labuhn,sequence,xgboost_gain,0.1321424543857574,,,,xgboost_feature_importance.csv
pos6_C,C,6,xgboost,,single,labuhn,sequence,xgboost_gain,0.1312018036842346,,,,xgboost_feature_importance.csv
pos11_T,T,11,xgboost,,single,labuhn,sequence,xgboost_gain,0.1283223628997802,,,,xgboost_feature_importance.csv
pos17_A,A,17,xgboost,,single,labuhn,sequence,xgboost_gain,0.1239696070551872,,,,xgboost_feature_importance.csv
pos7_G,G,7,xgboost,,single,labuhn,sequence,xgboost_gain,0.1236066445708274,,,,xgboost_feature_importance.csv
pos6_A,A,6,xgboost,,single,labuhn,sequence,xgboost_gain,0.1233994364738464,,,,xgboost_feature_importance.csv
pos3_G,G,3,xgboost,,single,labuhn,sequence,xgboost_gain,0.1194370687007904,,,,xgboost_feature_importance.csv
pos10_G,G,10,xgboost,,single,labuhn,sequence,xgboost_gain,0.1187797710299491,,,,xgboost_feature_importance.csv
pos13_C,C,13,xgboost,,single,labuhn,sequence,xgboost_gain,0.1165880188345909,,,,xgboost_feature_importance.csv
pos10_T,T,10,xgboost,,single,labuhn,sequence,xgboost_gain,0.1163950935006141,,,,xgboost_feature_importance.csv
pos3_C,C,3,xgboost,,single,labuhn,sequence,xgboost_gain,0.1162625476717948,,,,xgboost_feature_importance.csv
pos5_C,C,5,xgboost,,single,labuhn,sequence,xgboost_gain,0.1152993291616439,,,,xgboost_feature_importance.csv
pos3_T,T,3,xgboost,,single,labuhn,sequence,xgboost_gain,0.1124660447239875,,,,xgboost_feature_importance.csv
pos9_G,G,9,xgboost,,single,labuhn,sequence,xgboost_gain,0.1110640838742256,,,,xgboost_feature_importance.csv
pos8_G,G,8,xgboost,,single,labuhn,sequence,xgboost_gain,0.1100595146417617,,,,xgboost_feature_importance.csv
pos6_T,T,6,xgboost,,single,labuhn,sequence,xgboost_gain,0.1082423701882362,,,,xgboost_feature_importance.csv
pos5_A,A,5,xgboost,,single,labuhn,sequence,xgboost_gain,0.1077573075890541,,,,xgboost_feature_importance.csv
pos8_C,C,8,xgboost,,single,labuhn,sequence,xgboost_gain,0.1062269061803817,,,,xgboost_feature_importance.csv
pos17_T,T,17,xgboost,,single,labuhn,sequence,xgboost_gain,0.1050553396344184,,,,xgboost_feature_importance.csv
pos18_T,T,18,xgboost,,single,labuhn,sequence,xgboost_gain,0.1046257317066192,,,,xgboost_feature_importance.csv
pos15_G,G,15,xgboost,,single,labuhn,sequence,xgboost_gain,0.1017877161502838,,,,xgboost_feature_importance.csv
pos4_C,C,4,xgboost,,single,labuhn,sequence,xgboost_gain,0.0984735041856765,,,,xgboost_feature_importance.csv
pos13_G,G,13,xgboost,,single,labuhn,sequence,xgboost_gain,0.0975558459758758,,,,xgboost_feature_importance.csv
pos16_T,T,16,xgboost,,single,labuhn,sequence,xgboost_gain,0.0957632064819336,,,,xgboost_feature_importance.csv
pos9_A,A,9,xgboost,,single,labuhn,sequence,xgboost_gain,0.0954880639910698,,,,xgboost_feature_importance.csv
pos1_G,G,1,xgboost,,single,labuhn,sequence,xgboost_gain,0.0934882164001464,,,,xgboost_feature_importance.csv
pos7_T,T,7,xgboost,,single,labuhn,sequence,xgboost_gain,0.0918110236525535,,,,xgboost_feature_importance.csv
pos10_C,C,10,xgboost,,single,labuhn,sequence,xgboost_gain,0.0888734608888626,,,,xgboost_feature_importance.csv
pos2_G,G,2,xgboost,,single,labuhn,sequence,xgboost_gain,0.085478775203228,,,,xgboost_feature_importance.csv
pos21_G,G,21,xgboost,,single,labuhn,sequence,xgboost_gain,0.0847292393445968,,,,xgboost_feature_importance.csv
pos2_C,C,2,xgboost,,single,labuhn,sequence,xgboost_gain,0.0844427347183227,,,,xgboost_feature_importance.csv
pos15_C,C,15,xgboost,,single,labuhn,sequence,xgboost_gain,0.0833059325814247,,,,xgboost_feature_importance.csv
pos2_A,A,2,xgboost,,single,labuhn,sequence,xgboost_gain,0.0820039510726928,,,,xgboost_feature_importance.csv
pos21_C,C,21,xgboost,,single,labuhn,sequence,xgboost_gain,0.0787921696901321,,,,xgboost_feature_importance.csv
pos1_T,T,1,xgboost,,single,labuhn,sequence,xgboost_gain,0.0765679031610488,,,,xgboost_feature_importance.csv
pos5_G,G,5,xgboost,,single,labuhn,sequence,xgboost_gain,0.0742335468530654,,,,xgboost_feature_importance.csv
pos1_A,A,1,xgboost,,single,labuhn,sequence,xgboost_gain,0.0737071707844734,,,,xgboost_feature_importance.csv
pos16_C,C,16,xgboost,,single,labuhn,sequence,xgboost_gain,0.0731778368353843,,,,xgboost_feature_importance.csv
pos1_C,C,1,xgboost,,single,labuhn,sequence,xgboost_gain,0.0683705657720565,,,,xgboost_feature_importance.csv
pos20_T,T,20,xgboost,,single,labuhn,sequence,xgboost_gain,0.0660278871655464,,,,xgboost_feature_importance.csv
pos11_G,G,11,xgboost,,single,labuhn,sequence,xgboost_gain,0.0649302452802658,,,,xgboost_feature_importance.csv
pos2_T,T,2,xgboost,,single,labuhn,sequence,xgboost_gain,0.0594501085579395,,,,xgboost_feature_importance.csv
pos13_A,A,13,xgboost,,single,labuhn,sequence,xgboost_gain,0.0574322827160358,,,,xgboost_feature_importance.csv
pos8_T,T,8,xgboost,,single,labuhn,sequence,xgboost_gain,0.0544423162937164,,,,xgboost_feature_importance.csv
pos3_A,A,3,xgboost,,single,labuhn,sequence,xgboost_gain,0.0360152199864387,,,,xgboost_feature_importance.csv
pos22_A,A,22,xgboost,,single,labuhn,sequence,xgboost_gain,0.0,,,,xgboost_feature_importance.csv
pos22_C,C,22,xgboost,,single,labuhn,sequence,xgboost_gain,0.0,,,,xgboost_feature_importance.csv
pos22_G,G,22,xgboost,,single,labuhn,sequence,xgboost_gain,0.0,,,,xgboost_feature_importance.csv
pos22_T,T,22,xgboost,,single,labuhn,sequence,xgboost_gain,0.0,,,,xgboost_feature_importance.csv
pos23_A,A,23,xgboost,,single,labuhn,sequence,xgboost_gain,0.0,,,,xgboost_feature_importance.csv
pos23_C,C,23,xgboost,,single,labuhn,sequence,xgboost_gain,0.0,,,,xgboost_feature_importance.csv
pos23_G,G,23,xgboost,,single,labuhn,sequence,xgboost_gain,0.0,,,,xgboost_feature_importance.csv
pos23_T,T,23,xgboost,,single,labuhn,sequence,xgboost_gain,0.0,,,,xgboost_feature_importance.csv
