motif_id,sample_id,cell_line,split_type,environment,model,model_variant,attribution_method,position_start,position_end,sequence,attribution_score,ism_effect,ig_effect,direction,efficacy
motif_cnn33_labuhn_sequence_cnn_ig_001,5,labuhn,single,sequence,cnn,cnn33,cnn_ig,20,23,CTGG,0.007108065416105074,0.017595706740394186,0.0037437280698213436,unsigned,0.773
motif_cnn33_labuhn_sequence_cnn_ig_001,14,labuhn,single,sequence,cnn,cnn33,cnn_ig,20,23,CTGG,0.007108065416105074,0.017595706740394186,0.0037437280698213436,unsigned,0.679
motif_cnn33_labuhn_sequence_cnn_ig_001,16,labuhn,single,sequence,cnn,cnn33,cnn_ig,20,23,CTGG,0.007108065416105074,0.017595706740394186,0.0037437280698213436,unsigned,0.529
motif_cnn33_labuhn_sequence_cnn_ig_001,17,labuhn,single,sequence,cnn,cnn33,cnn_ig,20,23,CTGG,0.007108065416105074,0.017595706740394186,0.0037437280698213436,unsigned,0.907
motif_cnn33_labuhn_sequence_cnn_ig_001,23,labuhn,single,sequence,cnn,cnn33,cnn_ig,20,23,CTGG,0.007108065416105074,0.017595706740394186,0.0037437280698213436,unsigned,0.498
motif_cnn33_labuhn_sequence_cnn_ig_001,40,labuhn,single,sequence,cnn,cnn33,cnn_ig,20,23,CTGG,0.007108065416105074,0.017595706740394186,0.0037437280698213436,unsigned,0.869
motif_cnn33_labuhn_sequence_cnn_ig_001,46,labuhn,single,sequence,cnn,cnn33,cnn_ig,20,23,CTGG,0.007108065416105074,0.017595706740394186,0.0037437280698213436,unsigned,0.75
motif_cnn33_labuhn_sequence_cnn_ig_001,59,labuhn,single,sequence,cnn,cnn33,cnn_ig,20,23,CTGG,0.007108065416105074,0.017595706740394186,0.0037437280698213436,unsigned,0.258
motif_cnn33_labuhn_sequence_cnn_ig_001,61,labuhn,single,sequence,cnn,cnn33,cnn_ig,20,23,CTGG,0.007108065416105074,0.017595706740394186,0.0037437280698213436,unsigned,0.203
motif_cnn33_labuhn_sequence_cnn_ig_001,63,labuhn,single,sequence,cnn,cnn33,cnn_ig,20,23,CTGG,0.007108065416105074,0.017595706740394186,0.0037437280698213436,unsigned,0.76
motif_cnn33_labuhn_sequence_cnn_ig_001,88,labuhn,single,sequence,cnn,cnn33,cnn_ig,20,23,CTGG,0.007108065416105074,0.017595706740394186,0.0037437280698213436,unsigned,0.859
motif_cnn33_labuhn_sequence_cnn_ig_001,96,labuhn,single,sequence,cnn,cnn33,cnn_ig,20,23,CTGG,0.007108065416105074,0.017595706740394186,0.0037437280698213436,unsigned,0.509
motif_cnn33_labuhn_sequence_cnn_ig_001,111,labuhn,single,sequence,cnn,cnn33,cnn_ig,20,23,CTGG,0.007108065416105074,0.017595706740394186,0.0037437280698213436,unsigned,0.88
motif_cnn33_labuhn_sequence_cnn_ig_001,114,labuhn,single,sequence,cnn,cnn33,cnn_ig,20,23,CTGG,0.007108065416105074,0.017595706740394186,0.0037437280698213436,unsigned,0.694
motif_cnn33_labuhn_sequence_cnn_ig_001,116,labuhn,single,sequence,cnn,cnn33,cnn_ig,20,23,CTGG,0.007108065416105074,0.017595706740394186,0.0037437280698213436,unsigned,0.941
motif_cnn33_labuhn_sequence_cnn_ig_001,117,labuhn,single,sequence,cnn,cnn33,cnn_ig,20,23,CTGG,0.007108065416105074,0.017595706740394186,0.0037437280698213436,unsigned,0.795
motif_cnn33_labuhn_sequence_cnn_ig_001,118,labuhn,single,sequence,cnn,cnn33,cnn_ig,20,23,CTGG,0.007108065416105074,0.017595706740394186,0.0037437280698213436,unsigned,0.109
motif_cnn33_labuhn_sequence_cnn_ig_001,122,labuhn,single,sequence,cnn,cnn33,cnn_ig,20,23,CTGG,0.007108065416105074,0.017595706740394186,0.0037437280698213436,unsigned,0.306
motif_cnn33_labuhn_sequence_cnn_ig_001,137,labuhn,single,sequence,cnn,cnn33,cnn_ig,20,23,CTGG,0.007108065416105074,0.017595706740394186,0.0037437280698213436,unsigned,0.946
motif_cnn33_labuhn_sequence_cnn_ig_001,141,labuhn,single,sequence,cnn,cnn33,cnn_ig,20,23,CTGG,0.007108065416105074,0.017595706740394186,0.0037437280698213436,unsigned,0.897
motif_cnn33_labuhn_sequence_cnn_ig_001,142,labuhn,single,sequence,cnn,cnn33,cnn_ig,20,23,CTGG,0.007108065416105074,0.017595706740394186,0.0037437280698213436,unsigned,0.111
motif_cnn33_labuhn_sequence_cnn_ig_001,152,labuhn,single,sequence,cnn,cnn33,cnn_ig,20,23,CTGG,0.007108065416105074,0.017595706740394186,0.0037437280698213436,unsigned,0.429
motif_cnn33_labuhn_sequence_cnn_ig_001,157,labuhn,single,sequence,cnn,cnn33,cnn_ig,20,23,CTGG,0.007108065416105074,0.017595706740394186,0.0037437280698213436,unsigned,0.45
motif_cnn33_labuhn_sequence_cnn_ig_001,161,labuhn,single,sequence,cnn,cnn33,cnn_ig,20,23,CTGG,0.007108065416105074,0.017595706740394186,0.0037437280698213436,unsigned,0.285
motif_cnn33_labuhn_sequence_cnn_ig_001,167,labuhn,single,sequence,cnn,cnn33,cnn_ig,20,23,CTGG,0.007108065416105074,0.017595706740394186,0.0037437280698213436,unsigned,0.865
motif_cnn33_labuhn_sequence_cnn_ig_001,170,labuhn,single,sequence,cnn,cnn33,cnn_ig,20,23,CTGG,0.007108065416105074,0.017595706740394186,0.0037437280698213436,unsigned,0.54
motif_cnn33_labuhn_sequence_cnn_ig_001,173,labuhn,single,sequence,cnn,cnn33,cnn_ig,20,23,CTGG,0.007108065416105074,0.017595706740394186,0.0037437280698213436,unsigned,0.859
motif_cnn33_labuhn_sequence_cnn_ig_001,178,labuhn,single,sequence,cnn,cnn33,cnn_ig,20,23,CTGG,0.007108065416105074,0.017595706740394186,0.0037437280698213436,unsigned,0.799
motif_cnn33_labuhn_sequence_cnn_ig_001,188,labuhn,single,sequence,cnn,cnn33,cnn_ig,20,23,CTGG,0.007108065416105074,0.017595706740394186,0.0037437280698213436,unsigned,0.323
motif_cnn33_labuhn_sequence_cnn_ig_001,191,labuhn,single,sequence,cnn,cnn33,cnn_ig,20,23,CTGG,0.007108065416105074,0.017595706740394186,0.0037437280698213436,unsigned,0.706
motif_cnn33_labuhn_sequence_cnn_ig_001,195,labuhn,single,sequence,cnn,cnn33,cnn_ig,20,23,CTGG,0.007108065416105074,0.017595706740394186,0.0037437280698213436,unsigned,0.796
motif_cnn33_labuhn_sequence_cnn_ig_001,196,labuhn,single,sequence,cnn,cnn33,cnn_ig,20,23,CTGG,0.007108065416105074,0.017595706740394186,0.0037437280698213436,unsigned,0.801
motif_cnn33_labuhn_sequence_cnn_ig_001,197,labuhn,single,sequence,cnn,cnn33,cnn_ig,20,23,CTGG,0.007108065416105074,0.017595706740394186,0.0037437280698213436,unsigned,0.922
motif_cnn33_labuhn_sequence_cnn_ig_001,198,labuhn,single,sequence,cnn,cnn33,cnn_ig,20,23,CTGG,0.007108065416105074,0.017595706740394186,0.0037437280698213436,unsigned,0.697
motif_cnn33_labuhn_sequence_cnn_ig_001,200,labuhn,single,sequence,cnn,cnn33,cnn_ig,20,23,CTGG,0.007108065416105074,0.017595706740394186,0.0037437280698213436,unsigned,0.79
motif_cnn33_labuhn_sequence_cnn_ig_001,202,labuhn,single,sequence,cnn,cnn33,cnn_ig,20,23,CTGG,0.007108065416105074,0.017595706740394186,0.0037437280698213436,unsigned,0.52
motif_cnn33_labuhn_sequence_cnn_ig_001,209,labuhn,single,sequence,cnn,cnn33,cnn_ig,20,23,CTGG,0.007108065416105074,0.017595706740394186,0.0037437280698213436,unsigned,0.757
motif_cnn33_labuhn_sequence_cnn_ig_001,210,labuhn,single,sequence,cnn,cnn33,cnn_ig,20,23,CTGG,0.007108065416105074,0.017595706740394186,0.0037437280698213436,unsigned,0.897
motif_cnn33_labuhn_sequence_cnn_ig_001,215,labuhn,single,sequence,cnn,cnn33,cnn_ig,20,23,CTGG,0.007108065416105074,0.017595706740394186,0.0037437280698213436,unsigned,0.537
motif_cnn33_labuhn_sequence_cnn_ig_001,221,labuhn,single,sequence,cnn,cnn33,cnn_ig,20,23,CTGG,0.007108065416105074,0.017595706740394186,0.0037437280698213436,unsigned,0.36
motif_cnn33_labuhn_sequence_cnn_ig_001,224,labuhn,single,sequence,cnn,cnn33,cnn_ig,20,23,CTGG,0.007108065416105074,0.017595706740394186,0.0037437280698213436,unsigned,0.036
motif_cnn33_labuhn_sequence_cnn_ig_001,225,labuhn,single,sequence,cnn,cnn33,cnn_ig,20,23,CTGG,0.007108065416105074,0.017595706740394186,0.0037437280698213436,unsigned,0.296
motif_cnn33_labuhn_sequence_cnn_ig_001,233,labuhn,single,sequence,cnn,cnn33,cnn_ig,20,23,CTGG,0.007108065416105074,0.017595706740394186,0.0037437280698213436,unsigned,0.834
motif_cnn33_labuhn_sequence_cnn_ig_001,238,labuhn,single,sequence,cnn,cnn33,cnn_ig,20,23,CTGG,0.007108065416105074,0.017595706740394186,0.0037437280698213436,unsigned,0.37
motif_cnn33_labuhn_sequence_cnn_ig_001,240,labuhn,single,sequence,cnn,cnn33,cnn_ig,20,23,CTGG,0.007108065416105074,0.017595706740394186,0.0037437280698213436,unsigned,0.88
motif_cnn33_labuhn_sequence_cnn_ig_001,244,labuhn,single,sequence,cnn,cnn33,cnn_ig,20,23,CTGG,0.007108065416105074,0.017595706740394186,0.0037437280698213436,unsigned,0.871
motif_cnn33_labuhn_sequence_cnn_ig_001,255,labuhn,single,sequence,cnn,cnn33,cnn_ig,20,23,CTGG,0.007108065416105074,0.017595706740394186,0.0037437280698213436,unsigned,0.692
motif_cnn33_labuhn_sequence_cnn_ig_001,261,labuhn,single,sequence,cnn,cnn33,cnn_ig,20,23,CTGG,0.007108065416105074,0.017595706740394186,0.0037437280698213436,unsigned,0.372
motif_cnn33_labuhn_sequence_cnn_ig_001,274,labuhn,single,sequence,cnn,cnn33,cnn_ig,20,23,CTGG,0.007108065416105074,0.017595706740394186,0.0037437280698213436,unsigned,0.801
motif_cnn33_labuhn_sequence_cnn_ig_001,277,labuhn,single,sequence,cnn,cnn33,cnn_ig,20,23,CTGG,0.007108065416105074,0.017595706740394186,0.0037437280698213436,unsigned,0.491
motif_cnn33_labuhn_sequence_cnn_ig_001,278,labuhn,single,sequence,cnn,cnn33,cnn_ig,20,23,CTGG,0.007108065416105074,0.017595706740394186,0.0037437280698213436,unsigned,0.7
motif_cnn33_labuhn_sequence_cnn_ig_001,281,labuhn,single,sequence,cnn,cnn33,cnn_ig,20,23,CTGG,0.007108065416105074,0.017595706740394186,0.0037437280698213436,unsigned,0.815
motif_cnn33_labuhn_sequence_cnn_ig_001,289,labuhn,single,sequence,cnn,cnn33,cnn_ig,20,23,CTGG,0.007108065416105074,0.017595706740394186,0.0037437280698213436,unsigned,0.868
motif_cnn33_labuhn_sequence_cnn_ig_001,292,labuhn,single,sequence,cnn,cnn33,cnn_ig,20,23,CTGG,0.007108065416105074,0.017595706740394186,0.0037437280698213436,unsigned,0.623
motif_cnn33_labuhn_sequence_cnn_ig_001,294,labuhn,single,sequence,cnn,cnn33,cnn_ig,20,23,CTGG,0.007108065416105074,0.017595706740394186,0.0037437280698213436,unsigned,0.765
motif_cnn33_labuhn_sequence_cnn_ig_001,297,labuhn,single,sequence,cnn,cnn33,cnn_ig,20,23,CTGG,0.007108065416105074,0.017595706740394186,0.0037437280698213436,unsigned,0.6475
motif_cnn33_labuhn_sequence_cnn_ig_001,308,labuhn,single,sequence,cnn,cnn33,cnn_ig,20,23,CTGG,0.007108065416105074,0.017595706740394186,0.0037437280698213436,unsigned,0.711
motif_cnn33_labuhn_sequence_cnn_ig_001,318,labuhn,single,sequence,cnn,cnn33,cnn_ig,20,23,CTGG,0.007108065416105074,0.017595706740394186,0.0037437280698213436,unsigned,0.851
motif_cnn33_labuhn_sequence_cnn_ig_001,323,labuhn,single,sequence,cnn,cnn33,cnn_ig,20,23,CTGG,0.007108065416105074,0.017595706740394186,0.0037437280698213436,unsigned,0.315
motif_cnn33_labuhn_sequence_cnn_ig_001,325,labuhn,single,sequence,cnn,cnn33,cnn_ig,20,23,CTGG,0.007108065416105074,0.017595706740394186,0.0037437280698213436,unsigned,0.408
motif_cnn33_labuhn_sequence_cnn_ig_001,339,labuhn,single,sequence,cnn,cnn33,cnn_ig,20,23,CTGG,0.007108065416105074,0.017595706740394186,0.0037437280698213436,unsigned,0.909
motif_cnn33_labuhn_sequence_cnn_ig_001,358,labuhn,single,sequence,cnn,cnn33,cnn_ig,20,23,CTGG,0.007108065416105074,0.017595706740394186,0.0037437280698213436,unsigned,0.822
motif_cnn33_labuhn_sequence_cnn_ig_001,364,labuhn,single,sequence,cnn,cnn33,cnn_ig,20,23,CTGG,0.007108065416105074,0.017595706740394186,0.0037437280698213436,unsigned,0.865
motif_cnn33_labuhn_sequence_cnn_ig_001,365,labuhn,single,sequence,cnn,cnn33,cnn_ig,20,23,CTGG,0.007108065416105074,0.017595706740394186,0.0037437280698213436,unsigned,0.839
motif_cnn33_labuhn_sequence_cnn_ig_001,366,labuhn,single,sequence,cnn,cnn33,cnn_ig,20,23,CTGG,0.007108065416105074,0.017595706740394186,0.0037437280698213436,unsigned,0.125
motif_cnn33_labuhn_sequence_cnn_ig_001,367,labuhn,single,sequence,cnn,cnn33,cnn_ig,20,23,CTGG,0.007108065416105074,0.017595706740394186,0.0037437280698213436,unsigned,0.819
motif_cnn33_labuhn_sequence_cnn_ig_001,375,labuhn,single,sequence,cnn,cnn33,cnn_ig,20,23,CTGG,0.007108065416105074,0.017595706740394186,0.0037437280698213436,unsigned,0.285
motif_cnn33_labuhn_sequence_cnn_ig_001,386,labuhn,single,sequence,cnn,cnn33,cnn_ig,20,23,CTGG,0.007108065416105074,0.017595706740394186,0.0037437280698213436,unsigned,0.937
motif_cnn33_labuhn_sequence_cnn_ig_001,389,labuhn,single,sequence,cnn,cnn33,cnn_ig,20,23,CTGG,0.007108065416105074,0.017595706740394186,0.0037437280698213436,unsigned,0.806
motif_cnn33_labuhn_sequence_cnn_ig_001,392,labuhn,single,sequence,cnn,cnn33,cnn_ig,20,23,CTGG,0.007108065416105074,0.017595706740394186,0.0037437280698213436,unsigned,0.183
motif_cnn33_labuhn_sequence_cnn_ig_001,396,labuhn,single,sequence,cnn,cnn33,cnn_ig,20,23,CTGG,0.007108065416105074,0.017595706740394186,0.0037437280698213436,unsigned,0.794
motif_cnn33_labuhn_sequence_cnn_ig_001,404,labuhn,single,sequence,cnn,cnn33,cnn_ig,20,23,CTGG,0.007108065416105074,0.017595706740394186,0.0037437280698213436,unsigned,0.028
motif_cnn33_labuhn_sequence_cnn_ig_001,405,labuhn,single,sequence,cnn,cnn33,cnn_ig,20,23,CTGG,0.007108065416105074,0.017595706740394186,0.0037437280698213436,unsigned,0.868
motif_cnn33_labuhn_sequence_cnn_ig_001,406,labuhn,single,sequence,cnn,cnn33,cnn_ig,20,23,CTGG,0.007108065416105074,0.017595706740394186,0.0037437280698213436,unsigned,0.406
motif_cnn53_labuhn_sequence_cnn_ig_002,5,labuhn,single,sequence,cnn,cnn53,cnn_ig,20,23,CTGG,0.005935592441043483,0.02132298354990776,0.0035137184750055625,unsigned,0.773
motif_cnn53_labuhn_sequence_cnn_ig_002,14,labuhn,single,sequence,cnn,cnn53,cnn_ig,20,23,CTGG,0.005935592441043483,0.02132298354990776,0.0035137184750055625,unsigned,0.679
motif_cnn53_labuhn_sequence_cnn_ig_002,16,labuhn,single,sequence,cnn,cnn53,cnn_ig,20,23,CTGG,0.005935592441043483,0.02132298354990776,0.0035137184750055625,unsigned,0.529
motif_cnn53_labuhn_sequence_cnn_ig_002,17,labuhn,single,sequence,cnn,cnn53,cnn_ig,20,23,CTGG,0.005935592441043483,0.02132298354990776,0.0035137184750055625,unsigned,0.907
motif_cnn53_labuhn_sequence_cnn_ig_002,23,labuhn,single,sequence,cnn,cnn53,cnn_ig,20,23,CTGG,0.005935592441043483,0.02132298354990776,0.0035137184750055625,unsigned,0.498
motif_cnn53_labuhn_sequence_cnn_ig_002,40,labuhn,single,sequence,cnn,cnn53,cnn_ig,20,23,CTGG,0.005935592441043483,0.02132298354990776,0.0035137184750055625,unsigned,0.869
motif_cnn53_labuhn_sequence_cnn_ig_002,46,labuhn,single,sequence,cnn,cnn53,cnn_ig,20,23,CTGG,0.005935592441043483,0.02132298354990776,0.0035137184750055625,unsigned,0.75
motif_cnn53_labuhn_sequence_cnn_ig_002,59,labuhn,single,sequence,cnn,cnn53,cnn_ig,20,23,CTGG,0.005935592441043483,0.02132298354990776,0.0035137184750055625,unsigned,0.258
motif_cnn53_labuhn_sequence_cnn_ig_002,61,labuhn,single,sequence,cnn,cnn53,cnn_ig,20,23,CTGG,0.005935592441043483,0.02132298354990776,0.0035137184750055625,unsigned,0.203
motif_cnn53_labuhn_sequence_cnn_ig_002,63,labuhn,single,sequence,cnn,cnn53,cnn_ig,20,23,CTGG,0.005935592441043483,0.02132298354990776,0.0035137184750055625,unsigned,0.76
motif_cnn53_labuhn_sequence_cnn_ig_002,88,labuhn,single,sequence,cnn,cnn53,cnn_ig,20,23,CTGG,0.005935592441043483,0.02132298354990776,0.0035137184750055625,unsigned,0.859
motif_cnn53_labuhn_sequence_cnn_ig_002,96,labuhn,single,sequence,cnn,cnn53,cnn_ig,20,23,CTGG,0.005935592441043483,0.02132298354990776,0.0035137184750055625,unsigned,0.509
motif_cnn53_labuhn_sequence_cnn_ig_002,111,labuhn,single,sequence,cnn,cnn53,cnn_ig,20,23,CTGG,0.005935592441043483,0.02132298354990776,0.0035137184750055625,unsigned,0.88
motif_cnn53_labuhn_sequence_cnn_ig_002,114,labuhn,single,sequence,cnn,cnn53,cnn_ig,20,23,CTGG,0.005935592441043483,0.02132298354990776,0.0035137184750055625,unsigned,0.694
motif_cnn53_labuhn_sequence_cnn_ig_002,116,labuhn,single,sequence,cnn,cnn53,cnn_ig,20,23,CTGG,0.005935592441043483,0.02132298354990776,0.0035137184750055625,unsigned,0.941
motif_cnn53_labuhn_sequence_cnn_ig_002,117,labuhn,single,sequence,cnn,cnn53,cnn_ig,20,23,CTGG,0.005935592441043483,0.02132298354990776,0.0035137184750055625,unsigned,0.795
motif_cnn53_labuhn_sequence_cnn_ig_002,118,labuhn,single,sequence,cnn,cnn53,cnn_ig,20,23,CTGG,0.005935592441043483,0.02132298354990776,0.0035137184750055625,unsigned,0.109
motif_cnn53_labuhn_sequence_cnn_ig_002,122,labuhn,single,sequence,cnn,cnn53,cnn_ig,20,23,CTGG,0.005935592441043483,0.02132298354990776,0.0035137184750055625,unsigned,0.306
motif_cnn53_labuhn_sequence_cnn_ig_002,137,labuhn,single,sequence,cnn,cnn53,cnn_ig,20,23,CTGG,0.005935592441043483,0.02132298354990776,0.0035137184750055625,unsigned,0.946
motif_cnn53_labuhn_sequence_cnn_ig_002,141,labuhn,single,sequence,cnn,cnn53,cnn_ig,20,23,CTGG,0.005935592441043483,0.02132298354990776,0.0035137184750055625,unsigned,0.897
motif_cnn53_labuhn_sequence_cnn_ig_002,142,labuhn,single,sequence,cnn,cnn53,cnn_ig,20,23,CTGG,0.005935592441043483,0.02132298354990776,0.0035137184750055625,unsigned,0.111
motif_cnn53_labuhn_sequence_cnn_ig_002,152,labuhn,single,sequence,cnn,cnn53,cnn_ig,20,23,CTGG,0.005935592441043483,0.02132298354990776,0.0035137184750055625,unsigned,0.429
motif_cnn53_labuhn_sequence_cnn_ig_002,157,labuhn,single,sequence,cnn,cnn53,cnn_ig,20,23,CTGG,0.005935592441043483,0.02132298354990776,0.0035137184750055625,unsigned,0.45
motif_cnn53_labuhn_sequence_cnn_ig_002,161,labuhn,single,sequence,cnn,cnn53,cnn_ig,20,23,CTGG,0.005935592441043483,0.02132298354990776,0.0035137184750055625,unsigned,0.285
motif_cnn53_labuhn_sequence_cnn_ig_002,167,labuhn,single,sequence,cnn,cnn53,cnn_ig,20,23,CTGG,0.005935592441043483,0.02132298354990776,0.0035137184750055625,unsigned,0.865
motif_cnn53_labuhn_sequence_cnn_ig_002,170,labuhn,single,sequence,cnn,cnn53,cnn_ig,20,23,CTGG,0.005935592441043483,0.02132298354990776,0.0035137184750055625,unsigned,0.54
motif_cnn53_labuhn_sequence_cnn_ig_002,173,labuhn,single,sequence,cnn,cnn53,cnn_ig,20,23,CTGG,0.005935592441043483,0.02132298354990776,0.0035137184750055625,unsigned,0.859
motif_cnn53_labuhn_sequence_cnn_ig_002,178,labuhn,single,sequence,cnn,cnn53,cnn_ig,20,23,CTGG,0.005935592441043483,0.02132298354990776,0.0035137184750055625,unsigned,0.799
motif_cnn53_labuhn_sequence_cnn_ig_002,188,labuhn,single,sequence,cnn,cnn53,cnn_ig,20,23,CTGG,0.005935592441043483,0.02132298354990776,0.0035137184750055625,unsigned,0.323
motif_cnn53_labuhn_sequence_cnn_ig_002,191,labuhn,single,sequence,cnn,cnn53,cnn_ig,20,23,CTGG,0.005935592441043483,0.02132298354990776,0.0035137184750055625,unsigned,0.706
motif_cnn53_labuhn_sequence_cnn_ig_002,195,labuhn,single,sequence,cnn,cnn53,cnn_ig,20,23,CTGG,0.005935592441043483,0.02132298354990776,0.0035137184750055625,unsigned,0.796
motif_cnn53_labuhn_sequence_cnn_ig_002,196,labuhn,single,sequence,cnn,cnn53,cnn_ig,20,23,CTGG,0.005935592441043483,0.02132298354990776,0.0035137184750055625,unsigned,0.801
motif_cnn53_labuhn_sequence_cnn_ig_002,197,labuhn,single,sequence,cnn,cnn53,cnn_ig,20,23,CTGG,0.005935592441043483,0.02132298354990776,0.0035137184750055625,unsigned,0.922
motif_cnn53_labuhn_sequence_cnn_ig_002,198,labuhn,single,sequence,cnn,cnn53,cnn_ig,20,23,CTGG,0.005935592441043483,0.02132298354990776,0.0035137184750055625,unsigned,0.697
motif_cnn53_labuhn_sequence_cnn_ig_002,200,labuhn,single,sequence,cnn,cnn53,cnn_ig,20,23,CTGG,0.005935592441043483,0.02132298354990776,0.0035137184750055625,unsigned,0.79
motif_cnn53_labuhn_sequence_cnn_ig_002,202,labuhn,single,sequence,cnn,cnn53,cnn_ig,20,23,CTGG,0.005935592441043483,0.02132298354990776,0.0035137184750055625,unsigned,0.52
motif_cnn53_labuhn_sequence_cnn_ig_002,209,labuhn,single,sequence,cnn,cnn53,cnn_ig,20,23,CTGG,0.005935592441043483,0.02132298354990776,0.0035137184750055625,unsigned,0.757
motif_cnn53_labuhn_sequence_cnn_ig_002,210,labuhn,single,sequence,cnn,cnn53,cnn_ig,20,23,CTGG,0.005935592441043483,0.02132298354990776,0.0035137184750055625,unsigned,0.897
motif_cnn53_labuhn_sequence_cnn_ig_002,215,labuhn,single,sequence,cnn,cnn53,cnn_ig,20,23,CTGG,0.005935592441043483,0.02132298354990776,0.0035137184750055625,unsigned,0.537
motif_cnn53_labuhn_sequence_cnn_ig_002,221,labuhn,single,sequence,cnn,cnn53,cnn_ig,20,23,CTGG,0.005935592441043483,0.02132298354990776,0.0035137184750055625,unsigned,0.36
motif_cnn53_labuhn_sequence_cnn_ig_002,224,labuhn,single,sequence,cnn,cnn53,cnn_ig,20,23,CTGG,0.005935592441043483,0.02132298354990776,0.0035137184750055625,unsigned,0.036
motif_cnn53_labuhn_sequence_cnn_ig_002,225,labuhn,single,sequence,cnn,cnn53,cnn_ig,20,23,CTGG,0.005935592441043483,0.02132298354990776,0.0035137184750055625,unsigned,0.296
motif_cnn53_labuhn_sequence_cnn_ig_002,233,labuhn,single,sequence,cnn,cnn53,cnn_ig,20,23,CTGG,0.005935592441043483,0.02132298354990776,0.0035137184750055625,unsigned,0.834
motif_cnn53_labuhn_sequence_cnn_ig_002,238,labuhn,single,sequence,cnn,cnn53,cnn_ig,20,23,CTGG,0.005935592441043483,0.02132298354990776,0.0035137184750055625,unsigned,0.37
motif_cnn53_labuhn_sequence_cnn_ig_002,240,labuhn,single,sequence,cnn,cnn53,cnn_ig,20,23,CTGG,0.005935592441043483,0.02132298354990776,0.0035137184750055625,unsigned,0.88
motif_cnn53_labuhn_sequence_cnn_ig_002,244,labuhn,single,sequence,cnn,cnn53,cnn_ig,20,23,CTGG,0.005935592441043483,0.02132298354990776,0.0035137184750055625,unsigned,0.871
motif_cnn53_labuhn_sequence_cnn_ig_002,255,labuhn,single,sequence,cnn,cnn53,cnn_ig,20,23,CTGG,0.005935592441043483,0.02132298354990776,0.0035137184750055625,unsigned,0.692
motif_cnn53_labuhn_sequence_cnn_ig_002,261,labuhn,single,sequence,cnn,cnn53,cnn_ig,20,23,CTGG,0.005935592441043483,0.02132298354990776,0.0035137184750055625,unsigned,0.372
motif_cnn53_labuhn_sequence_cnn_ig_002,274,labuhn,single,sequence,cnn,cnn53,cnn_ig,20,23,CTGG,0.005935592441043483,0.02132298354990776,0.0035137184750055625,unsigned,0.801
motif_cnn53_labuhn_sequence_cnn_ig_002,277,labuhn,single,sequence,cnn,cnn53,cnn_ig,20,23,CTGG,0.005935592441043483,0.02132298354990776,0.0035137184750055625,unsigned,0.491
motif_cnn53_labuhn_sequence_cnn_ig_002,278,labuhn,single,sequence,cnn,cnn53,cnn_ig,20,23,CTGG,0.005935592441043483,0.02132298354990776,0.0035137184750055625,unsigned,0.7
motif_cnn53_labuhn_sequence_cnn_ig_002,281,labuhn,single,sequence,cnn,cnn53,cnn_ig,20,23,CTGG,0.005935592441043483,0.02132298354990776,0.0035137184750055625,unsigned,0.815
motif_cnn53_labuhn_sequence_cnn_ig_002,289,labuhn,single,sequence,cnn,cnn53,cnn_ig,20,23,CTGG,0.005935592441043483,0.02132298354990776,0.0035137184750055625,unsigned,0.868
motif_cnn53_labuhn_sequence_cnn_ig_002,292,labuhn,single,sequence,cnn,cnn53,cnn_ig,20,23,CTGG,0.005935592441043483,0.02132298354990776,0.0035137184750055625,unsigned,0.623
motif_cnn53_labuhn_sequence_cnn_ig_002,294,labuhn,single,sequence,cnn,cnn53,cnn_ig,20,23,CTGG,0.005935592441043483,0.02132298354990776,0.0035137184750055625,unsigned,0.765
motif_cnn53_labuhn_sequence_cnn_ig_002,297,labuhn,single,sequence,cnn,cnn53,cnn_ig,20,23,CTGG,0.005935592441043483,0.02132298354990776,0.0035137184750055625,unsigned,0.6475
motif_cnn53_labuhn_sequence_cnn_ig_002,308,labuhn,single,sequence,cnn,cnn53,cnn_ig,20,23,CTGG,0.005935592441043483,0.02132298354990776,0.0035137184750055625,unsigned,0.711
motif_cnn53_labuhn_sequence_cnn_ig_002,318,labuhn,single,sequence,cnn,cnn53,cnn_ig,20,23,CTGG,0.005935592441043483,0.02132298354990776,0.0035137184750055625,unsigned,0.851
motif_cnn53_labuhn_sequence_cnn_ig_002,323,labuhn,single,sequence,cnn,cnn53,cnn_ig,20,23,CTGG,0.005935592441043483,0.02132298354990776,0.0035137184750055625,unsigned,0.315
motif_cnn53_labuhn_sequence_cnn_ig_002,325,labuhn,single,sequence,cnn,cnn53,cnn_ig,20,23,CTGG,0.005935592441043483,0.02132298354990776,0.0035137184750055625,unsigned,0.408
motif_cnn53_labuhn_sequence_cnn_ig_002,339,labuhn,single,sequence,cnn,cnn53,cnn_ig,20,23,CTGG,0.005935592441043483,0.02132298354990776,0.0035137184750055625,unsigned,0.909
motif_cnn53_labuhn_sequence_cnn_ig_002,358,labuhn,single,sequence,cnn,cnn53,cnn_ig,20,23,CTGG,0.005935592441043483,0.02132298354990776,0.0035137184750055625,unsigned,0.822
motif_cnn53_labuhn_sequence_cnn_ig_002,364,labuhn,single,sequence,cnn,cnn53,cnn_ig,20,23,CTGG,0.005935592441043483,0.02132298354990776,0.0035137184750055625,unsigned,0.865
motif_cnn53_labuhn_sequence_cnn_ig_002,365,labuhn,single,sequence,cnn,cnn53,cnn_ig,20,23,CTGG,0.005935592441043483,0.02132298354990776,0.0035137184750055625,unsigned,0.839
motif_cnn53_labuhn_sequence_cnn_ig_002,366,labuhn,single,sequence,cnn,cnn53,cnn_ig,20,23,CTGG,0.005935592441043483,0.02132298354990776,0.0035137184750055625,unsigned,0.125
motif_cnn53_labuhn_sequence_cnn_ig_002,367,labuhn,single,sequence,cnn,cnn53,cnn_ig,20,23,CTGG,0.005935592441043483,0.02132298354990776,0.0035137184750055625,unsigned,0.819
motif_cnn53_labuhn_sequence_cnn_ig_002,375,labuhn,single,sequence,cnn,cnn53,cnn_ig,20,23,CTGG,0.005935592441043483,0.02132298354990776,0.0035137184750055625,unsigned,0.285
motif_cnn53_labuhn_sequence_cnn_ig_002,386,labuhn,single,sequence,cnn,cnn53,cnn_ig,20,23,CTGG,0.005935592441043483,0.02132298354990776,0.0035137184750055625,unsigned,0.937
motif_cnn53_labuhn_sequence_cnn_ig_002,389,labuhn,single,sequence,cnn,cnn53,cnn_ig,20,23,CTGG,0.005935592441043483,0.02132298354990776,0.0035137184750055625,unsigned,0.806
motif_cnn53_labuhn_sequence_cnn_ig_002,392,labuhn,single,sequence,cnn,cnn53,cnn_ig,20,23,CTGG,0.005935592441043483,0.02132298354990776,0.0035137184750055625,unsigned,0.183
motif_cnn53_labuhn_sequence_cnn_ig_002,396,labuhn,single,sequence,cnn,cnn53,cnn_ig,20,23,CTGG,0.005935592441043483,0.02132298354990776,0.0035137184750055625,unsigned,0.794
motif_cnn53_labuhn_sequence_cnn_ig_002,404,labuhn,single,sequence,cnn,cnn53,cnn_ig,20,23,CTGG,0.005935592441043483,0.02132298354990776,0.0035137184750055625,unsigned,0.028
motif_cnn53_labuhn_sequence_cnn_ig_002,405,labuhn,single,sequence,cnn,cnn53,cnn_ig,20,23,CTGG,0.005935592441043483,0.02132298354990776,0.0035137184750055625,unsigned,0.868
motif_cnn53_labuhn_sequence_cnn_ig_002,406,labuhn,single,sequence,cnn,cnn53,cnn_ig,20,23,CTGG,0.005935592441043483,0.02132298354990776,0.0035137184750055625,unsigned,0.406
motif_cnn73_labuhn_sequence_cnn_ig_003,5,labuhn,single,sequence,cnn,cnn73,cnn_ig,20,23,CTGG,0.007735939900157966,0.02077174553414801,0.004895975078397875,unsigned,0.773
motif_cnn73_labuhn_sequence_cnn_ig_003,14,labuhn,single,sequence,cnn,cnn73,cnn_ig,20,23,CTGG,0.007735939900157966,0.02077174553414801,0.004895975078397875,unsigned,0.679
motif_cnn73_labuhn_sequence_cnn_ig_003,16,labuhn,single,sequence,cnn,cnn73,cnn_ig,20,23,CTGG,0.007735939900157966,0.02077174553414801,0.004895975078397875,unsigned,0.529
motif_cnn73_labuhn_sequence_cnn_ig_003,17,labuhn,single,sequence,cnn,cnn73,cnn_ig,20,23,CTGG,0.007735939900157966,0.02077174553414801,0.004895975078397875,unsigned,0.907
motif_cnn73_labuhn_sequence_cnn_ig_003,23,labuhn,single,sequence,cnn,cnn73,cnn_ig,20,23,CTGG,0.007735939900157966,0.02077174553414801,0.004895975078397875,unsigned,0.498
motif_cnn73_labuhn_sequence_cnn_ig_003,40,labuhn,single,sequence,cnn,cnn73,cnn_ig,20,23,CTGG,0.007735939900157966,0.02077174553414801,0.004895975078397875,unsigned,0.869
motif_cnn73_labuhn_sequence_cnn_ig_003,46,labuhn,single,sequence,cnn,cnn73,cnn_ig,20,23,CTGG,0.007735939900157966,0.02077174553414801,0.004895975078397875,unsigned,0.75
motif_cnn73_labuhn_sequence_cnn_ig_003,59,labuhn,single,sequence,cnn,cnn73,cnn_ig,20,23,CTGG,0.007735939900157966,0.02077174553414801,0.004895975078397875,unsigned,0.258
motif_cnn73_labuhn_sequence_cnn_ig_003,61,labuhn,single,sequence,cnn,cnn73,cnn_ig,20,23,CTGG,0.007735939900157966,0.02077174553414801,0.004895975078397875,unsigned,0.203
motif_cnn73_labuhn_sequence_cnn_ig_003,63,labuhn,single,sequence,cnn,cnn73,cnn_ig,20,23,CTGG,0.007735939900157966,0.02077174553414801,0.004895975078397875,unsigned,0.76
motif_cnn73_labuhn_sequence_cnn_ig_003,88,labuhn,single,sequence,cnn,cnn73,cnn_ig,20,23,CTGG,0.007735939900157966,0.02077174553414801,0.004895975078397875,unsigned,0.859
motif_cnn73_labuhn_sequence_cnn_ig_003,96,labuhn,single,sequence,cnn,cnn73,cnn_ig,20,23,CTGG,0.007735939900157966,0.02077174553414801,0.004895975078397875,unsigned,0.509
motif_cnn73_labuhn_sequence_cnn_ig_003,111,labuhn,single,sequence,cnn,cnn73,cnn_ig,20,23,CTGG,0.007735939900157966,0.02077174553414801,0.004895975078397875,unsigned,0.88
motif_cnn73_labuhn_sequence_cnn_ig_003,114,labuhn,single,sequence,cnn,cnn73,cnn_ig,20,23,CTGG,0.007735939900157966,0.02077174553414801,0.004895975078397875,unsigned,0.694
motif_cnn73_labuhn_sequence_cnn_ig_003,116,labuhn,single,sequence,cnn,cnn73,cnn_ig,20,23,CTGG,0.007735939900157966,0.02077174553414801,0.004895975078397875,unsigned,0.941
motif_cnn73_labuhn_sequence_cnn_ig_003,117,labuhn,single,sequence,cnn,cnn73,cnn_ig,20,23,CTGG,0.007735939900157966,0.02077174553414801,0.004895975078397875,unsigned,0.795
motif_cnn73_labuhn_sequence_cnn_ig_003,118,labuhn,single,sequence,cnn,cnn73,cnn_ig,20,23,CTGG,0.007735939900157966,0.02077174553414801,0.004895975078397875,unsigned,0.109
motif_cnn73_labuhn_sequence_cnn_ig_003,122,labuhn,single,sequence,cnn,cnn73,cnn_ig,20,23,CTGG,0.007735939900157966,0.02077174553414801,0.004895975078397875,unsigned,0.306
motif_cnn73_labuhn_sequence_cnn_ig_003,137,labuhn,single,sequence,cnn,cnn73,cnn_ig,20,23,CTGG,0.007735939900157966,0.02077174553414801,0.004895975078397875,unsigned,0.946
motif_cnn73_labuhn_sequence_cnn_ig_003,141,labuhn,single,sequence,cnn,cnn73,cnn_ig,20,23,CTGG,0.007735939900157966,0.02077174553414801,0.004895975078397875,unsigned,0.897
motif_cnn73_labuhn_sequence_cnn_ig_003,142,labuhn,single,sequence,cnn,cnn73,cnn_ig,20,23,CTGG,0.007735939900157966,0.02077174553414801,0.004895975078397875,unsigned,0.111
motif_cnn73_labuhn_sequence_cnn_ig_003,152,labuhn,single,sequence,cnn,cnn73,cnn_ig,20,23,CTGG,0.007735939900157966,0.02077174553414801,0.004895975078397875,unsigned,0.429
motif_cnn73_labuhn_sequence_cnn_ig_003,157,labuhn,single,sequence,cnn,cnn73,cnn_ig,20,23,CTGG,0.007735939900157966,0.02077174553414801,0.004895975078397875,unsigned,0.45
motif_cnn73_labuhn_sequence_cnn_ig_003,161,labuhn,single,sequence,cnn,cnn73,cnn_ig,20,23,CTGG,0.007735939900157966,0.02077174553414801,0.004895975078397875,unsigned,0.285
motif_cnn73_labuhn_sequence_cnn_ig_003,167,labuhn,single,sequence,cnn,cnn73,cnn_ig,20,23,CTGG,0.007735939900157966,0.02077174553414801,0.004895975078397875,unsigned,0.865
motif_cnn73_labuhn_sequence_cnn_ig_003,170,labuhn,single,sequence,cnn,cnn73,cnn_ig,20,23,CTGG,0.007735939900157966,0.02077174553414801,0.004895975078397875,unsigned,0.54
motif_cnn73_labuhn_sequence_cnn_ig_003,173,labuhn,single,sequence,cnn,cnn73,cnn_ig,20,23,CTGG,0.007735939900157966,0.02077174553414801,0.004895975078397875,unsigned,0.859
motif_cnn73_labuhn_sequence_cnn_ig_003,178,labuhn,single,sequence,cnn,cnn73,cnn_ig,20,23,CTGG,0.007735939900157966,0.02077174553414801,0.004895975078397875,unsigned,0.799
motif_cnn73_labuhn_sequence_cnn_ig_003,188,labuhn,single,sequence,cnn,cnn73,cnn_ig,20,23,CTGG,0.007735939900157966,0.02077174553414801,0.004895975078397875,unsigned,0.323
motif_cnn73_labuhn_sequence_cnn_ig_003,191,labuhn,single,sequence,cnn,cnn73,cnn_ig,20,23,CTGG,0.007735939900157966,0.02077174553414801,0.004895975078397875,unsigned,0.706
motif_cnn73_labuhn_sequence_cnn_ig_003,195,labuhn,single,sequence,cnn,cnn73,cnn_ig,20,23,CTGG,0.007735939900157966,0.02077174553414801,0.004895975078397875,unsigned,0.796
motif_cnn73_labuhn_sequence_cnn_ig_003,196,labuhn,single,sequence,cnn,cnn73,cnn_ig,20,23,CTGG,0.007735939900157966,0.02077174553414801,0.004895975078397875,unsigned,0.801
motif_cnn73_labuhn_sequence_cnn_ig_003,197,labuhn,single,sequence,cnn,cnn73,cnn_ig,20,23,CTGG,0.007735939900157966,0.02077174553414801,0.004895975078397875,unsigned,0.922
motif_cnn73_labuhn_sequence_cnn_ig_003,198,labuhn,single,sequence,cnn,cnn73,cnn_ig,20,23,CTGG,0.007735939900157966,0.02077174553414801,0.004895975078397875,unsigned,0.697
motif_cnn73_labuhn_sequence_cnn_ig_003,200,labuhn,single,sequence,cnn,cnn73,cnn_ig,20,23,CTGG,0.007735939900157966,0.02077174553414801,0.004895975078397875,unsigned,0.79
motif_cnn73_labuhn_sequence_cnn_ig_003,202,labuhn,single,sequence,cnn,cnn73,cnn_ig,20,23,CTGG,0.007735939900157966,0.02077174553414801,0.004895975078397875,unsigned,0.52
motif_cnn73_labuhn_sequence_cnn_ig_003,209,labuhn,single,sequence,cnn,cnn73,cnn_ig,20,23,CTGG,0.007735939900157966,0.02077174553414801,0.004895975078397875,unsigned,0.757
motif_cnn73_labuhn_sequence_cnn_ig_003,210,labuhn,single,sequence,cnn,cnn73,cnn_ig,20,23,CTGG,0.007735939900157966,0.02077174553414801,0.004895975078397875,unsigned,0.897
motif_cnn73_labuhn_sequence_cnn_ig_003,215,labuhn,single,sequence,cnn,cnn73,cnn_ig,20,23,CTGG,0.007735939900157966,0.02077174553414801,0.004895975078397875,unsigned,0.537
motif_cnn73_labuhn_sequence_cnn_ig_003,221,labuhn,single,sequence,cnn,cnn73,cnn_ig,20,23,CTGG,0.007735939900157966,0.02077174553414801,0.004895975078397875,unsigned,0.36
motif_cnn73_labuhn_sequence_cnn_ig_003,224,labuhn,single,sequence,cnn,cnn73,cnn_ig,20,23,CTGG,0.007735939900157966,0.02077174553414801,0.004895975078397875,unsigned,0.036
motif_cnn73_labuhn_sequence_cnn_ig_003,225,labuhn,single,sequence,cnn,cnn73,cnn_ig,20,23,CTGG,0.007735939900157966,0.02077174553414801,0.004895975078397875,unsigned,0.296
motif_cnn73_labuhn_sequence_cnn_ig_003,233,labuhn,single,sequence,cnn,cnn73,cnn_ig,20,23,CTGG,0.007735939900157966,0.02077174553414801,0.004895975078397875,unsigned,0.834
motif_cnn73_labuhn_sequence_cnn_ig_003,238,labuhn,single,sequence,cnn,cnn73,cnn_ig,20,23,CTGG,0.007735939900157966,0.02077174553414801,0.004895975078397875,unsigned,0.37
motif_cnn73_labuhn_sequence_cnn_ig_003,240,labuhn,single,sequence,cnn,cnn73,cnn_ig,20,23,CTGG,0.007735939900157966,0.02077174553414801,0.004895975078397875,unsigned,0.88
motif_cnn73_labuhn_sequence_cnn_ig_003,244,labuhn,single,sequence,cnn,cnn73,cnn_ig,20,23,CTGG,0.007735939900157966,0.02077174553414801,0.004895975078397875,unsigned,0.871
motif_cnn73_labuhn_sequence_cnn_ig_003,255,labuhn,single,sequence,cnn,cnn73,cnn_ig,20,23,CTGG,0.007735939900157966,0.02077174553414801,0.004895975078397875,unsigned,0.692
motif_cnn73_labuhn_sequence_cnn_ig_003,261,labuhn,single,sequence,cnn,cnn73,cnn_ig,20,23,CTGG,0.007735939900157966,0.02077174553414801,0.004895975078397875,unsigned,0.372
motif_cnn73_labuhn_sequence_cnn_ig_003,274,labuhn,single,sequence,cnn,cnn73,cnn_ig,20,23,CTGG,0.007735939900157966,0.02077174553414801,0.004895975078397875,unsigned,0.801
motif_cnn73_labuhn_sequence_cnn_ig_003,277,labuhn,single,sequence,cnn,cnn73,cnn_ig,20,23,CTGG,0.007735939900157966,0.02077174553414801,0.004895975078397875,unsigned,0.491
motif_cnn73_labuhn_sequence_cnn_ig_003,278,labuhn,single,sequence,cnn,cnn73,cnn_ig,20,23,CTGG,0.007735939900157966,0.02077174553414801,0.004895975078397875,unsigned,0.7
motif_cnn73_labuhn_sequence_cnn_ig_003,281,labuhn,single,sequence,cnn,cnn73,cnn_ig,20,23,CTGG,0.007735939900157966,0.02077174553414801,0.004895975078397875,unsigned,0.815
motif_cnn73_labuhn_sequence_cnn_ig_003,289,labuhn,single,sequence,cnn,cnn73,cnn_ig,20,23,CTGG,0.007735939900157966,0.02077174553414801,0.004895975078397875,unsigned,0.868
motif_cnn73_labuhn_sequence_cnn_ig_003,292,labuhn,single,sequence,cnn,cnn73,cnn_ig,20,23,CTGG,0.007735939900157966,0.02077174553414801,0.004895975078397875,unsigned,0.623
motif_cnn73_labuhn_sequence_cnn_ig_003,294,labuhn,single,sequence,cnn,cnn73,cnn_ig,20,23,CTGG,0.007735939900157966,0.02077174553414801,0.004895975078397875,unsigned,0.765
motif_cnn73_labuhn_sequence_cnn_ig_003,297,labuhn,single,sequence,cnn,cnn73,cnn_ig,20,23,CTGG,0.007735939900157966,0.02077174553414801,0.004895975078397875,unsigned,0.6475
motif_cnn73_labuhn_sequence_cnn_ig_003,308,labuhn,single,sequence,cnn,cnn73,cnn_ig,20,23,CTGG,0.007735939900157966,0.02077174553414801,0.004895975078397875,unsigned,0.711
motif_cnn73_labuhn_sequence_cnn_ig_003,318,labuhn,single,sequence,cnn,cnn73,cnn_ig,20,23,CTGG,0.007735939900157966,0.02077174553414801,0.004895975078397875,unsigned,0.851
motif_cnn73_labuhn_sequence_cnn_ig_003,323,labuhn,single,sequence,cnn,cnn73,cnn_ig,20,23,CTGG,0.007735939900157966,0.02077174553414801,0.004895975078397875,unsigned,0.315
motif_cnn73_labuhn_sequence_cnn_ig_003,325,labuhn,single,sequence,cnn,cnn73,cnn_ig,20,23,CTGG,0.007735939900157966,0.02077174553414801,0.004895975078397875,unsigned,0.408
motif_cnn73_labuhn_sequence_cnn_ig_003,339,labuhn,single,sequence,cnn,cnn73,cnn_ig,20,23,CTGG,0.007735939900157966,0.02077174553414801,0.004895975078397875,unsigned,0.909
motif_cnn73_labuhn_sequence_cnn_ig_003,358,labuhn,single,sequence,cnn,cnn73,cnn_ig,20,23,CTGG,0.007735939900157966,0.02077174553414801,0.004895975078397875,unsigned,0.822
motif_cnn73_labuhn_sequence_cnn_ig_003,364,labuhn,single,sequence,cnn,cnn73,cnn_ig,20,23,CTGG,0.007735939900157966,0.02077174553414801,0.004895975078397875,unsigned,0.865
motif_cnn73_labuhn_sequence_cnn_ig_003,365,labuhn,single,sequence,cnn,cnn73,cnn_ig,20,23,CTGG,0.007735939900157966,0.02077174553414801,0.004895975078397875,unsigned,0.839
motif_cnn73_labuhn_sequence_cnn_ig_003,366,labuhn,single,sequence,cnn,cnn73,cnn_ig,20,23,CTGG,0.007735939900157966,0.02077174553414801,0.004895975078397875,unsigned,0.125
motif_cnn73_labuhn_sequence_cnn_ig_003,367,labuhn,single,sequence,cnn,cnn73,cnn_ig,20,23,CTGG,0.007735939900157966,0.02077174553414801,0.004895975078397875,unsigned,0.819
motif_cnn73_labuhn_sequence_cnn_ig_003,375,labuhn,single,sequence,cnn,cnn73,cnn_ig,20,23,CTGG,0.007735939900157966,0.02077174553414801,0.004895975078397875,unsigned,0.285
motif_cnn73_labuhn_sequence_cnn_ig_003,386,labuhn,single,sequence,cnn,cnn73,cnn_ig,20,23,CTGG,0.007735939900157966,0.02077174553414801,0.004895975078397875,unsigned,0.937
motif_cnn73_labuhn_sequence_cnn_ig_003,389,labuhn,single,sequence,cnn,cnn73,cnn_ig,20,23,CTGG,0.007735939900157966,0.02077174553414801,0.004895975078397875,unsigned,0.806
motif_cnn73_labuhn_sequence_cnn_ig_003,392,labuhn,single,sequence,cnn,cnn73,cnn_ig,20,23,CTGG,0.007735939900157966,0.02077174553414801,0.004895975078397875,unsigned,0.183
motif_cnn73_labuhn_sequence_cnn_ig_003,396,labuhn,single,sequence,cnn,cnn73,cnn_ig,20,23,CTGG,0.007735939900157966,0.02077174553414801,0.004895975078397875,unsigned,0.794
motif_cnn73_labuhn_sequence_cnn_ig_003,404,labuhn,single,sequence,cnn,cnn73,cnn_ig,20,23,CTGG,0.007735939900157966,0.02077174553414801,0.004895975078397875,unsigned,0.028
motif_cnn73_labuhn_sequence_cnn_ig_003,405,labuhn,single,sequence,cnn,cnn73,cnn_ig,20,23,CTGG,0.007735939900157966,0.02077174553414801,0.004895975078397875,unsigned,0.868
motif_cnn73_labuhn_sequence_cnn_ig_003,406,labuhn,single,sequence,cnn,cnn73,cnn_ig,20,23,CTGG,0.007735939900157966,0.02077174553414801,0.004895975078397875,unsigned,0.406
motif_cnn53_labuhn_sequence_cnn_ig_004,10,labuhn,single,sequence,cnn,cnn53,cnn_ig,20,23,CAGG,0.005679108997962116,0.02132298354990776,0.0035137184750055625,unsigned,0.037
motif_cnn53_labuhn_sequence_cnn_ig_004,20,labuhn,single,sequence,cnn,cnn53,cnn_ig,20,23,CAGG,0.005679108997962116,0.02132298354990776,0.0035137184750055625,unsigned,0.47
motif_cnn53_labuhn_sequence_cnn_ig_004,21,labuhn,single,sequence,cnn,cnn53,cnn_ig,20,23,CAGG,0.005679108997962116,0.02132298354990776,0.0035137184750055625,unsigned,0.918
motif_cnn53_labuhn_sequence_cnn_ig_004,22,labuhn,single,sequence,cnn,cnn53,cnn_ig,20,23,CAGG,0.005679108997962116,0.02132298354990776,0.0035137184750055625,unsigned,0.775
motif_cnn53_labuhn_sequence_cnn_ig_004,32,labuhn,single,sequence,cnn,cnn53,cnn_ig,20,23,CAGG,0.005679108997962116,0.02132298354990776,0.0035137184750055625,unsigned,0.064
motif_cnn53_labuhn_sequence_cnn_ig_004,42,labuhn,single,sequence,cnn,cnn53,cnn_ig,20,23,CAGG,0.005679108997962116,0.02132298354990776,0.0035137184750055625,unsigned,0.79
motif_cnn53_labuhn_sequence_cnn_ig_004,51,labuhn,single,sequence,cnn,cnn53,cnn_ig,20,23,CAGG,0.005679108997962116,0.02132298354990776,0.0035137184750055625,unsigned,0.162
motif_cnn53_labuhn_sequence_cnn_ig_004,54,labuhn,single,sequence,cnn,cnn53,cnn_ig,20,23,CAGG,0.005679108997962116,0.02132298354990776,0.0035137184750055625,unsigned,0.717
motif_cnn53_labuhn_sequence_cnn_ig_004,57,labuhn,single,sequence,cnn,cnn53,cnn_ig,20,23,CAGG,0.005679108997962116,0.02132298354990776,0.0035137184750055625,unsigned,0.847
motif_cnn53_labuhn_sequence_cnn_ig_004,66,labuhn,single,sequence,cnn,cnn53,cnn_ig,20,23,CAGG,0.005679108997962116,0.02132298354990776,0.0035137184750055625,unsigned,0.192
motif_cnn53_labuhn_sequence_cnn_ig_004,67,labuhn,single,sequence,cnn,cnn53,cnn_ig,20,23,CAGG,0.005679108997962116,0.02132298354990776,0.0035137184750055625,unsigned,0.72
motif_cnn53_labuhn_sequence_cnn_ig_004,78,labuhn,single,sequence,cnn,cnn53,cnn_ig,20,23,CAGG,0.005679108997962116,0.02132298354990776,0.0035137184750055625,unsigned,0.827
motif_cnn53_labuhn_sequence_cnn_ig_004,92,labuhn,single,sequence,cnn,cnn53,cnn_ig,20,23,CAGG,0.005679108997962116,0.02132298354990776,0.0035137184750055625,unsigned,0.374
motif_cnn53_labuhn_sequence_cnn_ig_004,95,labuhn,single,sequence,cnn,cnn53,cnn_ig,20,23,CAGG,0.005679108997962116,0.02132298354990776,0.0035137184750055625,unsigned,0.681
motif_cnn53_labuhn_sequence_cnn_ig_004,97,labuhn,single,sequence,cnn,cnn53,cnn_ig,20,23,CAGG,0.005679108997962116,0.02132298354990776,0.0035137184750055625,unsigned,0.479
motif_cnn53_labuhn_sequence_cnn_ig_004,101,labuhn,single,sequence,cnn,cnn53,cnn_ig,20,23,CAGG,0.005679108997962116,0.02132298354990776,0.0035137184750055625,unsigned,0.263
motif_cnn53_labuhn_sequence_cnn_ig_004,123,labuhn,single,sequence,cnn,cnn53,cnn_ig,20,23,CAGG,0.005679108997962116,0.02132298354990776,0.0035137184750055625,unsigned,0.532
motif_cnn53_labuhn_sequence_cnn_ig_004,140,labuhn,single,sequence,cnn,cnn53,cnn_ig,20,23,CAGG,0.005679108997962116,0.02132298354990776,0.0035137184750055625,unsigned,0.224
motif_cnn53_labuhn_sequence_cnn_ig_004,144,labuhn,single,sequence,cnn,cnn53,cnn_ig,20,23,CAGG,0.005679108997962116,0.02132298354990776,0.0035137184750055625,unsigned,0.403
motif_cnn53_labuhn_sequence_cnn_ig_004,149,labuhn,single,sequence,cnn,cnn53,cnn_ig,20,23,CAGG,0.005679108997962116,0.02132298354990776,0.0035137184750055625,unsigned,0.815
motif_cnn53_labuhn_sequence_cnn_ig_004,158,labuhn,single,sequence,cnn,cnn53,cnn_ig,20,23,CAGG,0.005679108997962116,0.02132298354990776,0.0035137184750055625,unsigned,0.712
motif_cnn53_labuhn_sequence_cnn_ig_004,160,labuhn,single,sequence,cnn,cnn53,cnn_ig,20,23,CAGG,0.005679108997962116,0.02132298354990776,0.0035137184750055625,unsigned,0.767
motif_cnn53_labuhn_sequence_cnn_ig_004,166,labuhn,single,sequence,cnn,cnn53,cnn_ig,20,23,CAGG,0.005679108997962116,0.02132298354990776,0.0035137184750055625,unsigned,0.89
motif_cnn53_labuhn_sequence_cnn_ig_004,174,labuhn,single,sequence,cnn,cnn53,cnn_ig,20,23,CAGG,0.005679108997962116,0.02132298354990776,0.0035137184750055625,unsigned,0.336
motif_cnn53_labuhn_sequence_cnn_ig_004,175,labuhn,single,sequence,cnn,cnn53,cnn_ig,20,23,CAGG,0.005679108997962116,0.02132298354990776,0.0035137184750055625,unsigned,0.638
motif_cnn53_labuhn_sequence_cnn_ig_004,176,labuhn,single,sequence,cnn,cnn53,cnn_ig,20,23,CAGG,0.005679108997962116,0.02132298354990776,0.0035137184750055625,unsigned,0.732
motif_cnn53_labuhn_sequence_cnn_ig_004,177,labuhn,single,sequence,cnn,cnn53,cnn_ig,20,23,CAGG,0.005679108997962116,0.02132298354990776,0.0035137184750055625,unsigned,0.933
motif_cnn53_labuhn_sequence_cnn_ig_004,182,labuhn,single,sequence,cnn,cnn53,cnn_ig,20,23,CAGG,0.005679108997962116,0.02132298354990776,0.0035137184750055625,unsigned,0.85
motif_cnn53_labuhn_sequence_cnn_ig_004,187,labuhn,single,sequence,cnn,cnn53,cnn_ig,20,23,CAGG,0.005679108997962116,0.02132298354990776,0.0035137184750055625,unsigned,0.825
motif_cnn53_labuhn_sequence_cnn_ig_004,192,labuhn,single,sequence,cnn,cnn53,cnn_ig,20,23,CAGG,0.005679108997962116,0.02132298354990776,0.0035137184750055625,unsigned,0.903
motif_cnn53_labuhn_sequence_cnn_ig_004,205,labuhn,single,sequence,cnn,cnn53,cnn_ig,20,23,CAGG,0.005679108997962116,0.02132298354990776,0.0035137184750055625,unsigned,0.71
motif_cnn53_labuhn_sequence_cnn_ig_004,248,labuhn,single,sequence,cnn,cnn53,cnn_ig,20,23,CAGG,0.005679108997962116,0.02132298354990776,0.0035137184750055625,unsigned,0.711
motif_cnn53_labuhn_sequence_cnn_ig_004,270,labuhn,single,sequence,cnn,cnn53,cnn_ig,20,23,CAGG,0.005679108997962116,0.02132298354990776,0.0035137184750055625,unsigned,0.687
motif_cnn53_labuhn_sequence_cnn_ig_004,286,labuhn,single,sequence,cnn,cnn53,cnn_ig,20,23,CAGG,0.005679108997962116,0.02132298354990776,0.0035137184750055625,unsigned,0.766
motif_cnn53_labuhn_sequence_cnn_ig_004,304,labuhn,single,sequence,cnn,cnn53,cnn_ig,20,23,CAGG,0.005679108997962116,0.02132298354990776,0.0035137184750055625,unsigned,0.843
motif_cnn53_labuhn_sequence_cnn_ig_004,307,labuhn,single,sequence,cnn,cnn53,cnn_ig,20,23,CAGG,0.005679108997962116,0.02132298354990776,0.0035137184750055625,unsigned,0.582
motif_cnn53_labuhn_sequence_cnn_ig_004,316,labuhn,single,sequence,cnn,cnn53,cnn_ig,20,23,CAGG,0.005679108997962116,0.02132298354990776,0.0035137184750055625,unsigned,0.932
motif_cnn53_labuhn_sequence_cnn_ig_004,326,labuhn,single,sequence,cnn,cnn53,cnn_ig,20,23,CAGG,0.005679108997962116,0.02132298354990776,0.0035137184750055625,unsigned,0.84
motif_cnn53_labuhn_sequence_cnn_ig_004,334,labuhn,single,sequence,cnn,cnn53,cnn_ig,20,23,CAGG,0.005679108997962116,0.02132298354990776,0.0035137184750055625,unsigned,0.887
motif_cnn53_labuhn_sequence_cnn_ig_004,336,labuhn,single,sequence,cnn,cnn53,cnn_ig,20,23,CAGG,0.005679108997962116,0.02132298354990776,0.0035137184750055625,unsigned,0.924
motif_cnn53_labuhn_sequence_cnn_ig_004,337,labuhn,single,sequence,cnn,cnn53,cnn_ig,20,23,CAGG,0.005679108997962116,0.02132298354990776,0.0035137184750055625,unsigned,0.847
motif_cnn53_labuhn_sequence_cnn_ig_004,338,labuhn,single,sequence,cnn,cnn53,cnn_ig,20,23,CAGG,0.005679108997962116,0.02132298354990776,0.0035137184750055625,unsigned,0.206
motif_cnn53_labuhn_sequence_cnn_ig_004,345,labuhn,single,sequence,cnn,cnn53,cnn_ig,20,23,CAGG,0.005679108997962116,0.02132298354990776,0.0035137184750055625,unsigned,0.744
motif_cnn53_labuhn_sequence_cnn_ig_004,348,labuhn,single,sequence,cnn,cnn53,cnn_ig,20,23,CAGG,0.005679108997962116,0.02132298354990776,0.0035137184750055625,unsigned,0.91
motif_cnn53_labuhn_sequence_cnn_ig_004,355,labuhn,single,sequence,cnn,cnn53,cnn_ig,20,23,CAGG,0.005679108997962116,0.02132298354990776,0.0035137184750055625,unsigned,0.0
motif_cnn53_labuhn_sequence_cnn_ig_004,381,labuhn,single,sequence,cnn,cnn53,cnn_ig,20,23,CAGG,0.005679108997962116,0.02132298354990776,0.0035137184750055625,unsigned,0.906
motif_cnn53_labuhn_sequence_cnn_ig_004,382,labuhn,single,sequence,cnn,cnn53,cnn_ig,20,23,CAGG,0.005679108997962116,0.02132298354990776,0.0035137184750055625,unsigned,0.65
motif_cnn53_labuhn_sequence_cnn_ig_004,385,labuhn,single,sequence,cnn,cnn53,cnn_ig,20,23,CAGG,0.005679108997962116,0.02132298354990776,0.0035137184750055625,unsigned,0.0
motif_cnn53_labuhn_sequence_cnn_ig_004,387,labuhn,single,sequence,cnn,cnn53,cnn_ig,20,23,CAGG,0.005679108997962116,0.02132298354990776,0.0035137184750055625,unsigned,0.79
motif_cnn53_labuhn_sequence_cnn_ig_004,390,labuhn,single,sequence,cnn,cnn53,cnn_ig,20,23,CAGG,0.005679108997962116,0.02132298354990776,0.0035137184750055625,unsigned,0.22
motif_cnn53_labuhn_sequence_cnn_ig_004,391,labuhn,single,sequence,cnn,cnn53,cnn_ig,20,23,CAGG,0.005679108997962116,0.02132298354990776,0.0035137184750055625,unsigned,0.594
motif_cnn53_labuhn_sequence_cnn_ig_004,395,labuhn,single,sequence,cnn,cnn53,cnn_ig,20,23,CAGG,0.005679108997962116,0.02132298354990776,0.0035137184750055625,unsigned,0.0
motif_cnn53_labuhn_sequence_cnn_ig_004,400,labuhn,single,sequence,cnn,cnn53,cnn_ig,20,23,CAGG,0.005679108997962116,0.02132298354990776,0.0035137184750055625,unsigned,0.694
motif_cnn53_labuhn_sequence_cnn_ig_004,407,labuhn,single,sequence,cnn,cnn53,cnn_ig,20,23,CAGG,0.005679108997962116,0.02132298354990776,0.0035137184750055625,unsigned,0.729
motif_cnn53_labuhn_sequence_cnn_ig_004,340,labuhn,single,sequence,cnn,cnn53,cnn_ig,2,5,CAGG,0.003847652653348633,0.018647036689799223,0.00417962478604745,unsigned,0.945
motif_cnn33_labuhn_sequence_cnn_ig_005,10,labuhn,single,sequence,cnn,cnn33,cnn_ig,20,23,CAGG,0.004074551126298774,0.017595706740394186,0.0037437280698213436,unsigned,0.037
motif_cnn33_labuhn_sequence_cnn_ig_005,20,labuhn,single,sequence,cnn,cnn33,cnn_ig,20,23,CAGG,0.004074551126298774,0.017595706740394186,0.0037437280698213436,unsigned,0.47
motif_cnn33_labuhn_sequence_cnn_ig_005,21,labuhn,single,sequence,cnn,cnn33,cnn_ig,20,23,CAGG,0.004074551126298774,0.017595706740394186,0.0037437280698213436,unsigned,0.918
motif_cnn33_labuhn_sequence_cnn_ig_005,22,labuhn,single,sequence,cnn,cnn33,cnn_ig,20,23,CAGG,0.004074551126298774,0.017595706740394186,0.0037437280698213436,unsigned,0.775
motif_cnn33_labuhn_sequence_cnn_ig_005,32,labuhn,single,sequence,cnn,cnn33,cnn_ig,20,23,CAGG,0.004074551126298774,0.017595706740394186,0.0037437280698213436,unsigned,0.064
motif_cnn33_labuhn_sequence_cnn_ig_005,42,labuhn,single,sequence,cnn,cnn33,cnn_ig,20,23,CAGG,0.004074551126298774,0.017595706740394186,0.0037437280698213436,unsigned,0.79
motif_cnn33_labuhn_sequence_cnn_ig_005,51,labuhn,single,sequence,cnn,cnn33,cnn_ig,20,23,CAGG,0.004074551126298774,0.017595706740394186,0.0037437280698213436,unsigned,0.162
motif_cnn33_labuhn_sequence_cnn_ig_005,54,labuhn,single,sequence,cnn,cnn33,cnn_ig,20,23,CAGG,0.004074551126298774,0.017595706740394186,0.0037437280698213436,unsigned,0.717
motif_cnn33_labuhn_sequence_cnn_ig_005,57,labuhn,single,sequence,cnn,cnn33,cnn_ig,20,23,CAGG,0.004074551126298774,0.017595706740394186,0.0037437280698213436,unsigned,0.847
motif_cnn33_labuhn_sequence_cnn_ig_005,66,labuhn,single,sequence,cnn,cnn33,cnn_ig,20,23,CAGG,0.004074551126298774,0.017595706740394186,0.0037437280698213436,unsigned,0.192
motif_cnn33_labuhn_sequence_cnn_ig_005,67,labuhn,single,sequence,cnn,cnn33,cnn_ig,20,23,CAGG,0.004074551126298774,0.017595706740394186,0.0037437280698213436,unsigned,0.72
motif_cnn33_labuhn_sequence_cnn_ig_005,78,labuhn,single,sequence,cnn,cnn33,cnn_ig,20,23,CAGG,0.004074551126298774,0.017595706740394186,0.0037437280698213436,unsigned,0.827
motif_cnn33_labuhn_sequence_cnn_ig_005,92,labuhn,single,sequence,cnn,cnn33,cnn_ig,20,23,CAGG,0.004074551126298774,0.017595706740394186,0.0037437280698213436,unsigned,0.374
motif_cnn33_labuhn_sequence_cnn_ig_005,95,labuhn,single,sequence,cnn,cnn33,cnn_ig,20,23,CAGG,0.004074551126298774,0.017595706740394186,0.0037437280698213436,unsigned,0.681
motif_cnn33_labuhn_sequence_cnn_ig_005,97,labuhn,single,sequence,cnn,cnn33,cnn_ig,20,23,CAGG,0.004074551126298774,0.017595706740394186,0.0037437280698213436,unsigned,0.479
motif_cnn33_labuhn_sequence_cnn_ig_005,101,labuhn,single,sequence,cnn,cnn33,cnn_ig,20,23,CAGG,0.004074551126298774,0.017595706740394186,0.0037437280698213436,unsigned,0.263
motif_cnn33_labuhn_sequence_cnn_ig_005,123,labuhn,single,sequence,cnn,cnn33,cnn_ig,20,23,CAGG,0.004074551126298774,0.017595706740394186,0.0037437280698213436,unsigned,0.532
motif_cnn33_labuhn_sequence_cnn_ig_005,140,labuhn,single,sequence,cnn,cnn33,cnn_ig,20,23,CAGG,0.004074551126298774,0.017595706740394186,0.0037437280698213436,unsigned,0.224
motif_cnn33_labuhn_sequence_cnn_ig_005,144,labuhn,single,sequence,cnn,cnn33,cnn_ig,20,23,CAGG,0.004074551126298774,0.017595706740394186,0.0037437280698213436,unsigned,0.403
motif_cnn33_labuhn_sequence_cnn_ig_005,149,labuhn,single,sequence,cnn,cnn33,cnn_ig,20,23,CAGG,0.004074551126298774,0.017595706740394186,0.0037437280698213436,unsigned,0.815
motif_cnn33_labuhn_sequence_cnn_ig_005,158,labuhn,single,sequence,cnn,cnn33,cnn_ig,20,23,CAGG,0.004074551126298774,0.017595706740394186,0.0037437280698213436,unsigned,0.712
motif_cnn33_labuhn_sequence_cnn_ig_005,160,labuhn,single,sequence,cnn,cnn33,cnn_ig,20,23,CAGG,0.004074551126298774,0.017595706740394186,0.0037437280698213436,unsigned,0.767
motif_cnn33_labuhn_sequence_cnn_ig_005,166,labuhn,single,sequence,cnn,cnn33,cnn_ig,20,23,CAGG,0.004074551126298774,0.017595706740394186,0.0037437280698213436,unsigned,0.89
motif_cnn33_labuhn_sequence_cnn_ig_005,174,labuhn,single,sequence,cnn,cnn33,cnn_ig,20,23,CAGG,0.004074551126298774,0.017595706740394186,0.0037437280698213436,unsigned,0.336
motif_cnn33_labuhn_sequence_cnn_ig_005,175,labuhn,single,sequence,cnn,cnn33,cnn_ig,20,23,CAGG,0.004074551126298774,0.017595706740394186,0.0037437280698213436,unsigned,0.638
motif_cnn33_labuhn_sequence_cnn_ig_005,176,labuhn,single,sequence,cnn,cnn33,cnn_ig,20,23,CAGG,0.004074551126298774,0.017595706740394186,0.0037437280698213436,unsigned,0.732
motif_cnn33_labuhn_sequence_cnn_ig_005,177,labuhn,single,sequence,cnn,cnn33,cnn_ig,20,23,CAGG,0.004074551126298774,0.017595706740394186,0.0037437280698213436,unsigned,0.933
motif_cnn33_labuhn_sequence_cnn_ig_005,182,labuhn,single,sequence,cnn,cnn33,cnn_ig,20,23,CAGG,0.004074551126298774,0.017595706740394186,0.0037437280698213436,unsigned,0.85
motif_cnn33_labuhn_sequence_cnn_ig_005,187,labuhn,single,sequence,cnn,cnn33,cnn_ig,20,23,CAGG,0.004074551126298774,0.017595706740394186,0.0037437280698213436,unsigned,0.825
motif_cnn33_labuhn_sequence_cnn_ig_005,192,labuhn,single,sequence,cnn,cnn33,cnn_ig,20,23,CAGG,0.004074551126298774,0.017595706740394186,0.0037437280698213436,unsigned,0.903
motif_cnn33_labuhn_sequence_cnn_ig_005,205,labuhn,single,sequence,cnn,cnn33,cnn_ig,20,23,CAGG,0.004074551126298774,0.017595706740394186,0.0037437280698213436,unsigned,0.71
motif_cnn33_labuhn_sequence_cnn_ig_005,248,labuhn,single,sequence,cnn,cnn33,cnn_ig,20,23,CAGG,0.004074551126298774,0.017595706740394186,0.0037437280698213436,unsigned,0.711
motif_cnn33_labuhn_sequence_cnn_ig_005,270,labuhn,single,sequence,cnn,cnn33,cnn_ig,20,23,CAGG,0.004074551126298774,0.017595706740394186,0.0037437280698213436,unsigned,0.687
motif_cnn33_labuhn_sequence_cnn_ig_005,286,labuhn,single,sequence,cnn,cnn33,cnn_ig,20,23,CAGG,0.004074551126298774,0.017595706740394186,0.0037437280698213436,unsigned,0.766
motif_cnn33_labuhn_sequence_cnn_ig_005,304,labuhn,single,sequence,cnn,cnn33,cnn_ig,20,23,CAGG,0.004074551126298774,0.017595706740394186,0.0037437280698213436,unsigned,0.843
motif_cnn33_labuhn_sequence_cnn_ig_005,307,labuhn,single,sequence,cnn,cnn33,cnn_ig,20,23,CAGG,0.004074551126298774,0.017595706740394186,0.0037437280698213436,unsigned,0.582
motif_cnn33_labuhn_sequence_cnn_ig_005,316,labuhn,single,sequence,cnn,cnn33,cnn_ig,20,23,CAGG,0.004074551126298774,0.017595706740394186,0.0037437280698213436,unsigned,0.932
motif_cnn33_labuhn_sequence_cnn_ig_005,326,labuhn,single,sequence,cnn,cnn33,cnn_ig,20,23,CAGG,0.004074551126298774,0.017595706740394186,0.0037437280698213436,unsigned,0.84
motif_cnn33_labuhn_sequence_cnn_ig_005,334,labuhn,single,sequence,cnn,cnn33,cnn_ig,20,23,CAGG,0.004074551126298774,0.017595706740394186,0.0037437280698213436,unsigned,0.887
motif_cnn33_labuhn_sequence_cnn_ig_005,336,labuhn,single,sequence,cnn,cnn33,cnn_ig,20,23,CAGG,0.004074551126298774,0.017595706740394186,0.0037437280698213436,unsigned,0.924
motif_cnn33_labuhn_sequence_cnn_ig_005,337,labuhn,single,sequence,cnn,cnn33,cnn_ig,20,23,CAGG,0.004074551126298774,0.017595706740394186,0.0037437280698213436,unsigned,0.847
motif_cnn33_labuhn_sequence_cnn_ig_005,338,labuhn,single,sequence,cnn,cnn33,cnn_ig,20,23,CAGG,0.004074551126298774,0.017595706740394186,0.0037437280698213436,unsigned,0.206
motif_cnn33_labuhn_sequence_cnn_ig_005,345,labuhn,single,sequence,cnn,cnn33,cnn_ig,20,23,CAGG,0.004074551126298774,0.017595706740394186,0.0037437280698213436,unsigned,0.744
motif_cnn33_labuhn_sequence_cnn_ig_005,348,labuhn,single,sequence,cnn,cnn33,cnn_ig,20,23,CAGG,0.004074551126298774,0.017595706740394186,0.0037437280698213436,unsigned,0.91
motif_cnn33_labuhn_sequence_cnn_ig_005,355,labuhn,single,sequence,cnn,cnn33,cnn_ig,20,23,CAGG,0.004074551126298774,0.017595706740394186,0.0037437280698213436,unsigned,0.0
motif_cnn33_labuhn_sequence_cnn_ig_005,381,labuhn,single,sequence,cnn,cnn33,cnn_ig,20,23,CAGG,0.004074551126298774,0.017595706740394186,0.0037437280698213436,unsigned,0.906
motif_cnn33_labuhn_sequence_cnn_ig_005,382,labuhn,single,sequence,cnn,cnn33,cnn_ig,20,23,CAGG,0.004074551126298774,0.017595706740394186,0.0037437280698213436,unsigned,0.65
motif_cnn33_labuhn_sequence_cnn_ig_005,385,labuhn,single,sequence,cnn,cnn33,cnn_ig,20,23,CAGG,0.004074551126298774,0.017595706740394186,0.0037437280698213436,unsigned,0.0
motif_cnn33_labuhn_sequence_cnn_ig_005,387,labuhn,single,sequence,cnn,cnn33,cnn_ig,20,23,CAGG,0.004074551126298774,0.017595706740394186,0.0037437280698213436,unsigned,0.79
motif_cnn33_labuhn_sequence_cnn_ig_005,390,labuhn,single,sequence,cnn,cnn33,cnn_ig,20,23,CAGG,0.004074551126298774,0.017595706740394186,0.0037437280698213436,unsigned,0.22
motif_cnn33_labuhn_sequence_cnn_ig_005,391,labuhn,single,sequence,cnn,cnn33,cnn_ig,20,23,CAGG,0.004074551126298774,0.017595706740394186,0.0037437280698213436,unsigned,0.594
motif_cnn33_labuhn_sequence_cnn_ig_005,395,labuhn,single,sequence,cnn,cnn33,cnn_ig,20,23,CAGG,0.004074551126298774,0.017595706740394186,0.0037437280698213436,unsigned,0.0
motif_cnn33_labuhn_sequence_cnn_ig_005,400,labuhn,single,sequence,cnn,cnn33,cnn_ig,20,23,CAGG,0.004074551126298774,0.017595706740394186,0.0037437280698213436,unsigned,0.694
motif_cnn33_labuhn_sequence_cnn_ig_005,407,labuhn,single,sequence,cnn,cnn33,cnn_ig,20,23,CAGG,0.004074551126298774,0.017595706740394186,0.0037437280698213436,unsigned,0.729
motif_cnn73_labuhn_sequence_cnn_ig_006,10,labuhn,single,sequence,cnn,cnn73,cnn_ig,20,23,CAGG,0.008739187741108835,0.02077174553414801,0.004895975078397875,unsigned,0.037
motif_cnn73_labuhn_sequence_cnn_ig_006,20,labuhn,single,sequence,cnn,cnn73,cnn_ig,20,23,CAGG,0.008739187741108835,0.02077174553414801,0.004895975078397875,unsigned,0.47
motif_cnn73_labuhn_sequence_cnn_ig_006,21,labuhn,single,sequence,cnn,cnn73,cnn_ig,20,23,CAGG,0.008739187741108835,0.02077174553414801,0.004895975078397875,unsigned,0.918
motif_cnn73_labuhn_sequence_cnn_ig_006,22,labuhn,single,sequence,cnn,cnn73,cnn_ig,20,23,CAGG,0.008739187741108835,0.02077174553414801,0.004895975078397875,unsigned,0.775
motif_cnn73_labuhn_sequence_cnn_ig_006,32,labuhn,single,sequence,cnn,cnn73,cnn_ig,20,23,CAGG,0.008739187741108835,0.02077174553414801,0.004895975078397875,unsigned,0.064
motif_cnn73_labuhn_sequence_cnn_ig_006,42,labuhn,single,sequence,cnn,cnn73,cnn_ig,20,23,CAGG,0.008739187741108835,0.02077174553414801,0.004895975078397875,unsigned,0.79
motif_cnn73_labuhn_sequence_cnn_ig_006,51,labuhn,single,sequence,cnn,cnn73,cnn_ig,20,23,CAGG,0.008739187741108835,0.02077174553414801,0.004895975078397875,unsigned,0.162
motif_cnn73_labuhn_sequence_cnn_ig_006,54,labuhn,single,sequence,cnn,cnn73,cnn_ig,20,23,CAGG,0.008739187741108835,0.02077174553414801,0.004895975078397875,unsigned,0.717
motif_cnn73_labuhn_sequence_cnn_ig_006,57,labuhn,single,sequence,cnn,cnn73,cnn_ig,20,23,CAGG,0.008739187741108835,0.02077174553414801,0.004895975078397875,unsigned,0.847
motif_cnn73_labuhn_sequence_cnn_ig_006,66,labuhn,single,sequence,cnn,cnn73,cnn_ig,20,23,CAGG,0.008739187741108835,0.02077174553414801,0.004895975078397875,unsigned,0.192
motif_cnn73_labuhn_sequence_cnn_ig_006,67,labuhn,single,sequence,cnn,cnn73,cnn_ig,20,23,CAGG,0.008739187741108835,0.02077174553414801,0.004895975078397875,unsigned,0.72
motif_cnn73_labuhn_sequence_cnn_ig_006,78,labuhn,single,sequence,cnn,cnn73,cnn_ig,20,23,CAGG,0.008739187741108835,0.02077174553414801,0.004895975078397875,unsigned,0.827
motif_cnn73_labuhn_sequence_cnn_ig_006,92,labuhn,single,sequence,cnn,cnn73,cnn_ig,20,23,CAGG,0.008739187741108835,0.02077174553414801,0.004895975078397875,unsigned,0.374
motif_cnn73_labuhn_sequence_cnn_ig_006,95,labuhn,single,sequence,cnn,cnn73,cnn_ig,20,23,CAGG,0.008739187741108835,0.02077174553414801,0.004895975078397875,unsigned,0.681
motif_cnn73_labuhn_sequence_cnn_ig_006,97,labuhn,single,sequence,cnn,cnn73,cnn_ig,20,23,CAGG,0.008739187741108835,0.02077174553414801,0.004895975078397875,unsigned,0.479
motif_cnn73_labuhn_sequence_cnn_ig_006,101,labuhn,single,sequence,cnn,cnn73,cnn_ig,20,23,CAGG,0.008739187741108835,0.02077174553414801,0.004895975078397875,unsigned,0.263
motif_cnn73_labuhn_sequence_cnn_ig_006,123,labuhn,single,sequence,cnn,cnn73,cnn_ig,20,23,CAGG,0.008739187741108835,0.02077174553414801,0.004895975078397875,unsigned,0.532
motif_cnn73_labuhn_sequence_cnn_ig_006,140,labuhn,single,sequence,cnn,cnn73,cnn_ig,20,23,CAGG,0.008739187741108835,0.02077174553414801,0.004895975078397875,unsigned,0.224
motif_cnn73_labuhn_sequence_cnn_ig_006,144,labuhn,single,sequence,cnn,cnn73,cnn_ig,20,23,CAGG,0.008739187741108835,0.02077174553414801,0.004895975078397875,unsigned,0.403
motif_cnn73_labuhn_sequence_cnn_ig_006,149,labuhn,single,sequence,cnn,cnn73,cnn_ig,20,23,CAGG,0.008739187741108835,0.02077174553414801,0.004895975078397875,unsigned,0.815
motif_cnn73_labuhn_sequence_cnn_ig_006,158,labuhn,single,sequence,cnn,cnn73,cnn_ig,20,23,CAGG,0.008739187741108835,0.02077174553414801,0.004895975078397875,unsigned,0.712
motif_cnn73_labuhn_sequence_cnn_ig_006,160,labuhn,single,sequence,cnn,cnn73,cnn_ig,20,23,CAGG,0.008739187741108835,0.02077174553414801,0.004895975078397875,unsigned,0.767
motif_cnn73_labuhn_sequence_cnn_ig_006,166,labuhn,single,sequence,cnn,cnn73,cnn_ig,20,23,CAGG,0.008739187741108835,0.02077174553414801,0.004895975078397875,unsigned,0.89
motif_cnn73_labuhn_sequence_cnn_ig_006,174,labuhn,single,sequence,cnn,cnn73,cnn_ig,20,23,CAGG,0.008739187741108835,0.02077174553414801,0.004895975078397875,unsigned,0.336
motif_cnn73_labuhn_sequence_cnn_ig_006,175,labuhn,single,sequence,cnn,cnn73,cnn_ig,20,23,CAGG,0.008739187741108835,0.02077174553414801,0.004895975078397875,unsigned,0.638
motif_cnn73_labuhn_sequence_cnn_ig_006,176,labuhn,single,sequence,cnn,cnn73,cnn_ig,20,23,CAGG,0.008739187741108835,0.02077174553414801,0.004895975078397875,unsigned,0.732
motif_cnn73_labuhn_sequence_cnn_ig_006,177,labuhn,single,sequence,cnn,cnn73,cnn_ig,20,23,CAGG,0.008739187741108835,0.02077174553414801,0.004895975078397875,unsigned,0.933
motif_cnn73_labuhn_sequence_cnn_ig_006,182,labuhn,single,sequence,cnn,cnn73,cnn_ig,20,23,CAGG,0.008739187741108835,0.02077174553414801,0.004895975078397875,unsigned,0.85
motif_cnn73_labuhn_sequence_cnn_ig_006,187,labuhn,single,sequence,cnn,cnn73,cnn_ig,20,23,CAGG,0.008739187741108835,0.02077174553414801,0.004895975078397875,unsigned,0.825
motif_cnn73_labuhn_sequence_cnn_ig_006,192,labuhn,single,sequence,cnn,cnn73,cnn_ig,20,23,CAGG,0.008739187741108835,0.02077174553414801,0.004895975078397875,unsigned,0.903
motif_cnn73_labuhn_sequence_cnn_ig_006,205,labuhn,single,sequence,cnn,cnn73,cnn_ig,20,23,CAGG,0.008739187741108835,0.02077174553414801,0.004895975078397875,unsigned,0.71
motif_cnn73_labuhn_sequence_cnn_ig_006,248,labuhn,single,sequence,cnn,cnn73,cnn_ig,20,23,CAGG,0.008739187741108835,0.02077174553414801,0.004895975078397875,unsigned,0.711
motif_cnn73_labuhn_sequence_cnn_ig_006,270,labuhn,single,sequence,cnn,cnn73,cnn_ig,20,23,CAGG,0.008739187741108835,0.02077174553414801,0.004895975078397875,unsigned,0.687
motif_cnn73_labuhn_sequence_cnn_ig_006,286,labuhn,single,sequence,cnn,cnn73,cnn_ig,20,23,CAGG,0.008739187741108835,0.02077174553414801,0.004895975078397875,unsigned,0.766
motif_cnn73_labuhn_sequence_cnn_ig_006,304,labuhn,single,sequence,cnn,cnn73,cnn_ig,20,23,CAGG,0.008739187741108835,0.02077174553414801,0.004895975078397875,unsigned,0.843
motif_cnn73_labuhn_sequence_cnn_ig_006,307,labuhn,single,sequence,cnn,cnn73,cnn_ig,20,23,CAGG,0.008739187741108835,0.02077174553414801,0.004895975078397875,unsigned,0.582
motif_cnn73_labuhn_sequence_cnn_ig_006,316,labuhn,single,sequence,cnn,cnn73,cnn_ig,20,23,CAGG,0.008739187741108835,0.02077174553414801,0.004895975078397875,unsigned,0.932
motif_cnn73_labuhn_sequence_cnn_ig_006,326,labuhn,single,sequence,cnn,cnn73,cnn_ig,20,23,CAGG,0.008739187741108835,0.02077174553414801,0.004895975078397875,unsigned,0.84
motif_cnn73_labuhn_sequence_cnn_ig_006,334,labuhn,single,sequence,cnn,cnn73,cnn_ig,20,23,CAGG,0.008739187741108835,0.02077174553414801,0.004895975078397875,unsigned,0.887
motif_cnn73_labuhn_sequence_cnn_ig_006,336,labuhn,single,sequence,cnn,cnn73,cnn_ig,20,23,CAGG,0.008739187741108835,0.02077174553414801,0.004895975078397875,unsigned,0.924
motif_cnn73_labuhn_sequence_cnn_ig_006,337,labuhn,single,sequence,cnn,cnn73,cnn_ig,20,23,CAGG,0.008739187741108835,0.02077174553414801,0.004895975078397875,unsigned,0.847
motif_cnn73_labuhn_sequence_cnn_ig_006,338,labuhn,single,sequence,cnn,cnn73,cnn_ig,20,23,CAGG,0.008739187741108835,0.02077174553414801,0.004895975078397875,unsigned,0.206
motif_cnn73_labuhn_sequence_cnn_ig_006,345,labuhn,single,sequence,cnn,cnn73,cnn_ig,20,23,CAGG,0.008739187741108835,0.02077174553414801,0.004895975078397875,unsigned,0.744
motif_cnn73_labuhn_sequence_cnn_ig_006,348,labuhn,single,sequence,cnn,cnn73,cnn_ig,20,23,CAGG,0.008739187741108835,0.02077174553414801,0.004895975078397875,unsigned,0.91
motif_cnn73_labuhn_sequence_cnn_ig_006,355,labuhn,single,sequence,cnn,cnn73,cnn_ig,20,23,CAGG,0.008739187741108835,0.02077174553414801,0.004895975078397875,unsigned,0.0
motif_cnn73_labuhn_sequence_cnn_ig_006,381,labuhn,single,sequence,cnn,cnn73,cnn_ig,20,23,CAGG,0.008739187741108835,0.02077174553414801,0.004895975078397875,unsigned,0.906
motif_cnn73_labuhn_sequence_cnn_ig_006,382,labuhn,single,sequence,cnn,cnn73,cnn_ig,20,23,CAGG,0.008739187741108835,0.02077174553414801,0.004895975078397875,unsigned,0.65
motif_cnn73_labuhn_sequence_cnn_ig_006,385,labuhn,single,sequence,cnn,cnn73,cnn_ig,20,23,CAGG,0.008739187741108835,0.02077174553414801,0.004895975078397875,unsigned,0.0
motif_cnn73_labuhn_sequence_cnn_ig_006,387,labuhn,single,sequence,cnn,cnn73,cnn_ig,20,23,CAGG,0.008739187741108835,0.02077174553414801,0.004895975078397875,unsigned,0.79
motif_cnn73_labuhn_sequence_cnn_ig_006,390,labuhn,single,sequence,cnn,cnn73,cnn_ig,20,23,CAGG,0.008739187741108835,0.02077174553414801,0.004895975078397875,unsigned,0.22
motif_cnn73_labuhn_sequence_cnn_ig_006,391,labuhn,single,sequence,cnn,cnn73,cnn_ig,20,23,CAGG,0.008739187741108835,0.02077174553414801,0.004895975078397875,unsigned,0.594
motif_cnn73_labuhn_sequence_cnn_ig_006,395,labuhn,single,sequence,cnn,cnn73,cnn_ig,20,23,CAGG,0.008739187741108835,0.02077174553414801,0.004895975078397875,unsigned,0.0
motif_cnn73_labuhn_sequence_cnn_ig_006,400,labuhn,single,sequence,cnn,cnn73,cnn_ig,20,23,CAGG,0.008739187741108835,0.02077174553414801,0.004895975078397875,unsigned,0.694
motif_cnn73_labuhn_sequence_cnn_ig_006,407,labuhn,single,sequence,cnn,cnn73,cnn_ig,20,23,CAGG,0.008739187741108835,0.02077174553414801,0.004895975078397875,unsigned,0.729
motif_cnn53_labuhn_sequence_cnn_ig_007,0,labuhn,single,sequence,cnn,cnn53,cnn_ig,20,23,GAGG,0.00638840163204195,0.02132298354990776,0.0035137184750055625,unsigned,0.66
motif_cnn53_labuhn_sequence_cnn_ig_007,1,labuhn,single,sequence,cnn,cnn53,cnn_ig,20,23,GAGG,0.00638840163204195,0.02132298354990776,0.0035137184750055625,unsigned,0.868
motif_cnn53_labuhn_sequence_cnn_ig_007,12,labuhn,single,sequence,cnn,cnn53,cnn_ig,20,23,GAGG,0.00638840163204195,0.02132298354990776,0.0035137184750055625,unsigned,0.873
motif_cnn53_labuhn_sequence_cnn_ig_007,13,labuhn,single,sequence,cnn,cnn53,cnn_ig,20,23,GAGG,0.00638840163204195,0.02132298354990776,0.0035137184750055625,unsigned,0.719
motif_cnn53_labuhn_sequence_cnn_ig_007,19,labuhn,single,sequence,cnn,cnn53,cnn_ig,20,23,GAGG,0.00638840163204195,0.02132298354990776,0.0035137184750055625,unsigned,0.872
motif_cnn53_labuhn_sequence_cnn_ig_007,39,labuhn,single,sequence,cnn,cnn53,cnn_ig,20,23,GAGG,0.00638840163204195,0.02132298354990776,0.0035137184750055625,unsigned,0.633
motif_cnn53_labuhn_sequence_cnn_ig_007,49,labuhn,single,sequence,cnn,cnn53,cnn_ig,20,23,GAGG,0.00638840163204195,0.02132298354990776,0.0035137184750055625,unsigned,0.79
motif_cnn53_labuhn_sequence_cnn_ig_007,52,labuhn,single,sequence,cnn,cnn53,cnn_ig,20,23,GAGG,0.00638840163204195,0.02132298354990776,0.0035137184750055625,unsigned,0.817
motif_cnn53_labuhn_sequence_cnn_ig_007,53,labuhn,single,sequence,cnn,cnn53,cnn_ig,20,23,GAGG,0.00638840163204195,0.02132298354990776,0.0035137184750055625,unsigned,0.494
motif_cnn53_labuhn_sequence_cnn_ig_007,72,labuhn,single,sequence,cnn,cnn53,cnn_ig,20,23,GAGG,0.00638840163204195,0.02132298354990776,0.0035137184750055625,unsigned,0.834
motif_cnn53_labuhn_sequence_cnn_ig_007,73,labuhn,single,sequence,cnn,cnn53,cnn_ig,20,23,GAGG,0.00638840163204195,0.02132298354990776,0.0035137184750055625,unsigned,0.752
motif_cnn53_labuhn_sequence_cnn_ig_007,84,labuhn,single,sequence,cnn,cnn53,cnn_ig,20,23,GAGG,0.00638840163204195,0.02132298354990776,0.0035137184750055625,unsigned,0.693
motif_cnn53_labuhn_sequence_cnn_ig_007,89,labuhn,single,sequence,cnn,cnn53,cnn_ig,20,23,GAGG,0.00638840163204195,0.02132298354990776,0.0035137184750055625,unsigned,0.852
motif_cnn53_labuhn_sequence_cnn_ig_007,93,labuhn,single,sequence,cnn,cnn53,cnn_ig,20,23,GAGG,0.00638840163204195,0.02132298354990776,0.0035137184750055625,unsigned,0.056
motif_cnn53_labuhn_sequence_cnn_ig_007,127,labuhn,single,sequence,cnn,cnn53,cnn_ig,20,23,GAGG,0.00638840163204195,0.02132298354990776,0.0035137184750055625,unsigned,0.878
motif_cnn53_labuhn_sequence_cnn_ig_007,130,labuhn,single,sequence,cnn,cnn53,cnn_ig,20,23,GAGG,0.00638840163204195,0.02132298354990776,0.0035137184750055625,unsigned,0.872
motif_cnn53_labuhn_sequence_cnn_ig_007,132,labuhn,single,sequence,cnn,cnn53,cnn_ig,20,23,GAGG,0.00638840163204195,0.02132298354990776,0.0035137184750055625,unsigned,0.0
motif_cnn53_labuhn_sequence_cnn_ig_007,143,labuhn,single,sequence,cnn,cnn53,cnn_ig,20,23,GAGG,0.00638840163204195,0.02132298354990776,0.0035137184750055625,unsigned,0.758
motif_cnn53_labuhn_sequence_cnn_ig_007,147,labuhn,single,sequence,cnn,cnn53,cnn_ig,20,23,GAGG,0.00638840163204195,0.02132298354990776,0.0035137184750055625,unsigned,0.743
motif_cnn53_labuhn_sequence_cnn_ig_007,156,labuhn,single,sequence,cnn,cnn53,cnn_ig,20,23,GAGG,0.00638840163204195,0.02132298354990776,0.0035137184750055625,unsigned,0.854
motif_cnn53_labuhn_sequence_cnn_ig_007,164,labuhn,single,sequence,cnn,cnn53,cnn_ig,20,23,GAGG,0.00638840163204195,0.02132298354990776,0.0035137184750055625,unsigned,0.813
motif_cnn53_labuhn_sequence_cnn_ig_007,168,labuhn,single,sequence,cnn,cnn53,cnn_ig,20,23,GAGG,0.00638840163204195,0.02132298354990776,0.0035137184750055625,unsigned,0.62
motif_cnn53_labuhn_sequence_cnn_ig_007,181,labuhn,single,sequence,cnn,cnn53,cnn_ig,20,23,GAGG,0.00638840163204195,0.02132298354990776,0.0035137184750055625,unsigned,0.383
motif_cnn53_labuhn_sequence_cnn_ig_007,204,labuhn,single,sequence,cnn,cnn53,cnn_ig,20,23,GAGG,0.00638840163204195,0.02132298354990776,0.0035137184750055625,unsigned,0.18
motif_cnn53_labuhn_sequence_cnn_ig_007,216,labuhn,single,sequence,cnn,cnn53,cnn_ig,20,23,GAGG,0.00638840163204195,0.02132298354990776,0.0035137184750055625,unsigned,0.503
motif_cnn53_labuhn_sequence_cnn_ig_007,218,labuhn,single,sequence,cnn,cnn53,cnn_ig,20,23,GAGG,0.00638840163204195,0.02132298354990776,0.0035137184750055625,unsigned,0.747
motif_cnn53_labuhn_sequence_cnn_ig_007,228,labuhn,single,sequence,cnn,cnn53,cnn_ig,20,23,GAGG,0.00638840163204195,0.02132298354990776,0.0035137184750055625,unsigned,0.61
motif_cnn53_labuhn_sequence_cnn_ig_007,231,labuhn,single,sequence,cnn,cnn53,cnn_ig,20,23,GAGG,0.00638840163204195,0.02132298354990776,0.0035137184750055625,unsigned,0.298
motif_cnn53_labuhn_sequence_cnn_ig_007,235,labuhn,single,sequence,cnn,cnn53,cnn_ig,20,23,GAGG,0.00638840163204195,0.02132298354990776,0.0035137184750055625,unsigned,0.953
motif_cnn53_labuhn_sequence_cnn_ig_007,243,labuhn,single,sequence,cnn,cnn53,cnn_ig,20,23,GAGG,0.00638840163204195,0.02132298354990776,0.0035137184750055625,unsigned,0.931
motif_cnn53_labuhn_sequence_cnn_ig_007,260,labuhn,single,sequence,cnn,cnn53,cnn_ig,20,23,GAGG,0.00638840163204195,0.02132298354990776,0.0035137184750055625,unsigned,0.763
motif_cnn53_labuhn_sequence_cnn_ig_007,263,labuhn,single,sequence,cnn,cnn53,cnn_ig,20,23,GAGG,0.00638840163204195,0.02132298354990776,0.0035137184750055625,unsigned,0.834
motif_cnn53_labuhn_sequence_cnn_ig_007,264,labuhn,single,sequence,cnn,cnn53,cnn_ig,20,23,GAGG,0.00638840163204195,0.02132298354990776,0.0035137184750055625,unsigned,0.842
motif_cnn53_labuhn_sequence_cnn_ig_007,275,labuhn,single,sequence,cnn,cnn53,cnn_ig,20,23,GAGG,0.00638840163204195,0.02132298354990776,0.0035137184750055625,unsigned,0.918
motif_cnn53_labuhn_sequence_cnn_ig_007,283,labuhn,single,sequence,cnn,cnn53,cnn_ig,20,23,GAGG,0.00638840163204195,0.02132298354990776,0.0035137184750055625,unsigned,0.6585
motif_cnn53_labuhn_sequence_cnn_ig_007,287,labuhn,single,sequence,cnn,cnn53,cnn_ig,20,23,GAGG,0.00638840163204195,0.02132298354990776,0.0035137184750055625,unsigned,0.786
motif_cnn53_labuhn_sequence_cnn_ig_007,293,labuhn,single,sequence,cnn,cnn53,cnn_ig,20,23,GAGG,0.00638840163204195,0.02132298354990776,0.0035137184750055625,unsigned,0.857
motif_cnn53_labuhn_sequence_cnn_ig_007,299,labuhn,single,sequence,cnn,cnn53,cnn_ig,20,23,GAGG,0.00638840163204195,0.02132298354990776,0.0035137184750055625,unsigned,0.908
motif_cnn53_labuhn_sequence_cnn_ig_007,302,labuhn,single,sequence,cnn,cnn53,cnn_ig,20,23,GAGG,0.00638840163204195,0.02132298354990776,0.0035137184750055625,unsigned,0.937
motif_cnn53_labuhn_sequence_cnn_ig_007,315,labuhn,single,sequence,cnn,cnn53,cnn_ig,20,23,GAGG,0.00638840163204195,0.02132298354990776,0.0035137184750055625,unsigned,0.555
motif_cnn53_labuhn_sequence_cnn_ig_007,322,labuhn,single,sequence,cnn,cnn53,cnn_ig,20,23,GAGG,0.00638840163204195,0.02132298354990776,0.0035137184750055625,unsigned,0.657
motif_cnn53_labuhn_sequence_cnn_ig_007,330,labuhn,single,sequence,cnn,cnn53,cnn_ig,20,23,GAGG,0.00638840163204195,0.02132298354990776,0.0035137184750055625,unsigned,0.931
motif_cnn53_labuhn_sequence_cnn_ig_007,347,labuhn,single,sequence,cnn,cnn53,cnn_ig,20,23,GAGG,0.00638840163204195,0.02132298354990776,0.0035137184750055625,unsigned,0.883
motif_cnn53_labuhn_sequence_cnn_ig_007,357,labuhn,single,sequence,cnn,cnn53,cnn_ig,20,23,GAGG,0.00638840163204195,0.02132298354990776,0.0035137184750055625,unsigned,0.833
motif_cnn53_labuhn_sequence_cnn_ig_007,361,labuhn,single,sequence,cnn,cnn53,cnn_ig,20,23,GAGG,0.00638840163204195,0.02132298354990776,0.0035137184750055625,unsigned,0.636
motif_cnn53_labuhn_sequence_cnn_ig_007,369,labuhn,single,sequence,cnn,cnn53,cnn_ig,20,23,GAGG,0.00638840163204195,0.02132298354990776,0.0035137184750055625,unsigned,0.81
motif_cnn53_labuhn_sequence_cnn_ig_007,372,labuhn,single,sequence,cnn,cnn53,cnn_ig,20,23,GAGG,0.00638840163204195,0.02132298354990776,0.0035137184750055625,unsigned,0.856
motif_cnn53_labuhn_sequence_cnn_ig_007,374,labuhn,single,sequence,cnn,cnn53,cnn_ig,20,23,GAGG,0.00638840163204195,0.02132298354990776,0.0035137184750055625,unsigned,0.742
motif_cnn53_labuhn_sequence_cnn_ig_007,416,labuhn,single,sequence,cnn,cnn53,cnn_ig,20,23,GAGG,0.00638840163204195,0.02132298354990776,0.0035137184750055625,unsigned,0.805
motif_cnn73_labuhn_sequence_cnn_ig_008,0,labuhn,single,sequence,cnn,cnn73,cnn_ig,20,23,GAGG,0.0070368936770440335,0.02077174553414801,0.004895975078397875,unsigned,0.66
motif_cnn73_labuhn_sequence_cnn_ig_008,1,labuhn,single,sequence,cnn,cnn73,cnn_ig,20,23,GAGG,0.0070368936770440335,0.02077174553414801,0.004895975078397875,unsigned,0.868
motif_cnn73_labuhn_sequence_cnn_ig_008,12,labuhn,single,sequence,cnn,cnn73,cnn_ig,20,23,GAGG,0.0070368936770440335,0.02077174553414801,0.004895975078397875,unsigned,0.873
motif_cnn73_labuhn_sequence_cnn_ig_008,13,labuhn,single,sequence,cnn,cnn73,cnn_ig,20,23,GAGG,0.0070368936770440335,0.02077174553414801,0.004895975078397875,unsigned,0.719
motif_cnn73_labuhn_sequence_cnn_ig_008,19,labuhn,single,sequence,cnn,cnn73,cnn_ig,20,23,GAGG,0.0070368936770440335,0.02077174553414801,0.004895975078397875,unsigned,0.872
motif_cnn73_labuhn_sequence_cnn_ig_008,39,labuhn,single,sequence,cnn,cnn73,cnn_ig,20,23,GAGG,0.0070368936770440335,0.02077174553414801,0.004895975078397875,unsigned,0.633
motif_cnn73_labuhn_sequence_cnn_ig_008,49,labuhn,single,sequence,cnn,cnn73,cnn_ig,20,23,GAGG,0.0070368936770440335,0.02077174553414801,0.004895975078397875,unsigned,0.79
motif_cnn73_labuhn_sequence_cnn_ig_008,52,labuhn,single,sequence,cnn,cnn73,cnn_ig,20,23,GAGG,0.0070368936770440335,0.02077174553414801,0.004895975078397875,unsigned,0.817
motif_cnn73_labuhn_sequence_cnn_ig_008,53,labuhn,single,sequence,cnn,cnn73,cnn_ig,20,23,GAGG,0.0070368936770440335,0.02077174553414801,0.004895975078397875,unsigned,0.494
motif_cnn73_labuhn_sequence_cnn_ig_008,72,labuhn,single,sequence,cnn,cnn73,cnn_ig,20,23,GAGG,0.0070368936770440335,0.02077174553414801,0.004895975078397875,unsigned,0.834
motif_cnn73_labuhn_sequence_cnn_ig_008,73,labuhn,single,sequence,cnn,cnn73,cnn_ig,20,23,GAGG,0.0070368936770440335,0.02077174553414801,0.004895975078397875,unsigned,0.752
motif_cnn73_labuhn_sequence_cnn_ig_008,84,labuhn,single,sequence,cnn,cnn73,cnn_ig,20,23,GAGG,0.0070368936770440335,0.02077174553414801,0.004895975078397875,unsigned,0.693
motif_cnn73_labuhn_sequence_cnn_ig_008,89,labuhn,single,sequence,cnn,cnn73,cnn_ig,20,23,GAGG,0.0070368936770440335,0.02077174553414801,0.004895975078397875,unsigned,0.852
motif_cnn73_labuhn_sequence_cnn_ig_008,93,labuhn,single,sequence,cnn,cnn73,cnn_ig,20,23,GAGG,0.0070368936770440335,0.02077174553414801,0.004895975078397875,unsigned,0.056
motif_cnn73_labuhn_sequence_cnn_ig_008,127,labuhn,single,sequence,cnn,cnn73,cnn_ig,20,23,GAGG,0.0070368936770440335,0.02077174553414801,0.004895975078397875,unsigned,0.878
motif_cnn73_labuhn_sequence_cnn_ig_008,130,labuhn,single,sequence,cnn,cnn73,cnn_ig,20,23,GAGG,0.0070368936770440335,0.02077174553414801,0.004895975078397875,unsigned,0.872
motif_cnn73_labuhn_sequence_cnn_ig_008,132,labuhn,single,sequence,cnn,cnn73,cnn_ig,20,23,GAGG,0.0070368936770440335,0.02077174553414801,0.004895975078397875,unsigned,0.0
motif_cnn73_labuhn_sequence_cnn_ig_008,143,labuhn,single,sequence,cnn,cnn73,cnn_ig,20,23,GAGG,0.0070368936770440335,0.02077174553414801,0.004895975078397875,unsigned,0.758
motif_cnn73_labuhn_sequence_cnn_ig_008,147,labuhn,single,sequence,cnn,cnn73,cnn_ig,20,23,GAGG,0.0070368936770440335,0.02077174553414801,0.004895975078397875,unsigned,0.743
motif_cnn73_labuhn_sequence_cnn_ig_008,156,labuhn,single,sequence,cnn,cnn73,cnn_ig,20,23,GAGG,0.0070368936770440335,0.02077174553414801,0.004895975078397875,unsigned,0.854
motif_cnn73_labuhn_sequence_cnn_ig_008,164,labuhn,single,sequence,cnn,cnn73,cnn_ig,20,23,GAGG,0.0070368936770440335,0.02077174553414801,0.004895975078397875,unsigned,0.813
motif_cnn73_labuhn_sequence_cnn_ig_008,168,labuhn,single,sequence,cnn,cnn73,cnn_ig,20,23,GAGG,0.0070368936770440335,0.02077174553414801,0.004895975078397875,unsigned,0.62
motif_cnn73_labuhn_sequence_cnn_ig_008,181,labuhn,single,sequence,cnn,cnn73,cnn_ig,20,23,GAGG,0.0070368936770440335,0.02077174553414801,0.004895975078397875,unsigned,0.383
motif_cnn73_labuhn_sequence_cnn_ig_008,204,labuhn,single,sequence,cnn,cnn73,cnn_ig,20,23,GAGG,0.0070368936770440335,0.02077174553414801,0.004895975078397875,unsigned,0.18
motif_cnn73_labuhn_sequence_cnn_ig_008,216,labuhn,single,sequence,cnn,cnn73,cnn_ig,20,23,GAGG,0.0070368936770440335,0.02077174553414801,0.004895975078397875,unsigned,0.503
motif_cnn73_labuhn_sequence_cnn_ig_008,218,labuhn,single,sequence,cnn,cnn73,cnn_ig,20,23,GAGG,0.0070368936770440335,0.02077174553414801,0.004895975078397875,unsigned,0.747
motif_cnn73_labuhn_sequence_cnn_ig_008,228,labuhn,single,sequence,cnn,cnn73,cnn_ig,20,23,GAGG,0.0070368936770440335,0.02077174553414801,0.004895975078397875,unsigned,0.61
motif_cnn73_labuhn_sequence_cnn_ig_008,231,labuhn,single,sequence,cnn,cnn73,cnn_ig,20,23,GAGG,0.0070368936770440335,0.02077174553414801,0.004895975078397875,unsigned,0.298
motif_cnn73_labuhn_sequence_cnn_ig_008,235,labuhn,single,sequence,cnn,cnn73,cnn_ig,20,23,GAGG,0.0070368936770440335,0.02077174553414801,0.004895975078397875,unsigned,0.953
motif_cnn73_labuhn_sequence_cnn_ig_008,243,labuhn,single,sequence,cnn,cnn73,cnn_ig,20,23,GAGG,0.0070368936770440335,0.02077174553414801,0.004895975078397875,unsigned,0.931
motif_cnn73_labuhn_sequence_cnn_ig_008,260,labuhn,single,sequence,cnn,cnn73,cnn_ig,20,23,GAGG,0.0070368936770440335,0.02077174553414801,0.004895975078397875,unsigned,0.763
motif_cnn73_labuhn_sequence_cnn_ig_008,263,labuhn,single,sequence,cnn,cnn73,cnn_ig,20,23,GAGG,0.0070368936770440335,0.02077174553414801,0.004895975078397875,unsigned,0.834
motif_cnn73_labuhn_sequence_cnn_ig_008,264,labuhn,single,sequence,cnn,cnn73,cnn_ig,20,23,GAGG,0.0070368936770440335,0.02077174553414801,0.004895975078397875,unsigned,0.842
motif_cnn73_labuhn_sequence_cnn_ig_008,275,labuhn,single,sequence,cnn,cnn73,cnn_ig,20,23,GAGG,0.0070368936770440335,0.02077174553414801,0.004895975078397875,unsigned,0.918
motif_cnn73_labuhn_sequence_cnn_ig_008,283,labuhn,single,sequence,cnn,cnn73,cnn_ig,20,23,GAGG,0.0070368936770440335,0.02077174553414801,0.004895975078397875,unsigned,0.6585
motif_cnn73_labuhn_sequence_cnn_ig_008,287,labuhn,single,sequence,cnn,cnn73,cnn_ig,20,23,GAGG,0.0070368936770440335,0.02077174553414801,0.004895975078397875,unsigned,0.786
motif_cnn73_labuhn_sequence_cnn_ig_008,293,labuhn,single,sequence,cnn,cnn73,cnn_ig,20,23,GAGG,0.0070368936770440335,0.02077174553414801,0.004895975078397875,unsigned,0.857
motif_cnn73_labuhn_sequence_cnn_ig_008,299,labuhn,single,sequence,cnn,cnn73,cnn_ig,20,23,GAGG,0.0070368936770440335,0.02077174553414801,0.004895975078397875,unsigned,0.908
motif_cnn73_labuhn_sequence_cnn_ig_008,302,labuhn,single,sequence,cnn,cnn73,cnn_ig,20,23,GAGG,0.0070368936770440335,0.02077174553414801,0.004895975078397875,unsigned,0.937
motif_cnn73_labuhn_sequence_cnn_ig_008,315,labuhn,single,sequence,cnn,cnn73,cnn_ig,20,23,GAGG,0.0070368936770440335,0.02077174553414801,0.004895975078397875,unsigned,0.555
motif_cnn73_labuhn_sequence_cnn_ig_008,322,labuhn,single,sequence,cnn,cnn73,cnn_ig,20,23,GAGG,0.0070368936770440335,0.02077174553414801,0.004895975078397875,unsigned,0.657
motif_cnn73_labuhn_sequence_cnn_ig_008,330,labuhn,single,sequence,cnn,cnn73,cnn_ig,20,23,GAGG,0.0070368936770440335,0.02077174553414801,0.004895975078397875,unsigned,0.931
motif_cnn73_labuhn_sequence_cnn_ig_008,347,labuhn,single,sequence,cnn,cnn73,cnn_ig,20,23,GAGG,0.0070368936770440335,0.02077174553414801,0.004895975078397875,unsigned,0.883
motif_cnn73_labuhn_sequence_cnn_ig_008,357,labuhn,single,sequence,cnn,cnn73,cnn_ig,20,23,GAGG,0.0070368936770440335,0.02077174553414801,0.004895975078397875,unsigned,0.833
motif_cnn73_labuhn_sequence_cnn_ig_008,361,labuhn,single,sequence,cnn,cnn73,cnn_ig,20,23,GAGG,0.0070368936770440335,0.02077174553414801,0.004895975078397875,unsigned,0.636
motif_cnn73_labuhn_sequence_cnn_ig_008,369,labuhn,single,sequence,cnn,cnn73,cnn_ig,20,23,GAGG,0.0070368936770440335,0.02077174553414801,0.004895975078397875,unsigned,0.81
motif_cnn73_labuhn_sequence_cnn_ig_008,372,labuhn,single,sequence,cnn,cnn73,cnn_ig,20,23,GAGG,0.0070368936770440335,0.02077174553414801,0.004895975078397875,unsigned,0.856
motif_cnn73_labuhn_sequence_cnn_ig_008,374,labuhn,single,sequence,cnn,cnn73,cnn_ig,20,23,GAGG,0.0070368936770440335,0.02077174553414801,0.004895975078397875,unsigned,0.742
motif_cnn73_labuhn_sequence_cnn_ig_008,416,labuhn,single,sequence,cnn,cnn73,cnn_ig,20,23,GAGG,0.0070368936770440335,0.02077174553414801,0.004895975078397875,unsigned,0.805
motif_cnn33_labuhn_sequence_cnn_ig_009,25,labuhn,single,sequence,cnn,cnn33,cnn_ig,20,23,ATGG,0.004680610378272809,0.017595706740394186,0.0037437280698213436,unsigned,0.775
motif_cnn33_labuhn_sequence_cnn_ig_009,26,labuhn,single,sequence,cnn,cnn33,cnn_ig,20,23,ATGG,0.004680610378272809,0.017595706740394186,0.0037437280698213436,unsigned,0.88
motif_cnn33_labuhn_sequence_cnn_ig_009,29,labuhn,single,sequence,cnn,cnn33,cnn_ig,20,23,ATGG,0.004680610378272809,0.017595706740394186,0.0037437280698213436,unsigned,0.95
motif_cnn33_labuhn_sequence_cnn_ig_009,43,labuhn,single,sequence,cnn,cnn33,cnn_ig,20,23,ATGG,0.004680610378272809,0.017595706740394186,0.0037437280698213436,unsigned,0.528
motif_cnn33_labuhn_sequence_cnn_ig_009,47,labuhn,single,sequence,cnn,cnn33,cnn_ig,20,23,ATGG,0.004680610378272809,0.017595706740394186,0.0037437280698213436,unsigned,0.89
motif_cnn33_labuhn_sequence_cnn_ig_009,64,labuhn,single,sequence,cnn,cnn33,cnn_ig,20,23,ATGG,0.004680610378272809,0.017595706740394186,0.0037437280698213436,unsigned,0.776
motif_cnn33_labuhn_sequence_cnn_ig_009,71,labuhn,single,sequence,cnn,cnn33,cnn_ig,20,23,ATGG,0.004680610378272809,0.017595706740394186,0.0037437280698213436,unsigned,0.78
motif_cnn33_labuhn_sequence_cnn_ig_009,74,labuhn,single,sequence,cnn,cnn33,cnn_ig,20,23,ATGG,0.004680610378272809,0.017595706740394186,0.0037437280698213436,unsigned,0.86
motif_cnn33_labuhn_sequence_cnn_ig_009,75,labuhn,single,sequence,cnn,cnn33,cnn_ig,20,23,ATGG,0.004680610378272809,0.017595706740394186,0.0037437280698213436,unsigned,0.709
motif_cnn33_labuhn_sequence_cnn_ig_009,86,labuhn,single,sequence,cnn,cnn33,cnn_ig,20,23,ATGG,0.004680610378272809,0.017595706740394186,0.0037437280698213436,unsigned,0.732
motif_cnn33_labuhn_sequence_cnn_ig_009,113,labuhn,single,sequence,cnn,cnn33,cnn_ig,20,23,ATGG,0.004680610378272809,0.017595706740394186,0.0037437280698213436,unsigned,0.194
motif_cnn33_labuhn_sequence_cnn_ig_009,128,labuhn,single,sequence,cnn,cnn33,cnn_ig,20,23,ATGG,0.004680610378272809,0.017595706740394186,0.0037437280698213436,unsigned,0.83
motif_cnn33_labuhn_sequence_cnn_ig_009,136,labuhn,single,sequence,cnn,cnn33,cnn_ig,20,23,ATGG,0.004680610378272809,0.017595706740394186,0.0037437280698213436,unsigned,0.849
motif_cnn33_labuhn_sequence_cnn_ig_009,139,labuhn,single,sequence,cnn,cnn33,cnn_ig,20,23,ATGG,0.004680610378272809,0.017595706740394186,0.0037437280698213436,unsigned,0.231
motif_cnn33_labuhn_sequence_cnn_ig_009,155,labuhn,single,sequence,cnn,cnn33,cnn_ig,20,23,ATGG,0.004680610378272809,0.017595706740394186,0.0037437280698213436,unsigned,0.84
motif_cnn33_labuhn_sequence_cnn_ig_009,165,labuhn,single,sequence,cnn,cnn33,cnn_ig,20,23,ATGG,0.004680610378272809,0.017595706740394186,0.0037437280698213436,unsigned,0.791
motif_cnn33_labuhn_sequence_cnn_ig_009,189,labuhn,single,sequence,cnn,cnn33,cnn_ig,20,23,ATGG,0.004680610378272809,0.017595706740394186,0.0037437280698213436,unsigned,0.791
motif_cnn33_labuhn_sequence_cnn_ig_009,199,labuhn,single,sequence,cnn,cnn33,cnn_ig,20,23,ATGG,0.004680610378272809,0.017595706740394186,0.0037437280698213436,unsigned,0.72
motif_cnn33_labuhn_sequence_cnn_ig_009,211,labuhn,single,sequence,cnn,cnn33,cnn_ig,20,23,ATGG,0.004680610378272809,0.017595706740394186,0.0037437280698213436,unsigned,0.828
motif_cnn33_labuhn_sequence_cnn_ig_009,217,labuhn,single,sequence,cnn,cnn33,cnn_ig,20,23,ATGG,0.004680610378272809,0.017595706740394186,0.0037437280698213436,unsigned,0.346
motif_cnn33_labuhn_sequence_cnn_ig_009,219,labuhn,single,sequence,cnn,cnn33,cnn_ig,20,23,ATGG,0.004680610378272809,0.017595706740394186,0.0037437280698213436,unsigned,0.83
motif_cnn33_labuhn_sequence_cnn_ig_009,227,labuhn,single,sequence,cnn,cnn33,cnn_ig,20,23,ATGG,0.004680610378272809,0.017595706740394186,0.0037437280698213436,unsigned,0.893
motif_cnn33_labuhn_sequence_cnn_ig_009,236,labuhn,single,sequence,cnn,cnn33,cnn_ig,20,23,ATGG,0.004680610378272809,0.017595706740394186,0.0037437280698213436,unsigned,0.835
motif_cnn33_labuhn_sequence_cnn_ig_009,237,labuhn,single,sequence,cnn,cnn33,cnn_ig,20,23,ATGG,0.004680610378272809,0.017595706740394186,0.0037437280698213436,unsigned,0.156
motif_cnn33_labuhn_sequence_cnn_ig_009,249,labuhn,single,sequence,cnn,cnn33,cnn_ig,20,23,ATGG,0.004680610378272809,0.017595706740394186,0.0037437280698213436,unsigned,0.137
motif_cnn33_labuhn_sequence_cnn_ig_009,280,labuhn,single,sequence,cnn,cnn33,cnn_ig,20,23,ATGG,0.004680610378272809,0.017595706740394186,0.0037437280698213436,unsigned,0.74
motif_cnn33_labuhn_sequence_cnn_ig_009,300,labuhn,single,sequence,cnn,cnn33,cnn_ig,20,23,ATGG,0.004680610378272809,0.017595706740394186,0.0037437280698213436,unsigned,0.6615
motif_cnn33_labuhn_sequence_cnn_ig_009,319,labuhn,single,sequence,cnn,cnn33,cnn_ig,20,23,ATGG,0.004680610378272809,0.017595706740394186,0.0037437280698213436,unsigned,0.963
motif_cnn33_labuhn_sequence_cnn_ig_009,321,labuhn,single,sequence,cnn,cnn33,cnn_ig,20,23,ATGG,0.004680610378272809,0.017595706740394186,0.0037437280698213436,unsigned,0.419
motif_cnn33_labuhn_sequence_cnn_ig_009,329,labuhn,single,sequence,cnn,cnn33,cnn_ig,20,23,ATGG,0.004680610378272809,0.017595706740394186,0.0037437280698213436,unsigned,0.768
motif_cnn33_labuhn_sequence_cnn_ig_009,360,labuhn,single,sequence,cnn,cnn33,cnn_ig,20,23,ATGG,0.004680610378272809,0.017595706740394186,0.0037437280698213436,unsigned,0.765
motif_cnn33_labuhn_sequence_cnn_ig_009,371,labuhn,single,sequence,cnn,cnn33,cnn_ig,20,23,ATGG,0.004680610378272809,0.017595706740394186,0.0037437280698213436,unsigned,0.407
motif_cnn33_labuhn_sequence_cnn_ig_009,383,labuhn,single,sequence,cnn,cnn33,cnn_ig,20,23,ATGG,0.004680610378272809,0.017595706740394186,0.0037437280698213436,unsigned,0.066
motif_cnn33_labuhn_sequence_cnn_ig_009,408,labuhn,single,sequence,cnn,cnn33,cnn_ig,20,23,ATGG,0.004680610378272809,0.017595706740394186,0.0037437280698213436,unsigned,0.303
motif_cnn53_labuhn_sequence_cnn_ig_010,25,labuhn,single,sequence,cnn,cnn53,cnn_ig,20,23,ATGG,0.004855959385167783,0.02132298354990776,0.0035137184750055625,unsigned,0.775
motif_cnn53_labuhn_sequence_cnn_ig_010,26,labuhn,single,sequence,cnn,cnn53,cnn_ig,20,23,ATGG,0.004855959385167783,0.02132298354990776,0.0035137184750055625,unsigned,0.88
motif_cnn53_labuhn_sequence_cnn_ig_010,29,labuhn,single,sequence,cnn,cnn53,cnn_ig,20,23,ATGG,0.004855959385167783,0.02132298354990776,0.0035137184750055625,unsigned,0.95
motif_cnn53_labuhn_sequence_cnn_ig_010,43,labuhn,single,sequence,cnn,cnn53,cnn_ig,20,23,ATGG,0.004855959385167783,0.02132298354990776,0.0035137184750055625,unsigned,0.528
motif_cnn53_labuhn_sequence_cnn_ig_010,47,labuhn,single,sequence,cnn,cnn53,cnn_ig,20,23,ATGG,0.004855959385167783,0.02132298354990776,0.0035137184750055625,unsigned,0.89
motif_cnn53_labuhn_sequence_cnn_ig_010,64,labuhn,single,sequence,cnn,cnn53,cnn_ig,20,23,ATGG,0.004855959385167783,0.02132298354990776,0.0035137184750055625,unsigned,0.776
motif_cnn53_labuhn_sequence_cnn_ig_010,71,labuhn,single,sequence,cnn,cnn53,cnn_ig,20,23,ATGG,0.004855959385167783,0.02132298354990776,0.0035137184750055625,unsigned,0.78
motif_cnn53_labuhn_sequence_cnn_ig_010,74,labuhn,single,sequence,cnn,cnn53,cnn_ig,20,23,ATGG,0.004855959385167783,0.02132298354990776,0.0035137184750055625,unsigned,0.86
motif_cnn53_labuhn_sequence_cnn_ig_010,75,labuhn,single,sequence,cnn,cnn53,cnn_ig,20,23,ATGG,0.004855959385167783,0.02132298354990776,0.0035137184750055625,unsigned,0.709
motif_cnn53_labuhn_sequence_cnn_ig_010,86,labuhn,single,sequence,cnn,cnn53,cnn_ig,20,23,ATGG,0.004855959385167783,0.02132298354990776,0.0035137184750055625,unsigned,0.732
motif_cnn53_labuhn_sequence_cnn_ig_010,113,labuhn,single,sequence,cnn,cnn53,cnn_ig,20,23,ATGG,0.004855959385167783,0.02132298354990776,0.0035137184750055625,unsigned,0.194
motif_cnn53_labuhn_sequence_cnn_ig_010,128,labuhn,single,sequence,cnn,cnn53,cnn_ig,20,23,ATGG,0.004855959385167783,0.02132298354990776,0.0035137184750055625,unsigned,0.83
motif_cnn53_labuhn_sequence_cnn_ig_010,136,labuhn,single,sequence,cnn,cnn53,cnn_ig,20,23,ATGG,0.004855959385167783,0.02132298354990776,0.0035137184750055625,unsigned,0.849
motif_cnn53_labuhn_sequence_cnn_ig_010,139,labuhn,single,sequence,cnn,cnn53,cnn_ig,20,23,ATGG,0.004855959385167783,0.02132298354990776,0.0035137184750055625,unsigned,0.231
motif_cnn53_labuhn_sequence_cnn_ig_010,155,labuhn,single,sequence,cnn,cnn53,cnn_ig,20,23,ATGG,0.004855959385167783,0.02132298354990776,0.0035137184750055625,unsigned,0.84
motif_cnn53_labuhn_sequence_cnn_ig_010,165,labuhn,single,sequence,cnn,cnn53,cnn_ig,20,23,ATGG,0.004855959385167783,0.02132298354990776,0.0035137184750055625,unsigned,0.791
motif_cnn53_labuhn_sequence_cnn_ig_010,189,labuhn,single,sequence,cnn,cnn53,cnn_ig,20,23,ATGG,0.004855959385167783,0.02132298354990776,0.0035137184750055625,unsigned,0.791
motif_cnn53_labuhn_sequence_cnn_ig_010,199,labuhn,single,sequence,cnn,cnn53,cnn_ig,20,23,ATGG,0.004855959385167783,0.02132298354990776,0.0035137184750055625,unsigned,0.72
motif_cnn53_labuhn_sequence_cnn_ig_010,211,labuhn,single,sequence,cnn,cnn53,cnn_ig,20,23,ATGG,0.004855959385167783,0.02132298354990776,0.0035137184750055625,unsigned,0.828
motif_cnn53_labuhn_sequence_cnn_ig_010,217,labuhn,single,sequence,cnn,cnn53,cnn_ig,20,23,ATGG,0.004855959385167783,0.02132298354990776,0.0035137184750055625,unsigned,0.346
motif_cnn53_labuhn_sequence_cnn_ig_010,219,labuhn,single,sequence,cnn,cnn53,cnn_ig,20,23,ATGG,0.004855959385167783,0.02132298354990776,0.0035137184750055625,unsigned,0.83
motif_cnn53_labuhn_sequence_cnn_ig_010,227,labuhn,single,sequence,cnn,cnn53,cnn_ig,20,23,ATGG,0.004855959385167783,0.02132298354990776,0.0035137184750055625,unsigned,0.893
motif_cnn53_labuhn_sequence_cnn_ig_010,236,labuhn,single,sequence,cnn,cnn53,cnn_ig,20,23,ATGG,0.004855959385167783,0.02132298354990776,0.0035137184750055625,unsigned,0.835
motif_cnn53_labuhn_sequence_cnn_ig_010,237,labuhn,single,sequence,cnn,cnn53,cnn_ig,20,23,ATGG,0.004855959385167783,0.02132298354990776,0.0035137184750055625,unsigned,0.156
motif_cnn53_labuhn_sequence_cnn_ig_010,249,labuhn,single,sequence,cnn,cnn53,cnn_ig,20,23,ATGG,0.004855959385167783,0.02132298354990776,0.0035137184750055625,unsigned,0.137
motif_cnn53_labuhn_sequence_cnn_ig_010,280,labuhn,single,sequence,cnn,cnn53,cnn_ig,20,23,ATGG,0.004855959385167783,0.02132298354990776,0.0035137184750055625,unsigned,0.74
motif_cnn53_labuhn_sequence_cnn_ig_010,300,labuhn,single,sequence,cnn,cnn53,cnn_ig,20,23,ATGG,0.004855959385167783,0.02132298354990776,0.0035137184750055625,unsigned,0.6615
motif_cnn53_labuhn_sequence_cnn_ig_010,319,labuhn,single,sequence,cnn,cnn53,cnn_ig,20,23,ATGG,0.004855959385167783,0.02132298354990776,0.0035137184750055625,unsigned,0.963
motif_cnn53_labuhn_sequence_cnn_ig_010,321,labuhn,single,sequence,cnn,cnn53,cnn_ig,20,23,ATGG,0.004855959385167783,0.02132298354990776,0.0035137184750055625,unsigned,0.419
motif_cnn53_labuhn_sequence_cnn_ig_010,329,labuhn,single,sequence,cnn,cnn53,cnn_ig,20,23,ATGG,0.004855959385167783,0.02132298354990776,0.0035137184750055625,unsigned,0.768
motif_cnn53_labuhn_sequence_cnn_ig_010,360,labuhn,single,sequence,cnn,cnn53,cnn_ig,20,23,ATGG,0.004855959385167783,0.02132298354990776,0.0035137184750055625,unsigned,0.765
motif_cnn53_labuhn_sequence_cnn_ig_010,371,labuhn,single,sequence,cnn,cnn53,cnn_ig,20,23,ATGG,0.004855959385167783,0.02132298354990776,0.0035137184750055625,unsigned,0.407
motif_cnn53_labuhn_sequence_cnn_ig_010,383,labuhn,single,sequence,cnn,cnn53,cnn_ig,20,23,ATGG,0.004855959385167783,0.02132298354990776,0.0035137184750055625,unsigned,0.066
motif_cnn53_labuhn_sequence_cnn_ig_010,408,labuhn,single,sequence,cnn,cnn53,cnn_ig,20,23,ATGG,0.004855959385167783,0.02132298354990776,0.0035137184750055625,unsigned,0.303
motif_cnn73_labuhn_sequence_cnn_ig_011,25,labuhn,single,sequence,cnn,cnn73,cnn_ig,20,23,ATGG,0.005474533158121633,0.02077174553414801,0.004895975078397875,unsigned,0.775
motif_cnn73_labuhn_sequence_cnn_ig_011,26,labuhn,single,sequence,cnn,cnn73,cnn_ig,20,23,ATGG,0.005474533158121633,0.02077174553414801,0.004895975078397875,unsigned,0.88
motif_cnn73_labuhn_sequence_cnn_ig_011,29,labuhn,single,sequence,cnn,cnn73,cnn_ig,20,23,ATGG,0.005474533158121633,0.02077174553414801,0.004895975078397875,unsigned,0.95
motif_cnn73_labuhn_sequence_cnn_ig_011,43,labuhn,single,sequence,cnn,cnn73,cnn_ig,20,23,ATGG,0.005474533158121633,0.02077174553414801,0.004895975078397875,unsigned,0.528
motif_cnn73_labuhn_sequence_cnn_ig_011,47,labuhn,single,sequence,cnn,cnn73,cnn_ig,20,23,ATGG,0.005474533158121633,0.02077174553414801,0.004895975078397875,unsigned,0.89
motif_cnn73_labuhn_sequence_cnn_ig_011,64,labuhn,single,sequence,cnn,cnn73,cnn_ig,20,23,ATGG,0.005474533158121633,0.02077174553414801,0.004895975078397875,unsigned,0.776
motif_cnn73_labuhn_sequence_cnn_ig_011,71,labuhn,single,sequence,cnn,cnn73,cnn_ig,20,23,ATGG,0.005474533158121633,0.02077174553414801,0.004895975078397875,unsigned,0.78
motif_cnn73_labuhn_sequence_cnn_ig_011,74,labuhn,single,sequence,cnn,cnn73,cnn_ig,20,23,ATGG,0.005474533158121633,0.02077174553414801,0.004895975078397875,unsigned,0.86
motif_cnn73_labuhn_sequence_cnn_ig_011,75,labuhn,single,sequence,cnn,cnn73,cnn_ig,20,23,ATGG,0.005474533158121633,0.02077174553414801,0.004895975078397875,unsigned,0.709
motif_cnn73_labuhn_sequence_cnn_ig_011,86,labuhn,single,sequence,cnn,cnn73,cnn_ig,20,23,ATGG,0.005474533158121633,0.02077174553414801,0.004895975078397875,unsigned,0.732
motif_cnn73_labuhn_sequence_cnn_ig_011,113,labuhn,single,sequence,cnn,cnn73,cnn_ig,20,23,ATGG,0.005474533158121633,0.02077174553414801,0.004895975078397875,unsigned,0.194
motif_cnn73_labuhn_sequence_cnn_ig_011,128,labuhn,single,sequence,cnn,cnn73,cnn_ig,20,23,ATGG,0.005474533158121633,0.02077174553414801,0.004895975078397875,unsigned,0.83
motif_cnn73_labuhn_sequence_cnn_ig_011,136,labuhn,single,sequence,cnn,cnn73,cnn_ig,20,23,ATGG,0.005474533158121633,0.02077174553414801,0.004895975078397875,unsigned,0.849
motif_cnn73_labuhn_sequence_cnn_ig_011,139,labuhn,single,sequence,cnn,cnn73,cnn_ig,20,23,ATGG,0.005474533158121633,0.02077174553414801,0.004895975078397875,unsigned,0.231
motif_cnn73_labuhn_sequence_cnn_ig_011,155,labuhn,single,sequence,cnn,cnn73,cnn_ig,20,23,ATGG,0.005474533158121633,0.02077174553414801,0.004895975078397875,unsigned,0.84
motif_cnn73_labuhn_sequence_cnn_ig_011,165,labuhn,single,sequence,cnn,cnn73,cnn_ig,20,23,ATGG,0.005474533158121633,0.02077174553414801,0.004895975078397875,unsigned,0.791
motif_cnn73_labuhn_sequence_cnn_ig_011,189,labuhn,single,sequence,cnn,cnn73,cnn_ig,20,23,ATGG,0.005474533158121633,0.02077174553414801,0.004895975078397875,unsigned,0.791
motif_cnn73_labuhn_sequence_cnn_ig_011,199,labuhn,single,sequence,cnn,cnn73,cnn_ig,20,23,ATGG,0.005474533158121633,0.02077174553414801,0.004895975078397875,unsigned,0.72
motif_cnn73_labuhn_sequence_cnn_ig_011,211,labuhn,single,sequence,cnn,cnn73,cnn_ig,20,23,ATGG,0.005474533158121633,0.02077174553414801,0.004895975078397875,unsigned,0.828
motif_cnn73_labuhn_sequence_cnn_ig_011,217,labuhn,single,sequence,cnn,cnn73,cnn_ig,20,23,ATGG,0.005474533158121633,0.02077174553414801,0.004895975078397875,unsigned,0.346
motif_cnn73_labuhn_sequence_cnn_ig_011,219,labuhn,single,sequence,cnn,cnn73,cnn_ig,20,23,ATGG,0.005474533158121633,0.02077174553414801,0.004895975078397875,unsigned,0.83
motif_cnn73_labuhn_sequence_cnn_ig_011,227,labuhn,single,sequence,cnn,cnn73,cnn_ig,20,23,ATGG,0.005474533158121633,0.02077174553414801,0.004895975078397875,unsigned,0.893
motif_cnn73_labuhn_sequence_cnn_ig_011,236,labuhn,single,sequence,cnn,cnn73,cnn_ig,20,23,ATGG,0.005474533158121633,0.02077174553414801,0.004895975078397875,unsigned,0.835
motif_cnn73_labuhn_sequence_cnn_ig_011,237,labuhn,single,sequence,cnn,cnn73,cnn_ig,20,23,ATGG,0.005474533158121633,0.02077174553414801,0.004895975078397875,unsigned,0.156
motif_cnn73_labuhn_sequence_cnn_ig_011,249,labuhn,single,sequence,cnn,cnn73,cnn_ig,20,23,ATGG,0.005474533158121633,0.02077174553414801,0.004895975078397875,unsigned,0.137
motif_cnn73_labuhn_sequence_cnn_ig_011,280,labuhn,single,sequence,cnn,cnn73,cnn_ig,20,23,ATGG,0.005474533158121633,0.02077174553414801,0.004895975078397875,unsigned,0.74
motif_cnn73_labuhn_sequence_cnn_ig_011,300,labuhn,single,sequence,cnn,cnn73,cnn_ig,20,23,ATGG,0.005474533158121633,0.02077174553414801,0.004895975078397875,unsigned,0.6615
motif_cnn73_labuhn_sequence_cnn_ig_011,319,labuhn,single,sequence,cnn,cnn73,cnn_ig,20,23,ATGG,0.005474533158121633,0.02077174553414801,0.004895975078397875,unsigned,0.963
motif_cnn73_labuhn_sequence_cnn_ig_011,321,labuhn,single,sequence,cnn,cnn73,cnn_ig,20,23,ATGG,0.005474533158121633,0.02077174553414801,0.004895975078397875,unsigned,0.419
motif_cnn73_labuhn_sequence_cnn_ig_011,329,labuhn,single,sequence,cnn,cnn73,cnn_ig,20,23,ATGG,0.005474533158121633,0.02077174553414801,0.004895975078397875,unsigned,0.768
motif_cnn73_labuhn_sequence_cnn_ig_011,360,labuhn,single,sequence,cnn,cnn73,cnn_ig,20,23,ATGG,0.005474533158121633,0.02077174553414801,0.004895975078397875,unsigned,0.765
motif_cnn73_labuhn_sequence_cnn_ig_011,371,labuhn,single,sequence,cnn,cnn73,cnn_ig,20,23,ATGG,0.005474533158121633,0.02077174553414801,0.004895975078397875,unsigned,0.407
motif_cnn73_labuhn_sequence_cnn_ig_011,383,labuhn,single,sequence,cnn,cnn73,cnn_ig,20,23,ATGG,0.005474533158121633,0.02077174553414801,0.004895975078397875,unsigned,0.066
motif_cnn73_labuhn_sequence_cnn_ig_011,408,labuhn,single,sequence,cnn,cnn73,cnn_ig,20,23,ATGG,0.005474533158121633,0.02077174553414801,0.004895975078397875,unsigned,0.303
motif_cnn33_labuhn_sequence_cnn_ig_012,2,labuhn,single,sequence,cnn,cnn33,cnn_ig,20,23,GTGG,0.003757529620391608,0.017595706740394186,0.0037437280698213436,unsigned,0.534
motif_cnn33_labuhn_sequence_cnn_ig_012,8,labuhn,single,sequence,cnn,cnn33,cnn_ig,20,23,GTGG,0.003757529620391608,0.017595706740394186,0.0037437280698213436,unsigned,0.908
motif_cnn33_labuhn_sequence_cnn_ig_012,18,labuhn,single,sequence,cnn,cnn33,cnn_ig,20,23,GTGG,0.003757529620391608,0.017595706740394186,0.0037437280698213436,unsigned,0.71
motif_cnn33_labuhn_sequence_cnn_ig_012,27,labuhn,single,sequence,cnn,cnn33,cnn_ig,20,23,GTGG,0.003757529620391608,0.017595706740394186,0.0037437280698213436,unsigned,0.84
motif_cnn33_labuhn_sequence_cnn_ig_012,34,labuhn,single,sequence,cnn,cnn33,cnn_ig,20,23,GTGG,0.003757529620391608,0.017595706740394186,0.0037437280698213436,unsigned,0.853
motif_cnn33_labuhn_sequence_cnn_ig_012,38,labuhn,single,sequence,cnn,cnn33,cnn_ig,20,23,GTGG,0.003757529620391608,0.017595706740394186,0.0037437280698213436,unsigned,0.5
motif_cnn33_labuhn_sequence_cnn_ig_012,48,labuhn,single,sequence,cnn,cnn33,cnn_ig,20,23,GTGG,0.003757529620391608,0.017595706740394186,0.0037437280698213436,unsigned,0.896
motif_cnn33_labuhn_sequence_cnn_ig_012,81,labuhn,single,sequence,cnn,cnn33,cnn_ig,20,23,GTGG,0.003757529620391608,0.017595706740394186,0.0037437280698213436,unsigned,0.898
motif_cnn33_labuhn_sequence_cnn_ig_012,82,labuhn,single,sequence,cnn,cnn33,cnn_ig,20,23,GTGG,0.003757529620391608,0.017595706740394186,0.0037437280698213436,unsigned,0.81
motif_cnn33_labuhn_sequence_cnn_ig_012,85,labuhn,single,sequence,cnn,cnn33,cnn_ig,20,23,GTGG,0.003757529620391608,0.017595706740394186,0.0037437280698213436,unsigned,0.877
motif_cnn33_labuhn_sequence_cnn_ig_012,103,labuhn,single,sequence,cnn,cnn33,cnn_ig,20,23,GTGG,0.003757529620391608,0.017595706740394186,0.0037437280698213436,unsigned,0.348
motif_cnn33_labuhn_sequence_cnn_ig_012,107,labuhn,single,sequence,cnn,cnn33,cnn_ig,20,23,GTGG,0.003757529620391608,0.017595706740394186,0.0037437280698213436,unsigned,0.762
motif_cnn33_labuhn_sequence_cnn_ig_012,108,labuhn,single,sequence,cnn,cnn33,cnn_ig,20,23,GTGG,0.003757529620391608,0.017595706740394186,0.0037437280698213436,unsigned,0.723
motif_cnn33_labuhn_sequence_cnn_ig_012,115,labuhn,single,sequence,cnn,cnn33,cnn_ig,20,23,GTGG,0.003757529620391608,0.017595706740394186,0.0037437280698213436,unsigned,0.52
motif_cnn33_labuhn_sequence_cnn_ig_012,119,labuhn,single,sequence,cnn,cnn33,cnn_ig,20,23,GTGG,0.003757529620391608,0.017595706740394186,0.0037437280698213436,unsigned,0.899
motif_cnn33_labuhn_sequence_cnn_ig_012,121,labuhn,single,sequence,cnn,cnn33,cnn_ig,20,23,GTGG,0.003757529620391608,0.017595706740394186,0.0037437280698213436,unsigned,0.198
motif_cnn33_labuhn_sequence_cnn_ig_012,171,labuhn,single,sequence,cnn,cnn33,cnn_ig,20,23,GTGG,0.003757529620391608,0.017595706740394186,0.0037437280698213436,unsigned,0.893
motif_cnn33_labuhn_sequence_cnn_ig_012,201,labuhn,single,sequence,cnn,cnn33,cnn_ig,20,23,GTGG,0.003757529620391608,0.017595706740394186,0.0037437280698213436,unsigned,0.87
motif_cnn33_labuhn_sequence_cnn_ig_012,207,labuhn,single,sequence,cnn,cnn33,cnn_ig,20,23,GTGG,0.003757529620391608,0.017595706740394186,0.0037437280698213436,unsigned,0.618
motif_cnn33_labuhn_sequence_cnn_ig_012,223,labuhn,single,sequence,cnn,cnn33,cnn_ig,20,23,GTGG,0.003757529620391608,0.017595706740394186,0.0037437280698213436,unsigned,0.855
motif_cnn33_labuhn_sequence_cnn_ig_012,229,labuhn,single,sequence,cnn,cnn33,cnn_ig,20,23,GTGG,0.003757529620391608,0.017595706740394186,0.0037437280698213436,unsigned,0.75
motif_cnn33_labuhn_sequence_cnn_ig_012,234,labuhn,single,sequence,cnn,cnn33,cnn_ig,20,23,GTGG,0.003757529620391608,0.017595706740394186,0.0037437280698213436,unsigned,0.838
motif_cnn33_labuhn_sequence_cnn_ig_012,253,labuhn,single,sequence,cnn,cnn33,cnn_ig,20,23,GTGG,0.003757529620391608,0.017595706740394186,0.0037437280698213436,unsigned,0.886
motif_cnn33_labuhn_sequence_cnn_ig_012,285,labuhn,single,sequence,cnn,cnn33,cnn_ig,20,23,GTGG,0.003757529620391608,0.017595706740394186,0.0037437280698213436,unsigned,0.955
motif_cnn33_labuhn_sequence_cnn_ig_012,291,labuhn,single,sequence,cnn,cnn33,cnn_ig,20,23,GTGG,0.003757529620391608,0.017595706740394186,0.0037437280698213436,unsigned,0.579
motif_cnn33_labuhn_sequence_cnn_ig_012,335,labuhn,single,sequence,cnn,cnn33,cnn_ig,20,23,GTGG,0.003757529620391608,0.017595706740394186,0.0037437280698213436,unsigned,0.485
motif_cnn33_labuhn_sequence_cnn_ig_012,349,labuhn,single,sequence,cnn,cnn33,cnn_ig,20,23,GTGG,0.003757529620391608,0.017595706740394186,0.0037437280698213436,unsigned,0.877
motif_cnn33_labuhn_sequence_cnn_ig_012,379,labuhn,single,sequence,cnn,cnn33,cnn_ig,20,23,GTGG,0.003757529620391608,0.017595706740394186,0.0037437280698213436,unsigned,0.897
motif_cnn33_labuhn_sequence_cnn_ig_012,384,labuhn,single,sequence,cnn,cnn33,cnn_ig,20,23,GTGG,0.003757529620391608,0.017595706740394186,0.0037437280698213436,unsigned,0.723
motif_cnn33_labuhn_sequence_cnn_ig_012,401,labuhn,single,sequence,cnn,cnn33,cnn_ig,20,23,GTGG,0.003757529620391608,0.017595706740394186,0.0037437280698213436,unsigned,0.603
motif_cnn33_labuhn_sequence_cnn_ig_012,403,labuhn,single,sequence,cnn,cnn33,cnn_ig,20,23,GTGG,0.003757529620391608,0.017595706740394186,0.0037437280698213436,unsigned,0.77
motif_cnn53_labuhn_sequence_cnn_ig_013,2,labuhn,single,sequence,cnn,cnn53,cnn_ig,20,23,GTGG,0.006644885075123315,0.02132298354990776,0.0035137184750055625,unsigned,0.534
motif_cnn53_labuhn_sequence_cnn_ig_013,8,labuhn,single,sequence,cnn,cnn53,cnn_ig,20,23,GTGG,0.006644885075123315,0.02132298354990776,0.0035137184750055625,unsigned,0.908
motif_cnn53_labuhn_sequence_cnn_ig_013,18,labuhn,single,sequence,cnn,cnn53,cnn_ig,20,23,GTGG,0.006644885075123315,0.02132298354990776,0.0035137184750055625,unsigned,0.71
motif_cnn53_labuhn_sequence_cnn_ig_013,27,labuhn,single,sequence,cnn,cnn53,cnn_ig,20,23,GTGG,0.006644885075123315,0.02132298354990776,0.0035137184750055625,unsigned,0.84
motif_cnn53_labuhn_sequence_cnn_ig_013,34,labuhn,single,sequence,cnn,cnn53,cnn_ig,20,23,GTGG,0.006644885075123315,0.02132298354990776,0.0035137184750055625,unsigned,0.853
motif_cnn53_labuhn_sequence_cnn_ig_013,38,labuhn,single,sequence,cnn,cnn53,cnn_ig,20,23,GTGG,0.006644885075123315,0.02132298354990776,0.0035137184750055625,unsigned,0.5
motif_cnn53_labuhn_sequence_cnn_ig_013,48,labuhn,single,sequence,cnn,cnn53,cnn_ig,20,23,GTGG,0.006644885075123315,0.02132298354990776,0.0035137184750055625,unsigned,0.896
motif_cnn53_labuhn_sequence_cnn_ig_013,81,labuhn,single,sequence,cnn,cnn53,cnn_ig,20,23,GTGG,0.006644885075123315,0.02132298354990776,0.0035137184750055625,unsigned,0.898
motif_cnn53_labuhn_sequence_cnn_ig_013,82,labuhn,single,sequence,cnn,cnn53,cnn_ig,20,23,GTGG,0.006644885075123315,0.02132298354990776,0.0035137184750055625,unsigned,0.81
motif_cnn53_labuhn_sequence_cnn_ig_013,85,labuhn,single,sequence,cnn,cnn53,cnn_ig,20,23,GTGG,0.006644885075123315,0.02132298354990776,0.0035137184750055625,unsigned,0.877
motif_cnn53_labuhn_sequence_cnn_ig_013,103,labuhn,single,sequence,cnn,cnn53,cnn_ig,20,23,GTGG,0.006644885075123315,0.02132298354990776,0.0035137184750055625,unsigned,0.348
motif_cnn53_labuhn_sequence_cnn_ig_013,107,labuhn,single,sequence,cnn,cnn53,cnn_ig,20,23,GTGG,0.006644885075123315,0.02132298354990776,0.0035137184750055625,unsigned,0.762
motif_cnn53_labuhn_sequence_cnn_ig_013,108,labuhn,single,sequence,cnn,cnn53,cnn_ig,20,23,GTGG,0.006644885075123315,0.02132298354990776,0.0035137184750055625,unsigned,0.723
motif_cnn53_labuhn_sequence_cnn_ig_013,115,labuhn,single,sequence,cnn,cnn53,cnn_ig,20,23,GTGG,0.006644885075123315,0.02132298354990776,0.0035137184750055625,unsigned,0.52
motif_cnn53_labuhn_sequence_cnn_ig_013,119,labuhn,single,sequence,cnn,cnn53,cnn_ig,20,23,GTGG,0.006644885075123315,0.02132298354990776,0.0035137184750055625,unsigned,0.899
motif_cnn53_labuhn_sequence_cnn_ig_013,121,labuhn,single,sequence,cnn,cnn53,cnn_ig,20,23,GTGG,0.006644885075123315,0.02132298354990776,0.0035137184750055625,unsigned,0.198
motif_cnn53_labuhn_sequence_cnn_ig_013,171,labuhn,single,sequence,cnn,cnn53,cnn_ig,20,23,GTGG,0.006644885075123315,0.02132298354990776,0.0035137184750055625,unsigned,0.893
motif_cnn53_labuhn_sequence_cnn_ig_013,201,labuhn,single,sequence,cnn,cnn53,cnn_ig,20,23,GTGG,0.006644885075123315,0.02132298354990776,0.0035137184750055625,unsigned,0.87
motif_cnn53_labuhn_sequence_cnn_ig_013,207,labuhn,single,sequence,cnn,cnn53,cnn_ig,20,23,GTGG,0.006644885075123315,0.02132298354990776,0.0035137184750055625,unsigned,0.618
motif_cnn53_labuhn_sequence_cnn_ig_013,223,labuhn,single,sequence,cnn,cnn53,cnn_ig,20,23,GTGG,0.006644885075123315,0.02132298354990776,0.0035137184750055625,unsigned,0.855
motif_cnn53_labuhn_sequence_cnn_ig_013,229,labuhn,single,sequence,cnn,cnn53,cnn_ig,20,23,GTGG,0.006644885075123315,0.02132298354990776,0.0035137184750055625,unsigned,0.75
motif_cnn53_labuhn_sequence_cnn_ig_013,234,labuhn,single,sequence,cnn,cnn53,cnn_ig,20,23,GTGG,0.006644885075123315,0.02132298354990776,0.0035137184750055625,unsigned,0.838
motif_cnn53_labuhn_sequence_cnn_ig_013,253,labuhn,single,sequence,cnn,cnn53,cnn_ig,20,23,GTGG,0.006644885075123315,0.02132298354990776,0.0035137184750055625,unsigned,0.886
motif_cnn53_labuhn_sequence_cnn_ig_013,285,labuhn,single,sequence,cnn,cnn53,cnn_ig,20,23,GTGG,0.006644885075123315,0.02132298354990776,0.0035137184750055625,unsigned,0.955
motif_cnn53_labuhn_sequence_cnn_ig_013,291,labuhn,single,sequence,cnn,cnn53,cnn_ig,20,23,GTGG,0.006644885075123315,0.02132298354990776,0.0035137184750055625,unsigned,0.579
motif_cnn53_labuhn_sequence_cnn_ig_013,335,labuhn,single,sequence,cnn,cnn53,cnn_ig,20,23,GTGG,0.006644885075123315,0.02132298354990776,0.0035137184750055625,unsigned,0.485
motif_cnn53_labuhn_sequence_cnn_ig_013,349,labuhn,single,sequence,cnn,cnn53,cnn_ig,20,23,GTGG,0.006644885075123315,0.02132298354990776,0.0035137184750055625,unsigned,0.877
motif_cnn53_labuhn_sequence_cnn_ig_013,379,labuhn,single,sequence,cnn,cnn53,cnn_ig,20,23,GTGG,0.006644885075123315,0.02132298354990776,0.0035137184750055625,unsigned,0.897
motif_cnn53_labuhn_sequence_cnn_ig_013,384,labuhn,single,sequence,cnn,cnn53,cnn_ig,20,23,GTGG,0.006644885075123315,0.02132298354990776,0.0035137184750055625,unsigned,0.723
motif_cnn53_labuhn_sequence_cnn_ig_013,401,labuhn,single,sequence,cnn,cnn53,cnn_ig,20,23,GTGG,0.006644885075123315,0.02132298354990776,0.0035137184750055625,unsigned,0.603
motif_cnn53_labuhn_sequence_cnn_ig_013,403,labuhn,single,sequence,cnn,cnn53,cnn_ig,20,23,GTGG,0.006644885075123315,0.02132298354990776,0.0035137184750055625,unsigned,0.77
motif_cnn73_labuhn_sequence_cnn_ig_014,2,labuhn,single,sequence,cnn,cnn73,cnn_ig,20,23,GTGG,0.006033645836093166,0.02077174553414801,0.004895975078397875,unsigned,0.534
motif_cnn73_labuhn_sequence_cnn_ig_014,8,labuhn,single,sequence,cnn,cnn73,cnn_ig,20,23,GTGG,0.006033645836093166,0.02077174553414801,0.004895975078397875,unsigned,0.908
motif_cnn73_labuhn_sequence_cnn_ig_014,18,labuhn,single,sequence,cnn,cnn73,cnn_ig,20,23,GTGG,0.006033645836093166,0.02077174553414801,0.004895975078397875,unsigned,0.71
motif_cnn73_labuhn_sequence_cnn_ig_014,27,labuhn,single,sequence,cnn,cnn73,cnn_ig,20,23,GTGG,0.006033645836093166,0.02077174553414801,0.004895975078397875,unsigned,0.84
motif_cnn73_labuhn_sequence_cnn_ig_014,34,labuhn,single,sequence,cnn,cnn73,cnn_ig,20,23,GTGG,0.006033645836093166,0.02077174553414801,0.004895975078397875,unsigned,0.853
motif_cnn73_labuhn_sequence_cnn_ig_014,38,labuhn,single,sequence,cnn,cnn73,cnn_ig,20,23,GTGG,0.006033645836093166,0.02077174553414801,0.004895975078397875,unsigned,0.5
motif_cnn73_labuhn_sequence_cnn_ig_014,48,labuhn,single,sequence,cnn,cnn73,cnn_ig,20,23,GTGG,0.006033645836093166,0.02077174553414801,0.004895975078397875,unsigned,0.896
motif_cnn73_labuhn_sequence_cnn_ig_014,81,labuhn,single,sequence,cnn,cnn73,cnn_ig,20,23,GTGG,0.006033645836093166,0.02077174553414801,0.004895975078397875,unsigned,0.898
motif_cnn73_labuhn_sequence_cnn_ig_014,82,labuhn,single,sequence,cnn,cnn73,cnn_ig,20,23,GTGG,0.006033645836093166,0.02077174553414801,0.004895975078397875,unsigned,0.81
motif_cnn73_labuhn_sequence_cnn_ig_014,85,labuhn,single,sequence,cnn,cnn73,cnn_ig,20,23,GTGG,0.006033645836093166,0.02077174553414801,0.004895975078397875,unsigned,0.877
motif_cnn73_labuhn_sequence_cnn_ig_014,103,labuhn,single,sequence,cnn,cnn73,cnn_ig,20,23,GTGG,0.006033645836093166,0.02077174553414801,0.004895975078397875,unsigned,0.348
motif_cnn73_labuhn_sequence_cnn_ig_014,107,labuhn,single,sequence,cnn,cnn73,cnn_ig,20,23,GTGG,0.006033645836093166,0.02077174553414801,0.004895975078397875,unsigned,0.762
motif_cnn73_labuhn_sequence_cnn_ig_014,108,labuhn,single,sequence,cnn,cnn73,cnn_ig,20,23,GTGG,0.006033645836093166,0.02077174553414801,0.004895975078397875,unsigned,0.723
motif_cnn73_labuhn_sequence_cnn_ig_014,115,labuhn,single,sequence,cnn,cnn73,cnn_ig,20,23,GTGG,0.006033645836093166,0.02077174553414801,0.004895975078397875,unsigned,0.52
motif_cnn73_labuhn_sequence_cnn_ig_014,119,labuhn,single,sequence,cnn,cnn73,cnn_ig,20,23,GTGG,0.006033645836093166,0.02077174553414801,0.004895975078397875,unsigned,0.899
motif_cnn73_labuhn_sequence_cnn_ig_014,121,labuhn,single,sequence,cnn,cnn73,cnn_ig,20,23,GTGG,0.006033645836093166,0.02077174553414801,0.004895975078397875,unsigned,0.198
motif_cnn73_labuhn_sequence_cnn_ig_014,171,labuhn,single,sequence,cnn,cnn73,cnn_ig,20,23,GTGG,0.006033645836093166,0.02077174553414801,0.004895975078397875,unsigned,0.893
motif_cnn73_labuhn_sequence_cnn_ig_014,201,labuhn,single,sequence,cnn,cnn73,cnn_ig,20,23,GTGG,0.006033645836093166,0.02077174553414801,0.004895975078397875,unsigned,0.87
motif_cnn73_labuhn_sequence_cnn_ig_014,207,labuhn,single,sequence,cnn,cnn73,cnn_ig,20,23,GTGG,0.006033645836093166,0.02077174553414801,0.004895975078397875,unsigned,0.618
motif_cnn73_labuhn_sequence_cnn_ig_014,223,labuhn,single,sequence,cnn,cnn73,cnn_ig,20,23,GTGG,0.006033645836093166,0.02077174553414801,0.004895975078397875,unsigned,0.855
motif_cnn73_labuhn_sequence_cnn_ig_014,229,labuhn,single,sequence,cnn,cnn73,cnn_ig,20,23,GTGG,0.006033645836093166,0.02077174553414801,0.004895975078397875,unsigned,0.75
motif_cnn73_labuhn_sequence_cnn_ig_014,234,labuhn,single,sequence,cnn,cnn73,cnn_ig,20,23,GTGG,0.006033645836093166,0.02077174553414801,0.004895975078397875,unsigned,0.838
motif_cnn73_labuhn_sequence_cnn_ig_014,253,labuhn,single,sequence,cnn,cnn73,cnn_ig,20,23,GTGG,0.006033645836093166,0.02077174553414801,0.004895975078397875,unsigned,0.886
motif_cnn73_labuhn_sequence_cnn_ig_014,285,labuhn,single,sequence,cnn,cnn73,cnn_ig,20,23,GTGG,0.006033645836093166,0.02077174553414801,0.004895975078397875,unsigned,0.955
motif_cnn73_labuhn_sequence_cnn_ig_014,291,labuhn,single,sequence,cnn,cnn73,cnn_ig,20,23,GTGG,0.006033645836093166,0.02077174553414801,0.004895975078397875,unsigned,0.579
motif_cnn73_labuhn_sequence_cnn_ig_014,335,labuhn,single,sequence,cnn,cnn73,cnn_ig,20,23,GTGG,0.006033645836093166,0.02077174553414801,0.004895975078397875,unsigned,0.485
motif_cnn73_labuhn_sequence_cnn_ig_014,349,labuhn,single,sequence,cnn,cnn73,cnn_ig,20,23,GTGG,0.006033645836093166,0.02077174553414801,0.004895975078397875,unsigned,0.877
motif_cnn73_labuhn_sequence_cnn_ig_014,379,labuhn,single,sequence,cnn,cnn73,cnn_ig,20,23,GTGG,0.006033645836093166,0.02077174553414801,0.004895975078397875,unsigned,0.897
motif_cnn73_labuhn_sequence_cnn_ig_014,384,labuhn,single,sequence,cnn,cnn73,cnn_ig,20,23,GTGG,0.006033645836093166,0.02077174553414801,0.004895975078397875,unsigned,0.723
motif_cnn73_labuhn_sequence_cnn_ig_014,401,labuhn,single,sequence,cnn,cnn73,cnn_ig,20,23,GTGG,0.006033645836093166,0.02077174553414801,0.004895975078397875,unsigned,0.603
motif_cnn73_labuhn_sequence_cnn_ig_014,403,labuhn,single,sequence,cnn,cnn73,cnn_ig,20,23,GTGG,0.006033645836093166,0.02077174553414801,0.004895975078397875,unsigned,0.77
