feature,channel,position,model,architecture,split_type,cell_line,environment,method,importance,snr,effect,attention_entropy,source_file
G_pos_19,G,20,cnn,cnn33,single,hiranniramol,sequence,cnn_ism,0.1010262966156005,1.7134416103363037,,,cnn_feature_importance.csv
T_pos_19,T,20,cnn,cnn33,single,hiranniramol,sequence,cnn_ism,0.0978432148694992,1.2853130102157593,,,cnn_feature_importance.csv
T_pos_20,T,21,cnn,cnn33,single,hiranniramol,sequence,cnn_ism,0.0867233350872993,1.6297258138656616,,,cnn_feature_importance.csv
T_pos_18,T,19,cnn,cnn33,single,hiranniramol,sequence,cnn_ism,0.086131177842617,1.0544129610061646,,,cnn_feature_importance.csv
A_pos_22,A,23,cnn,cnn33,single,hiranniramol,sequence,cnn_ism,0.0809969007968902,1.5899903774261477,,,cnn_feature_importance.csv
C_pos_21,C,22,cnn,cnn33,single,hiranniramol,sequence,cnn_ism,0.0753523707389831,1.3659647703170776,,,cnn_feature_importance.csv
T_pos_17,T,18,cnn,cnn33,single,hiranniramol,sequence,cnn_ism,0.0741284862160682,0.9212189316749572,,,cnn_feature_importance.csv
T_pos_16,T,17,cnn,cnn33,single,hiranniramol,sequence,cnn_ism,0.0703638046979904,1.005317211151123,,,cnn_feature_importance.csv
G_pos_20,G,21,cnn,cnn33,single,hiranniramol,sequence,cnn_ism,0.0670620203018188,1.4477379322052002,,,cnn_feature_importance.csv
T_pos_4,T,5,cnn,cnn33,single,hiranniramol,sequence,cnn_ism,0.0667804181575775,1.1477186679840088,,,cnn_feature_importance.csv
T_pos_14,T,15,cnn,cnn33,single,hiranniramol,sequence,cnn_ism,0.0667752623558044,1.1311711072921753,,,cnn_feature_importance.csv
T_pos_15,T,16,cnn,cnn33,single,hiranniramol,sequence,cnn_ism,0.0651734173297882,1.0356509685516355,,,cnn_feature_importance.csv
T_pos_5,T,6,cnn,cnn33,single,hiranniramol,sequence,cnn_ism,0.0644098296761512,1.1125441789627075,,,cnn_feature_importance.csv
T_pos_6,T,7,cnn,cnn33,single,hiranniramol,sequence,cnn_ism,0.0640236362814903,1.100785732269287,,,cnn_feature_importance.csv
G_pos_21,G,22,cnn,cnn33,single,hiranniramol,sequence,cnn_ism,0.0623950250446796,1.3420182466506958,,,cnn_feature_importance.csv
T_pos_8,T,9,cnn,cnn33,single,hiranniramol,sequence,cnn_ism,0.062180433422327,1.1292312145233154,,,cnn_feature_importance.csv
C_pos_22,C,23,cnn,cnn33,single,hiranniramol,sequence,cnn_ism,0.0614480301737785,1.5297527313232422,,,cnn_feature_importance.csv
T_pos_2,T,3,cnn,cnn33,single,hiranniramol,sequence,cnn_ism,0.0613986402750015,0.9635381102561952,,,cnn_feature_importance.csv
T_pos_3,T,4,cnn,cnn33,single,hiranniramol,sequence,cnn_ism,0.0602537095546722,0.992130696773529,,,cnn_feature_importance.csv
T_pos_13,T,14,cnn,cnn33,single,hiranniramol,sequence,cnn_ism,0.0602501630783081,1.117343544960022,,,cnn_feature_importance.csv
T_pos_11,T,12,cnn,cnn33,single,hiranniramol,sequence,cnn_ism,0.0601683147251606,0.9321165680885316,,,cnn_feature_importance.csv
T_pos_12,T,13,cnn,cnn33,single,hiranniramol,sequence,cnn_ism,0.0598528534173965,1.0078610181808472,,,cnn_feature_importance.csv
T_pos_9,T,10,cnn,cnn33,single,hiranniramol,sequence,cnn_ism,0.0589242726564407,1.129820704460144,,,cnn_feature_importance.csv
T_pos_10,T,11,cnn,cnn33,single,hiranniramol,sequence,cnn_ism,0.058766059577465,1.0150076150894165,,,cnn_feature_importance.csv
G_pos_22,G,23,cnn,cnn33,single,hiranniramol,sequence,cnn_ism,0.057176973670721,1.5750901699066162,,,cnn_feature_importance.csv
T_pos_7,T,8,cnn,cnn33,single,hiranniramol,sequence,cnn_ism,0.0560202896595001,1.1058316230773926,,,cnn_feature_importance.csv
G_pos_18,G,19,cnn,cnn33,single,hiranniramol,sequence,cnn_ism,0.0558504201471805,1.2214254140853882,,,cnn_feature_importance.csv
G_pos_17,G,18,cnn,cnn33,single,hiranniramol,sequence,cnn_ism,0.0551913902163505,1.1128292083740234,,,cnn_feature_importance.csv
A_pos_16,A,17,cnn,cnn33,single,hiranniramol,sequence,cnn_ism,0.0544089898467063,1.3101266622543335,,,cnn_feature_importance.csv
C_pos_19,C,20,cnn,cnn33,single,hiranniramol,sequence,cnn_ism,0.0542415082454681,1.4719561338424685,,,cnn_feature_importance.csv
T_pos_1,T,2,cnn,cnn33,single,hiranniramol,sequence,cnn_ism,0.0539450831711292,0.9777653813362122,,,cnn_feature_importance.csv
G_pos_4,G,5,cnn,cnn33,single,hiranniramol,sequence,cnn_ism,0.0537738911807537,1.2794387340545654,,,cnn_feature_importance.csv
G_pos_2,G,3,cnn,cnn33,single,hiranniramol,sequence,cnn_ism,0.0534834414720535,1.3890610933303833,,,cnn_feature_importance.csv
A_pos_6,A,7,cnn,cnn33,single,hiranniramol,sequence,cnn_ism,0.0525936000049114,1.2915072441101074,,,cnn_feature_importance.csv
A_pos_13,A,14,cnn,cnn33,single,hiranniramol,sequence,cnn_ism,0.0524723380804061,1.5226870775222778,,,cnn_feature_importance.csv
G_pos_6,G,7,cnn,cnn33,single,hiranniramol,sequence,cnn_ism,0.0523777604103088,1.1926935911178589,,,cnn_feature_importance.csv
A_pos_8,A,9,cnn,cnn33,single,hiranniramol,sequence,cnn_ism,0.0520921014249324,1.2968939542770386,,,cnn_feature_importance.csv
A_pos_17,A,18,cnn,cnn33,single,hiranniramol,sequence,cnn_ism,0.0518897213041782,1.251368522644043,,,cnn_feature_importance.csv
T_pos_0,T,1,cnn,cnn33,single,hiranniramol,sequence,cnn_ism,0.0514734871685504,1.0268049240112305,,,cnn_feature_importance.csv
G_pos_14,G,15,cnn,cnn33,single,hiranniramol,sequence,cnn_ism,0.0513160787522792,1.1412049531936646,,,cnn_feature_importance.csv
A_pos_14,A,15,cnn,cnn33,single,hiranniramol,sequence,cnn_ism,0.0511594712734222,1.3169230222702026,,,cnn_feature_importance.csv
G_pos_16,G,17,cnn,cnn33,single,hiranniramol,sequence,cnn_ism,0.0508932210505008,1.1528582572937012,,,cnn_feature_importance.csv
A_pos_4,A,5,cnn,cnn33,single,hiranniramol,sequence,cnn_ism,0.0506918020546436,1.2628536224365234,,,cnn_feature_importance.csv
A_pos_10,A,11,cnn,cnn33,single,hiranniramol,sequence,cnn_ism,0.0504572130739688,1.3014907836914062,,,cnn_feature_importance.csv
A_pos_3,A,4,cnn,cnn33,single,hiranniramol,sequence,cnn_ism,0.0501750893890857,1.427444577217102,,,cnn_feature_importance.csv
G_pos_15,G,16,cnn,cnn33,single,hiranniramol,sequence,cnn_ism,0.0498260371387004,1.188534140586853,,,cnn_feature_importance.csv
G_pos_3,G,4,cnn,cnn33,single,hiranniramol,sequence,cnn_ism,0.0493256337940692,1.274093747138977,,,cnn_feature_importance.csv
A_pos_5,A,6,cnn,cnn33,single,hiranniramol,sequence,cnn_ism,0.0492299012839794,1.2409045696258545,,,cnn_feature_importance.csv
A_pos_9,A,10,cnn,cnn33,single,hiranniramol,sequence,cnn_ism,0.049026969820261,1.2335022687911987,,,cnn_feature_importance.csv
A_pos_19,A,20,cnn,cnn33,single,hiranniramol,sequence,cnn_ism,0.048992421478033,1.4037904739379885,,,cnn_feature_importance.csv
A_pos_15,A,16,cnn,cnn33,single,hiranniramol,sequence,cnn_ism,0.0489291921257972,1.2763553857803345,,,cnn_feature_importance.csv
A_pos_12,A,13,cnn,cnn33,single,hiranniramol,sequence,cnn_ism,0.0488803163170814,1.3184665441513062,,,cnn_feature_importance.csv
G_pos_8,G,9,cnn,cnn33,single,hiranniramol,sequence,cnn_ism,0.048780832439661,1.236888408660889,,,cnn_feature_importance.csv
G_pos_5,G,6,cnn,cnn33,single,hiranniramol,sequence,cnn_ism,0.0486716106534004,1.1661497354507446,,,cnn_feature_importance.csv
G_pos_0,G,1,cnn,cnn33,single,hiranniramol,sequence,cnn_ism,0.0485508851706981,1.1146705150604248,,,cnn_feature_importance.csv
A_pos_18,A,19,cnn,cnn33,single,hiranniramol,sequence,cnn_ism,0.0485182106494903,1.2234731912612915,,,cnn_feature_importance.csv
G_pos_13,G,14,cnn,cnn33,single,hiranniramol,sequence,cnn_ism,0.0478663556277751,1.2475520372390747,,,cnn_feature_importance.csv
A_pos_7,A,8,cnn,cnn33,single,hiranniramol,sequence,cnn_ism,0.047851525247097,1.3513940572738647,,,cnn_feature_importance.csv
G_pos_7,G,8,cnn,cnn33,single,hiranniramol,sequence,cnn_ism,0.0477020740509033,1.1567937135696411,,,cnn_feature_importance.csv
A_pos_1,A,2,cnn,cnn33,single,hiranniramol,sequence,cnn_ism,0.0467811822891235,1.312260389328003,,,cnn_feature_importance.csv
G_pos_10,G,11,cnn,cnn33,single,hiranniramol,sequence,cnn_ism,0.0466942824423313,1.2036621570587158,,,cnn_feature_importance.csv
A_pos_2,A,3,cnn,cnn33,single,hiranniramol,sequence,cnn_ism,0.0465030558407306,1.340057373046875,,,cnn_feature_importance.csv
G_pos_12,G,13,cnn,cnn33,single,hiranniramol,sequence,cnn_ism,0.0463851951062679,1.3083969354629517,,,cnn_feature_importance.csv
A_pos_11,A,12,cnn,cnn33,single,hiranniramol,sequence,cnn_ism,0.0463607646524906,1.212794303894043,,,cnn_feature_importance.csv
C_pos_0,C,1,cnn,cnn33,single,hiranniramol,sequence,cnn_ism,0.0459966547787189,1.7090895175933838,,,cnn_feature_importance.csv
G_pos_1,G,2,cnn,cnn33,single,hiranniramol,sequence,cnn_ism,0.0444230996072292,1.1549345254898071,,,cnn_feature_importance.csv
A_pos_21,A,22,cnn,cnn33,single,hiranniramol,sequence,cnn_ism,0.0440196394920349,1.459795355796814,,,cnn_feature_importance.csv
G_pos_9,G,10,cnn,cnn33,single,hiranniramol,sequence,cnn_ism,0.043991170823574,1.1361299753189087,,,cnn_feature_importance.csv
G_pos_11,G,12,cnn,cnn33,single,hiranniramol,sequence,cnn_ism,0.0424763113260269,1.2269530296325684,,,cnn_feature_importance.csv
C_pos_10,C,11,cnn,cnn33,single,hiranniramol,sequence,cnn_ism,0.0424741022288799,1.119372010231018,,,cnn_feature_importance.csv
C_pos_14,C,15,cnn,cnn33,single,hiranniramol,sequence,cnn_ism,0.0420880503952503,1.2926563024520874,,,cnn_feature_importance.csv
C_pos_2,C,3,cnn,cnn33,single,hiranniramol,sequence,cnn_ism,0.0417433381080627,1.2505948543548584,,,cnn_feature_importance.csv
A_pos_20,A,21,cnn,cnn33,single,hiranniramol,sequence,cnn_ism,0.0415158234536647,1.2470998764038086,,,cnn_feature_importance.csv
C_pos_11,C,12,cnn,cnn33,single,hiranniramol,sequence,cnn_ism,0.0410781018435955,1.161101222038269,,,cnn_feature_importance.csv
C_pos_9,C,10,cnn,cnn33,single,hiranniramol,sequence,cnn_ism,0.040764108300209,1.3944607973098757,,,cnn_feature_importance.csv
C_pos_6,C,7,cnn,cnn33,single,hiranniramol,sequence,cnn_ism,0.040483571588993,1.201961636543274,,,cnn_feature_importance.csv
C_pos_12,C,13,cnn,cnn33,single,hiranniramol,sequence,cnn_ism,0.0403073094785213,1.2796460390090942,,,cnn_feature_importance.csv
C_pos_1,C,2,cnn,cnn33,single,hiranniramol,sequence,cnn_ism,0.040012452751398,1.2409939765930176,,,cnn_feature_importance.csv
C_pos_17,C,18,cnn,cnn33,single,hiranniramol,sequence,cnn_ism,0.0395969152450561,1.2703689336776731,,,cnn_feature_importance.csv
C_pos_18,C,19,cnn,cnn33,single,hiranniramol,sequence,cnn_ism,0.0394204147160053,1.1954766511917114,,,cnn_feature_importance.csv
C_pos_3,C,4,cnn,cnn33,single,hiranniramol,sequence,cnn_ism,0.0393916703760623,1.2257546186447144,,,cnn_feature_importance.csv
C_pos_7,C,8,cnn,cnn33,single,hiranniramol,sequence,cnn_ism,0.038617618381977,1.2953412532806396,,,cnn_feature_importance.csv
T_pos_21,T,22,cnn,cnn33,single,hiranniramol,sequence,cnn_ism,0.0383422076702117,1.313678503036499,,,cnn_feature_importance.csv
C_pos_4,C,5,cnn,cnn33,single,hiranniramol,sequence,cnn_ism,0.038130547851324,1.3258883953094482,,,cnn_feature_importance.csv
C_pos_5,C,6,cnn,cnn33,single,hiranniramol,sequence,cnn_ism,0.0377641804516315,1.293926239013672,,,cnn_feature_importance.csv
C_pos_16,C,17,cnn,cnn33,single,hiranniramol,sequence,cnn_ism,0.0376357100903987,1.267261028289795,,,cnn_feature_importance.csv
C_pos_13,C,14,cnn,cnn33,single,hiranniramol,sequence,cnn_ism,0.0376153141260147,1.3681097030639648,,,cnn_feature_importance.csv
C_pos_8,C,9,cnn,cnn33,single,hiranniramol,sequence,cnn_ism,0.0369278565049171,1.2419949769973757,,,cnn_feature_importance.csv
C_pos_20,C,21,cnn,cnn33,single,hiranniramol,sequence,cnn_ism,0.0365857817232608,1.3537583351135254,,,cnn_feature_importance.csv
A_pos_0,A,1,cnn,cnn33,single,hiranniramol,sequence,cnn_ism,0.0364098362624645,1.164642333984375,,,cnn_feature_importance.csv
C_pos_15,C,16,cnn,cnn33,single,hiranniramol,sequence,cnn_ism,0.0355660505592823,1.2395397424697876,,,cnn_feature_importance.csv
T_pos_22,T,23,cnn,cnn33,single,hiranniramol,sequence,cnn_ism,0.0345785170793533,1.3367964029312134,,,cnn_feature_importance.csv
G_pos_19,G,20,cnn,cnn33,single,hiranniramol,sequence,cnn_ig,0.0155398268252611,,,,cnn_feature_importance.csv
T_pos_19,T,20,cnn,cnn33,single,hiranniramol,sequence,cnn_ig,0.0287546869367361,,,,cnn_feature_importance.csv
T_pos_20,T,21,cnn,cnn33,single,hiranniramol,sequence,cnn_ig,0.0243846550583839,,,,cnn_feature_importance.csv
T_pos_18,T,19,cnn,cnn33,single,hiranniramol,sequence,cnn_ig,0.0217035692185163,,,,cnn_feature_importance.csv
A_pos_22,A,23,cnn,cnn33,single,hiranniramol,sequence,cnn_ig,0.0,,,,cnn_feature_importance.csv
C_pos_21,C,22,cnn,cnn33,single,hiranniramol,sequence,cnn_ig,0.0,,,,cnn_feature_importance.csv
T_pos_17,T,18,cnn,cnn33,single,hiranniramol,sequence,cnn_ig,0.0264707095921039,,,,cnn_feature_importance.csv
T_pos_16,T,17,cnn,cnn33,single,hiranniramol,sequence,cnn_ig,0.020697409287095,,,,cnn_feature_importance.csv
G_pos_20,G,21,cnn,cnn33,single,hiranniramol,sequence,cnn_ig,0.0104442769661545,,,,cnn_feature_importance.csv
T_pos_4,T,5,cnn,cnn33,single,hiranniramol,sequence,cnn_ig,0.0192736256867647,,,,cnn_feature_importance.csv
T_pos_14,T,15,cnn,cnn33,single,hiranniramol,sequence,cnn_ig,0.0150227257981896,,,,cnn_feature_importance.csv
T_pos_15,T,16,cnn,cnn33,single,hiranniramol,sequence,cnn_ig,0.0152423903346061,,,,cnn_feature_importance.csv
T_pos_5,T,6,cnn,cnn33,single,hiranniramol,sequence,cnn_ig,0.0177646186202764,,,,cnn_feature_importance.csv
T_pos_6,T,7,cnn,cnn33,single,hiranniramol,sequence,cnn_ig,0.0143831558525562,,,,cnn_feature_importance.csv
G_pos_21,G,22,cnn,cnn33,single,hiranniramol,sequence,cnn_ig,0.0232819486409425,,,,cnn_feature_importance.csv
T_pos_8,T,9,cnn,cnn33,single,hiranniramol,sequence,cnn_ig,0.0134733729064464,,,,cnn_feature_importance.csv
C_pos_22,C,23,cnn,cnn33,single,hiranniramol,sequence,cnn_ig,0.0,,,,cnn_feature_importance.csv
T_pos_2,T,3,cnn,cnn33,single,hiranniramol,sequence,cnn_ig,0.0151632307097315,,,,cnn_feature_importance.csv
T_pos_3,T,4,cnn,cnn33,single,hiranniramol,sequence,cnn_ig,0.0176669154316186,,,,cnn_feature_importance.csv
T_pos_13,T,14,cnn,cnn33,single,hiranniramol,sequence,cnn_ig,0.0175195857882499,,,,cnn_feature_importance.csv
T_pos_11,T,12,cnn,cnn33,single,hiranniramol,sequence,cnn_ig,0.0160472448915243,,,,cnn_feature_importance.csv
T_pos_12,T,13,cnn,cnn33,single,hiranniramol,sequence,cnn_ig,0.0142271509394049,,,,cnn_feature_importance.csv
T_pos_9,T,10,cnn,cnn33,single,hiranniramol,sequence,cnn_ig,0.016284242272377,,,,cnn_feature_importance.csv
T_pos_10,T,11,cnn,cnn33,single,hiranniramol,sequence,cnn_ig,0.0134779438376426,,,,cnn_feature_importance.csv
G_pos_22,G,23,cnn,cnn33,single,hiranniramol,sequence,cnn_ig,0.0281977914273738,,,,cnn_feature_importance.csv
T_pos_7,T,8,cnn,cnn33,single,hiranniramol,sequence,cnn_ig,0.0143096819519996,,,,cnn_feature_importance.csv
G_pos_18,G,19,cnn,cnn33,single,hiranniramol,sequence,cnn_ig,0.0091343950480222,,,,cnn_feature_importance.csv
G_pos_17,G,18,cnn,cnn33,single,hiranniramol,sequence,cnn_ig,0.0065944418311119,,,,cnn_feature_importance.csv
A_pos_16,A,17,cnn,cnn33,single,hiranniramol,sequence,cnn_ig,0.0100592989474534,,,,cnn_feature_importance.csv
C_pos_19,C,20,cnn,cnn33,single,hiranniramol,sequence,cnn_ig,0.0113802487030625,,,,cnn_feature_importance.csv
T_pos_1,T,2,cnn,cnn33,single,hiranniramol,sequence,cnn_ig,0.0125777693465352,,,,cnn_feature_importance.csv
G_pos_4,G,5,cnn,cnn33,single,hiranniramol,sequence,cnn_ig,0.0065405806526541,,,,cnn_feature_importance.csv
G_pos_2,G,3,cnn,cnn33,single,hiranniramol,sequence,cnn_ig,0.0083149578422307,,,,cnn_feature_importance.csv
A_pos_6,A,7,cnn,cnn33,single,hiranniramol,sequence,cnn_ig,0.0108782555907964,,,,cnn_feature_importance.csv
A_pos_13,A,14,cnn,cnn33,single,hiranniramol,sequence,cnn_ig,0.0081921024248003,,,,cnn_feature_importance.csv
G_pos_6,G,7,cnn,cnn33,single,hiranniramol,sequence,cnn_ig,0.0076795700006186,,,,cnn_feature_importance.csv
A_pos_8,A,9,cnn,cnn33,single,hiranniramol,sequence,cnn_ig,0.0102206822484731,,,,cnn_feature_importance.csv
A_pos_17,A,18,cnn,cnn33,single,hiranniramol,sequence,cnn_ig,0.0066631408408284,,,,cnn_feature_importance.csv
T_pos_0,T,1,cnn,cnn33,single,hiranniramol,sequence,cnn_ig,0.0105821369215846,,,,cnn_feature_importance.csv
G_pos_14,G,15,cnn,cnn33,single,hiranniramol,sequence,cnn_ig,0.0093458537012338,,,,cnn_feature_importance.csv
A_pos_14,A,15,cnn,cnn33,single,hiranniramol,sequence,cnn_ig,0.0067382915876805,,,,cnn_feature_importance.csv
G_pos_16,G,17,cnn,cnn33,single,hiranniramol,sequence,cnn_ig,0.0067956554703414,,,,cnn_feature_importance.csv
A_pos_4,A,5,cnn,cnn33,single,hiranniramol,sequence,cnn_ig,0.0088478960096836,,,,cnn_feature_importance.csv
A_pos_10,A,11,cnn,cnn33,single,hiranniramol,sequence,cnn_ig,0.0110805835574865,,,,cnn_feature_importance.csv
A_pos_3,A,4,cnn,cnn33,single,hiranniramol,sequence,cnn_ig,0.0097472928464412,,,,cnn_feature_importance.csv
G_pos_15,G,16,cnn,cnn33,single,hiranniramol,sequence,cnn_ig,0.0095540899783372,,,,cnn_feature_importance.csv
G_pos_3,G,4,cnn,cnn33,single,hiranniramol,sequence,cnn_ig,0.0066951774060726,,,,cnn_feature_importance.csv
A_pos_5,A,6,cnn,cnn33,single,hiranniramol,sequence,cnn_ig,0.0061208815313875,,,,cnn_feature_importance.csv
A_pos_9,A,10,cnn,cnn33,single,hiranniramol,sequence,cnn_ig,0.0092049725353717,,,,cnn_feature_importance.csv
A_pos_19,A,20,cnn,cnn33,single,hiranniramol,sequence,cnn_ig,0.0090301744639873,,,,cnn_feature_importance.csv
A_pos_15,A,16,cnn,cnn33,single,hiranniramol,sequence,cnn_ig,0.0104283774271607,,,,cnn_feature_importance.csv
A_pos_12,A,13,cnn,cnn33,single,hiranniramol,sequence,cnn_ig,0.0097211059182882,,,,cnn_feature_importance.csv
G_pos_8,G,9,cnn,cnn33,single,hiranniramol,sequence,cnn_ig,0.0073738074861466,,,,cnn_feature_importance.csv
G_pos_5,G,6,cnn,cnn33,single,hiranniramol,sequence,cnn_ig,0.0080638220533728,,,,cnn_feature_importance.csv
G_pos_0,G,1,cnn,cnn33,single,hiranniramol,sequence,cnn_ig,0.012452526949346,,,,cnn_feature_importance.csv
A_pos_18,A,19,cnn,cnn33,single,hiranniramol,sequence,cnn_ig,0.0080684088170528,,,,cnn_feature_importance.csv
G_pos_13,G,14,cnn,cnn33,single,hiranniramol,sequence,cnn_ig,0.007670622318983,,,,cnn_feature_importance.csv
A_pos_7,A,8,cnn,cnn33,single,hiranniramol,sequence,cnn_ig,0.0086584379896521,,,,cnn_feature_importance.csv
G_pos_7,G,8,cnn,cnn33,single,hiranniramol,sequence,cnn_ig,0.0069710966199636,,,,cnn_feature_importance.csv
A_pos_1,A,2,cnn,cnn33,single,hiranniramol,sequence,cnn_ig,0.0087382504716515,,,,cnn_feature_importance.csv
G_pos_10,G,11,cnn,cnn33,single,hiranniramol,sequence,cnn_ig,0.0080291908234357,,,,cnn_feature_importance.csv
A_pos_2,A,3,cnn,cnn33,single,hiranniramol,sequence,cnn_ig,0.0085859149694442,,,,cnn_feature_importance.csv
G_pos_12,G,13,cnn,cnn33,single,hiranniramol,sequence,cnn_ig,0.0090133249759674,,,,cnn_feature_importance.csv
A_pos_11,A,12,cnn,cnn33,single,hiranniramol,sequence,cnn_ig,0.010639201849699,,,,cnn_feature_importance.csv
C_pos_0,C,1,cnn,cnn33,single,hiranniramol,sequence,cnn_ig,0.0155690517276525,,,,cnn_feature_importance.csv
G_pos_1,G,2,cnn,cnn33,single,hiranniramol,sequence,cnn_ig,0.0046457503922283,,,,cnn_feature_importance.csv
A_pos_21,A,22,cnn,cnn33,single,hiranniramol,sequence,cnn_ig,0.0,,,,cnn_feature_importance.csv
G_pos_9,G,10,cnn,cnn33,single,hiranniramol,sequence,cnn_ig,0.0083239143714308,,,,cnn_feature_importance.csv
G_pos_11,G,12,cnn,cnn33,single,hiranniramol,sequence,cnn_ig,0.0064006317406892,,,,cnn_feature_importance.csv
C_pos_10,C,11,cnn,cnn33,single,hiranniramol,sequence,cnn_ig,0.0103921433910727,,,,cnn_feature_importance.csv
C_pos_14,C,15,cnn,cnn33,single,hiranniramol,sequence,cnn_ig,0.0091522093862295,,,,cnn_feature_importance.csv
C_pos_2,C,3,cnn,cnn33,single,hiranniramol,sequence,cnn_ig,0.0113955708220601,,,,cnn_feature_importance.csv
A_pos_20,A,21,cnn,cnn33,single,hiranniramol,sequence,cnn_ig,0.0034178781788796,,,,cnn_feature_importance.csv
C_pos_11,C,12,cnn,cnn33,single,hiranniramol,sequence,cnn_ig,0.0089127980172634,,,,cnn_feature_importance.csv
C_pos_9,C,10,cnn,cnn33,single,hiranniramol,sequence,cnn_ig,0.0064155464060604,,,,cnn_feature_importance.csv
C_pos_6,C,7,cnn,cnn33,single,hiranniramol,sequence,cnn_ig,0.0102610494941473,,,,cnn_feature_importance.csv
C_pos_12,C,13,cnn,cnn33,single,hiranniramol,sequence,cnn_ig,0.0082735121250152,,,,cnn_feature_importance.csv
C_pos_1,C,2,cnn,cnn33,single,hiranniramol,sequence,cnn_ig,0.0051806373521685,,,,cnn_feature_importance.csv
C_pos_17,C,18,cnn,cnn33,single,hiranniramol,sequence,cnn_ig,0.008995390497148,,,,cnn_feature_importance.csv
C_pos_18,C,19,cnn,cnn33,single,hiranniramol,sequence,cnn_ig,0.0095670195296406,,,,cnn_feature_importance.csv
C_pos_3,C,4,cnn,cnn33,single,hiranniramol,sequence,cnn_ig,0.0084309261292219,,,,cnn_feature_importance.csv
C_pos_7,C,8,cnn,cnn33,single,hiranniramol,sequence,cnn_ig,0.0096916370093822,,,,cnn_feature_importance.csv
T_pos_21,T,22,cnn,cnn33,single,hiranniramol,sequence,cnn_ig,0.0,,,,cnn_feature_importance.csv
C_pos_4,C,5,cnn,cnn33,single,hiranniramol,sequence,cnn_ig,0.0074959807097911,,,,cnn_feature_importance.csv
C_pos_5,C,6,cnn,cnn33,single,hiranniramol,sequence,cnn_ig,0.0096087306737899,,,,cnn_feature_importance.csv
C_pos_16,C,17,cnn,cnn33,single,hiranniramol,sequence,cnn_ig,0.0106903295964002,,,,cnn_feature_importance.csv
C_pos_13,C,14,cnn,cnn33,single,hiranniramol,sequence,cnn_ig,0.0081219645217061,,,,cnn_feature_importance.csv
C_pos_8,C,9,cnn,cnn33,single,hiranniramol,sequence,cnn_ig,0.0101083042100071,,,,cnn_feature_importance.csv
C_pos_20,C,21,cnn,cnn33,single,hiranniramol,sequence,cnn_ig,0.0132365431636571,,,,cnn_feature_importance.csv
A_pos_0,A,1,cnn,cnn33,single,hiranniramol,sequence,cnn_ig,0.004749986808747,,,,cnn_feature_importance.csv
C_pos_15,C,16,cnn,cnn33,single,hiranniramol,sequence,cnn_ig,0.0066133933141827,,,,cnn_feature_importance.csv
T_pos_22,T,23,cnn,cnn33,single,hiranniramol,sequence,cnn_ig,0.0,,,,cnn_feature_importance.csv
G_pos_19,G,20,cnn,cnn53,single,hiranniramol,sequence,cnn_ism,0.1297226846218109,1.9389408826828003,,,cnn_feature_importance.csv
T_pos_18,T,19,cnn,cnn53,single,hiranniramol,sequence,cnn_ism,0.1129280105233192,1.491377592086792,,,cnn_feature_importance.csv
T_pos_19,T,20,cnn,cnn53,single,hiranniramol,sequence,cnn_ism,0.1077288538217544,1.949512362480164,,,cnn_feature_importance.csv
T_pos_20,T,21,cnn,cnn53,single,hiranniramol,sequence,cnn_ism,0.1001777052879333,2.339019298553467,,,cnn_feature_importance.csv
T_pos_17,T,18,cnn,cnn53,single,hiranniramol,sequence,cnn_ism,0.0921083837747573,1.343461513519287,,,cnn_feature_importance.csv
C_pos_19,C,20,cnn,cnn53,single,hiranniramol,sequence,cnn_ism,0.0720837712287902,1.5746866464614868,,,cnn_feature_importance.csv
A_pos_13,A,14,cnn,cnn53,single,hiranniramol,sequence,cnn_ism,0.0672589391469955,1.441818356513977,,,cnn_feature_importance.csv
T_pos_16,T,17,cnn,cnn53,single,hiranniramol,sequence,cnn_ism,0.0662232041358947,1.1210271120071411,,,cnn_feature_importance.csv
G_pos_18,G,19,cnn,cnn53,single,hiranniramol,sequence,cnn_ism,0.0660827904939651,1.3461281061172483,,,cnn_feature_importance.csv
A_pos_4,A,5,cnn,cnn53,single,hiranniramol,sequence,cnn_ism,0.065808817744255,1.4574238061904907,,,cnn_feature_importance.csv
A_pos_5,A,6,cnn,cnn53,single,hiranniramol,sequence,cnn_ism,0.0642596185207367,1.350425124168396,,,cnn_feature_importance.csv
A_pos_3,A,4,cnn,cnn53,single,hiranniramol,sequence,cnn_ism,0.0642503201961517,1.409476399421692,,,cnn_feature_importance.csv
A_pos_14,A,15,cnn,cnn53,single,hiranniramol,sequence,cnn_ism,0.0641302764415741,1.3979002237319946,,,cnn_feature_importance.csv
A_pos_15,A,16,cnn,cnn53,single,hiranniramol,sequence,cnn_ism,0.0626471936702728,1.4360724687576294,,,cnn_feature_importance.csv
G_pos_17,G,18,cnn,cnn53,single,hiranniramol,sequence,cnn_ism,0.0625588968396186,1.3680946826934814,,,cnn_feature_importance.csv
A_pos_2,A,3,cnn,cnn53,single,hiranniramol,sequence,cnn_ism,0.0615799911320209,1.2957792282104492,,,cnn_feature_importance.csv
A_pos_10,A,11,cnn,cnn53,single,hiranniramol,sequence,cnn_ism,0.0614025928080081,1.4038491249084473,,,cnn_feature_importance.csv
A_pos_16,A,17,cnn,cnn53,single,hiranniramol,sequence,cnn_ism,0.0604367516934871,1.3297851085662842,,,cnn_feature_importance.csv
A_pos_7,A,8,cnn,cnn53,single,hiranniramol,sequence,cnn_ism,0.0599633827805519,1.378004550933838,,,cnn_feature_importance.csv
A_pos_18,A,19,cnn,cnn53,single,hiranniramol,sequence,cnn_ism,0.059530034661293,1.3631941080093384,,,cnn_feature_importance.csv
A_pos_11,A,12,cnn,cnn53,single,hiranniramol,sequence,cnn_ism,0.0587019138038158,1.3414454460144043,,,cnn_feature_importance.csv
A_pos_9,A,10,cnn,cnn53,single,hiranniramol,sequence,cnn_ism,0.0586968809366226,1.237431287765503,,,cnn_feature_importance.csv
C_pos_21,C,22,cnn,cnn53,single,hiranniramol,sequence,cnn_ism,0.0586243346333503,1.5706324577331543,,,cnn_feature_importance.csv
A_pos_6,A,7,cnn,cnn53,single,hiranniramol,sequence,cnn_ism,0.0586147010326385,1.3532257080078125,,,cnn_feature_importance.csv
C_pos_18,C,19,cnn,cnn53,single,hiranniramol,sequence,cnn_ism,0.0585022196173667,1.3269115686416626,,,cnn_feature_importance.csv
A_pos_8,A,9,cnn,cnn53,single,hiranniramol,sequence,cnn_ism,0.0582309067249298,1.386472463607788,,,cnn_feature_importance.csv
T_pos_15,T,16,cnn,cnn53,single,hiranniramol,sequence,cnn_ism,0.0577268227934837,1.21975839138031,,,cnn_feature_importance.csv
A_pos_22,A,23,cnn,cnn53,single,hiranniramol,sequence,cnn_ism,0.0561712570488452,1.4750007390975952,,,cnn_feature_importance.csv
A_pos_20,A,21,cnn,cnn53,single,hiranniramol,sequence,cnn_ism,0.0553692653775215,1.4852724075317385,,,cnn_feature_importance.csv
A_pos_12,A,13,cnn,cnn53,single,hiranniramol,sequence,cnn_ism,0.0553234852850437,1.3183526992797852,,,cnn_feature_importance.csv
C_pos_22,C,23,cnn,cnn53,single,hiranniramol,sequence,cnn_ism,0.0552618689835071,1.3176417350769043,,,cnn_feature_importance.csv
A_pos_19,A,20,cnn,cnn53,single,hiranniramol,sequence,cnn_ism,0.0549968145787715,1.3145612478256226,,,cnn_feature_importance.csv
T_pos_8,T,9,cnn,cnn53,single,hiranniramol,sequence,cnn_ism,0.0548183806240558,1.301024079322815,,,cnn_feature_importance.csv
T_pos_6,T,7,cnn,cnn53,single,hiranniramol,sequence,cnn_ism,0.0545017272233963,1.163144588470459,,,cnn_feature_importance.csv
T_pos_14,T,15,cnn,cnn53,single,hiranniramol,sequence,cnn_ism,0.0540843419730663,1.1744154691696167,,,cnn_feature_importance.csv
C_pos_0,C,1,cnn,cnn53,single,hiranniramol,sequence,cnn_ism,0.0540568754076957,1.670694351196289,,,cnn_feature_importance.csv
G_pos_16,G,17,cnn,cnn53,single,hiranniramol,sequence,cnn_ism,0.0539937391877174,1.4144128561019895,,,cnn_feature_importance.csv
G_pos_14,G,15,cnn,cnn53,single,hiranniramol,sequence,cnn_ism,0.053856037557125,1.2793933153152466,,,cnn_feature_importance.csv
A_pos_17,A,18,cnn,cnn53,single,hiranniramol,sequence,cnn_ism,0.053778238594532,1.142338514328003,,,cnn_feature_importance.csv
G_pos_20,G,21,cnn,cnn53,single,hiranniramol,sequence,cnn_ism,0.0536305271089077,1.5274715423583984,,,cnn_feature_importance.csv
G_pos_15,G,16,cnn,cnn53,single,hiranniramol,sequence,cnn_ism,0.053219199180603,1.253836989402771,,,cnn_feature_importance.csv
G_pos_6,G,7,cnn,cnn53,single,hiranniramol,sequence,cnn_ism,0.0531836375594139,1.3989732265472412,,,cnn_feature_importance.csv
T_pos_9,T,10,cnn,cnn53,single,hiranniramol,sequence,cnn_ism,0.053180243819952,1.3154557943344116,,,cnn_feature_importance.csv
G_pos_4,G,5,cnn,cnn53,single,hiranniramol,sequence,cnn_ism,0.0524007081985473,1.347623586654663,,,cnn_feature_importance.csv
T_pos_11,T,12,cnn,cnn53,single,hiranniramol,sequence,cnn_ism,0.05203128606081,1.16111958026886,,,cnn_feature_importance.csv
T_pos_13,T,14,cnn,cnn53,single,hiranniramol,sequence,cnn_ism,0.0518713146448135,1.3022558689117432,,,cnn_feature_importance.csv
T_pos_12,T,13,cnn,cnn53,single,hiranniramol,sequence,cnn_ism,0.0515038333833217,1.2682912349700928,,,cnn_feature_importance.csv
C_pos_15,C,16,cnn,cnn53,single,hiranniramol,sequence,cnn_ism,0.0513532124459743,1.3224371671676636,,,cnn_feature_importance.csv
G_pos_8,G,9,cnn,cnn53,single,hiranniramol,sequence,cnn_ism,0.0511436611413955,1.3071993589401243,,,cnn_feature_importance.csv
T_pos_4,T,5,cnn,cnn53,single,hiranniramol,sequence,cnn_ism,0.05075354129076,1.1527061462402344,,,cnn_feature_importance.csv
T_pos_3,T,4,cnn,cnn53,single,hiranniramol,sequence,cnn_ism,0.0506881400942802,1.1799765825271606,,,cnn_feature_importance.csv
C_pos_10,C,11,cnn,cnn53,single,hiranniramol,sequence,cnn_ism,0.0503952540457248,1.278875708580017,,,cnn_feature_importance.csv
T_pos_2,T,3,cnn,cnn53,single,hiranniramol,sequence,cnn_ism,0.0502554848790168,1.2242258787155151,,,cnn_feature_importance.csv
C_pos_17,C,18,cnn,cnn53,single,hiranniramol,sequence,cnn_ism,0.0500407293438911,1.33773934841156,,,cnn_feature_importance.csv
G_pos_11,G,12,cnn,cnn53,single,hiranniramol,sequence,cnn_ism,0.0498719289898872,1.2809685468673706,,,cnn_feature_importance.csv
T_pos_0,T,1,cnn,cnn53,single,hiranniramol,sequence,cnn_ism,0.0496236570179462,1.239493727684021,,,cnn_feature_importance.csv
C_pos_6,C,7,cnn,cnn53,single,hiranniramol,sequence,cnn_ism,0.0492942407727241,1.209741234779358,,,cnn_feature_importance.csv
C_pos_13,C,14,cnn,cnn53,single,hiranniramol,sequence,cnn_ism,0.0491007752716541,1.3689550161361694,,,cnn_feature_importance.csv
G_pos_2,G,3,cnn,cnn53,single,hiranniramol,sequence,cnn_ism,0.0488430261611938,1.4005721807479858,,,cnn_feature_importance.csv
T_pos_5,T,6,cnn,cnn53,single,hiranniramol,sequence,cnn_ism,0.048807106912136,1.096902847290039,,,cnn_feature_importance.csv
C_pos_9,C,10,cnn,cnn53,single,hiranniramol,sequence,cnn_ism,0.04861980676651,1.223943114280701,,,cnn_feature_importance.csv
G_pos_3,G,4,cnn,cnn53,single,hiranniramol,sequence,cnn_ism,0.0484428629279136,1.3475399017333984,,,cnn_feature_importance.csv
G_pos_7,G,8,cnn,cnn53,single,hiranniramol,sequence,cnn_ism,0.0484176389873027,1.304399013519287,,,cnn_feature_importance.csv
C_pos_2,C,3,cnn,cnn53,single,hiranniramol,sequence,cnn_ism,0.0482818037271499,1.3196594715118408,,,cnn_feature_importance.csv
G_pos_1,G,2,cnn,cnn53,single,hiranniramol,sequence,cnn_ism,0.0482636131346225,1.4758706092834473,,,cnn_feature_importance.csv
T_pos_7,T,8,cnn,cnn53,single,hiranniramol,sequence,cnn_ism,0.0482509844005107,1.2892279624938965,,,cnn_feature_importance.csv
G_pos_9,G,10,cnn,cnn53,single,hiranniramol,sequence,cnn_ism,0.0482147000730037,1.3967478275299072,,,cnn_feature_importance.csv
C_pos_12,C,13,cnn,cnn53,single,hiranniramol,sequence,cnn_ism,0.048078004270792,1.3012070655822754,,,cnn_feature_importance.csv
C_pos_16,C,17,cnn,cnn53,single,hiranniramol,sequence,cnn_ism,0.047933142632246,1.2599804401397705,,,cnn_feature_importance.csv
G_pos_10,G,11,cnn,cnn53,single,hiranniramol,sequence,cnn_ism,0.0479190163314342,1.3397711515426636,,,cnn_feature_importance.csv
A_pos_21,A,22,cnn,cnn53,single,hiranniramol,sequence,cnn_ism,0.0478601083159446,1.3007375001907349,,,cnn_feature_importance.csv
C_pos_7,C,8,cnn,cnn53,single,hiranniramol,sequence,cnn_ism,0.0478228405117988,1.30163311958313,,,cnn_feature_importance.csv
C_pos_20,C,21,cnn,cnn53,single,hiranniramol,sequence,cnn_ism,0.0478057377040386,1.5437910556793213,,,cnn_feature_importance.csv
C_pos_14,C,15,cnn,cnn53,single,hiranniramol,sequence,cnn_ism,0.0477416850626468,1.3351850509643557,,,cnn_feature_importance.csv
T_pos_10,T,11,cnn,cnn53,single,hiranniramol,sequence,cnn_ism,0.0476991832256317,1.1237318515777588,,,cnn_feature_importance.csv
C_pos_4,C,5,cnn,cnn53,single,hiranniramol,sequence,cnn_ism,0.0471341237425804,1.337762713432312,,,cnn_feature_importance.csv
C_pos_11,C,12,cnn,cnn53,single,hiranniramol,sequence,cnn_ism,0.0470314621925354,1.2115182876586914,,,cnn_feature_importance.csv
T_pos_1,T,2,cnn,cnn53,single,hiranniramol,sequence,cnn_ism,0.0470162257552146,1.2753825187683103,,,cnn_feature_importance.csv
G_pos_13,G,14,cnn,cnn53,single,hiranniramol,sequence,cnn_ism,0.0466733500361442,1.3203163146972656,,,cnn_feature_importance.csv
G_pos_5,G,6,cnn,cnn53,single,hiranniramol,sequence,cnn_ism,0.046246588230133,1.2995325326919556,,,cnn_feature_importance.csv
C_pos_5,C,6,cnn,cnn53,single,hiranniramol,sequence,cnn_ism,0.0459975190460681,1.4088505506515503,,,cnn_feature_importance.csv
G_pos_12,G,13,cnn,cnn53,single,hiranniramol,sequence,cnn_ism,0.045334368944168,1.367770433425903,,,cnn_feature_importance.csv
C_pos_8,C,9,cnn,cnn53,single,hiranniramol,sequence,cnn_ism,0.0448506884276866,1.2873237133026123,,,cnn_feature_importance.csv
C_pos_3,C,4,cnn,cnn53,single,hiranniramol,sequence,cnn_ism,0.0446065925061702,1.300740361213684,,,cnn_feature_importance.csv
A_pos_1,A,2,cnn,cnn53,single,hiranniramol,sequence,cnn_ism,0.0440435446798801,1.2192142009735107,,,cnn_feature_importance.csv
A_pos_0,A,1,cnn,cnn53,single,hiranniramol,sequence,cnn_ism,0.0407920964062213,1.4093061685562134,,,cnn_feature_importance.csv
T_pos_21,T,22,cnn,cnn53,single,hiranniramol,sequence,cnn_ism,0.0403170138597488,1.5166717767715454,,,cnn_feature_importance.csv
T_pos_22,T,23,cnn,cnn53,single,hiranniramol,sequence,cnn_ism,0.0390922240912914,1.4105157852172852,,,cnn_feature_importance.csv
C_pos_1,C,2,cnn,cnn53,single,hiranniramol,sequence,cnn_ism,0.0367834232747554,1.2108701467514038,,,cnn_feature_importance.csv
G_pos_21,G,22,cnn,cnn53,single,hiranniramol,sequence,cnn_ism,0.0357877425849437,1.18043315410614,,,cnn_feature_importance.csv
G_pos_22,G,23,cnn,cnn53,single,hiranniramol,sequence,cnn_ism,0.033923041075468,1.2682843208312988,,,cnn_feature_importance.csv
G_pos_0,G,1,cnn,cnn53,single,hiranniramol,sequence,cnn_ism,0.0337920486927032,1.304974913597107,,,cnn_feature_importance.csv
G_pos_19,G,20,cnn,cnn53,single,hiranniramol,sequence,cnn_ig,0.0290862042456865,,,,cnn_feature_importance.csv
T_pos_18,T,19,cnn,cnn53,single,hiranniramol,sequence,cnn_ig,0.0359251834452152,,,,cnn_feature_importance.csv
T_pos_19,T,20,cnn,cnn53,single,hiranniramol,sequence,cnn_ig,0.0363780185580253,,,,cnn_feature_importance.csv
T_pos_20,T,21,cnn,cnn53,single,hiranniramol,sequence,cnn_ig,0.0280260015279054,,,,cnn_feature_importance.csv
T_pos_17,T,18,cnn,cnn53,single,hiranniramol,sequence,cnn_ig,0.0456334576010704,,,,cnn_feature_importance.csv
C_pos_19,C,20,cnn,cnn53,single,hiranniramol,sequence,cnn_ig,0.0268775317817926,,,,cnn_feature_importance.csv
A_pos_13,A,14,cnn,cnn53,single,hiranniramol,sequence,cnn_ig,0.0123812295496463,,,,cnn_feature_importance.csv
T_pos_16,T,17,cnn,cnn53,single,hiranniramol,sequence,cnn_ig,0.0314404629170894,,,,cnn_feature_importance.csv
G_pos_18,G,19,cnn,cnn53,single,hiranniramol,sequence,cnn_ig,0.0208410006016492,,,,cnn_feature_importance.csv
A_pos_4,A,5,cnn,cnn53,single,hiranniramol,sequence,cnn_ig,0.0124563267454504,,,,cnn_feature_importance.csv
A_pos_5,A,6,cnn,cnn53,single,hiranniramol,sequence,cnn_ig,0.0121422950178384,,,,cnn_feature_importance.csv
A_pos_3,A,4,cnn,cnn53,single,hiranniramol,sequence,cnn_ig,0.0109616201370954,,,,cnn_feature_importance.csv
A_pos_14,A,15,cnn,cnn53,single,hiranniramol,sequence,cnn_ig,0.0133521649986505,,,,cnn_feature_importance.csv
A_pos_15,A,16,cnn,cnn53,single,hiranniramol,sequence,cnn_ig,0.0119656501337885,,,,cnn_feature_importance.csv
G_pos_17,G,18,cnn,cnn53,single,hiranniramol,sequence,cnn_ig,0.0085209999233484,,,,cnn_feature_importance.csv
A_pos_2,A,3,cnn,cnn53,single,hiranniramol,sequence,cnn_ig,0.008165244013071,,,,cnn_feature_importance.csv
A_pos_10,A,11,cnn,cnn53,single,hiranniramol,sequence,cnn_ig,0.0147148398682475,,,,cnn_feature_importance.csv
A_pos_16,A,17,cnn,cnn53,single,hiranniramol,sequence,cnn_ig,0.0103423269465565,,,,cnn_feature_importance.csv
A_pos_7,A,8,cnn,cnn53,single,hiranniramol,sequence,cnn_ig,0.0095926383510231,,,,cnn_feature_importance.csv
A_pos_18,A,19,cnn,cnn53,single,hiranniramol,sequence,cnn_ig,0.0167401228100061,,,,cnn_feature_importance.csv
A_pos_11,A,12,cnn,cnn53,single,hiranniramol,sequence,cnn_ig,0.0171510577201843,,,,cnn_feature_importance.csv
A_pos_9,A,10,cnn,cnn53,single,hiranniramol,sequence,cnn_ig,0.013713901862502,,,,cnn_feature_importance.csv
C_pos_21,C,22,cnn,cnn53,single,hiranniramol,sequence,cnn_ig,0.0,,,,cnn_feature_importance.csv
A_pos_6,A,7,cnn,cnn53,single,hiranniramol,sequence,cnn_ig,0.0116982432082295,,,,cnn_feature_importance.csv
C_pos_18,C,19,cnn,cnn53,single,hiranniramol,sequence,cnn_ig,0.0224082600325346,,,,cnn_feature_importance.csv
A_pos_8,A,9,cnn,cnn53,single,hiranniramol,sequence,cnn_ig,0.0100592728704214,,,,cnn_feature_importance.csv
T_pos_15,T,16,cnn,cnn53,single,hiranniramol,sequence,cnn_ig,0.024954542517662,,,,cnn_feature_importance.csv
A_pos_22,A,23,cnn,cnn53,single,hiranniramol,sequence,cnn_ig,0.0,,,,cnn_feature_importance.csv
A_pos_20,A,21,cnn,cnn53,single,hiranniramol,sequence,cnn_ig,0.0167149677872657,,,,cnn_feature_importance.csv
A_pos_12,A,13,cnn,cnn53,single,hiranniramol,sequence,cnn_ig,0.0137067819014191,,,,cnn_feature_importance.csv
C_pos_22,C,23,cnn,cnn53,single,hiranniramol,sequence,cnn_ig,0.0,,,,cnn_feature_importance.csv
A_pos_19,A,20,cnn,cnn53,single,hiranniramol,sequence,cnn_ig,0.016122555360198,,,,cnn_feature_importance.csv
T_pos_8,T,9,cnn,cnn53,single,hiranniramol,sequence,cnn_ig,0.0215046014636755,,,,cnn_feature_importance.csv
T_pos_6,T,7,cnn,cnn53,single,hiranniramol,sequence,cnn_ig,0.0208807792514562,,,,cnn_feature_importance.csv
T_pos_14,T,15,cnn,cnn53,single,hiranniramol,sequence,cnn_ig,0.0252104960381984,,,,cnn_feature_importance.csv
C_pos_0,C,1,cnn,cnn53,single,hiranniramol,sequence,cnn_ig,0.0149037102237343,,,,cnn_feature_importance.csv
G_pos_16,G,17,cnn,cnn53,single,hiranniramol,sequence,cnn_ig,0.0074164811521768,,,,cnn_feature_importance.csv
G_pos_14,G,15,cnn,cnn53,single,hiranniramol,sequence,cnn_ig,0.0107949106022715,,,,cnn_feature_importance.csv
A_pos_17,A,18,cnn,cnn53,single,hiranniramol,sequence,cnn_ig,0.0123445652425289,,,,cnn_feature_importance.csv
G_pos_20,G,21,cnn,cnn53,single,hiranniramol,sequence,cnn_ig,0.017767222598195,,,,cnn_feature_importance.csv
G_pos_15,G,16,cnn,cnn53,single,hiranniramol,sequence,cnn_ig,0.0122786099091172,,,,cnn_feature_importance.csv
G_pos_6,G,7,cnn,cnn53,single,hiranniramol,sequence,cnn_ig,0.0103135397657752,,,,cnn_feature_importance.csv
T_pos_9,T,10,cnn,cnn53,single,hiranniramol,sequence,cnn_ig,0.0262635629624128,,,,cnn_feature_importance.csv
G_pos_4,G,5,cnn,cnn53,single,hiranniramol,sequence,cnn_ig,0.0106575116515159,,,,cnn_feature_importance.csv
T_pos_11,T,12,cnn,cnn53,single,hiranniramol,sequence,cnn_ig,0.024657541885972,,,,cnn_feature_importance.csv
T_pos_13,T,14,cnn,cnn53,single,hiranniramol,sequence,cnn_ig,0.0270942486822605,,,,cnn_feature_importance.csv
T_pos_12,T,13,cnn,cnn53,single,hiranniramol,sequence,cnn_ig,0.0203997455537319,,,,cnn_feature_importance.csv
C_pos_15,C,16,cnn,cnn53,single,hiranniramol,sequence,cnn_ig,0.0184332244098186,,,,cnn_feature_importance.csv
G_pos_8,G,9,cnn,cnn53,single,hiranniramol,sequence,cnn_ig,0.0108337560668587,,,,cnn_feature_importance.csv
T_pos_4,T,5,cnn,cnn53,single,hiranniramol,sequence,cnn_ig,0.0271900631487369,,,,cnn_feature_importance.csv
T_pos_3,T,4,cnn,cnn53,single,hiranniramol,sequence,cnn_ig,0.0225272066891193,,,,cnn_feature_importance.csv
C_pos_10,C,11,cnn,cnn53,single,hiranniramol,sequence,cnn_ig,0.0243898835033178,,,,cnn_feature_importance.csv
T_pos_2,T,3,cnn,cnn53,single,hiranniramol,sequence,cnn_ig,0.0144421271979808,,,,cnn_feature_importance.csv
C_pos_17,C,18,cnn,cnn53,single,hiranniramol,sequence,cnn_ig,0.0224946402013301,,,,cnn_feature_importance.csv
G_pos_11,G,12,cnn,cnn53,single,hiranniramol,sequence,cnn_ig,0.0089779645204544,,,,cnn_feature_importance.csv
T_pos_0,T,1,cnn,cnn53,single,hiranniramol,sequence,cnn_ig,0.0215971898287534,,,,cnn_feature_importance.csv
C_pos_6,C,7,cnn,cnn53,single,hiranniramol,sequence,cnn_ig,0.0225520282983779,,,,cnn_feature_importance.csv
C_pos_13,C,14,cnn,cnn53,single,hiranniramol,sequence,cnn_ig,0.0198981054127216,,,,cnn_feature_importance.csv
G_pos_2,G,3,cnn,cnn53,single,hiranniramol,sequence,cnn_ig,0.0101639907807111,,,,cnn_feature_importance.csv
T_pos_5,T,6,cnn,cnn53,single,hiranniramol,sequence,cnn_ig,0.0273627880960702,,,,cnn_feature_importance.csv
C_pos_9,C,10,cnn,cnn53,single,hiranniramol,sequence,cnn_ig,0.0170596726238727,,,,cnn_feature_importance.csv
G_pos_3,G,4,cnn,cnn53,single,hiranniramol,sequence,cnn_ig,0.0092466529458761,,,,cnn_feature_importance.csv
G_pos_7,G,8,cnn,cnn53,single,hiranniramol,sequence,cnn_ig,0.0099029690027236,,,,cnn_feature_importance.csv
C_pos_2,C,3,cnn,cnn53,single,hiranniramol,sequence,cnn_ig,0.0213157460093498,,,,cnn_feature_importance.csv
G_pos_1,G,2,cnn,cnn53,single,hiranniramol,sequence,cnn_ig,0.0057150404900312,,,,cnn_feature_importance.csv
T_pos_7,T,8,cnn,cnn53,single,hiranniramol,sequence,cnn_ig,0.0216293092817068,,,,cnn_feature_importance.csv
G_pos_9,G,10,cnn,cnn53,single,hiranniramol,sequence,cnn_ig,0.0109595572575926,,,,cnn_feature_importance.csv
C_pos_12,C,13,cnn,cnn53,single,hiranniramol,sequence,cnn_ig,0.0210433546453714,,,,cnn_feature_importance.csv
C_pos_16,C,17,cnn,cnn53,single,hiranniramol,sequence,cnn_ig,0.0233466327190399,,,,cnn_feature_importance.csv
G_pos_10,G,11,cnn,cnn53,single,hiranniramol,sequence,cnn_ig,0.0105293579399585,,,,cnn_feature_importance.csv
A_pos_21,A,22,cnn,cnn53,single,hiranniramol,sequence,cnn_ig,0.0,,,,cnn_feature_importance.csv
C_pos_7,C,8,cnn,cnn53,single,hiranniramol,sequence,cnn_ig,0.0220408141613006,,,,cnn_feature_importance.csv
C_pos_20,C,21,cnn,cnn53,single,hiranniramol,sequence,cnn_ig,0.0280519351363182,,,,cnn_feature_importance.csv
C_pos_14,C,15,cnn,cnn53,single,hiranniramol,sequence,cnn_ig,0.0215755589306354,,,,cnn_feature_importance.csv
T_pos_10,T,11,cnn,cnn53,single,hiranniramol,sequence,cnn_ig,0.0197878312319517,,,,cnn_feature_importance.csv
C_pos_4,C,5,cnn,cnn53,single,hiranniramol,sequence,cnn_ig,0.0214166641235351,,,,cnn_feature_importance.csv
C_pos_11,C,12,cnn,cnn53,single,hiranniramol,sequence,cnn_ig,0.0235864724963903,,,,cnn_feature_importance.csv
T_pos_1,T,2,cnn,cnn53,single,hiranniramol,sequence,cnn_ig,0.0253077186644077,,,,cnn_feature_importance.csv
G_pos_13,G,14,cnn,cnn53,single,hiranniramol,sequence,cnn_ig,0.0090658348053693,,,,cnn_feature_importance.csv
G_pos_5,G,6,cnn,cnn53,single,hiranniramol,sequence,cnn_ig,0.011312548071146,,,,cnn_feature_importance.csv
C_pos_5,C,6,cnn,cnn53,single,hiranniramol,sequence,cnn_ig,0.0242550559341907,,,,cnn_feature_importance.csv
G_pos_12,G,13,cnn,cnn53,single,hiranniramol,sequence,cnn_ig,0.0119188725948333,,,,cnn_feature_importance.csv
C_pos_8,C,9,cnn,cnn53,single,hiranniramol,sequence,cnn_ig,0.0228845942765474,,,,cnn_feature_importance.csv
C_pos_3,C,4,cnn,cnn53,single,hiranniramol,sequence,cnn_ig,0.0232813898473978,,,,cnn_feature_importance.csv
A_pos_1,A,2,cnn,cnn53,single,hiranniramol,sequence,cnn_ig,0.0086948117241263,,,,cnn_feature_importance.csv
A_pos_0,A,1,cnn,cnn53,single,hiranniramol,sequence,cnn_ig,0.0067813745699822,,,,cnn_feature_importance.csv
T_pos_21,T,22,cnn,cnn53,single,hiranniramol,sequence,cnn_ig,0.0,,,,cnn_feature_importance.csv
T_pos_22,T,23,cnn,cnn53,single,hiranniramol,sequence,cnn_ig,0.0,,,,cnn_feature_importance.csv
C_pos_1,C,2,cnn,cnn53,single,hiranniramol,sequence,cnn_ig,0.0082386564463377,,,,cnn_feature_importance.csv
G_pos_21,G,22,cnn,cnn53,single,hiranniramol,sequence,cnn_ig,0.0265547651797533,,,,cnn_feature_importance.csv
G_pos_22,G,23,cnn,cnn53,single,hiranniramol,sequence,cnn_ig,0.0284972693771123,,,,cnn_feature_importance.csv
G_pos_0,G,1,cnn,cnn53,single,hiranniramol,sequence,cnn_ig,0.0096091525629162,,,,cnn_feature_importance.csv
G_pos_19,G,20,cnn,cnn73,single,hiranniramol,sequence,cnn_ism,0.1230303645133972,1.922856569290161,,,cnn_feature_importance.csv
T_pos_18,T,19,cnn,cnn73,single,hiranniramol,sequence,cnn_ism,0.1226145774126052,1.8660968542099,,,cnn_feature_importance.csv
T_pos_19,T,20,cnn,cnn73,single,hiranniramol,sequence,cnn_ism,0.1123246327042579,2.1073849201202397,,,cnn_feature_importance.csv
T_pos_20,T,21,cnn,cnn73,single,hiranniramol,sequence,cnn_ism,0.0936660021543502,2.430950880050659,,,cnn_feature_importance.csv
T_pos_17,T,18,cnn,cnn73,single,hiranniramol,sequence,cnn_ism,0.0837491229176521,1.2261581420898438,,,cnn_feature_importance.csv
G_pos_18,G,19,cnn,cnn73,single,hiranniramol,sequence,cnn_ism,0.0812829509377479,1.3366354703903198,,,cnn_feature_importance.csv
G_pos_21,G,22,cnn,cnn73,single,hiranniramol,sequence,cnn_ism,0.0719780996441841,1.9405471086502075,,,cnn_feature_importance.csv
T_pos_16,T,17,cnn,cnn73,single,hiranniramol,sequence,cnn_ism,0.0649702697992324,1.226323127746582,,,cnn_feature_importance.csv
G_pos_15,G,16,cnn,cnn73,single,hiranniramol,sequence,cnn_ism,0.0592115707695484,1.5571545362472534,,,cnn_feature_importance.csv
T_pos_12,T,13,cnn,cnn73,single,hiranniramol,sequence,cnn_ism,0.0586970672011375,1.4001753330230713,,,cnn_feature_importance.csv
C_pos_17,C,18,cnn,cnn73,single,hiranniramol,sequence,cnn_ism,0.0584000349044799,1.5294203758239746,,,cnn_feature_importance.csv
G_pos_22,G,23,cnn,cnn73,single,hiranniramol,sequence,cnn_ism,0.0579565167427063,1.74659526348114,,,cnn_feature_importance.csv
T_pos_15,T,16,cnn,cnn73,single,hiranniramol,sequence,cnn_ism,0.0577366985380649,1.1815391778945925,,,cnn_feature_importance.csv
G_pos_14,G,15,cnn,cnn73,single,hiranniramol,sequence,cnn_ism,0.0575034096837043,1.5345455408096311,,,cnn_feature_importance.csv
T_pos_11,T,12,cnn,cnn73,single,hiranniramol,sequence,cnn_ism,0.0562087707221508,1.230024814605713,,,cnn_feature_importance.csv
C_pos_19,C,20,cnn,cnn73,single,hiranniramol,sequence,cnn_ism,0.0560511127114295,1.622277855873108,,,cnn_feature_importance.csv
T_pos_14,T,15,cnn,cnn73,single,hiranniramol,sequence,cnn_ism,0.0559467412531375,1.1546324491500854,,,cnn_feature_importance.csv
T_pos_10,T,11,cnn,cnn73,single,hiranniramol,sequence,cnn_ism,0.0553425438702106,1.2540736198425293,,,cnn_feature_importance.csv
T_pos_8,T,9,cnn,cnn73,single,hiranniramol,sequence,cnn_ism,0.055027462542057,1.1789541244506836,,,cnn_feature_importance.csv
A_pos_20,A,21,cnn,cnn73,single,hiranniramol,sequence,cnn_ism,0.0543556921184062,1.7700905799865725,,,cnn_feature_importance.csv
T_pos_6,T,7,cnn,cnn73,single,hiranniramol,sequence,cnn_ism,0.0539104603230953,1.1948931217193604,,,cnn_feature_importance.csv
T_pos_13,T,14,cnn,cnn73,single,hiranniramol,sequence,cnn_ism,0.0524659864604473,1.2846676111221311,,,cnn_feature_importance.csv
A_pos_21,A,22,cnn,cnn73,single,hiranniramol,sequence,cnn_ism,0.051385723054409,1.8765820264816284,,,cnn_feature_importance.csv
G_pos_17,G,18,cnn,cnn73,single,hiranniramol,sequence,cnn_ism,0.0509981177747249,1.3186534643173218,,,cnn_feature_importance.csv
T_pos_9,T,10,cnn,cnn73,single,hiranniramol,sequence,cnn_ism,0.0509159639477729,1.2462376356124878,,,cnn_feature_importance.csv
A_pos_16,A,17,cnn,cnn73,single,hiranniramol,sequence,cnn_ism,0.0491886474192142,1.5530489683151243,,,cnn_feature_importance.csv
T_pos_5,T,6,cnn,cnn73,single,hiranniramol,sequence,cnn_ism,0.0488644167780876,1.1429823637008667,,,cnn_feature_importance.csv
G_pos_16,G,17,cnn,cnn73,single,hiranniramol,sequence,cnn_ism,0.0487500801682472,1.3692896366119385,,,cnn_feature_importance.csv
T_pos_7,T,8,cnn,cnn73,single,hiranniramol,sequence,cnn_ism,0.048169270157814,1.2971206903457642,,,cnn_feature_importance.csv
G_pos_13,G,14,cnn,cnn73,single,hiranniramol,sequence,cnn_ism,0.0474611856043338,1.430200219154358,,,cnn_feature_importance.csv
A_pos_15,A,16,cnn,cnn73,single,hiranniramol,sequence,cnn_ism,0.0472397208213806,1.5023914575576782,,,cnn_feature_importance.csv
G_pos_20,G,21,cnn,cnn73,single,hiranniramol,sequence,cnn_ism,0.0448480509221553,1.328683376312256,,,cnn_feature_importance.csv
G_pos_6,G,7,cnn,cnn73,single,hiranniramol,sequence,cnn_ism,0.0440379790961742,1.3177640438079834,,,cnn_feature_importance.csv
G_pos_10,G,11,cnn,cnn73,single,hiranniramol,sequence,cnn_ism,0.0437916554510593,1.3096052408218384,,,cnn_feature_importance.csv
G_pos_11,G,12,cnn,cnn73,single,hiranniramol,sequence,cnn_ism,0.0431964173913002,1.3221677541732788,,,cnn_feature_importance.csv
G_pos_7,G,8,cnn,cnn73,single,hiranniramol,sequence,cnn_ism,0.0428263656795024,1.4470326900482178,,,cnn_feature_importance.csv
G_pos_9,G,10,cnn,cnn73,single,hiranniramol,sequence,cnn_ism,0.0428188927471637,1.3904027938842771,,,cnn_feature_importance.csv
T_pos_4,T,5,cnn,cnn73,single,hiranniramol,sequence,cnn_ism,0.0423861481249332,1.1341358423233032,,,cnn_feature_importance.csv
T_pos_21,T,22,cnn,cnn73,single,hiranniramol,sequence,cnn_ism,0.0422515049576759,1.410133957862854,,,cnn_feature_importance.csv
G_pos_12,G,13,cnn,cnn73,single,hiranniramol,sequence,cnn_ism,0.0417849346995353,1.283537745475769,,,cnn_feature_importance.csv
A_pos_14,A,15,cnn,cnn73,single,hiranniramol,sequence,cnn_ism,0.0416305549442768,1.4455235004425049,,,cnn_feature_importance.csv
A_pos_17,A,18,cnn,cnn73,single,hiranniramol,sequence,cnn_ism,0.040895901620388,1.3715167045593262,,,cnn_feature_importance.csv
G_pos_8,G,9,cnn,cnn73,single,hiranniramol,sequence,cnn_ism,0.0407521091401577,1.2220308780670166,,,cnn_feature_importance.csv
A_pos_13,A,14,cnn,cnn73,single,hiranniramol,sequence,cnn_ism,0.0406572669744491,1.501809000968933,,,cnn_feature_importance.csv
C_pos_16,C,17,cnn,cnn73,single,hiranniramol,sequence,cnn_ism,0.0405399799346923,1.37643563747406,,,cnn_feature_importance.csv
T_pos_3,T,4,cnn,cnn73,single,hiranniramol,sequence,cnn_ism,0.040032535791397,1.177873969078064,,,cnn_feature_importance.csv
A_pos_2,A,3,cnn,cnn73,single,hiranniramol,sequence,cnn_ism,0.0397266931831836,1.7458852529525757,,,cnn_feature_importance.csv
G_pos_5,G,6,cnn,cnn73,single,hiranniramol,sequence,cnn_ism,0.0396125391125679,1.293765425682068,,,cnn_feature_importance.csv
G_pos_4,G,5,cnn,cnn73,single,hiranniramol,sequence,cnn_ism,0.0393253192305564,1.226364016532898,,,cnn_feature_importance.csv
T_pos_22,T,23,cnn,cnn73,single,hiranniramol,sequence,cnn_ism,0.0388802960515022,1.4334335327148438,,,cnn_feature_importance.csv
A_pos_18,A,19,cnn,cnn73,single,hiranniramol,sequence,cnn_ism,0.0386340618133544,1.2977739572525024,,,cnn_feature_importance.csv
A_pos_10,A,11,cnn,cnn73,single,hiranniramol,sequence,cnn_ism,0.038231860846281,1.4303374290466309,,,cnn_feature_importance.csv
A_pos_3,A,4,cnn,cnn73,single,hiranniramol,sequence,cnn_ism,0.0380511805415153,1.6639962196350098,,,cnn_feature_importance.csv
A_pos_8,A,9,cnn,cnn73,single,hiranniramol,sequence,cnn_ism,0.0379239842295646,1.345993161201477,,,cnn_feature_importance.csv
C_pos_18,C,19,cnn,cnn73,single,hiranniramol,sequence,cnn_ism,0.0376267693936824,1.3490467071533203,,,cnn_feature_importance.csv
A_pos_1,A,2,cnn,cnn73,single,hiranniramol,sequence,cnn_ism,0.0369574911892414,1.7642017602920532,,,cnn_feature_importance.csv
A_pos_4,A,5,cnn,cnn73,single,hiranniramol,sequence,cnn_ism,0.0369099862873554,1.5940899848937988,,,cnn_feature_importance.csv
G_pos_3,G,4,cnn,cnn73,single,hiranniramol,sequence,cnn_ism,0.0368058048188686,1.3000544309616089,,,cnn_feature_importance.csv
A_pos_6,A,7,cnn,cnn73,single,hiranniramol,sequence,cnn_ism,0.0366894043982028,1.5045905113220217,,,cnn_feature_importance.csv
A_pos_5,A,6,cnn,cnn73,single,hiranniramol,sequence,cnn_ism,0.0363388620316982,1.488980770111084,,,cnn_feature_importance.csv
C_pos_22,C,23,cnn,cnn73,single,hiranniramol,sequence,cnn_ism,0.0362243130803108,1.5213574171066284,,,cnn_feature_importance.csv
C_pos_6,C,7,cnn,cnn73,single,hiranniramol,sequence,cnn_ism,0.0361883975565433,1.1884526014328003,,,cnn_feature_importance.csv
A_pos_11,A,12,cnn,cnn73,single,hiranniramol,sequence,cnn_ism,0.0361381433904171,1.2994372844696045,,,cnn_feature_importance.csv
C_pos_8,C,9,cnn,cnn73,single,hiranniramol,sequence,cnn_ism,0.0359337255358696,1.2954586744308472,,,cnn_feature_importance.csv
C_pos_20,C,21,cnn,cnn73,single,hiranniramol,sequence,cnn_ism,0.0357100330293178,1.4011356830596924,,,cnn_feature_importance.csv
A_pos_19,A,20,cnn,cnn73,single,hiranniramol,sequence,cnn_ism,0.0354551300406456,1.380042552947998,,,cnn_feature_importance.csv
C_pos_14,C,15,cnn,cnn73,single,hiranniramol,sequence,cnn_ism,0.035422645509243,1.3100394010543823,,,cnn_feature_importance.csv
C_pos_21,C,22,cnn,cnn73,single,hiranniramol,sequence,cnn_ism,0.0353621505200862,1.530726194381714,,,cnn_feature_importance.csv
C_pos_10,C,11,cnn,cnn73,single,hiranniramol,sequence,cnn_ism,0.0350125953555107,1.2599953413009644,,,cnn_feature_importance.csv
A_pos_0,A,1,cnn,cnn73,single,hiranniramol,sequence,cnn_ism,0.0349754020571708,1.8062223196029663,,,cnn_feature_importance.csv
C_pos_9,C,10,cnn,cnn73,single,hiranniramol,sequence,cnn_ism,0.0348829329013824,1.3869973421096802,,,cnn_feature_importance.csv
C_pos_15,C,16,cnn,cnn73,single,hiranniramol,sequence,cnn_ism,0.0347783081233501,1.2471901178359983,,,cnn_feature_importance.csv
A_pos_9,A,10,cnn,cnn73,single,hiranniramol,sequence,cnn_ism,0.0347523391246795,1.2470813989639282,,,cnn_feature_importance.csv
G_pos_2,G,3,cnn,cnn73,single,hiranniramol,sequence,cnn_ism,0.0346262231469154,1.2508656978607178,,,cnn_feature_importance.csv
A_pos_7,A,8,cnn,cnn73,single,hiranniramol,sequence,cnn_ism,0.0341919623315334,1.3725526332855225,,,cnn_feature_importance.csv
C_pos_12,C,13,cnn,cnn73,single,hiranniramol,sequence,cnn_ism,0.0337096750736236,1.340113401412964,,,cnn_feature_importance.csv
C_pos_13,C,14,cnn,cnn73,single,hiranniramol,sequence,cnn_ism,0.0331233143806457,1.3284614086151123,,,cnn_feature_importance.csv
A_pos_12,A,13,cnn,cnn73,single,hiranniramol,sequence,cnn_ism,0.0321968905627727,1.2636539936065674,,,cnn_feature_importance.csv
T_pos_2,T,3,cnn,cnn73,single,hiranniramol,sequence,cnn_ism,0.031949046999216,1.0755181312561035,,,cnn_feature_importance.csv
A_pos_22,A,23,cnn,cnn73,single,hiranniramol,sequence,cnn_ism,0.0315876305103302,1.4237860441207886,,,cnn_feature_importance.csv
C_pos_5,C,6,cnn,cnn73,single,hiranniramol,sequence,cnn_ism,0.0313996486365795,1.2507420778274536,,,cnn_feature_importance.csv
C_pos_7,C,8,cnn,cnn73,single,hiranniramol,sequence,cnn_ism,0.0313961841166019,1.267910122871399,,,cnn_feature_importance.csv
C_pos_11,C,12,cnn,cnn73,single,hiranniramol,sequence,cnn_ism,0.0310321822762489,1.2987194061279297,,,cnn_feature_importance.csv
G_pos_1,G,2,cnn,cnn73,single,hiranniramol,sequence,cnn_ism,0.0309537462890148,1.177103042602539,,,cnn_feature_importance.csv
C_pos_4,C,5,cnn,cnn73,single,hiranniramol,sequence,cnn_ism,0.0306549947708845,1.181333065032959,,,cnn_feature_importance.csv
T_pos_1,T,2,cnn,cnn73,single,hiranniramol,sequence,cnn_ism,0.0291103664785623,1.1744307279586792,,,cnn_feature_importance.csv
G_pos_0,G,1,cnn,cnn73,single,hiranniramol,sequence,cnn_ism,0.0270615424960851,1.125046968460083,,,cnn_feature_importance.csv
C_pos_3,C,4,cnn,cnn73,single,hiranniramol,sequence,cnn_ism,0.0264993291348218,1.2575174570083618,,,cnn_feature_importance.csv
C_pos_2,C,3,cnn,cnn73,single,hiranniramol,sequence,cnn_ism,0.024603271856904,1.322659969329834,,,cnn_feature_importance.csv
C_pos_1,C,2,cnn,cnn73,single,hiranniramol,sequence,cnn_ism,0.0229854099452495,1.380674123764038,,,cnn_feature_importance.csv
T_pos_0,T,1,cnn,cnn73,single,hiranniramol,sequence,cnn_ism,0.0216205865144729,1.114361047744751,,,cnn_feature_importance.csv
C_pos_0,C,1,cnn,cnn73,single,hiranniramol,sequence,cnn_ism,0.0168045964092016,1.3632606267929075,,,cnn_feature_importance.csv
G_pos_19,G,20,cnn,cnn73,single,hiranniramol,sequence,cnn_ig,0.0232374891638755,,,,cnn_feature_importance.csv
T_pos_18,T,19,cnn,cnn73,single,hiranniramol,sequence,cnn_ig,0.0457338914275169,,,,cnn_feature_importance.csv
T_pos_19,T,20,cnn,cnn73,single,hiranniramol,sequence,cnn_ig,0.0440896786749362,,,,cnn_feature_importance.csv
T_pos_20,T,21,cnn,cnn73,single,hiranniramol,sequence,cnn_ig,0.0330584608018398,,,,cnn_feature_importance.csv
T_pos_17,T,18,cnn,cnn73,single,hiranniramol,sequence,cnn_ig,0.0464005023241043,,,,cnn_feature_importance.csv
G_pos_18,G,19,cnn,cnn73,single,hiranniramol,sequence,cnn_ig,0.0240169130265712,,,,cnn_feature_importance.csv
G_pos_21,G,22,cnn,cnn73,single,hiranniramol,sequence,cnn_ig,0.0642884671688079,,,,cnn_feature_importance.csv
T_pos_16,T,17,cnn,cnn73,single,hiranniramol,sequence,cnn_ig,0.0336757972836494,,,,cnn_feature_importance.csv
G_pos_15,G,16,cnn,cnn73,single,hiranniramol,sequence,cnn_ig,0.01221380289644,,,,cnn_feature_importance.csv
T_pos_12,T,13,cnn,cnn73,single,hiranniramol,sequence,cnn_ig,0.0223822016268968,,,,cnn_feature_importance.csv
C_pos_17,C,18,cnn,cnn73,single,hiranniramol,sequence,cnn_ig,0.0096448948606848,,,,cnn_feature_importance.csv
G_pos_22,G,23,cnn,cnn73,single,hiranniramol,sequence,cnn_ig,0.0461882576346397,,,,cnn_feature_importance.csv
T_pos_15,T,16,cnn,cnn73,single,hiranniramol,sequence,cnn_ig,0.0293364878743886,,,,cnn_feature_importance.csv
G_pos_14,G,15,cnn,cnn73,single,hiranniramol,sequence,cnn_ig,0.0095922788605093,,,,cnn_feature_importance.csv
T_pos_11,T,12,cnn,cnn73,single,hiranniramol,sequence,cnn_ig,0.0259421151131391,,,,cnn_feature_importance.csv
C_pos_19,C,20,cnn,cnn73,single,hiranniramol,sequence,cnn_ig,0.0137698519974946,,,,cnn_feature_importance.csv
T_pos_14,T,15,cnn,cnn73,single,hiranniramol,sequence,cnn_ig,0.0271197836846113,,,,cnn_feature_importance.csv
T_pos_10,T,11,cnn,cnn73,single,hiranniramol,sequence,cnn_ig,0.0248810946941375,,,,cnn_feature_importance.csv
T_pos_8,T,9,cnn,cnn73,single,hiranniramol,sequence,cnn_ig,0.0248062349855899,,,,cnn_feature_importance.csv
A_pos_20,A,21,cnn,cnn73,single,hiranniramol,sequence,cnn_ig,0.028251638635993,,,,cnn_feature_importance.csv
T_pos_6,T,7,cnn,cnn73,single,hiranniramol,sequence,cnn_ig,0.0232414230704307,,,,cnn_feature_importance.csv
T_pos_13,T,14,cnn,cnn73,single,hiranniramol,sequence,cnn_ig,0.0303698237985372,,,,cnn_feature_importance.csv
A_pos_21,A,22,cnn,cnn73,single,hiranniramol,sequence,cnn_ig,0.0,,,,cnn_feature_importance.csv
G_pos_17,G,18,cnn,cnn73,single,hiranniramol,sequence,cnn_ig,0.0092195020988583,,,,cnn_feature_importance.csv
T_pos_9,T,10,cnn,cnn73,single,hiranniramol,sequence,cnn_ig,0.0283580496907234,,,,cnn_feature_importance.csv
A_pos_16,A,17,cnn,cnn73,single,hiranniramol,sequence,cnn_ig,0.005976612213999,,,,cnn_feature_importance.csv
T_pos_5,T,6,cnn,cnn73,single,hiranniramol,sequence,cnn_ig,0.0280646886676549,,,,cnn_feature_importance.csv
G_pos_16,G,17,cnn,cnn73,single,hiranniramol,sequence,cnn_ig,0.0093571506440639,,,,cnn_feature_importance.csv
T_pos_7,T,8,cnn,cnn73,single,hiranniramol,sequence,cnn_ig,0.0247452370822429,,,,cnn_feature_importance.csv
G_pos_13,G,14,cnn,cnn73,single,hiranniramol,sequence,cnn_ig,0.0092826662585139,,,,cnn_feature_importance.csv
A_pos_15,A,16,cnn,cnn73,single,hiranniramol,sequence,cnn_ig,0.0083089191466569,,,,cnn_feature_importance.csv
G_pos_20,G,21,cnn,cnn73,single,hiranniramol,sequence,cnn_ig,0.0082022119313478,,,,cnn_feature_importance.csv
G_pos_6,G,7,cnn,cnn73,single,hiranniramol,sequence,cnn_ig,0.0093216300010681,,,,cnn_feature_importance.csv
G_pos_10,G,11,cnn,cnn73,single,hiranniramol,sequence,cnn_ig,0.0093949800357222,,,,cnn_feature_importance.csv
G_pos_11,G,12,cnn,cnn73,single,hiranniramol,sequence,cnn_ig,0.0085597615689039,,,,cnn_feature_importance.csv
G_pos_7,G,8,cnn,cnn73,single,hiranniramol,sequence,cnn_ig,0.0087909810245037,,,,cnn_feature_importance.csv
G_pos_9,G,10,cnn,cnn73,single,hiranniramol,sequence,cnn_ig,0.0099520171061158,,,,cnn_feature_importance.csv
T_pos_4,T,5,cnn,cnn73,single,hiranniramol,sequence,cnn_ig,0.0219581704586744,,,,cnn_feature_importance.csv
T_pos_21,T,22,cnn,cnn73,single,hiranniramol,sequence,cnn_ig,0.0,,,,cnn_feature_importance.csv
G_pos_12,G,13,cnn,cnn73,single,hiranniramol,sequence,cnn_ig,0.0108030959963798,,,,cnn_feature_importance.csv
A_pos_14,A,15,cnn,cnn73,single,hiranniramol,sequence,cnn_ig,0.0090178744867444,,,,cnn_feature_importance.csv
A_pos_17,A,18,cnn,cnn73,single,hiranniramol,sequence,cnn_ig,0.008482938632369,,,,cnn_feature_importance.csv
G_pos_8,G,9,cnn,cnn73,single,hiranniramol,sequence,cnn_ig,0.0105036562308669,,,,cnn_feature_importance.csv
A_pos_13,A,14,cnn,cnn73,single,hiranniramol,sequence,cnn_ig,0.0088118659332394,,,,cnn_feature_importance.csv
C_pos_16,C,17,cnn,cnn73,single,hiranniramol,sequence,cnn_ig,0.0099232029169797,,,,cnn_feature_importance.csv
T_pos_3,T,4,cnn,cnn73,single,hiranniramol,sequence,cnn_ig,0.0162751916795969,,,,cnn_feature_importance.csv
A_pos_2,A,3,cnn,cnn73,single,hiranniramol,sequence,cnn_ig,0.0068050096742808,,,,cnn_feature_importance.csv
G_pos_5,G,6,cnn,cnn73,single,hiranniramol,sequence,cnn_ig,0.0094701088964939,,,,cnn_feature_importance.csv
G_pos_4,G,5,cnn,cnn73,single,hiranniramol,sequence,cnn_ig,0.0075849066488444,,,,cnn_feature_importance.csv
T_pos_22,T,23,cnn,cnn73,single,hiranniramol,sequence,cnn_ig,0.0,,,,cnn_feature_importance.csv
A_pos_18,A,19,cnn,cnn73,single,hiranniramol,sequence,cnn_ig,0.0186717808246612,,,,cnn_feature_importance.csv
A_pos_10,A,11,cnn,cnn73,single,hiranniramol,sequence,cnn_ig,0.0108524216338992,,,,cnn_feature_importance.csv
A_pos_3,A,4,cnn,cnn73,single,hiranniramol,sequence,cnn_ig,0.0060051279142498,,,,cnn_feature_importance.csv
A_pos_8,A,9,cnn,cnn73,single,hiranniramol,sequence,cnn_ig,0.0081324381753802,,,,cnn_feature_importance.csv
C_pos_18,C,19,cnn,cnn73,single,hiranniramol,sequence,cnn_ig,0.0097684664651751,,,,cnn_feature_importance.csv
A_pos_1,A,2,cnn,cnn73,single,hiranniramol,sequence,cnn_ig,0.0067406622692942,,,,cnn_feature_importance.csv
A_pos_4,A,5,cnn,cnn73,single,hiranniramol,sequence,cnn_ig,0.0073201213963329,,,,cnn_feature_importance.csv
G_pos_3,G,4,cnn,cnn73,single,hiranniramol,sequence,cnn_ig,0.0085293352603912,,,,cnn_feature_importance.csv
A_pos_6,A,7,cnn,cnn73,single,hiranniramol,sequence,cnn_ig,0.0091322837397456,,,,cnn_feature_importance.csv
A_pos_5,A,6,cnn,cnn73,single,hiranniramol,sequence,cnn_ig,0.0093260398134589,,,,cnn_feature_importance.csv
C_pos_22,C,23,cnn,cnn73,single,hiranniramol,sequence,cnn_ig,0.0,,,,cnn_feature_importance.csv
C_pos_6,C,7,cnn,cnn73,single,hiranniramol,sequence,cnn_ig,0.0087831187993288,,,,cnn_feature_importance.csv
A_pos_11,A,12,cnn,cnn73,single,hiranniramol,sequence,cnn_ig,0.0128065943717956,,,,cnn_feature_importance.csv
C_pos_8,C,9,cnn,cnn73,single,hiranniramol,sequence,cnn_ig,0.0091016199439764,,,,cnn_feature_importance.csv
C_pos_20,C,21,cnn,cnn73,single,hiranniramol,sequence,cnn_ig,0.0100167114287614,,,,cnn_feature_importance.csv
A_pos_19,A,20,cnn,cnn73,single,hiranniramol,sequence,cnn_ig,0.0244940742850303,,,,cnn_feature_importance.csv
C_pos_14,C,15,cnn,cnn73,single,hiranniramol,sequence,cnn_ig,0.0080431075766682,,,,cnn_feature_importance.csv
C_pos_21,C,22,cnn,cnn73,single,hiranniramol,sequence,cnn_ig,0.0,,,,cnn_feature_importance.csv
C_pos_10,C,11,cnn,cnn73,single,hiranniramol,sequence,cnn_ig,0.0071687442250549,,,,cnn_feature_importance.csv
A_pos_0,A,1,cnn,cnn73,single,hiranniramol,sequence,cnn_ig,0.0092049883678555,,,,cnn_feature_importance.csv
C_pos_9,C,10,cnn,cnn73,single,hiranniramol,sequence,cnn_ig,0.0065721184946596,,,,cnn_feature_importance.csv
C_pos_15,C,16,cnn,cnn73,single,hiranniramol,sequence,cnn_ig,0.0072490097954869,,,,cnn_feature_importance.csv
A_pos_9,A,10,cnn,cnn73,single,hiranniramol,sequence,cnn_ig,0.0108749512583017,,,,cnn_feature_importance.csv
G_pos_2,G,3,cnn,cnn73,single,hiranniramol,sequence,cnn_ig,0.0096904598176479,,,,cnn_feature_importance.csv
A_pos_7,A,8,cnn,cnn73,single,hiranniramol,sequence,cnn_ig,0.0071124667301774,,,,cnn_feature_importance.csv
C_pos_12,C,13,cnn,cnn73,single,hiranniramol,sequence,cnn_ig,0.0065790978260338,,,,cnn_feature_importance.csv
C_pos_13,C,14,cnn,cnn73,single,hiranniramol,sequence,cnn_ig,0.0070539666339755,,,,cnn_feature_importance.csv
A_pos_12,A,13,cnn,cnn73,single,hiranniramol,sequence,cnn_ig,0.0086368517950177,,,,cnn_feature_importance.csv
T_pos_2,T,3,cnn,cnn73,single,hiranniramol,sequence,cnn_ig,0.0092652328312397,,,,cnn_feature_importance.csv
A_pos_22,A,23,cnn,cnn73,single,hiranniramol,sequence,cnn_ig,0.0,,,,cnn_feature_importance.csv
C_pos_5,C,6,cnn,cnn73,single,hiranniramol,sequence,cnn_ig,0.0119858682155609,,,,cnn_feature_importance.csv
C_pos_7,C,8,cnn,cnn73,single,hiranniramol,sequence,cnn_ig,0.0072065647691488,,,,cnn_feature_importance.csv
C_pos_11,C,12,cnn,cnn73,single,hiranniramol,sequence,cnn_ig,0.0083731152117252,,,,cnn_feature_importance.csv
G_pos_1,G,2,cnn,cnn73,single,hiranniramol,sequence,cnn_ig,0.0092968866229057,,,,cnn_feature_importance.csv
C_pos_4,C,5,cnn,cnn73,single,hiranniramol,sequence,cnn_ig,0.0076999124139547,,,,cnn_feature_importance.csv
T_pos_1,T,2,cnn,cnn73,single,hiranniramol,sequence,cnn_ig,0.0121989883482456,,,,cnn_feature_importance.csv
G_pos_0,G,1,cnn,cnn73,single,hiranniramol,sequence,cnn_ig,0.0126967132091522,,,,cnn_feature_importance.csv
C_pos_3,C,4,cnn,cnn73,single,hiranniramol,sequence,cnn_ig,0.0073029305785894,,,,cnn_feature_importance.csv
C_pos_2,C,3,cnn,cnn73,single,hiranniramol,sequence,cnn_ig,0.0112520148977637,,,,cnn_feature_importance.csv
C_pos_1,C,2,cnn,cnn73,single,hiranniramol,sequence,cnn_ig,0.0038773131091147,,,,cnn_feature_importance.csv
T_pos_0,T,1,cnn,cnn73,single,hiranniramol,sequence,cnn_ig,0.0065305246971547,,,,cnn_feature_importance.csv
C_pos_0,C,1,cnn,cnn73,single,hiranniramol,sequence,cnn_ig,0.0042350688017904,,,,cnn_feature_importance.csv
pos1_A,A,1,linear,,single,hiranniramol,sequence,linear_coefficient,0.0345471406683515,1.2408688818086837,0.0345471406683515,,linear_regression_weights.csv
pos1_C,C,1,linear,,single,hiranniramol,sequence,linear_coefficient,0.0063710927258953,0.2238520782976079,0.0063710927258953,,linear_regression_weights.csv
pos1_G,G,1,linear,,single,hiranniramol,sequence,linear_coefficient,0.0622525061762331,2.226301435310496,0.0622525061762331,,linear_regression_weights.csv
pos2_A,A,2,linear,,single,hiranniramol,sequence,linear_coefficient,0.046255063249838,1.6613464918900076,0.046255063249838,,linear_regression_weights.csv
pos2_C,C,2,linear,,single,hiranniramol,sequence,linear_coefficient,0.0846798416208138,3.002403751763808,0.0846798416208138,,linear_regression_weights.csv
pos2_G,G,2,linear,,single,hiranniramol,sequence,linear_coefficient,0.0394375816291215,1.4098615116226894,0.0394375816291215,,linear_regression_weights.csv
pos3_A,A,3,linear,,single,hiranniramol,sequence,linear_coefficient,0.0135115080425895,0.4696211724165868,0.0135115080425895,,linear_regression_weights.csv
pos3_C,C,3,linear,,single,hiranniramol,sequence,linear_coefficient,-0.0311094657260798,-1.091248064044261,-0.0311094657260798,,linear_regression_weights.csv
pos3_G,G,3,linear,,single,hiranniramol,sequence,linear_coefficient,0.0056359930824061,0.1954076300798232,0.0056359930824061,,linear_regression_weights.csv
pos4_A,A,4,linear,,single,hiranniramol,sequence,linear_coefficient,0.0597215413885527,2.148416492314734,0.0597215413885527,,linear_regression_weights.csv
pos4_C,C,4,linear,,single,hiranniramol,sequence,linear_coefficient,0.0169343218974928,0.5953100802617993,0.0169343218974928,,linear_regression_weights.csv
pos4_G,G,4,linear,,single,hiranniramol,sequence,linear_coefficient,0.0710733219377909,2.5560332949727687,0.0710733219377909,,linear_regression_weights.csv
pos5_A,A,5,linear,,single,hiranniramol,sequence,linear_coefficient,0.0078905727425348,0.2750820680913023,0.0078905727425348,,linear_regression_weights.csv
pos5_C,C,5,linear,,single,hiranniramol,sequence,linear_coefficient,-0.0059169013448976,-0.2076380623381349,-0.0059169013448976,,linear_regression_weights.csv
pos5_G,G,5,linear,,single,hiranniramol,sequence,linear_coefficient,0.0075641032337154,0.2713213729080676,0.0075641032337154,,linear_regression_weights.csv
pos6_A,A,6,linear,,single,hiranniramol,sequence,linear_coefficient,0.1136005730656809,3.957574007576944,0.1136005730656809,,linear_regression_weights.csv
pos6_C,C,6,linear,,single,hiranniramol,sequence,linear_coefficient,0.0572521272823237,2.0250540377514046,0.0572521272823237,,linear_regression_weights.csv
pos6_G,G,6,linear,,single,hiranniramol,sequence,linear_coefficient,0.1130134832456164,4.000068145173112,0.1130134832456164,,linear_regression_weights.csv
pos7_A,A,7,linear,,single,hiranniramol,sequence,linear_coefficient,0.0022801365858599,0.0823618561246543,0.0022801365858599,,linear_regression_weights.csv
pos7_C,C,7,linear,,single,hiranniramol,sequence,linear_coefficient,0.0379438773698441,1.3010980745454408,0.0379438773698441,,linear_regression_weights.csv
pos7_G,G,7,linear,,single,hiranniramol,sequence,linear_coefficient,0.0609455454403305,2.167747715646956,0.0609455454403305,,linear_regression_weights.csv
pos8_A,A,8,linear,,single,hiranniramol,sequence,linear_coefficient,0.0516380176986604,1.8106489044421872,0.0516380176986604,,linear_regression_weights.csv
pos8_C,C,8,linear,,single,hiranniramol,sequence,linear_coefficient,0.0319080364419022,1.1173577937399304,0.0319080364419022,,linear_regression_weights.csv
pos8_G,G,8,linear,,single,hiranniramol,sequence,linear_coefficient,0.0266577908642388,0.953611241086639,0.0266577908642388,,linear_regression_weights.csv
pos9_A,A,9,linear,,single,hiranniramol,sequence,linear_coefficient,-0.003465638525172,-0.1250045931872447,-0.003465638525172,,linear_regression_weights.csv
pos9_C,C,9,linear,,single,hiranniramol,sequence,linear_coefficient,0.0315773591448725,1.116037198967568,0.0315773591448725,,linear_regression_weights.csv
pos9_G,G,9,linear,,single,hiranniramol,sequence,linear_coefficient,0.0191463797018042,0.6917761946915826,0.0191463797018042,,linear_regression_weights.csv
pos10_A,A,10,linear,,single,hiranniramol,sequence,linear_coefficient,0.1022820150634411,3.7031953474568575,0.1022820150634411,,linear_regression_weights.csv
pos10_C,C,10,linear,,single,hiranniramol,sequence,linear_coefficient,0.095532097827013,3.429100761241051,0.095532097827013,,linear_regression_weights.csv
pos10_G,G,10,linear,,single,hiranniramol,sequence,linear_coefficient,0.0378234236762836,1.3966782710185666,0.0378234236762836,,linear_regression_weights.csv
pos11_A,A,11,linear,,single,hiranniramol,sequence,linear_coefficient,0.143702041447456,5.176430536481635,0.143702041447456,,linear_regression_weights.csv
pos11_C,C,11,linear,,single,hiranniramol,sequence,linear_coefficient,0.0513485081561963,1.8451050765992008,0.0513485081561963,,linear_regression_weights.csv
pos11_G,G,11,linear,,single,hiranniramol,sequence,linear_coefficient,0.0858391094202964,3.122574497253556,0.0858391094202964,,linear_regression_weights.csv
pos12_A,A,12,linear,,single,hiranniramol,sequence,linear_coefficient,0.0682978165325365,2.4507977213075702,0.0682978165325365,,linear_regression_weights.csv
pos12_C,C,12,linear,,single,hiranniramol,sequence,linear_coefficient,0.036173202819923,1.3072681949128813,0.036173202819923,,linear_regression_weights.csv
pos12_G,G,12,linear,,single,hiranniramol,sequence,linear_coefficient,0.0056454559255019,0.2073278427240018,0.0056454559255019,,linear_regression_weights.csv
pos13_A,A,13,linear,,single,hiranniramol,sequence,linear_coefficient,0.0426846877163732,1.5165491918479206,0.0426846877163732,,linear_regression_weights.csv
pos13_C,C,13,linear,,single,hiranniramol,sequence,linear_coefficient,0.0524135108940942,1.8015311643482423,0.0524135108940942,,linear_regression_weights.csv
pos13_G,G,13,linear,,single,hiranniramol,sequence,linear_coefficient,0.0454187703885347,1.665877816483961,0.0454187703885347,,linear_regression_weights.csv
pos14_A,A,14,linear,,single,hiranniramol,sequence,linear_coefficient,0.0594930527551684,2.114448890179156,0.0594930527551684,,linear_regression_weights.csv
pos14_C,C,14,linear,,single,hiranniramol,sequence,linear_coefficient,-0.0137011455281713,-0.4806186396266219,-0.0137011455281713,,linear_regression_weights.csv
pos14_G,G,14,linear,,single,hiranniramol,sequence,linear_coefficient,-0.0517521773163795,-1.8261667780069444,-0.0517521773163795,,linear_regression_weights.csv
pos15_A,A,15,linear,,single,hiranniramol,sequence,linear_coefficient,0.1463520194002188,5.133483812813305,0.1463520194002188,,linear_regression_weights.csv
pos15_C,C,15,linear,,single,hiranniramol,sequence,linear_coefficient,0.0159737430255727,0.5754774337443926,0.0159737430255727,,linear_regression_weights.csv
pos15_G,G,15,linear,,single,hiranniramol,sequence,linear_coefficient,0.0535540703044648,1.982083402276538,0.0535540703044648,,linear_regression_weights.csv
pos16_A,A,16,linear,,single,hiranniramol,sequence,linear_coefficient,0.1076241116815268,3.752086277114057,0.1076241116815268,,linear_regression_weights.csv
pos16_C,C,16,linear,,single,hiranniramol,sequence,linear_coefficient,0.0640472510982784,2.268451697659957,0.0640472510982784,,linear_regression_weights.csv
pos16_G,G,16,linear,,single,hiranniramol,sequence,linear_coefficient,0.0153437495299997,0.54804996119206,0.0153437495299997,,linear_regression_weights.csv
pos17_A,A,17,linear,,single,hiranniramol,sequence,linear_coefficient,0.1006733803044747,3.651011236405663,0.1006733803044747,,linear_regression_weights.csv
pos17_C,C,17,linear,,single,hiranniramol,sequence,linear_coefficient,0.1549728477100725,5.742951896642361,0.1549728477100725,,linear_regression_weights.csv
pos17_G,G,17,linear,,single,hiranniramol,sequence,linear_coefficient,0.0821442292044997,2.931643514757591,0.0821442292044997,,linear_regression_weights.csv
pos18_A,A,18,linear,,single,hiranniramol,sequence,linear_coefficient,0.0670136626637916,2.3669073335026494,0.0670136626637916,,linear_regression_weights.csv
pos18_C,C,18,linear,,single,hiranniramol,sequence,linear_coefficient,0.1379591529533223,4.96419979480431,0.1379591529533223,,linear_regression_weights.csv
pos18_G,G,18,linear,,single,hiranniramol,sequence,linear_coefficient,0.0564929584655545,2.0666873318471963,0.0564929584655545,,linear_regression_weights.csv
pos19_A,A,19,linear,,single,hiranniramol,sequence,linear_coefficient,0.1382720786233774,4.84742566217589,0.1382720786233774,,linear_regression_weights.csv
pos19_C,C,19,linear,,single,hiranniramol,sequence,linear_coefficient,0.1476158427461047,5.25839165240503,0.1476158427461047,,linear_regression_weights.csv
pos19_G,G,19,linear,,single,hiranniramol,sequence,linear_coefficient,0.2675516601486118,9.485290551567942,0.2675516601486118,,linear_regression_weights.csv
pos20_A,A,20,linear,,single,hiranniramol,sequence,linear_coefficient,0.1309409304890479,4.773959544958207,0.1309409304890479,,linear_regression_weights.csv
pos20_C,C,20,linear,,single,hiranniramol,sequence,linear_coefficient,0.0470413640810937,1.6503657050724378,0.0470413640810937,,linear_regression_weights.csv
pos20_G,G,20,linear,,single,hiranniramol,sequence,linear_coefficient,0.2951211541795844,10.469790972912232,0.2951211541795844,,linear_regression_weights.csv
pos21_A,A,21,linear,,single,hiranniramol,sequence,linear_coefficient,0.0119553847013231,0.4321517888431848,0.0119553847013231,,linear_regression_weights.csv
pos21_C,C,21,linear,,single,hiranniramol,sequence,linear_coefficient,0.0795136885644559,2.9042254917070998,0.0795136885644559,,linear_regression_weights.csv
pos21_G,G,21,linear,,single,hiranniramol,sequence,linear_coefficient,0.1417877337846457,5.177472689467913,0.1417877337846457,,linear_regression_weights.csv
pos22_A,A,22,linear,,single,hiranniramol,sequence,linear_coefficient,-1.134680869710872e-37,-3.588175965707118e-30,-1.134680869710872e-37,,linear_regression_weights.csv
pos22_C,C,22,linear,,single,hiranniramol,sequence,linear_coefficient,0.0,0.0,0.0,,linear_regression_weights.csv
pos22_G,G,22,linear,,single,hiranniramol,sequence,linear_coefficient,-515308188253.1051,-1.2827070624226171,-515308188253.1051,,linear_regression_weights.csv
pos23_A,A,23,linear,,single,hiranniramol,sequence,linear_coefficient,0.0,0.0,0.0,,linear_regression_weights.csv
pos23_C,C,23,linear,,single,hiranniramol,sequence,linear_coefficient,0.0,0.0,0.0,,linear_regression_weights.csv
pos23_G,G,23,linear,,single,hiranniramol,sequence,linear_coefficient,-497905297157.31433,-1.282707062422626,-497905297157.31433,,linear_regression_weights.csv
pos22_G,G,22,mlp,,single,hiranniramol,sequence,mlp_ig,0.06116622,3.0086215,,,mlp_feature_importance.csv
pos20_G,G,20,mlp,,single,hiranniramol,sequence,mlp_ig,0.04110568,0.5511834,,,mlp_feature_importance.csv
pos19_G,G,19,mlp,,single,hiranniramol,sequence,mlp_ig,0.032062143,0.62266797,,,mlp_feature_importance.csv
pos17_C,C,17,mlp,,single,hiranniramol,sequence,mlp_ig,0.032036915,0.64849573,,,mlp_feature_importance.csv
pos15_A,A,15,mlp,,single,hiranniramol,sequence,mlp_ig,0.027273428,0.49518582,,,mlp_feature_importance.csv
pos20_T,T,20,mlp,,single,hiranniramol,sequence,mlp_ig,0.02559653,0.56533414,,,mlp_feature_importance.csv
pos18_C,C,18,mlp,,single,hiranniramol,sequence,mlp_ig,0.023566594,0.5819353,,,mlp_feature_importance.csv
pos21_G,G,21,mlp,,single,hiranniramol,sequence,mlp_ig,0.023302581,0.59035486,,,mlp_feature_importance.csv
pos23_G,G,23,mlp,,single,hiranniramol,sequence,mlp_ig,0.02197973,1.2915438,,,mlp_feature_importance.csv
pos19_T,T,19,mlp,,single,hiranniramol,sequence,mlp_ig,0.021047166,0.5206749,,,mlp_feature_importance.csv
pos18_T,T,18,mlp,,single,hiranniramol,sequence,mlp_ig,0.018631319,0.60620034,,,mlp_feature_importance.csv
pos2_C,C,2,mlp,,single,hiranniramol,sequence,mlp_ig,0.018159209,0.531596,,,mlp_feature_importance.csv
pos11_A,A,11,mlp,,single,hiranniramol,sequence,mlp_ig,0.017718412,0.55485153,,,mlp_feature_importance.csv
pos20_C,C,20,mlp,,single,hiranniramol,sequence,mlp_ig,0.017482435,0.47841865,,,mlp_feature_importance.csv
pos10_A,A,10,mlp,,single,hiranniramol,sequence,mlp_ig,0.01718288,0.53277,,,mlp_feature_importance.csv
pos16_A,A,16,mlp,,single,hiranniramol,sequence,mlp_ig,0.016751185,0.5169639,,,mlp_feature_importance.csv
pos13_G,G,13,mlp,,single,hiranniramol,sequence,mlp_ig,0.016556086,0.5848158,,,mlp_feature_importance.csv
pos1_G,G,1,mlp,,single,hiranniramol,sequence,mlp_ig,0.01582027,0.54601073,,,mlp_feature_importance.csv
pos17_T,T,17,mlp,,single,hiranniramol,sequence,mlp_ig,0.015820218,0.5019184,,,mlp_feature_importance.csv
pos15_G,G,15,mlp,,single,hiranniramol,sequence,mlp_ig,0.015455594,0.5415492,,,mlp_feature_importance.csv
pos10_C,C,10,mlp,,single,hiranniramol,sequence,mlp_ig,0.014907551,0.4828308,,,mlp_feature_importance.csv
pos12_A,A,12,mlp,,single,hiranniramol,sequence,mlp_ig,0.013881101,0.51349777,,,mlp_feature_importance.csv
pos13_C,C,13,mlp,,single,hiranniramol,sequence,mlp_ig,0.013755595,0.5158612,,,mlp_feature_importance.csv
pos7_G,G,7,mlp,,single,hiranniramol,sequence,mlp_ig,0.0135026695,0.54074264,,,mlp_feature_importance.csv
pos6_G,G,6,mlp,,single,hiranniramol,sequence,mlp_ig,0.013273689,0.5379799,,,mlp_feature_importance.csv
pos11_G,G,11,mlp,,single,hiranniramol,sequence,mlp_ig,0.012204987,0.52296555,,,mlp_feature_importance.csv
pos21_C,C,21,mlp,,single,hiranniramol,sequence,mlp_ig,0.011803215,0.51172197,,,mlp_feature_importance.csv
pos14_A,A,14,mlp,,single,hiranniramol,sequence,mlp_ig,0.010830314,0.45213246,,,mlp_feature_importance.csv
pos17_A,A,17,mlp,,single,hiranniramol,sequence,mlp_ig,0.010252795,0.4634029,,,mlp_feature_importance.csv
pos20_A,A,20,mlp,,single,hiranniramol,sequence,mlp_ig,0.010094625,0.52363765,,,mlp_feature_importance.csv
pos4_A,A,4,mlp,,single,hiranniramol,sequence,mlp_ig,0.010037328,0.46072352,,,mlp_feature_importance.csv
pos3_G,G,3,mlp,,single,hiranniramol,sequence,mlp_ig,0.009987151,0.54463995,,,mlp_feature_importance.csv
pos6_A,A,6,mlp,,single,hiranniramol,sequence,mlp_ig,0.009765643,0.44254315,,,mlp_feature_importance.csv
pos13_A,A,13,mlp,,single,hiranniramol,sequence,mlp_ig,0.0096774055,0.4716524,,,mlp_feature_importance.csv
pos6_T,T,6,mlp,,single,hiranniramol,sequence,mlp_ig,0.009107888,0.46225914,,,mlp_feature_importance.csv
pos3_T,T,3,mlp,,single,hiranniramol,sequence,mlp_ig,0.0090534445,0.4358179,,,mlp_feature_importance.csv
pos7_C,C,7,mlp,,single,hiranniramol,sequence,mlp_ig,0.008655974,0.5248364,,,mlp_feature_importance.csv
pos16_T,T,16,mlp,,single,hiranniramol,sequence,mlp_ig,0.00863505,0.4232994,,,mlp_feature_importance.csv
pos16_G,G,16,mlp,,single,hiranniramol,sequence,mlp_ig,0.008217752,0.4776428,,,mlp_feature_importance.csv
pos4_G,G,4,mlp,,single,hiranniramol,sequence,mlp_ig,0.007998027,0.48466533,,,mlp_feature_importance.csv
pos12_C,C,12,mlp,,single,hiranniramol,sequence,mlp_ig,0.0076470873,0.46410152,,,mlp_feature_importance.csv
pos9_G,G,9,mlp,,single,hiranniramol,sequence,mlp_ig,0.007580986,0.43047154,,,mlp_feature_importance.csv
pos18_G,G,18,mlp,,single,hiranniramol,sequence,mlp_ig,0.007424145,0.39923298,,,mlp_feature_importance.csv
pos11_T,T,11,mlp,,single,hiranniramol,sequence,mlp_ig,0.0072831647,0.405043,,,mlp_feature_importance.csv
pos21_A,A,21,mlp,,single,hiranniramol,sequence,mlp_ig,0.0072653075,0.3912509,,,mlp_feature_importance.csv
pos14_G,G,14,mlp,,single,hiranniramol,sequence,mlp_ig,0.007185669,0.47244987,,,mlp_feature_importance.csv
pos9_C,C,9,mlp,,single,hiranniramol,sequence,mlp_ig,0.007161513,0.4378352,,,mlp_feature_importance.csv
pos1_A,A,1,mlp,,single,hiranniramol,sequence,mlp_ig,0.007002793,0.43299034,,,mlp_feature_importance.csv
pos21_T,T,21,mlp,,single,hiranniramol,sequence,mlp_ig,0.0069233966,0.47114506,,,mlp_feature_importance.csv
pos3_A,A,3,mlp,,single,hiranniramol,sequence,mlp_ig,0.006922938,0.44927156,,,mlp_feature_importance.csv
pos8_C,C,8,mlp,,single,hiranniramol,sequence,mlp_ig,0.0069137025,0.47632983,,,mlp_feature_importance.csv
pos1_T,T,1,mlp,,single,hiranniramol,sequence,mlp_ig,0.006825306,0.40249336,,,mlp_feature_importance.csv
pos10_G,G,10,mlp,,single,hiranniramol,sequence,mlp_ig,0.006791294,0.4990652,,,mlp_feature_importance.csv
pos6_C,C,6,mlp,,single,hiranniramol,sequence,mlp_ig,0.006749446,0.48283622,,,mlp_feature_importance.csv
pos16_C,C,16,mlp,,single,hiranniramol,sequence,mlp_ig,0.006647438,0.41706154,,,mlp_feature_importance.csv
pos8_G,G,8,mlp,,single,hiranniramol,sequence,mlp_ig,0.0065959105,0.43847394,,,mlp_feature_importance.csv
pos4_C,C,4,mlp,,single,hiranniramol,sequence,mlp_ig,0.006274457,0.41229746,,,mlp_feature_importance.csv
pos2_T,T,2,mlp,,single,hiranniramol,sequence,mlp_ig,0.0061017154,0.46519163,,,mlp_feature_importance.csv
pos10_T,T,10,mlp,,single,hiranniramol,sequence,mlp_ig,0.0060309623,0.42878693,,,mlp_feature_importance.csv
pos7_T,T,7,mlp,,single,hiranniramol,sequence,mlp_ig,0.0059699,0.38209233,,,mlp_feature_importance.csv
pos5_T,T,5,mlp,,single,hiranniramol,sequence,mlp_ig,0.0059698015,0.4218496,,,mlp_feature_importance.csv
pos15_C,C,15,mlp,,single,hiranniramol,sequence,mlp_ig,0.005679432,0.4039671,,,mlp_feature_importance.csv
pos17_G,G,17,mlp,,single,hiranniramol,sequence,mlp_ig,0.0056456816,0.41036287,,,mlp_feature_importance.csv
pos8_A,A,8,mlp,,single,hiranniramol,sequence,mlp_ig,0.0055182087,0.38921338,,,mlp_feature_importance.csv
pos1_C,C,1,mlp,,single,hiranniramol,sequence,mlp_ig,0.005500018,0.43192327,,,mlp_feature_importance.csv
pos2_G,G,2,mlp,,single,hiranniramol,sequence,mlp_ig,0.005458226,0.41655657,,,mlp_feature_importance.csv
pos14_T,T,14,mlp,,single,hiranniramol,sequence,mlp_ig,0.005293552,0.45262343,,,mlp_feature_importance.csv
pos19_C,C,19,mlp,,single,hiranniramol,sequence,mlp_ig,0.005181988,0.39369348,,,mlp_feature_importance.csv
pos2_A,A,2,mlp,,single,hiranniramol,sequence,mlp_ig,0.0051402836,0.3807306,,,mlp_feature_importance.csv
pos19_A,A,19,mlp,,single,hiranniramol,sequence,mlp_ig,0.0051366813,0.41388705,,,mlp_feature_importance.csv
pos14_C,C,14,mlp,,single,hiranniramol,sequence,mlp_ig,0.0050399983,0.40073937,,,mlp_feature_importance.csv
pos5_A,A,5,mlp,,single,hiranniramol,sequence,mlp_ig,0.004976335,0.40116554,,,mlp_feature_importance.csv
pos11_C,C,11,mlp,,single,hiranniramol,sequence,mlp_ig,0.0049535437,0.44345143,,,mlp_feature_importance.csv
pos5_G,G,5,mlp,,single,hiranniramol,sequence,mlp_ig,0.004789163,0.37524018,,,mlp_feature_importance.csv
pos12_T,T,12,mlp,,single,hiranniramol,sequence,mlp_ig,0.0045435894,0.38803026,,,mlp_feature_importance.csv
pos3_C,C,3,mlp,,single,hiranniramol,sequence,mlp_ig,0.0044927653,0.40657443,,,mlp_feature_importance.csv
pos7_A,A,7,mlp,,single,hiranniramol,sequence,mlp_ig,0.0044677537,0.38266554,,,mlp_feature_importance.csv
pos15_T,T,15,mlp,,single,hiranniramol,sequence,mlp_ig,0.0043840334,0.3907169,,,mlp_feature_importance.csv
pos4_T,T,4,mlp,,single,hiranniramol,sequence,mlp_ig,0.004321407,0.39689225,,,mlp_feature_importance.csv
pos8_T,T,8,mlp,,single,hiranniramol,sequence,mlp_ig,0.0041633267,0.37237322,,,mlp_feature_importance.csv
pos9_A,A,9,mlp,,single,hiranniramol,sequence,mlp_ig,0.0041384655,0.37934685,,,mlp_feature_importance.csv
pos5_C,C,5,mlp,,single,hiranniramol,sequence,mlp_ig,0.0041220933,0.3913181,,,mlp_feature_importance.csv
pos18_A,A,18,mlp,,single,hiranniramol,sequence,mlp_ig,0.0037549136,0.36031294,,,mlp_feature_importance.csv
pos12_G,G,12,mlp,,single,hiranniramol,sequence,mlp_ig,0.0033270684,0.40602607,,,mlp_feature_importance.csv
pos9_T,T,9,mlp,,single,hiranniramol,sequence,mlp_ig,0.003282937,0.37195876,,,mlp_feature_importance.csv
pos13_T,T,13,mlp,,single,hiranniramol,sequence,mlp_ig,0.0025846455,0.340164,,,mlp_feature_importance.csv
pos22_C,C,22,mlp,,single,hiranniramol,sequence,mlp_ig,0.0,0.0,,,mlp_feature_importance.csv
pos22_A,A,22,mlp,,single,hiranniramol,sequence,mlp_ig,0.0,0.0,,,mlp_feature_importance.csv
pos22_T,T,22,mlp,,single,hiranniramol,sequence,mlp_ig,0.0,0.0,,,mlp_feature_importance.csv
pos23_A,A,23,mlp,,single,hiranniramol,sequence,mlp_ig,0.0,0.0,,,mlp_feature_importance.csv
pos23_C,C,23,mlp,,single,hiranniramol,sequence,mlp_ig,0.0,0.0,,,mlp_feature_importance.csv
pos23_T,T,23,mlp,,single,hiranniramol,sequence,mlp_ig,0.0,0.0,,,mlp_feature_importance.csv
T_pos_19,T,20,transformer,,single,hiranniramol,sequence,transformer_attention,0.1555447429418563,1.780941128730774,,3.811779260635376,transformer_feature_importance.csv
G_pos_19,G,20,transformer,,single,hiranniramol,sequence,transformer_attention,0.1555447429418563,1.780941128730774,,3.811779260635376,transformer_feature_importance.csv
C_pos_19,C,20,transformer,,single,hiranniramol,sequence,transformer_attention,0.1555447429418563,1.780941128730774,,3.811779260635376,transformer_feature_importance.csv
A_pos_19,A,20,transformer,,single,hiranniramol,sequence,transformer_attention,0.1555447429418563,1.780941128730774,,3.811779260635376,transformer_feature_importance.csv
A_pos_18,A,19,transformer,,single,hiranniramol,sequence,transformer_attention,0.1534537076950073,2.0385262966156006,,3.811779260635376,transformer_feature_importance.csv
C_pos_18,C,19,transformer,,single,hiranniramol,sequence,transformer_attention,0.1534537076950073,2.0385262966156006,,3.811779260635376,transformer_feature_importance.csv
G_pos_18,G,19,transformer,,single,hiranniramol,sequence,transformer_attention,0.1534537076950073,2.0385262966156006,,3.811779260635376,transformer_feature_importance.csv
T_pos_18,T,19,transformer,,single,hiranniramol,sequence,transformer_attention,0.1534537076950073,2.0385262966156006,,3.811779260635376,transformer_feature_importance.csv
A_pos_0,A,1,transformer,,single,hiranniramol,sequence,transformer_attention,0.0562113597989082,0.9425455927848816,,3.811779260635376,transformer_feature_importance.csv
C_pos_0,C,1,transformer,,single,hiranniramol,sequence,transformer_attention,0.0562113597989082,0.9425455927848816,,3.811779260635376,transformer_feature_importance.csv
G_pos_0,G,1,transformer,,single,hiranniramol,sequence,transformer_attention,0.0562113597989082,0.9425455927848816,,3.811779260635376,transformer_feature_importance.csv
T_pos_0,T,1,transformer,,single,hiranniramol,sequence,transformer_attention,0.0562113597989082,0.9425455927848816,,3.811779260635376,transformer_feature_importance.csv
T_pos_10,T,11,transformer,,single,hiranniramol,sequence,transformer_attention,0.053130280226469,2.4095382690429688,,3.811779260635376,transformer_feature_importance.csv
G_pos_10,G,11,transformer,,single,hiranniramol,sequence,transformer_attention,0.053130280226469,2.4095382690429688,,3.811779260635376,transformer_feature_importance.csv
C_pos_10,C,11,transformer,,single,hiranniramol,sequence,transformer_attention,0.053130280226469,2.4095382690429688,,3.811779260635376,transformer_feature_importance.csv
A_pos_10,A,11,transformer,,single,hiranniramol,sequence,transformer_attention,0.053130280226469,2.4095382690429688,,3.811779260635376,transformer_feature_importance.csv
A_pos_1,A,2,transformer,,single,hiranniramol,sequence,transformer_attention,0.0526347458362579,0.930637776851654,,3.811779260635376,transformer_feature_importance.csv
C_pos_1,C,2,transformer,,single,hiranniramol,sequence,transformer_attention,0.0526347458362579,0.930637776851654,,3.811779260635376,transformer_feature_importance.csv
G_pos_1,G,2,transformer,,single,hiranniramol,sequence,transformer_attention,0.0526347458362579,0.930637776851654,,3.811779260635376,transformer_feature_importance.csv
T_pos_1,T,2,transformer,,single,hiranniramol,sequence,transformer_attention,0.0526347458362579,0.930637776851654,,3.811779260635376,transformer_feature_importance.csv
T_pos_20,T,21,transformer,,single,hiranniramol,sequence,transformer_attention,0.0516149774193763,1.0954442024230957,,3.811779260635376,transformer_feature_importance.csv
G_pos_20,G,21,transformer,,single,hiranniramol,sequence,transformer_attention,0.0516149774193763,1.0954442024230957,,3.811779260635376,transformer_feature_importance.csv
C_pos_20,C,21,transformer,,single,hiranniramol,sequence,transformer_attention,0.0516149774193763,1.0954442024230957,,3.811779260635376,transformer_feature_importance.csv
A_pos_20,A,21,transformer,,single,hiranniramol,sequence,transformer_attention,0.0516149774193763,1.0954442024230957,,3.811779260635376,transformer_feature_importance.csv
A_pos_11,A,12,transformer,,single,hiranniramol,sequence,transformer_attention,0.0482178330421447,1.8765032291412356,,3.811779260635376,transformer_feature_importance.csv
C_pos_11,C,12,transformer,,single,hiranniramol,sequence,transformer_attention,0.0482178330421447,1.8765032291412356,,3.811779260635376,transformer_feature_importance.csv
G_pos_11,G,12,transformer,,single,hiranniramol,sequence,transformer_attention,0.0482178330421447,1.8765032291412356,,3.811779260635376,transformer_feature_importance.csv
T_pos_11,T,12,transformer,,single,hiranniramol,sequence,transformer_attention,0.0482178330421447,1.8765032291412356,,3.811779260635376,transformer_feature_importance.csv
T_pos_2,T,3,transformer,,single,hiranniramol,sequence,transformer_attention,0.0435509271919727,1.0630881786346436,,3.811779260635376,transformer_feature_importance.csv
G_pos_2,G,3,transformer,,single,hiranniramol,sequence,transformer_attention,0.0435509271919727,1.0630881786346436,,3.811779260635376,transformer_feature_importance.csv
C_pos_2,C,3,transformer,,single,hiranniramol,sequence,transformer_attention,0.0435509271919727,1.0630881786346436,,3.811779260635376,transformer_feature_importance.csv
A_pos_2,A,3,transformer,,single,hiranniramol,sequence,transformer_attention,0.0435509271919727,1.0630881786346436,,3.811779260635376,transformer_feature_importance.csv
T_pos_17,T,18,transformer,,single,hiranniramol,sequence,transformer_attention,0.0389056093990802,1.6580246686935425,,3.811779260635376,transformer_feature_importance.csv
G_pos_17,G,18,transformer,,single,hiranniramol,sequence,transformer_attention,0.0389056093990802,1.6580246686935425,,3.811779260635376,transformer_feature_importance.csv
C_pos_17,C,18,transformer,,single,hiranniramol,sequence,transformer_attention,0.0389056093990802,1.6580246686935425,,3.811779260635376,transformer_feature_importance.csv
A_pos_17,A,18,transformer,,single,hiranniramol,sequence,transformer_attention,0.0389056093990802,1.6580246686935425,,3.811779260635376,transformer_feature_importance.csv
A_pos_5,A,6,transformer,,single,hiranniramol,sequence,transformer_attention,0.0339665859937667,1.0972330570220947,,3.811779260635376,transformer_feature_importance.csv
C_pos_5,C,6,transformer,,single,hiranniramol,sequence,transformer_attention,0.0339665859937667,1.0972330570220947,,3.811779260635376,transformer_feature_importance.csv
G_pos_5,G,6,transformer,,single,hiranniramol,sequence,transformer_attention,0.0339665859937667,1.0972330570220947,,3.811779260635376,transformer_feature_importance.csv
T_pos_5,T,6,transformer,,single,hiranniramol,sequence,transformer_attention,0.0339665859937667,1.0972330570220947,,3.811779260635376,transformer_feature_importance.csv
A_pos_4,A,5,transformer,,single,hiranniramol,sequence,transformer_attention,0.0328432023525238,1.146390438079834,,3.811779260635376,transformer_feature_importance.csv
C_pos_4,C,5,transformer,,single,hiranniramol,sequence,transformer_attention,0.0328432023525238,1.146390438079834,,3.811779260635376,transformer_feature_importance.csv
G_pos_4,G,5,transformer,,single,hiranniramol,sequence,transformer_attention,0.0328432023525238,1.146390438079834,,3.811779260635376,transformer_feature_importance.csv
T_pos_4,T,5,transformer,,single,hiranniramol,sequence,transformer_attention,0.0328432023525238,1.146390438079834,,3.811779260635376,transformer_feature_importance.csv
T_pos_6,T,7,transformer,,single,hiranniramol,sequence,transformer_attention,0.0321663245558738,0.9582777619361876,,3.811779260635376,transformer_feature_importance.csv
G_pos_6,G,7,transformer,,single,hiranniramol,sequence,transformer_attention,0.0321663245558738,0.9582777619361876,,3.811779260635376,transformer_feature_importance.csv
C_pos_6,C,7,transformer,,single,hiranniramol,sequence,transformer_attention,0.0321663245558738,0.9582777619361876,,3.811779260635376,transformer_feature_importance.csv
A_pos_6,A,7,transformer,,single,hiranniramol,sequence,transformer_attention,0.0321663245558738,0.9582777619361876,,3.811779260635376,transformer_feature_importance.csv
A_pos_9,A,10,transformer,,single,hiranniramol,sequence,transformer_attention,0.0315822996199131,1.5525667667388916,,3.811779260635376,transformer_feature_importance.csv
C_pos_9,C,10,transformer,,single,hiranniramol,sequence,transformer_attention,0.0315822996199131,1.5525667667388916,,3.811779260635376,transformer_feature_importance.csv
G_pos_9,G,10,transformer,,single,hiranniramol,sequence,transformer_attention,0.0315822996199131,1.5525667667388916,,3.811779260635376,transformer_feature_importance.csv
T_pos_9,T,10,transformer,,single,hiranniramol,sequence,transformer_attention,0.0315822996199131,1.5525667667388916,,3.811779260635376,transformer_feature_importance.csv
T_pos_3,T,4,transformer,,single,hiranniramol,sequence,transformer_attention,0.0299581456929445,1.0899059772491455,,3.811779260635376,transformer_feature_importance.csv
G_pos_3,G,4,transformer,,single,hiranniramol,sequence,transformer_attention,0.0299581456929445,1.0899059772491455,,3.811779260635376,transformer_feature_importance.csv
C_pos_3,C,4,transformer,,single,hiranniramol,sequence,transformer_attention,0.0299581456929445,1.0899059772491455,,3.811779260635376,transformer_feature_importance.csv
A_pos_3,A,4,transformer,,single,hiranniramol,sequence,transformer_attention,0.0299581456929445,1.0899059772491455,,3.811779260635376,transformer_feature_importance.csv
T_pos_7,T,8,transformer,,single,hiranniramol,sequence,transformer_attention,0.0271982178092002,0.9734809398651124,,3.811779260635376,transformer_feature_importance.csv
G_pos_7,G,8,transformer,,single,hiranniramol,sequence,transformer_attention,0.0271982178092002,0.9734809398651124,,3.811779260635376,transformer_feature_importance.csv
C_pos_7,C,8,transformer,,single,hiranniramol,sequence,transformer_attention,0.0271982178092002,0.9734809398651124,,3.811779260635376,transformer_feature_importance.csv
A_pos_7,A,8,transformer,,single,hiranniramol,sequence,transformer_attention,0.0271982178092002,0.9734809398651124,,3.811779260635376,transformer_feature_importance.csv
A_pos_21,A,22,transformer,,single,hiranniramol,sequence,transformer_attention,0.0241193585097789,3.7907443046569824,,3.811779260635376,transformer_feature_importance.csv
C_pos_21,C,22,transformer,,single,hiranniramol,sequence,transformer_attention,0.0241193585097789,3.7907443046569824,,3.811779260635376,transformer_feature_importance.csv
G_pos_21,G,22,transformer,,single,hiranniramol,sequence,transformer_attention,0.0241193585097789,3.7907443046569824,,3.811779260635376,transformer_feature_importance.csv
T_pos_21,T,22,transformer,,single,hiranniramol,sequence,transformer_attention,0.0241193585097789,3.7907443046569824,,3.811779260635376,transformer_feature_importance.csv
T_pos_8,T,9,transformer,,single,hiranniramol,sequence,transformer_attention,0.0240438319742679,1.2082210779190063,,3.811779260635376,transformer_feature_importance.csv
G_pos_8,G,9,transformer,,single,hiranniramol,sequence,transformer_attention,0.0240438319742679,1.2082210779190063,,3.811779260635376,transformer_feature_importance.csv
C_pos_8,C,9,transformer,,single,hiranniramol,sequence,transformer_attention,0.0240438319742679,1.2082210779190063,,3.811779260635376,transformer_feature_importance.csv
A_pos_8,A,9,transformer,,single,hiranniramol,sequence,transformer_attention,0.0240438319742679,1.2082210779190063,,3.811779260635376,transformer_feature_importance.csv
T_pos_16,T,17,transformer,,single,hiranniramol,sequence,transformer_attention,0.0233785323798656,1.5860782861709597,,3.811779260635376,transformer_feature_importance.csv
G_pos_16,G,17,transformer,,single,hiranniramol,sequence,transformer_attention,0.0233785323798656,1.5860782861709597,,3.811779260635376,transformer_feature_importance.csv
C_pos_16,C,17,transformer,,single,hiranniramol,sequence,transformer_attention,0.0233785323798656,1.5860782861709597,,3.811779260635376,transformer_feature_importance.csv
A_pos_16,A,17,transformer,,single,hiranniramol,sequence,transformer_attention,0.0233785323798656,1.5860782861709597,,3.811779260635376,transformer_feature_importance.csv
T_pos_15,T,16,transformer,,single,hiranniramol,sequence,transformer_attention,0.0213243197649717,1.4103679656982422,,3.811779260635376,transformer_feature_importance.csv
G_pos_15,G,16,transformer,,single,hiranniramol,sequence,transformer_attention,0.0213243197649717,1.4103679656982422,,3.811779260635376,transformer_feature_importance.csv
C_pos_15,C,16,transformer,,single,hiranniramol,sequence,transformer_attention,0.0213243197649717,1.4103679656982422,,3.811779260635376,transformer_feature_importance.csv
A_pos_15,A,16,transformer,,single,hiranniramol,sequence,transformer_attention,0.0213243197649717,1.4103679656982422,,3.811779260635376,transformer_feature_importance.csv
T_pos_12,T,13,transformer,,single,hiranniramol,sequence,transformer_attention,0.0184752363711595,1.950316071510315,,3.811779260635376,transformer_feature_importance.csv
G_pos_12,G,13,transformer,,single,hiranniramol,sequence,transformer_attention,0.0184752363711595,1.950316071510315,,3.811779260635376,transformer_feature_importance.csv
C_pos_12,C,13,transformer,,single,hiranniramol,sequence,transformer_attention,0.0184752363711595,1.950316071510315,,3.811779260635376,transformer_feature_importance.csv
A_pos_12,A,13,transformer,,single,hiranniramol,sequence,transformer_attention,0.0184752363711595,1.950316071510315,,3.811779260635376,transformer_feature_importance.csv
A_pos_22,A,23,transformer,,single,hiranniramol,sequence,transformer_attention,0.017441663891077,4.818188667297363,,3.811779260635376,transformer_feature_importance.csv
C_pos_22,C,23,transformer,,single,hiranniramol,sequence,transformer_attention,0.017441663891077,4.818188667297363,,3.811779260635376,transformer_feature_importance.csv
G_pos_22,G,23,transformer,,single,hiranniramol,sequence,transformer_attention,0.017441663891077,4.818188667297363,,3.811779260635376,transformer_feature_importance.csv
T_pos_22,T,23,transformer,,single,hiranniramol,sequence,transformer_attention,0.017441663891077,4.818188667297363,,3.811779260635376,transformer_feature_importance.csv
A_pos_14,A,15,transformer,,single,hiranniramol,sequence,transformer_attention,0.017440466210246,1.2372641563415527,,3.811779260635376,transformer_feature_importance.csv
C_pos_14,C,15,transformer,,single,hiranniramol,sequence,transformer_attention,0.017440466210246,1.2372641563415527,,3.811779260635376,transformer_feature_importance.csv
G_pos_14,G,15,transformer,,single,hiranniramol,sequence,transformer_attention,0.017440466210246,1.2372641563415527,,3.811779260635376,transformer_feature_importance.csv
T_pos_14,T,15,transformer,,single,hiranniramol,sequence,transformer_attention,0.017440466210246,1.2372641563415527,,3.811779260635376,transformer_feature_importance.csv
A_pos_13,A,14,transformer,,single,hiranniramol,sequence,transformer_attention,0.0127976788207888,1.5401266813278198,,3.811779260635376,transformer_feature_importance.csv
C_pos_13,C,14,transformer,,single,hiranniramol,sequence,transformer_attention,0.0127976788207888,1.5401266813278198,,3.811779260635376,transformer_feature_importance.csv
G_pos_13,G,14,transformer,,single,hiranniramol,sequence,transformer_attention,0.0127976788207888,1.5401266813278198,,3.811779260635376,transformer_feature_importance.csv
T_pos_13,T,14,transformer,,single,hiranniramol,sequence,transformer_attention,0.0127976788207888,1.5401266813278198,,3.811779260635376,transformer_feature_importance.csv
pos20_G,G,20,xgboost,,single,hiranniramol,sequence,xgboost_treeshap,0.0656419545412063,0.8458194296410335,,,xgboost_feature_importance.csv
pos19_T,T,19,xgboost,,single,hiranniramol,sequence,xgboost_treeshap,0.0508598126471042,0.8167821292715922,,,xgboost_feature_importance.csv
pos19_G,G,19,xgboost,,single,hiranniramol,sequence,xgboost_treeshap,0.0371928289532661,0.8341261140224093,,,xgboost_feature_importance.csv
pos20_T,T,20,xgboost,,single,hiranniramol,sequence,xgboost_treeshap,0.0357896983623504,0.8271920184829626,,,xgboost_feature_importance.csv
pos21_G,G,21,xgboost,,single,hiranniramol,sequence,xgboost_treeshap,0.028280034661293,0.8297901248426393,,,xgboost_feature_importance.csv
pos14_A,A,14,xgboost,,single,hiranniramol,sequence,xgboost_treeshap,0.0174339432269334,0.8441159387989476,,,xgboost_feature_importance.csv
pos11_A,A,11,xgboost,,single,hiranniramol,sequence,xgboost_treeshap,0.0201262664049863,0.8020556429319208,,,xgboost_feature_importance.csv
pos17_T,T,17,xgboost,,single,hiranniramol,sequence,xgboost_treeshap,0.0312579423189163,0.8016994146280515,,,xgboost_feature_importance.csv
pos18_T,T,18,xgboost,,single,hiranniramol,sequence,xgboost_treeshap,0.0222022384405136,0.8124587584253611,,,xgboost_feature_importance.csv
pos18_C,C,18,xgboost,,single,hiranniramol,sequence,xgboost_treeshap,0.019582699984312,0.7868918004765145,,,xgboost_feature_importance.csv
pos17_C,C,17,xgboost,,single,hiranniramol,sequence,xgboost_treeshap,0.0180266983807086,0.8217630968938882,,,xgboost_feature_importance.csv
pos15_A,A,15,xgboost,,single,hiranniramol,sequence,xgboost_treeshap,0.0231656786054372,0.7772919980777159,,,xgboost_feature_importance.csv
pos11_T,T,11,xgboost,,single,hiranniramol,sequence,xgboost_treeshap,0.024782471358776,0.8304084164826937,,,xgboost_feature_importance.csv
pos16_T,T,16,xgboost,,single,hiranniramol,sequence,xgboost_treeshap,0.0148979723453521,0.7344242786162606,,,xgboost_feature_importance.csv
pos15_T,T,15,xgboost,,single,hiranniramol,sequence,xgboost_treeshap,0.0134212188422679,0.8118934710332187,,,xgboost_feature_importance.csv
pos20_C,C,20,xgboost,,single,hiranniramol,sequence,xgboost_treeshap,0.0155029827728867,0.7818901747925923,,,xgboost_feature_importance.csv
pos20_A,A,20,xgboost,,single,hiranniramol,sequence,xgboost_treeshap,0.0086320657283067,0.7410859456163041,,,xgboost_feature_importance.csv
pos10_T,T,10,xgboost,,single,hiranniramol,sequence,xgboost_treeshap,0.0241349767893552,0.8052604008344143,,,xgboost_feature_importance.csv
pos21_C,C,21,xgboost,,single,hiranniramol,sequence,xgboost_treeshap,0.0095749301835894,0.7274194897861616,,,xgboost_feature_importance.csv
pos14_G,G,14,xgboost,,single,hiranniramol,sequence,xgboost_treeshap,0.0166669767349958,0.8138409297965213,,,xgboost_feature_importance.csv
pos6_G,G,6,xgboost,,single,hiranniramol,sequence,xgboost_treeshap,0.012526050209999,0.8270698662342417,,,xgboost_feature_importance.csv
pos18_G,G,18,xgboost,,single,hiranniramol,sequence,xgboost_treeshap,0.0060531613416969,0.6905546890929477,,,xgboost_feature_importance.csv
pos6_T,T,6,xgboost,,single,hiranniramol,sequence,xgboost_treeshap,0.0132728219032287,0.8069268641524886,,,xgboost_feature_importance.csv
pos12_A,A,12,xgboost,,single,hiranniramol,sequence,xgboost_treeshap,0.0113426512107253,0.7566472573741756,,,xgboost_feature_importance.csv
pos16_A,A,16,xgboost,,single,hiranniramol,sequence,xgboost_treeshap,0.0128237465396523,0.7550021784275086,,,xgboost_feature_importance.csv
pos14_T,T,14,xgboost,,single,hiranniramol,sequence,xgboost_treeshap,0.0039228708483278,0.5392637379052913,,,xgboost_feature_importance.csv
pos21_T,T,21,xgboost,,single,hiranniramol,sequence,xgboost_treeshap,0.0170640293508768,0.7873952720583229,,,xgboost_feature_importance.csv
pos7_T,T,7,xgboost,,single,hiranniramol,sequence,xgboost_treeshap,0.0083128158003091,0.7451565298239324,,,xgboost_feature_importance.csv
pos6_A,A,6,xgboost,,single,hiranniramol,sequence,xgboost_treeshap,0.006655026692897,0.731341643675305,,,xgboost_feature_importance.csv
pos2_T,T,2,xgboost,,single,hiranniramol,sequence,xgboost_treeshap,0.0116769699379801,0.8024687493608281,,,xgboost_feature_importance.csv
pos13_C,C,13,xgboost,,single,hiranniramol,sequence,xgboost_treeshap,0.007448982913047,0.6706454392558716,,,xgboost_feature_importance.csv
pos4_G,G,4,xgboost,,single,hiranniramol,sequence,xgboost_treeshap,0.0080481087788939,0.7458984647246003,,,xgboost_feature_importance.csv
pos17_G,G,17,xgboost,,single,hiranniramol,sequence,xgboost_treeshap,0.0038480767980217,0.7174152747148491,,,xgboost_feature_importance.csv
pos8_A,A,8,xgboost,,single,hiranniramol,sequence,xgboost_treeshap,0.0083349840715527,0.7726385116064617,,,xgboost_feature_importance.csv
pos1_T,T,1,xgboost,,single,hiranniramol,sequence,xgboost_treeshap,0.0104253329336643,0.7568502724563335,,,xgboost_feature_importance.csv
pos16_G,G,16,xgboost,,single,hiranniramol,sequence,xgboost_treeshap,0.0113498521968722,0.799735394784918,,,xgboost_feature_importance.csv
pos1_G,G,1,xgboost,,single,hiranniramol,sequence,xgboost_treeshap,0.0129112275317311,0.8010354452989281,,,xgboost_feature_importance.csv
pos7_G,G,7,xgboost,,single,hiranniramol,sequence,xgboost_treeshap,0.0074087362736463,0.7963548789541145,,,xgboost_feature_importance.csv
pos4_C,C,4,xgboost,,single,hiranniramol,sequence,xgboost_treeshap,0.0074037066660821,0.7519379048637567,,,xgboost_feature_importance.csv
pos8_G,G,8,xgboost,,single,hiranniramol,sequence,xgboost_treeshap,0.0033688992261886,0.6610225658872989,,,xgboost_feature_importance.csv
pos13_T,T,13,xgboost,,single,hiranniramol,sequence,xgboost_treeshap,0.0076083457097411,0.7848173267325669,,,xgboost_feature_importance.csv
pos13_A,A,13,xgboost,,single,hiranniramol,sequence,xgboost_treeshap,0.0028404488693922,0.6647746720870753,,,xgboost_feature_importance.csv
pos19_C,C,19,xgboost,,single,hiranniramol,sequence,xgboost_treeshap,0.0038389859255403,0.7066996469298098,,,xgboost_feature_importance.csv
pos12_T,T,12,xgboost,,single,hiranniramol,sequence,xgboost_treeshap,0.0063031422905623,0.7687543787051745,,,xgboost_feature_importance.csv
pos17_A,A,17,xgboost,,single,hiranniramol,sequence,xgboost_treeshap,0.002728612627834,0.5965088106564204,,,xgboost_feature_importance.csv
pos16_C,C,16,xgboost,,single,hiranniramol,sequence,xgboost_treeshap,0.0033330675214529,0.7197770066869479,,,xgboost_feature_importance.csv
pos4_T,T,4,xgboost,,single,hiranniramol,sequence,xgboost_treeshap,0.0103130005300045,0.7841505217171862,,,xgboost_feature_importance.csv
pos21_A,A,21,xgboost,,single,hiranniramol,sequence,xgboost_treeshap,0.0098145650699734,0.7870017381903884,,,xgboost_feature_importance.csv
pos8_C,C,8,xgboost,,single,hiranniramol,sequence,xgboost_treeshap,0.0020479736849665,0.6705416272761987,,,xgboost_feature_importance.csv
pos2_C,C,2,xgboost,,single,hiranniramol,sequence,xgboost_treeshap,0.0112127941101789,0.8019424362341382,,,xgboost_feature_importance.csv
pos15_C,C,15,xgboost,,single,hiranniramol,sequence,xgboost_treeshap,0.0049345651641488,0.6836997304422713,,,xgboost_feature_importance.csv
pos3_C,C,3,xgboost,,single,hiranniramol,sequence,xgboost_treeshap,0.008931933902204,0.7989389510921335,,,xgboost_feature_importance.csv
pos9_C,C,9,xgboost,,single,hiranniramol,sequence,xgboost_treeshap,0.0044152038171887,0.7512460645089931,,,xgboost_feature_importance.csv
pos10_C,C,10,xgboost,,single,hiranniramol,sequence,xgboost_treeshap,0.0035245879553258,0.8105425860961787,,,xgboost_feature_importance.csv
pos19_A,A,19,xgboost,,single,hiranniramol,sequence,xgboost_treeshap,0.0032987727317959,0.6750981903587422,,,xgboost_feature_importance.csv
pos7_A,A,7,xgboost,,single,hiranniramol,sequence,xgboost_treeshap,0.0061115780845284,0.7277111695540128,,,xgboost_feature_importance.csv
pos1_C,C,1,xgboost,,single,hiranniramol,sequence,xgboost_treeshap,0.0122510325163602,0.8180534556935978,,,xgboost_feature_importance.csv
pos13_G,G,13,xgboost,,single,hiranniramol,sequence,xgboost_treeshap,0.0032708693761378,0.720394832833333,,,xgboost_feature_importance.csv
pos8_T,T,8,xgboost,,single,hiranniramol,sequence,xgboost_treeshap,0.0055755199864506,0.7182813612452823,,,xgboost_feature_importance.csv
pos11_C,C,11,xgboost,,single,hiranniramol,sequence,xgboost_treeshap,0.0048473752103745,0.733196535819935,,,xgboost_feature_importance.csv
pos15_G,G,15,xgboost,,single,hiranniramol,sequence,xgboost_treeshap,0.0035712120588868,0.7144743881799956,,,xgboost_feature_importance.csv
pos7_C,C,7,xgboost,,single,hiranniramol,sequence,xgboost_treeshap,0.0028241651598364,0.7041492200279031,,,xgboost_feature_importance.csv
pos14_C,C,14,xgboost,,single,hiranniramol,sequence,xgboost_treeshap,0.002289104508236,0.7090658920993927,,,xgboost_feature_importance.csv
pos2_G,G,2,xgboost,,single,hiranniramol,sequence,xgboost_treeshap,0.0016752372030168,0.7353964787507282,,,xgboost_feature_importance.csv
pos5_A,A,5,xgboost,,single,hiranniramol,sequence,xgboost_treeshap,0.0029401790816336,0.6553045531405743,,,xgboost_feature_importance.csv
pos3_A,A,3,xgboost,,single,hiranniramol,sequence,xgboost_treeshap,0.0037601378280669,0.7113106882433103,,,xgboost_feature_importance.csv
pos9_A,A,9,xgboost,,single,hiranniramol,sequence,xgboost_treeshap,0.0028753138612955,0.7159058628001017,,,xgboost_feature_importance.csv
pos2_A,A,2,xgboost,,single,hiranniramol,sequence,xgboost_treeshap,0.0017878748476505,0.7133303919834577,,,xgboost_feature_importance.csv
pos6_C,C,6,xgboost,,single,hiranniramol,sequence,xgboost_treeshap,0.004896477330476,0.7596867765297337,,,xgboost_feature_importance.csv
pos12_C,C,12,xgboost,,single,hiranniramol,sequence,xgboost_treeshap,0.0025021561887115,0.7211382902253106,,,xgboost_feature_importance.csv
pos18_A,A,18,xgboost,,single,hiranniramol,sequence,xgboost_treeshap,0.0026285382919013,0.6542039295276255,,,xgboost_feature_importance.csv
pos10_A,A,10,xgboost,,single,hiranniramol,sequence,xgboost_treeshap,0.0044662309810519,0.7242892682914464,,,xgboost_feature_importance.csv
pos5_C,C,5,xgboost,,single,hiranniramol,sequence,xgboost_treeshap,0.0030037364922463,0.7423463966404017,,,xgboost_feature_importance.csv
pos9_T,T,9,xgboost,,single,hiranniramol,sequence,xgboost_treeshap,0.0023416229523718,0.7196503324559492,,,xgboost_feature_importance.csv
pos9_G,G,9,xgboost,,single,hiranniramol,sequence,xgboost_treeshap,0.0030885946471244,0.6674367903017324,,,xgboost_feature_importance.csv
pos5_T,T,5,xgboost,,single,hiranniramol,sequence,xgboost_treeshap,0.0037770210765302,0.6562223761140948,,,xgboost_feature_importance.csv
pos10_G,G,10,xgboost,,single,hiranniramol,sequence,xgboost_treeshap,0.0068957204930484,0.811089051266872,,,xgboost_feature_importance.csv
pos11_G,G,11,xgboost,,single,hiranniramol,sequence,xgboost_treeshap,0.0029639508575201,0.6575415768561488,,,xgboost_feature_importance.csv
pos4_A,A,4,xgboost,,single,hiranniramol,sequence,xgboost_treeshap,0.0061623784713447,0.772278419618482,,,xgboost_feature_importance.csv
pos5_G,G,5,xgboost,,single,hiranniramol,sequence,xgboost_treeshap,0.002215594984591,0.6502961211201903,,,xgboost_feature_importance.csv
pos3_G,G,3,xgboost,,single,hiranniramol,sequence,xgboost_treeshap,0.0029204571619629,0.6767178948428604,,,xgboost_feature_importance.csv
pos12_G,G,12,xgboost,,single,hiranniramol,sequence,xgboost_treeshap,0.0035652762744575,0.7636204518606047,,,xgboost_feature_importance.csv
pos3_T,T,3,xgboost,,single,hiranniramol,sequence,xgboost_treeshap,0.0018637734465301,0.7075377686561676,,,xgboost_feature_importance.csv
pos1_A,A,1,xgboost,,single,hiranniramol,sequence,xgboost_treeshap,0.0021171995904296,0.701970848683662,,,xgboost_feature_importance.csv
pos22_A,A,22,xgboost,,single,hiranniramol,sequence,xgboost_treeshap,0.0,0.0,,,xgboost_feature_importance.csv
pos22_C,C,22,xgboost,,single,hiranniramol,sequence,xgboost_treeshap,0.0,0.0,,,xgboost_feature_importance.csv
pos22_G,G,22,xgboost,,single,hiranniramol,sequence,xgboost_treeshap,0.0,0.0,,,xgboost_feature_importance.csv
pos22_T,T,22,xgboost,,single,hiranniramol,sequence,xgboost_treeshap,0.0,0.0,,,xgboost_feature_importance.csv
pos23_A,A,23,xgboost,,single,hiranniramol,sequence,xgboost_treeshap,0.0,0.0,,,xgboost_feature_importance.csv
pos23_C,C,23,xgboost,,single,hiranniramol,sequence,xgboost_treeshap,0.0,0.0,,,xgboost_feature_importance.csv
pos23_G,G,23,xgboost,,single,hiranniramol,sequence,xgboost_treeshap,0.0,0.0,,,xgboost_feature_importance.csv
pos23_T,T,23,xgboost,,single,hiranniramol,sequence,xgboost_treeshap,0.0,0.0,,,xgboost_feature_importance.csv
pos20_G,G,20,xgboost,,single,hiranniramol,sequence,xgboost_gain,0.6116545796394348,,,,xgboost_feature_importance.csv
pos19_T,T,19,xgboost,,single,hiranniramol,sequence,xgboost_gain,0.5733702778816223,,,,xgboost_feature_importance.csv
pos19_G,G,19,xgboost,,single,hiranniramol,sequence,xgboost_gain,0.3793233633041382,,,,xgboost_feature_importance.csv
pos20_T,T,20,xgboost,,single,hiranniramol,sequence,xgboost_gain,0.3696737885475158,,,,xgboost_feature_importance.csv
pos21_G,G,21,xgboost,,single,hiranniramol,sequence,xgboost_gain,0.3508919179439544,,,,xgboost_feature_importance.csv
pos14_A,A,14,xgboost,,single,hiranniramol,sequence,xgboost_gain,0.2697663903236389,,,,xgboost_feature_importance.csv
pos11_A,A,11,xgboost,,single,hiranniramol,sequence,xgboost_gain,0.2649599015712738,,,,xgboost_feature_importance.csv
pos17_T,T,17,xgboost,,single,hiranniramol,sequence,xgboost_gain,0.2577895224094391,,,,xgboost_feature_importance.csv
pos18_T,T,18,xgboost,,single,hiranniramol,sequence,xgboost_gain,0.256059467792511,,,,xgboost_feature_importance.csv
pos18_C,C,18,xgboost,,single,hiranniramol,sequence,xgboost_gain,0.2490349113941192,,,,xgboost_feature_importance.csv
pos17_C,C,17,xgboost,,single,hiranniramol,sequence,xgboost_gain,0.2398609519004821,,,,xgboost_feature_importance.csv
pos15_A,A,15,xgboost,,single,hiranniramol,sequence,xgboost_gain,0.2195524871349334,,,,xgboost_feature_importance.csv
pos11_T,T,11,xgboost,,single,hiranniramol,sequence,xgboost_gain,0.2145659625530243,,,,xgboost_feature_importance.csv
pos16_T,T,16,xgboost,,single,hiranniramol,sequence,xgboost_gain,0.2100310772657394,,,,xgboost_feature_importance.csv
pos15_T,T,15,xgboost,,single,hiranniramol,sequence,xgboost_gain,0.2036739587783813,,,,xgboost_feature_importance.csv
pos20_C,C,20,xgboost,,single,hiranniramol,sequence,xgboost_gain,0.1757122576236724,,,,xgboost_feature_importance.csv
pos20_A,A,20,xgboost,,single,hiranniramol,sequence,xgboost_gain,0.1722323596477508,,,,xgboost_feature_importance.csv
pos10_T,T,10,xgboost,,single,hiranniramol,sequence,xgboost_gain,0.1670245975255966,,,,xgboost_feature_importance.csv
pos21_C,C,21,xgboost,,single,hiranniramol,sequence,xgboost_gain,0.1629292219877243,,,,xgboost_feature_importance.csv
pos14_G,G,14,xgboost,,single,hiranniramol,sequence,xgboost_gain,0.1592061072587967,,,,xgboost_feature_importance.csv
pos6_G,G,6,xgboost,,single,hiranniramol,sequence,xgboost_gain,0.1553466469049453,,,,xgboost_feature_importance.csv
pos18_G,G,18,xgboost,,single,hiranniramol,sequence,xgboost_gain,0.1533754169940948,,,,xgboost_feature_importance.csv
pos6_T,T,6,xgboost,,single,hiranniramol,sequence,xgboost_gain,0.1521794348955154,,,,xgboost_feature_importance.csv
pos12_A,A,12,xgboost,,single,hiranniramol,sequence,xgboost_gain,0.1496709734201431,,,,xgboost_feature_importance.csv
pos16_A,A,16,xgboost,,single,hiranniramol,sequence,xgboost_gain,0.14946149289608,,,,xgboost_feature_importance.csv
pos14_T,T,14,xgboost,,single,hiranniramol,sequence,xgboost_gain,0.1465052813291549,,,,xgboost_feature_importance.csv
pos21_T,T,21,xgboost,,single,hiranniramol,sequence,xgboost_gain,0.1456549763679504,,,,xgboost_feature_importance.csv
pos7_T,T,7,xgboost,,single,hiranniramol,sequence,xgboost_gain,0.1393668800592422,,,,xgboost_feature_importance.csv
pos6_A,A,6,xgboost,,single,hiranniramol,sequence,xgboost_gain,0.1368616074323654,,,,xgboost_feature_importance.csv
pos2_T,T,2,xgboost,,single,hiranniramol,sequence,xgboost_gain,0.1360187381505966,,,,xgboost_feature_importance.csv
pos13_C,C,13,xgboost,,single,hiranniramol,sequence,xgboost_gain,0.1335605084896087,,,,xgboost_feature_importance.csv
pos4_G,G,4,xgboost,,single,hiranniramol,sequence,xgboost_gain,0.132036879658699,,,,xgboost_feature_importance.csv
pos17_G,G,17,xgboost,,single,hiranniramol,sequence,xgboost_gain,0.1286587715148925,,,,xgboost_feature_importance.csv
pos8_A,A,8,xgboost,,single,hiranniramol,sequence,xgboost_gain,0.1235709339380264,,,,xgboost_feature_importance.csv
pos1_T,T,1,xgboost,,single,hiranniramol,sequence,xgboost_gain,0.12306959182024,,,,xgboost_feature_importance.csv
pos16_G,G,16,xgboost,,single,hiranniramol,sequence,xgboost_gain,0.1201004683971405,,,,xgboost_feature_importance.csv
pos1_G,G,1,xgboost,,single,hiranniramol,sequence,xgboost_gain,0.1154875680804252,,,,xgboost_feature_importance.csv
pos7_G,G,7,xgboost,,single,hiranniramol,sequence,xgboost_gain,0.1144783571362495,,,,xgboost_feature_importance.csv
pos4_C,C,4,xgboost,,single,hiranniramol,sequence,xgboost_gain,0.1122527718544006,,,,xgboost_feature_importance.csv
pos8_G,G,8,xgboost,,single,hiranniramol,sequence,xgboost_gain,0.1048276647925376,,,,xgboost_feature_importance.csv
pos13_T,T,13,xgboost,,single,hiranniramol,sequence,xgboost_gain,0.1036824434995651,,,,xgboost_feature_importance.csv
pos13_A,A,13,xgboost,,single,hiranniramol,sequence,xgboost_gain,0.1033224239945411,,,,xgboost_feature_importance.csv
pos19_C,C,19,xgboost,,single,hiranniramol,sequence,xgboost_gain,0.1013703644275665,,,,xgboost_feature_importance.csv
pos12_T,T,12,xgboost,,single,hiranniramol,sequence,xgboost_gain,0.1012205183506012,,,,xgboost_feature_importance.csv
pos17_A,A,17,xgboost,,single,hiranniramol,sequence,xgboost_gain,0.0977308228611946,,,,xgboost_feature_importance.csv
pos16_C,C,16,xgboost,,single,hiranniramol,sequence,xgboost_gain,0.0971330478787422,,,,xgboost_feature_importance.csv
pos4_T,T,4,xgboost,,single,hiranniramol,sequence,xgboost_gain,0.0959376022219657,,,,xgboost_feature_importance.csv
pos21_A,A,21,xgboost,,single,hiranniramol,sequence,xgboost_gain,0.0957909971475601,,,,xgboost_feature_importance.csv
pos8_C,C,8,xgboost,,single,hiranniramol,sequence,xgboost_gain,0.093994565308094,,,,xgboost_feature_importance.csv
pos2_C,C,2,xgboost,,single,hiranniramol,sequence,xgboost_gain,0.0939117819070816,,,,xgboost_feature_importance.csv
pos15_C,C,15,xgboost,,single,hiranniramol,sequence,xgboost_gain,0.0918119177222251,,,,xgboost_feature_importance.csv
pos3_C,C,3,xgboost,,single,hiranniramol,sequence,xgboost_gain,0.0906709507107734,,,,xgboost_feature_importance.csv
pos9_C,C,9,xgboost,,single,hiranniramol,sequence,xgboost_gain,0.0880633220076561,,,,xgboost_feature_importance.csv
pos10_C,C,10,xgboost,,single,hiranniramol,sequence,xgboost_gain,0.0873430743813514,,,,xgboost_feature_importance.csv
pos19_A,A,19,xgboost,,single,hiranniramol,sequence,xgboost_gain,0.086717665195465,,,,xgboost_feature_importance.csv
pos7_A,A,7,xgboost,,single,hiranniramol,sequence,xgboost_gain,0.0859750732779502,,,,xgboost_feature_importance.csv
pos1_C,C,1,xgboost,,single,hiranniramol,sequence,xgboost_gain,0.0842674821615219,,,,xgboost_feature_importance.csv
pos13_G,G,13,xgboost,,single,hiranniramol,sequence,xgboost_gain,0.0814001932740211,,,,xgboost_feature_importance.csv
pos8_T,T,8,xgboost,,single,hiranniramol,sequence,xgboost_gain,0.0810151845216751,,,,xgboost_feature_importance.csv
pos11_C,C,11,xgboost,,single,hiranniramol,sequence,xgboost_gain,0.0809070169925689,,,,xgboost_feature_importance.csv
pos15_G,G,15,xgboost,,single,hiranniramol,sequence,xgboost_gain,0.0804527699947357,,,,xgboost_feature_importance.csv
pos7_C,C,7,xgboost,,single,hiranniramol,sequence,xgboost_gain,0.0801038146018982,,,,xgboost_feature_importance.csv
pos14_C,C,14,xgboost,,single,hiranniramol,sequence,xgboost_gain,0.0799232125282287,,,,xgboost_feature_importance.csv
pos2_G,G,2,xgboost,,single,hiranniramol,sequence,xgboost_gain,0.079476773738861,,,,xgboost_feature_importance.csv
pos5_A,A,5,xgboost,,single,hiranniramol,sequence,xgboost_gain,0.0791181623935699,,,,xgboost_feature_importance.csv
pos3_A,A,3,xgboost,,single,hiranniramol,sequence,xgboost_gain,0.0788057297468185,,,,xgboost_feature_importance.csv
pos9_A,A,9,xgboost,,single,hiranniramol,sequence,xgboost_gain,0.0782665535807609,,,,xgboost_feature_importance.csv
pos2_A,A,2,xgboost,,single,hiranniramol,sequence,xgboost_gain,0.0775419995188713,,,,xgboost_feature_importance.csv
pos6_C,C,6,xgboost,,single,hiranniramol,sequence,xgboost_gain,0.076978325843811,,,,xgboost_feature_importance.csv
pos12_C,C,12,xgboost,,single,hiranniramol,sequence,xgboost_gain,0.0758061707019805,,,,xgboost_feature_importance.csv
pos18_A,A,18,xgboost,,single,hiranniramol,sequence,xgboost_gain,0.0749529376626014,,,,xgboost_feature_importance.csv
pos10_A,A,10,xgboost,,single,hiranniramol,sequence,xgboost_gain,0.0747874081134796,,,,xgboost_feature_importance.csv
pos5_C,C,5,xgboost,,single,hiranniramol,sequence,xgboost_gain,0.0741088762879371,,,,xgboost_feature_importance.csv
pos9_T,T,9,xgboost,,single,hiranniramol,sequence,xgboost_gain,0.0736430212855339,,,,xgboost_feature_importance.csv
pos9_G,G,9,xgboost,,single,hiranniramol,sequence,xgboost_gain,0.0713441222906112,,,,xgboost_feature_importance.csv
pos5_T,T,5,xgboost,,single,hiranniramol,sequence,xgboost_gain,0.0700129121541976,,,,xgboost_feature_importance.csv
pos10_G,G,10,xgboost,,single,hiranniramol,sequence,xgboost_gain,0.0681541636586189,,,,xgboost_feature_importance.csv
pos11_G,G,11,xgboost,,single,hiranniramol,sequence,xgboost_gain,0.0672269165515899,,,,xgboost_feature_importance.csv
pos4_A,A,4,xgboost,,single,hiranniramol,sequence,xgboost_gain,0.065637432038784,,,,xgboost_feature_importance.csv
pos5_G,G,5,xgboost,,single,hiranniramol,sequence,xgboost_gain,0.0650559440255165,,,,xgboost_feature_importance.csv
pos3_G,G,3,xgboost,,single,hiranniramol,sequence,xgboost_gain,0.0646568834781646,,,,xgboost_feature_importance.csv
pos12_G,G,12,xgboost,,single,hiranniramol,sequence,xgboost_gain,0.0645101144909858,,,,xgboost_feature_importance.csv
pos3_T,T,3,xgboost,,single,hiranniramol,sequence,xgboost_gain,0.0625146478414535,,,,xgboost_feature_importance.csv
pos1_A,A,1,xgboost,,single,hiranniramol,sequence,xgboost_gain,0.0565010644495487,,,,xgboost_feature_importance.csv
pos22_A,A,22,xgboost,,single,hiranniramol,sequence,xgboost_gain,0.0,,,,xgboost_feature_importance.csv
pos22_C,C,22,xgboost,,single,hiranniramol,sequence,xgboost_gain,0.0,,,,xgboost_feature_importance.csv
pos22_G,G,22,xgboost,,single,hiranniramol,sequence,xgboost_gain,0.0,,,,xgboost_feature_importance.csv
pos22_T,T,22,xgboost,,single,hiranniramol,sequence,xgboost_gain,0.0,,,,xgboost_feature_importance.csv
pos23_A,A,23,xgboost,,single,hiranniramol,sequence,xgboost_gain,0.0,,,,xgboost_feature_importance.csv
pos23_C,C,23,xgboost,,single,hiranniramol,sequence,xgboost_gain,0.0,,,,xgboost_feature_importance.csv
pos23_G,G,23,xgboost,,single,hiranniramol,sequence,xgboost_gain,0.0,,,,xgboost_feature_importance.csv
pos23_T,T,23,xgboost,,single,hiranniramol,sequence,xgboost_gain,0.0,,,,xgboost_feature_importance.csv
