motif_id,sample_id,cell_line,split_type,environment,model,model_variant,attribution_method,position_start,position_end,sequence,attribution_score,ism_effect,ig_effect,direction,efficacy
motif_cnn33_hiranniramol_sequence_cnn_ig_001,6,hiranniramol,single,sequence,cnn,cnn33,cnn_ig,20,23,TGGG,0.016253898793365768,0.06176875415258104,0.0104792518977774,unsigned,1.0
motif_cnn33_hiranniramol_sequence_cnn_ig_001,11,hiranniramol,single,sequence,cnn,cnn33,cnn_ig,20,23,TGGG,0.016253898793365768,0.06176875415258104,0.0104792518977774,unsigned,1.0
motif_cnn33_hiranniramol_sequence_cnn_ig_001,39,hiranniramol,single,sequence,cnn,cnn33,cnn_ig,20,23,TGGG,0.016253898793365768,0.06176875415258104,0.0104792518977774,unsigned,1.0
motif_cnn33_hiranniramol_sequence_cnn_ig_001,40,hiranniramol,single,sequence,cnn,cnn33,cnn_ig,20,23,TGGG,0.016253898793365768,0.06176875415258104,0.0104792518977774,unsigned,1.0
motif_cnn33_hiranniramol_sequence_cnn_ig_001,41,hiranniramol,single,sequence,cnn,cnn33,cnn_ig,20,23,TGGG,0.016253898793365768,0.06176875415258104,0.0104792518977774,unsigned,1.0
motif_cnn33_hiranniramol_sequence_cnn_ig_001,42,hiranniramol,single,sequence,cnn,cnn33,cnn_ig,20,23,TGGG,0.016253898793365768,0.06176875415258104,0.0104792518977774,unsigned,1.0
motif_cnn33_hiranniramol_sequence_cnn_ig_001,50,hiranniramol,single,sequence,cnn,cnn33,cnn_ig,20,23,TGGG,0.016253898793365768,0.06176875415258104,0.0104792518977774,unsigned,1.0
motif_cnn33_hiranniramol_sequence_cnn_ig_001,84,hiranniramol,single,sequence,cnn,cnn33,cnn_ig,20,23,TGGG,0.016253898793365768,0.06176875415258104,0.0104792518977774,unsigned,1.0
motif_cnn33_hiranniramol_sequence_cnn_ig_001,96,hiranniramol,single,sequence,cnn,cnn33,cnn_ig,20,23,TGGG,0.016253898793365768,0.06176875415258104,0.0104792518977774,unsigned,1.0
motif_cnn33_hiranniramol_sequence_cnn_ig_001,117,hiranniramol,single,sequence,cnn,cnn33,cnn_ig,20,23,TGGG,0.016253898793365768,0.06176875415258104,0.0104792518977774,unsigned,1.0
motif_cnn33_hiranniramol_sequence_cnn_ig_001,144,hiranniramol,single,sequence,cnn,cnn33,cnn_ig,20,23,TGGG,0.016253898793365768,0.06176875415258104,0.0104792518977774,unsigned,1.0
motif_cnn33_hiranniramol_sequence_cnn_ig_001,150,hiranniramol,single,sequence,cnn,cnn33,cnn_ig,20,23,TGGG,0.016253898793365768,0.06176875415258104,0.0104792518977774,unsigned,1.0
motif_cnn33_hiranniramol_sequence_cnn_ig_001,152,hiranniramol,single,sequence,cnn,cnn33,cnn_ig,20,23,TGGG,0.016253898793365768,0.06176875415258104,0.0104792518977774,unsigned,1.0
motif_cnn33_hiranniramol_sequence_cnn_ig_001,163,hiranniramol,single,sequence,cnn,cnn33,cnn_ig,20,23,TGGG,0.016253898793365768,0.06176875415258104,0.0104792518977774,unsigned,1.0
motif_cnn33_hiranniramol_sequence_cnn_ig_001,173,hiranniramol,single,sequence,cnn,cnn33,cnn_ig,20,23,TGGG,0.016253898793365768,0.06176875415258104,0.0104792518977774,unsigned,1.0
motif_cnn33_hiranniramol_sequence_cnn_ig_001,192,hiranniramol,single,sequence,cnn,cnn33,cnn_ig,20,23,TGGG,0.016253898793365768,0.06176875415258104,0.0104792518977774,unsigned,1.0
motif_cnn33_hiranniramol_sequence_cnn_ig_001,217,hiranniramol,single,sequence,cnn,cnn33,cnn_ig,20,23,TGGG,0.016253898793365768,0.06176875415258104,0.0104792518977774,unsigned,1.0
motif_cnn33_hiranniramol_sequence_cnn_ig_001,262,hiranniramol,single,sequence,cnn,cnn33,cnn_ig,20,23,TGGG,0.016253898793365768,0.06176875415258104,0.0104792518977774,unsigned,1.0
motif_cnn33_hiranniramol_sequence_cnn_ig_001,263,hiranniramol,single,sequence,cnn,cnn33,cnn_ig,20,23,TGGG,0.016253898793365768,0.06176875415258104,0.0104792518977774,unsigned,1.0
motif_cnn33_hiranniramol_sequence_cnn_ig_001,267,hiranniramol,single,sequence,cnn,cnn33,cnn_ig,20,23,TGGG,0.016253898793365768,0.06176875415258104,0.0104792518977774,unsigned,1.0
motif_cnn33_hiranniramol_sequence_cnn_ig_001,280,hiranniramol,single,sequence,cnn,cnn33,cnn_ig,20,23,TGGG,0.016253898793365768,0.06176875415258104,0.0104792518977774,unsigned,1.0
motif_cnn33_hiranniramol_sequence_cnn_ig_001,281,hiranniramol,single,sequence,cnn,cnn33,cnn_ig,20,23,TGGG,0.016253898793365768,0.06176875415258104,0.0104792518977774,unsigned,1.0
motif_cnn33_hiranniramol_sequence_cnn_ig_001,294,hiranniramol,single,sequence,cnn,cnn33,cnn_ig,20,23,TGGG,0.016253898793365768,0.06176875415258104,0.0104792518977774,unsigned,1.0
motif_cnn33_hiranniramol_sequence_cnn_ig_001,355,hiranniramol,single,sequence,cnn,cnn33,cnn_ig,20,23,TGGG,0.016253898793365768,0.06176875415258104,0.0104792518977774,unsigned,1.0
motif_cnn33_hiranniramol_sequence_cnn_ig_001,377,hiranniramol,single,sequence,cnn,cnn33,cnn_ig,20,23,TGGG,0.016253898793365768,0.06176875415258104,0.0104792518977774,unsigned,1.0
motif_cnn33_hiranniramol_sequence_cnn_ig_001,389,hiranniramol,single,sequence,cnn,cnn33,cnn_ig,20,23,TGGG,0.016253898793365768,0.06176875415258104,0.0104792518977774,unsigned,1.0
motif_cnn33_hiranniramol_sequence_cnn_ig_001,396,hiranniramol,single,sequence,cnn,cnn33,cnn_ig,20,23,TGGG,0.016253898793365768,0.06176875415258104,0.0104792518977774,unsigned,1.0
motif_cnn33_hiranniramol_sequence_cnn_ig_001,402,hiranniramol,single,sequence,cnn,cnn33,cnn_ig,20,23,TGGG,0.016253898793365768,0.06176875415258104,0.0104792518977774,unsigned,1.0
motif_cnn33_hiranniramol_sequence_cnn_ig_001,412,hiranniramol,single,sequence,cnn,cnn33,cnn_ig,20,23,TGGG,0.016253898793365768,0.06176875415258104,0.0104792518977774,unsigned,1.0
motif_cnn33_hiranniramol_sequence_cnn_ig_001,429,hiranniramol,single,sequence,cnn,cnn33,cnn_ig,20,23,TGGG,0.016253898793365768,0.06176875415258104,0.0104792518977774,unsigned,1.0
motif_cnn33_hiranniramol_sequence_cnn_ig_001,458,hiranniramol,single,sequence,cnn,cnn33,cnn_ig,20,23,TGGG,0.016253898793365768,0.06176875415258104,0.0104792518977774,unsigned,1.0
motif_cnn33_hiranniramol_sequence_cnn_ig_001,464,hiranniramol,single,sequence,cnn,cnn33,cnn_ig,20,23,TGGG,0.016253898793365768,0.06176875415258104,0.0104792518977774,unsigned,1.0
motif_cnn33_hiranniramol_sequence_cnn_ig_001,495,hiranniramol,single,sequence,cnn,cnn33,cnn_ig,20,23,TGGG,0.016253898793365768,0.06176875415258104,0.0104792518977774,unsigned,1.0
motif_cnn33_hiranniramol_sequence_cnn_ig_001,498,hiranniramol,single,sequence,cnn,cnn33,cnn_ig,20,23,TGGG,0.016253898793365768,0.06176875415258104,0.0104792518977774,unsigned,1.0
motif_cnn33_hiranniramol_sequence_cnn_ig_001,520,hiranniramol,single,sequence,cnn,cnn33,cnn_ig,20,23,TGGG,0.016253898793365768,0.06176875415258104,0.0104792518977774,unsigned,1.0
motif_cnn33_hiranniramol_sequence_cnn_ig_001,536,hiranniramol,single,sequence,cnn,cnn33,cnn_ig,20,23,TGGG,0.016253898793365768,0.06176875415258104,0.0104792518977774,unsigned,1.0
motif_cnn33_hiranniramol_sequence_cnn_ig_001,556,hiranniramol,single,sequence,cnn,cnn33,cnn_ig,20,23,TGGG,0.016253898793365768,0.06176875415258104,0.0104792518977774,unsigned,1.0
motif_cnn33_hiranniramol_sequence_cnn_ig_001,571,hiranniramol,single,sequence,cnn,cnn33,cnn_ig,20,23,TGGG,0.016253898793365768,0.06176875415258104,0.0104792518977774,unsigned,1.0
motif_cnn33_hiranniramol_sequence_cnn_ig_001,579,hiranniramol,single,sequence,cnn,cnn33,cnn_ig,20,23,TGGG,0.016253898793365768,0.06176875415258104,0.0104792518977774,unsigned,1.0
motif_cnn33_hiranniramol_sequence_cnn_ig_001,581,hiranniramol,single,sequence,cnn,cnn33,cnn_ig,20,23,TGGG,0.016253898793365768,0.06176875415258104,0.0104792518977774,unsigned,1.0
motif_cnn33_hiranniramol_sequence_cnn_ig_001,590,hiranniramol,single,sequence,cnn,cnn33,cnn_ig,20,23,TGGG,0.016253898793365768,0.06176875415258104,0.0104792518977774,unsigned,1.0
motif_cnn33_hiranniramol_sequence_cnn_ig_001,600,hiranniramol,single,sequence,cnn,cnn33,cnn_ig,20,23,TGGG,0.016253898793365768,0.06176875415258104,0.0104792518977774,unsigned,1.0
motif_cnn33_hiranniramol_sequence_cnn_ig_001,641,hiranniramol,single,sequence,cnn,cnn33,cnn_ig,20,23,TGGG,0.016253898793365768,0.06176875415258104,0.0104792518977774,unsigned,1.0
motif_cnn33_hiranniramol_sequence_cnn_ig_001,658,hiranniramol,single,sequence,cnn,cnn33,cnn_ig,20,23,TGGG,0.016253898793365768,0.06176875415258104,0.0104792518977774,unsigned,1.0
motif_cnn33_hiranniramol_sequence_cnn_ig_001,661,hiranniramol,single,sequence,cnn,cnn33,cnn_ig,20,23,TGGG,0.016253898793365768,0.06176875415258104,0.0104792518977774,unsigned,1.0
motif_cnn33_hiranniramol_sequence_cnn_ig_001,670,hiranniramol,single,sequence,cnn,cnn33,cnn_ig,20,23,TGGG,0.016253898793365768,0.06176875415258104,0.0104792518977774,unsigned,1.0
motif_cnn33_hiranniramol_sequence_cnn_ig_001,671,hiranniramol,single,sequence,cnn,cnn33,cnn_ig,20,23,TGGG,0.016253898793365768,0.06176875415258104,0.0104792518977774,unsigned,1.0
motif_cnn33_hiranniramol_sequence_cnn_ig_001,700,hiranniramol,single,sequence,cnn,cnn33,cnn_ig,20,23,TGGG,0.016253898793365768,0.06176875415258104,0.0104792518977774,unsigned,1.0
motif_cnn33_hiranniramol_sequence_cnn_ig_001,731,hiranniramol,single,sequence,cnn,cnn33,cnn_ig,20,23,TGGG,0.016253898793365768,0.06176875415258104,0.0104792518977774,unsigned,1.0
motif_cnn33_hiranniramol_sequence_cnn_ig_001,751,hiranniramol,single,sequence,cnn,cnn33,cnn_ig,20,23,TGGG,0.016253898793365768,0.06176875415258104,0.0104792518977774,unsigned,0.375
motif_cnn33_hiranniramol_sequence_cnn_ig_001,754,hiranniramol,single,sequence,cnn,cnn33,cnn_ig,20,23,TGGG,0.016253898793365768,0.06176875415258104,0.0104792518977774,unsigned,0.0909
motif_cnn33_hiranniramol_sequence_cnn_ig_001,763,hiranniramol,single,sequence,cnn,cnn33,cnn_ig,20,23,TGGG,0.016253898793365768,0.06176875415258104,0.0104792518977774,unsigned,0.3571
motif_cnn33_hiranniramol_sequence_cnn_ig_001,766,hiranniramol,single,sequence,cnn,cnn33,cnn_ig,20,23,TGGG,0.016253898793365768,0.06176875415258104,0.0104792518977774,unsigned,0.0
motif_cnn33_hiranniramol_sequence_cnn_ig_001,767,hiranniramol,single,sequence,cnn,cnn33,cnn_ig,20,23,TGGG,0.016253898793365768,0.06176875415258104,0.0104792518977774,unsigned,0.3846
motif_cnn33_hiranniramol_sequence_cnn_ig_001,770,hiranniramol,single,sequence,cnn,cnn33,cnn_ig,20,23,TGGG,0.016253898793365768,0.06176875415258104,0.0104792518977774,unsigned,0.4090999999999999
motif_cnn33_hiranniramol_sequence_cnn_ig_001,776,hiranniramol,single,sequence,cnn,cnn33,cnn_ig,20,23,TGGG,0.016253898793365768,0.06176875415258104,0.0104792518977774,unsigned,0.4847999999999999
motif_cnn33_hiranniramol_sequence_cnn_ig_001,778,hiranniramol,single,sequence,cnn,cnn33,cnn_ig,20,23,TGGG,0.016253898793365768,0.06176875415258104,0.0104792518977774,unsigned,0.4
motif_cnn33_hiranniramol_sequence_cnn_ig_001,789,hiranniramol,single,sequence,cnn,cnn33,cnn_ig,20,23,TGGG,0.016253898793365768,0.06176875415258104,0.0104792518977774,unsigned,0.2685
motif_cnn33_hiranniramol_sequence_cnn_ig_001,793,hiranniramol,single,sequence,cnn,cnn33,cnn_ig,20,23,TGGG,0.016253898793365768,0.06176875415258104,0.0104792518977774,unsigned,0.4100999999999999
motif_cnn33_hiranniramol_sequence_cnn_ig_001,794,hiranniramol,single,sequence,cnn,cnn33,cnn_ig,20,23,TGGG,0.016253898793365768,0.06176875415258104,0.0104792518977774,unsigned,0.5
motif_cnn33_hiranniramol_sequence_cnn_ig_001,839,hiranniramol,single,sequence,cnn,cnn33,cnn_ig,20,23,TGGG,0.016253898793365768,0.06176875415258104,0.0104792518977774,unsigned,0.4
motif_cnn33_hiranniramol_sequence_cnn_ig_001,842,hiranniramol,single,sequence,cnn,cnn33,cnn_ig,20,23,TGGG,0.016253898793365768,0.06176875415258104,0.0104792518977774,unsigned,0.5
motif_cnn33_hiranniramol_sequence_cnn_ig_001,857,hiranniramol,single,sequence,cnn,cnn33,cnn_ig,20,23,TGGG,0.016253898793365768,0.06176875415258104,0.0104792518977774,unsigned,0.0
motif_cnn33_hiranniramol_sequence_cnn_ig_001,863,hiranniramol,single,sequence,cnn,cnn33,cnn_ig,20,23,TGGG,0.016253898793365768,0.06176875415258104,0.0104792518977774,unsigned,0.5
motif_cnn33_hiranniramol_sequence_cnn_ig_001,877,hiranniramol,single,sequence,cnn,cnn33,cnn_ig,20,23,TGGG,0.016253898793365768,0.06176875415258104,0.0104792518977774,unsigned,0.0833
motif_cnn33_hiranniramol_sequence_cnn_ig_001,893,hiranniramol,single,sequence,cnn,cnn33,cnn_ig,20,23,TGGG,0.016253898793365768,0.06176875415258104,0.0104792518977774,unsigned,0.5
motif_cnn33_hiranniramol_sequence_cnn_ig_001,897,hiranniramol,single,sequence,cnn,cnn33,cnn_ig,20,23,TGGG,0.016253898793365768,0.06176875415258104,0.0104792518977774,unsigned,0.0909
motif_cnn33_hiranniramol_sequence_cnn_ig_001,899,hiranniramol,single,sequence,cnn,cnn33,cnn_ig,20,23,TGGG,0.016253898793365768,0.06176875415258104,0.0104792518977774,unsigned,0.1033999999999999
motif_cnn33_hiranniramol_sequence_cnn_ig_001,900,hiranniramol,single,sequence,cnn,cnn33,cnn_ig,20,23,TGGG,0.016253898793365768,0.06176875415258104,0.0104792518977774,unsigned,0.3936
motif_cnn33_hiranniramol_sequence_cnn_ig_001,918,hiranniramol,single,sequence,cnn,cnn33,cnn_ig,20,23,TGGG,0.016253898793365768,0.06176875415258104,0.0104792518977774,unsigned,0.0
motif_cnn33_hiranniramol_sequence_cnn_ig_001,923,hiranniramol,single,sequence,cnn,cnn33,cnn_ig,20,23,TGGG,0.016253898793365768,0.06176875415258104,0.0104792518977774,unsigned,0.4
motif_cnn33_hiranniramol_sequence_cnn_ig_001,932,hiranniramol,single,sequence,cnn,cnn33,cnn_ig,20,23,TGGG,0.016253898793365768,0.06176875415258104,0.0104792518977774,unsigned,0.2754
motif_cnn33_hiranniramol_sequence_cnn_ig_001,934,hiranniramol,single,sequence,cnn,cnn33,cnn_ig,20,23,TGGG,0.016253898793365768,0.06176875415258104,0.0104792518977774,unsigned,0.0795
motif_cnn33_hiranniramol_sequence_cnn_ig_001,943,hiranniramol,single,sequence,cnn,cnn33,cnn_ig,20,23,TGGG,0.016253898793365768,0.06176875415258104,0.0104792518977774,unsigned,0.4753
motif_cnn33_hiranniramol_sequence_cnn_ig_001,966,hiranniramol,single,sequence,cnn,cnn33,cnn_ig,20,23,TGGG,0.016253898793365768,0.06176875415258104,0.0104792518977774,unsigned,0.1672
motif_cnn33_hiranniramol_sequence_cnn_ig_001,974,hiranniramol,single,sequence,cnn,cnn33,cnn_ig,20,23,TGGG,0.016253898793365768,0.06176875415258104,0.0104792518977774,unsigned,0.3636
motif_cnn33_hiranniramol_sequence_cnn_ig_001,977,hiranniramol,single,sequence,cnn,cnn33,cnn_ig,20,23,TGGG,0.016253898793365768,0.06176875415258104,0.0104792518977774,unsigned,0.2041
motif_cnn33_hiranniramol_sequence_cnn_ig_001,1007,hiranniramol,single,sequence,cnn,cnn33,cnn_ig,20,23,TGGG,0.016253898793365768,0.06176875415258104,0.0104792518977774,unsigned,0.4545
motif_cnn33_hiranniramol_sequence_cnn_ig_001,1027,hiranniramol,single,sequence,cnn,cnn33,cnn_ig,20,23,TGGG,0.016253898793365768,0.06176875415258104,0.0104792518977774,unsigned,0.1949
motif_cnn33_hiranniramol_sequence_cnn_ig_001,1041,hiranniramol,single,sequence,cnn,cnn33,cnn_ig,20,23,TGGG,0.016253898793365768,0.06176875415258104,0.0104792518977774,unsigned,0.36
motif_cnn33_hiranniramol_sequence_cnn_ig_001,1058,hiranniramol,single,sequence,cnn,cnn33,cnn_ig,20,23,TGGG,0.016253898793365768,0.06176875415258104,0.0104792518977774,unsigned,0.1481
motif_cnn33_hiranniramol_sequence_cnn_ig_001,1083,hiranniramol,single,sequence,cnn,cnn33,cnn_ig,20,23,TGGG,0.016253898793365768,0.06176875415258104,0.0104792518977774,unsigned,0.3321
motif_cnn33_hiranniramol_sequence_cnn_ig_001,1093,hiranniramol,single,sequence,cnn,cnn33,cnn_ig,20,23,TGGG,0.016253898793365768,0.06176875415258104,0.0104792518977774,unsigned,0.2373
motif_cnn33_hiranniramol_sequence_cnn_ig_001,1103,hiranniramol,single,sequence,cnn,cnn33,cnn_ig,20,23,TGGG,0.016253898793365768,0.06176875415258104,0.0104792518977774,unsigned,0.3333
motif_cnn33_hiranniramol_sequence_cnn_ig_001,1106,hiranniramol,single,sequence,cnn,cnn33,cnn_ig,20,23,TGGG,0.016253898793365768,0.06176875415258104,0.0104792518977774,unsigned,0.0
motif_cnn33_hiranniramol_sequence_cnn_ig_001,1113,hiranniramol,single,sequence,cnn,cnn33,cnn_ig,20,23,TGGG,0.016253898793365768,0.06176875415258104,0.0104792518977774,unsigned,0.2254
motif_cnn33_hiranniramol_sequence_cnn_ig_001,1114,hiranniramol,single,sequence,cnn,cnn33,cnn_ig,20,23,TGGG,0.016253898793365768,0.06176875415258104,0.0104792518977774,unsigned,0.4754
motif_cnn33_hiranniramol_sequence_cnn_ig_001,1126,hiranniramol,single,sequence,cnn,cnn33,cnn_ig,20,23,TGGG,0.016253898793365768,0.06176875415258104,0.0104792518977774,unsigned,0.4
motif_cnn33_hiranniramol_sequence_cnn_ig_001,1132,hiranniramol,single,sequence,cnn,cnn33,cnn_ig,20,23,TGGG,0.016253898793365768,0.06176875415258104,0.0104792518977774,unsigned,0.2667
motif_cnn33_hiranniramol_sequence_cnn_ig_001,1140,hiranniramol,single,sequence,cnn,cnn33,cnn_ig,20,23,TGGG,0.016253898793365768,0.06176875415258104,0.0104792518977774,unsigned,0.4736999999999999
motif_cnn33_hiranniramol_sequence_cnn_ig_001,1151,hiranniramol,single,sequence,cnn,cnn33,cnn_ig,20,23,TGGG,0.016253898793365768,0.06176875415258104,0.0104792518977774,unsigned,0.4498
motif_cnn33_hiranniramol_sequence_cnn_ig_001,1158,hiranniramol,single,sequence,cnn,cnn33,cnn_ig,20,23,TGGG,0.016253898793365768,0.06176875415258104,0.0104792518977774,unsigned,0.4943999999999999
motif_cnn33_hiranniramol_sequence_cnn_ig_001,1167,hiranniramol,single,sequence,cnn,cnn33,cnn_ig,20,23,TGGG,0.016253898793365768,0.06176875415258104,0.0104792518977774,unsigned,0.2778
motif_cnn33_hiranniramol_sequence_cnn_ig_001,1168,hiranniramol,single,sequence,cnn,cnn33,cnn_ig,20,23,TGGG,0.016253898793365768,0.06176875415258104,0.0104792518977774,unsigned,0.2885
motif_cnn33_hiranniramol_sequence_cnn_ig_001,1169,hiranniramol,single,sequence,cnn,cnn33,cnn_ig,20,23,TGGG,0.016253898793365768,0.06176875415258104,0.0104792518977774,unsigned,0.2593
motif_cnn33_hiranniramol_sequence_cnn_ig_001,1172,hiranniramol,single,sequence,cnn,cnn33,cnn_ig,20,23,TGGG,0.016253898793365768,0.06176875415258104,0.0104792518977774,unsigned,0.2973
motif_cnn33_hiranniramol_sequence_cnn_ig_001,1177,hiranniramol,single,sequence,cnn,cnn33,cnn_ig,20,23,TGGG,0.016253898793365768,0.06176875415258104,0.0104792518977774,unsigned,0.4650999999999999
motif_cnn33_hiranniramol_sequence_cnn_ig_001,1188,hiranniramol,single,sequence,cnn,cnn33,cnn_ig,20,23,TGGG,0.016253898793365768,0.06176875415258104,0.0104792518977774,unsigned,0.0
motif_cnn33_hiranniramol_sequence_cnn_ig_001,1199,hiranniramol,single,sequence,cnn,cnn33,cnn_ig,20,23,TGGG,0.016253898793365768,0.06176875415258104,0.0104792518977774,unsigned,0.4138
motif_cnn33_hiranniramol_sequence_cnn_ig_001,1207,hiranniramol,single,sequence,cnn,cnn33,cnn_ig,20,23,TGGG,0.016253898793365768,0.06176875415258104,0.0104792518977774,unsigned,0.4443999999999999
motif_cnn33_hiranniramol_sequence_cnn_ig_001,1218,hiranniramol,single,sequence,cnn,cnn33,cnn_ig,20,23,TGGG,0.016253898793365768,0.06176875415258104,0.0104792518977774,unsigned,0.0713999999999999
motif_cnn33_hiranniramol_sequence_cnn_ig_001,1221,hiranniramol,single,sequence,cnn,cnn33,cnn_ig,20,23,TGGG,0.016253898793365768,0.06176875415258104,0.0104792518977774,unsigned,0.3714
motif_cnn33_hiranniramol_sequence_cnn_ig_001,1231,hiranniramol,single,sequence,cnn,cnn33,cnn_ig,20,23,TGGG,0.016253898793365768,0.06176875415258104,0.0104792518977774,unsigned,0.011
motif_cnn33_hiranniramol_sequence_cnn_ig_001,1236,hiranniramol,single,sequence,cnn,cnn33,cnn_ig,20,23,TGGG,0.016253898793365768,0.06176875415258104,0.0104792518977774,unsigned,0.35
motif_cnn33_hiranniramol_sequence_cnn_ig_001,1256,hiranniramol,single,sequence,cnn,cnn33,cnn_ig,20,23,TGGG,0.016253898793365768,0.06176875415258104,0.0104792518977774,unsigned,0.1466
motif_cnn33_hiranniramol_sequence_cnn_ig_001,1263,hiranniramol,single,sequence,cnn,cnn33,cnn_ig,20,23,TGGG,0.016253898793365768,0.06176875415258104,0.0104792518977774,unsigned,0.4090999999999999
motif_cnn33_hiranniramol_sequence_cnn_ig_001,1264,hiranniramol,single,sequence,cnn,cnn33,cnn_ig,20,23,TGGG,0.016253898793365768,0.06176875415258104,0.0104792518977774,unsigned,0.4302
motif_cnn33_hiranniramol_sequence_cnn_ig_001,1276,hiranniramol,single,sequence,cnn,cnn33,cnn_ig,20,23,TGGG,0.016253898793365768,0.06176875415258104,0.0104792518977774,unsigned,0.4286
motif_cnn33_hiranniramol_sequence_cnn_ig_001,1284,hiranniramol,single,sequence,cnn,cnn33,cnn_ig,20,23,TGGG,0.016253898793365768,0.06176875415258104,0.0104792518977774,unsigned,0.48
motif_cnn33_hiranniramol_sequence_cnn_ig_001,1287,hiranniramol,single,sequence,cnn,cnn33,cnn_ig,20,23,TGGG,0.016253898793365768,0.06176875415258104,0.0104792518977774,unsigned,0.4667
motif_cnn33_hiranniramol_sequence_cnn_ig_001,1290,hiranniramol,single,sequence,cnn,cnn33,cnn_ig,20,23,TGGG,0.016253898793365768,0.06176875415258104,0.0104792518977774,unsigned,0.0601
motif_cnn33_hiranniramol_sequence_cnn_ig_001,1296,hiranniramol,single,sequence,cnn,cnn33,cnn_ig,20,23,TGGG,0.016253898793365768,0.06176875415258104,0.0104792518977774,unsigned,0.5
motif_cnn33_hiranniramol_sequence_cnn_ig_002,26,hiranniramol,single,sequence,cnn,cnn33,cnn_ig,20,23,CCGG,0.011393174781308767,0.06176875415258104,0.0104792518977774,unsigned,1.0
motif_cnn33_hiranniramol_sequence_cnn_ig_002,30,hiranniramol,single,sequence,cnn,cnn33,cnn_ig,20,23,CCGG,0.011393174781308767,0.06176875415258104,0.0104792518977774,unsigned,1.0
motif_cnn33_hiranniramol_sequence_cnn_ig_002,31,hiranniramol,single,sequence,cnn,cnn33,cnn_ig,20,23,CCGG,0.011393174781308767,0.06176875415258104,0.0104792518977774,unsigned,1.0
motif_cnn33_hiranniramol_sequence_cnn_ig_002,55,hiranniramol,single,sequence,cnn,cnn33,cnn_ig,20,23,CCGG,0.011393174781308767,0.06176875415258104,0.0104792518977774,unsigned,1.0
motif_cnn33_hiranniramol_sequence_cnn_ig_002,79,hiranniramol,single,sequence,cnn,cnn33,cnn_ig,20,23,CCGG,0.011393174781308767,0.06176875415258104,0.0104792518977774,unsigned,1.0
motif_cnn33_hiranniramol_sequence_cnn_ig_002,115,hiranniramol,single,sequence,cnn,cnn33,cnn_ig,20,23,CCGG,0.011393174781308767,0.06176875415258104,0.0104792518977774,unsigned,1.0
motif_cnn33_hiranniramol_sequence_cnn_ig_002,116,hiranniramol,single,sequence,cnn,cnn33,cnn_ig,20,23,CCGG,0.011393174781308767,0.06176875415258104,0.0104792518977774,unsigned,1.0
motif_cnn33_hiranniramol_sequence_cnn_ig_002,126,hiranniramol,single,sequence,cnn,cnn33,cnn_ig,20,23,CCGG,0.011393174781308767,0.06176875415258104,0.0104792518977774,unsigned,1.0
motif_cnn33_hiranniramol_sequence_cnn_ig_002,145,hiranniramol,single,sequence,cnn,cnn33,cnn_ig,20,23,CCGG,0.011393174781308767,0.06176875415258104,0.0104792518977774,unsigned,1.0
motif_cnn33_hiranniramol_sequence_cnn_ig_002,154,hiranniramol,single,sequence,cnn,cnn33,cnn_ig,20,23,CCGG,0.011393174781308767,0.06176875415258104,0.0104792518977774,unsigned,1.0
motif_cnn33_hiranniramol_sequence_cnn_ig_002,155,hiranniramol,single,sequence,cnn,cnn33,cnn_ig,20,23,CCGG,0.011393174781308767,0.06176875415258104,0.0104792518977774,unsigned,1.0
motif_cnn33_hiranniramol_sequence_cnn_ig_002,204,hiranniramol,single,sequence,cnn,cnn33,cnn_ig,20,23,CCGG,0.011393174781308767,0.06176875415258104,0.0104792518977774,unsigned,1.0
motif_cnn33_hiranniramol_sequence_cnn_ig_002,212,hiranniramol,single,sequence,cnn,cnn33,cnn_ig,20,23,CCGG,0.011393174781308767,0.06176875415258104,0.0104792518977774,unsigned,1.0
motif_cnn33_hiranniramol_sequence_cnn_ig_002,222,hiranniramol,single,sequence,cnn,cnn33,cnn_ig,20,23,CCGG,0.011393174781308767,0.06176875415258104,0.0104792518977774,unsigned,1.0
motif_cnn33_hiranniramol_sequence_cnn_ig_002,227,hiranniramol,single,sequence,cnn,cnn33,cnn_ig,20,23,CCGG,0.011393174781308767,0.06176875415258104,0.0104792518977774,unsigned,1.0
motif_cnn33_hiranniramol_sequence_cnn_ig_002,230,hiranniramol,single,sequence,cnn,cnn33,cnn_ig,20,23,CCGG,0.011393174781308767,0.06176875415258104,0.0104792518977774,unsigned,1.0
motif_cnn33_hiranniramol_sequence_cnn_ig_002,244,hiranniramol,single,sequence,cnn,cnn33,cnn_ig,20,23,CCGG,0.011393174781308767,0.06176875415258104,0.0104792518977774,unsigned,1.0
motif_cnn33_hiranniramol_sequence_cnn_ig_002,255,hiranniramol,single,sequence,cnn,cnn33,cnn_ig,20,23,CCGG,0.011393174781308767,0.06176875415258104,0.0104792518977774,unsigned,1.0
motif_cnn33_hiranniramol_sequence_cnn_ig_002,261,hiranniramol,single,sequence,cnn,cnn33,cnn_ig,20,23,CCGG,0.011393174781308767,0.06176875415258104,0.0104792518977774,unsigned,1.0
motif_cnn33_hiranniramol_sequence_cnn_ig_002,265,hiranniramol,single,sequence,cnn,cnn33,cnn_ig,20,23,CCGG,0.011393174781308767,0.06176875415258104,0.0104792518977774,unsigned,1.0
motif_cnn33_hiranniramol_sequence_cnn_ig_002,272,hiranniramol,single,sequence,cnn,cnn33,cnn_ig,20,23,CCGG,0.011393174781308767,0.06176875415258104,0.0104792518977774,unsigned,1.0
motif_cnn33_hiranniramol_sequence_cnn_ig_002,299,hiranniramol,single,sequence,cnn,cnn33,cnn_ig,20,23,CCGG,0.011393174781308767,0.06176875415258104,0.0104792518977774,unsigned,1.0
motif_cnn33_hiranniramol_sequence_cnn_ig_002,337,hiranniramol,single,sequence,cnn,cnn33,cnn_ig,20,23,CCGG,0.011393174781308767,0.06176875415258104,0.0104792518977774,unsigned,1.0
motif_cnn33_hiranniramol_sequence_cnn_ig_002,356,hiranniramol,single,sequence,cnn,cnn33,cnn_ig,20,23,CCGG,0.011393174781308767,0.06176875415258104,0.0104792518977774,unsigned,1.0
motif_cnn33_hiranniramol_sequence_cnn_ig_002,368,hiranniramol,single,sequence,cnn,cnn33,cnn_ig,20,23,CCGG,0.011393174781308767,0.06176875415258104,0.0104792518977774,unsigned,1.0
motif_cnn33_hiranniramol_sequence_cnn_ig_002,380,hiranniramol,single,sequence,cnn,cnn33,cnn_ig,20,23,CCGG,0.011393174781308767,0.06176875415258104,0.0104792518977774,unsigned,1.0
motif_cnn33_hiranniramol_sequence_cnn_ig_002,387,hiranniramol,single,sequence,cnn,cnn33,cnn_ig,20,23,CCGG,0.011393174781308767,0.06176875415258104,0.0104792518977774,unsigned,1.0
motif_cnn33_hiranniramol_sequence_cnn_ig_002,400,hiranniramol,single,sequence,cnn,cnn33,cnn_ig,20,23,CCGG,0.011393174781308767,0.06176875415258104,0.0104792518977774,unsigned,1.0
motif_cnn33_hiranniramol_sequence_cnn_ig_002,411,hiranniramol,single,sequence,cnn,cnn33,cnn_ig,20,23,CCGG,0.011393174781308767,0.06176875415258104,0.0104792518977774,unsigned,1.0
motif_cnn33_hiranniramol_sequence_cnn_ig_002,438,hiranniramol,single,sequence,cnn,cnn33,cnn_ig,20,23,CCGG,0.011393174781308767,0.06176875415258104,0.0104792518977774,unsigned,1.0
motif_cnn33_hiranniramol_sequence_cnn_ig_002,439,hiranniramol,single,sequence,cnn,cnn33,cnn_ig,20,23,CCGG,0.011393174781308767,0.06176875415258104,0.0104792518977774,unsigned,1.0
motif_cnn33_hiranniramol_sequence_cnn_ig_002,447,hiranniramol,single,sequence,cnn,cnn33,cnn_ig,20,23,CCGG,0.011393174781308767,0.06176875415258104,0.0104792518977774,unsigned,1.0
motif_cnn33_hiranniramol_sequence_cnn_ig_002,487,hiranniramol,single,sequence,cnn,cnn33,cnn_ig,20,23,CCGG,0.011393174781308767,0.06176875415258104,0.0104792518977774,unsigned,1.0
motif_cnn33_hiranniramol_sequence_cnn_ig_002,493,hiranniramol,single,sequence,cnn,cnn33,cnn_ig,20,23,CCGG,0.011393174781308767,0.06176875415258104,0.0104792518977774,unsigned,1.0
motif_cnn33_hiranniramol_sequence_cnn_ig_002,497,hiranniramol,single,sequence,cnn,cnn33,cnn_ig,20,23,CCGG,0.011393174781308767,0.06176875415258104,0.0104792518977774,unsigned,1.0
motif_cnn33_hiranniramol_sequence_cnn_ig_002,499,hiranniramol,single,sequence,cnn,cnn33,cnn_ig,20,23,CCGG,0.011393174781308767,0.06176875415258104,0.0104792518977774,unsigned,1.0
motif_cnn33_hiranniramol_sequence_cnn_ig_002,518,hiranniramol,single,sequence,cnn,cnn33,cnn_ig,20,23,CCGG,0.011393174781308767,0.06176875415258104,0.0104792518977774,unsigned,1.0
motif_cnn33_hiranniramol_sequence_cnn_ig_002,535,hiranniramol,single,sequence,cnn,cnn33,cnn_ig,20,23,CCGG,0.011393174781308767,0.06176875415258104,0.0104792518977774,unsigned,1.0
motif_cnn33_hiranniramol_sequence_cnn_ig_002,543,hiranniramol,single,sequence,cnn,cnn33,cnn_ig,20,23,CCGG,0.011393174781308767,0.06176875415258104,0.0104792518977774,unsigned,1.0
motif_cnn33_hiranniramol_sequence_cnn_ig_002,549,hiranniramol,single,sequence,cnn,cnn33,cnn_ig,20,23,CCGG,0.011393174781308767,0.06176875415258104,0.0104792518977774,unsigned,1.0
motif_cnn33_hiranniramol_sequence_cnn_ig_002,561,hiranniramol,single,sequence,cnn,cnn33,cnn_ig,20,23,CCGG,0.011393174781308767,0.06176875415258104,0.0104792518977774,unsigned,1.0
motif_cnn33_hiranniramol_sequence_cnn_ig_002,569,hiranniramol,single,sequence,cnn,cnn33,cnn_ig,20,23,CCGG,0.011393174781308767,0.06176875415258104,0.0104792518977774,unsigned,1.0
motif_cnn33_hiranniramol_sequence_cnn_ig_002,589,hiranniramol,single,sequence,cnn,cnn33,cnn_ig,20,23,CCGG,0.011393174781308767,0.06176875415258104,0.0104792518977774,unsigned,1.0
motif_cnn33_hiranniramol_sequence_cnn_ig_002,593,hiranniramol,single,sequence,cnn,cnn33,cnn_ig,20,23,CCGG,0.011393174781308767,0.06176875415258104,0.0104792518977774,unsigned,1.0
motif_cnn33_hiranniramol_sequence_cnn_ig_002,611,hiranniramol,single,sequence,cnn,cnn33,cnn_ig,20,23,CCGG,0.011393174781308767,0.06176875415258104,0.0104792518977774,unsigned,1.0
motif_cnn33_hiranniramol_sequence_cnn_ig_002,614,hiranniramol,single,sequence,cnn,cnn33,cnn_ig,20,23,CCGG,0.011393174781308767,0.06176875415258104,0.0104792518977774,unsigned,1.0
motif_cnn33_hiranniramol_sequence_cnn_ig_002,624,hiranniramol,single,sequence,cnn,cnn33,cnn_ig,20,23,CCGG,0.011393174781308767,0.06176875415258104,0.0104792518977774,unsigned,1.0
motif_cnn33_hiranniramol_sequence_cnn_ig_002,630,hiranniramol,single,sequence,cnn,cnn33,cnn_ig,20,23,CCGG,0.011393174781308767,0.06176875415258104,0.0104792518977774,unsigned,1.0
motif_cnn33_hiranniramol_sequence_cnn_ig_002,643,hiranniramol,single,sequence,cnn,cnn33,cnn_ig,20,23,CCGG,0.011393174781308767,0.06176875415258104,0.0104792518977774,unsigned,1.0
motif_cnn33_hiranniramol_sequence_cnn_ig_002,653,hiranniramol,single,sequence,cnn,cnn33,cnn_ig,20,23,CCGG,0.011393174781308767,0.06176875415258104,0.0104792518977774,unsigned,1.0
motif_cnn33_hiranniramol_sequence_cnn_ig_002,669,hiranniramol,single,sequence,cnn,cnn33,cnn_ig,20,23,CCGG,0.011393174781308767,0.06176875415258104,0.0104792518977774,unsigned,1.0
motif_cnn33_hiranniramol_sequence_cnn_ig_002,679,hiranniramol,single,sequence,cnn,cnn33,cnn_ig,20,23,CCGG,0.011393174781308767,0.06176875415258104,0.0104792518977774,unsigned,1.0
motif_cnn33_hiranniramol_sequence_cnn_ig_002,701,hiranniramol,single,sequence,cnn,cnn33,cnn_ig,20,23,CCGG,0.011393174781308767,0.06176875415258104,0.0104792518977774,unsigned,1.0
motif_cnn33_hiranniramol_sequence_cnn_ig_002,705,hiranniramol,single,sequence,cnn,cnn33,cnn_ig,20,23,CCGG,0.011393174781308767,0.06176875415258104,0.0104792518977774,unsigned,1.0
motif_cnn33_hiranniramol_sequence_cnn_ig_002,707,hiranniramol,single,sequence,cnn,cnn33,cnn_ig,20,23,CCGG,0.011393174781308767,0.06176875415258104,0.0104792518977774,unsigned,1.0
motif_cnn33_hiranniramol_sequence_cnn_ig_002,717,hiranniramol,single,sequence,cnn,cnn33,cnn_ig,20,23,CCGG,0.011393174781308767,0.06176875415258104,0.0104792518977774,unsigned,1.0
motif_cnn33_hiranniramol_sequence_cnn_ig_002,729,hiranniramol,single,sequence,cnn,cnn33,cnn_ig,20,23,CCGG,0.011393174781308767,0.06176875415258104,0.0104792518977774,unsigned,1.0
motif_cnn33_hiranniramol_sequence_cnn_ig_002,740,hiranniramol,single,sequence,cnn,cnn33,cnn_ig,20,23,CCGG,0.011393174781308767,0.06176875415258104,0.0104792518977774,unsigned,1.0
motif_cnn33_hiranniramol_sequence_cnn_ig_002,758,hiranniramol,single,sequence,cnn,cnn33,cnn_ig,20,23,CCGG,0.011393174781308767,0.06176875415258104,0.0104792518977774,unsigned,0.2824
motif_cnn33_hiranniramol_sequence_cnn_ig_002,762,hiranniramol,single,sequence,cnn,cnn33,cnn_ig,20,23,CCGG,0.011393174781308767,0.06176875415258104,0.0104792518977774,unsigned,0.5
motif_cnn33_hiranniramol_sequence_cnn_ig_002,797,hiranniramol,single,sequence,cnn,cnn33,cnn_ig,20,23,CCGG,0.011393174781308767,0.06176875415258104,0.0104792518977774,unsigned,0.3636
motif_cnn33_hiranniramol_sequence_cnn_ig_002,805,hiranniramol,single,sequence,cnn,cnn33,cnn_ig,20,23,CCGG,0.011393174781308767,0.06176875415258104,0.0104792518977774,unsigned,0.0
motif_cnn33_hiranniramol_sequence_cnn_ig_002,821,hiranniramol,single,sequence,cnn,cnn33,cnn_ig,20,23,CCGG,0.011393174781308767,0.06176875415258104,0.0104792518977774,unsigned,0.3276
motif_cnn33_hiranniramol_sequence_cnn_ig_002,854,hiranniramol,single,sequence,cnn,cnn33,cnn_ig,20,23,CCGG,0.011393174781308767,0.06176875415258104,0.0104792518977774,unsigned,0.28
motif_cnn33_hiranniramol_sequence_cnn_ig_002,867,hiranniramol,single,sequence,cnn,cnn33,cnn_ig,20,23,CCGG,0.011393174781308767,0.06176875415258104,0.0104792518977774,unsigned,0.2
motif_cnn33_hiranniramol_sequence_cnn_ig_002,906,hiranniramol,single,sequence,cnn,cnn33,cnn_ig,20,23,CCGG,0.011393174781308767,0.06176875415258104,0.0104792518977774,unsigned,0.3208
motif_cnn33_hiranniramol_sequence_cnn_ig_002,910,hiranniramol,single,sequence,cnn,cnn33,cnn_ig,20,23,CCGG,0.011393174781308767,0.06176875415258104,0.0104792518977774,unsigned,0.1
motif_cnn33_hiranniramol_sequence_cnn_ig_002,935,hiranniramol,single,sequence,cnn,cnn33,cnn_ig,20,23,CCGG,0.011393174781308767,0.06176875415258104,0.0104792518977774,unsigned,0.175
motif_cnn33_hiranniramol_sequence_cnn_ig_002,944,hiranniramol,single,sequence,cnn,cnn33,cnn_ig,20,23,CCGG,0.011393174781308767,0.06176875415258104,0.0104792518977774,unsigned,0.4324
motif_cnn33_hiranniramol_sequence_cnn_ig_002,960,hiranniramol,single,sequence,cnn,cnn33,cnn_ig,20,23,CCGG,0.011393174781308767,0.06176875415258104,0.0104792518977774,unsigned,0.3571
motif_cnn33_hiranniramol_sequence_cnn_ig_002,962,hiranniramol,single,sequence,cnn,cnn33,cnn_ig,20,23,CCGG,0.011393174781308767,0.06176875415258104,0.0104792518977774,unsigned,0.3636
motif_cnn33_hiranniramol_sequence_cnn_ig_002,986,hiranniramol,single,sequence,cnn,cnn33,cnn_ig,20,23,CCGG,0.011393174781308767,0.06176875415258104,0.0104792518977774,unsigned,0.4347999999999999
motif_cnn33_hiranniramol_sequence_cnn_ig_002,992,hiranniramol,single,sequence,cnn,cnn33,cnn_ig,20,23,CCGG,0.011393174781308767,0.06176875415258104,0.0104792518977774,unsigned,0.4386
motif_cnn33_hiranniramol_sequence_cnn_ig_002,994,hiranniramol,single,sequence,cnn,cnn33,cnn_ig,20,23,CCGG,0.011393174781308767,0.06176875415258104,0.0104792518977774,unsigned,0.3068
motif_cnn33_hiranniramol_sequence_cnn_ig_002,998,hiranniramol,single,sequence,cnn,cnn33,cnn_ig,20,23,CCGG,0.011393174781308767,0.06176875415258104,0.0104792518977774,unsigned,0.1772
motif_cnn33_hiranniramol_sequence_cnn_ig_002,1010,hiranniramol,single,sequence,cnn,cnn33,cnn_ig,20,23,CCGG,0.011393174781308767,0.06176875415258104,0.0104792518977774,unsigned,0.4
motif_cnn33_hiranniramol_sequence_cnn_ig_002,1012,hiranniramol,single,sequence,cnn,cnn33,cnn_ig,20,23,CCGG,0.011393174781308767,0.06176875415258104,0.0104792518977774,unsigned,0.24
motif_cnn33_hiranniramol_sequence_cnn_ig_002,1020,hiranniramol,single,sequence,cnn,cnn33,cnn_ig,20,23,CCGG,0.011393174781308767,0.06176875415258104,0.0104792518977774,unsigned,0.4643
motif_cnn33_hiranniramol_sequence_cnn_ig_002,1021,hiranniramol,single,sequence,cnn,cnn33,cnn_ig,20,23,CCGG,0.011393174781308767,0.06176875415258104,0.0104792518977774,unsigned,0.4
motif_cnn33_hiranniramol_sequence_cnn_ig_002,1029,hiranniramol,single,sequence,cnn,cnn33,cnn_ig,20,23,CCGG,0.011393174781308767,0.06176875415258104,0.0104792518977774,unsigned,0.4624
motif_cnn33_hiranniramol_sequence_cnn_ig_002,1045,hiranniramol,single,sequence,cnn,cnn33,cnn_ig,20,23,CCGG,0.011393174781308767,0.06176875415258104,0.0104792518977774,unsigned,0.3023
motif_cnn33_hiranniramol_sequence_cnn_ig_002,1074,hiranniramol,single,sequence,cnn,cnn33,cnn_ig,20,23,CCGG,0.011393174781308767,0.06176875415258104,0.0104792518977774,unsigned,0.4144
motif_cnn33_hiranniramol_sequence_cnn_ig_002,1081,hiranniramol,single,sequence,cnn,cnn33,cnn_ig,20,23,CCGG,0.011393174781308767,0.06176875415258104,0.0104792518977774,unsigned,0.3125
motif_cnn33_hiranniramol_sequence_cnn_ig_002,1090,hiranniramol,single,sequence,cnn,cnn33,cnn_ig,20,23,CCGG,0.011393174781308767,0.06176875415258104,0.0104792518977774,unsigned,0.0552
motif_cnn33_hiranniramol_sequence_cnn_ig_002,1092,hiranniramol,single,sequence,cnn,cnn33,cnn_ig,20,23,CCGG,0.011393174781308767,0.06176875415258104,0.0104792518977774,unsigned,0.3571
motif_cnn33_hiranniramol_sequence_cnn_ig_002,1094,hiranniramol,single,sequence,cnn,cnn33,cnn_ig,20,23,CCGG,0.011393174781308767,0.06176875415258104,0.0104792518977774,unsigned,0.0
motif_cnn33_hiranniramol_sequence_cnn_ig_002,1097,hiranniramol,single,sequence,cnn,cnn33,cnn_ig,20,23,CCGG,0.011393174781308767,0.06176875415258104,0.0104792518977774,unsigned,0.475
motif_cnn33_hiranniramol_sequence_cnn_ig_002,1119,hiranniramol,single,sequence,cnn,cnn33,cnn_ig,20,23,CCGG,0.011393174781308767,0.06176875415258104,0.0104792518977774,unsigned,0.0
motif_cnn33_hiranniramol_sequence_cnn_ig_002,1147,hiranniramol,single,sequence,cnn,cnn33,cnn_ig,20,23,CCGG,0.011393174781308767,0.06176875415258104,0.0104792518977774,unsigned,0.4103
motif_cnn33_hiranniramol_sequence_cnn_ig_002,1171,hiranniramol,single,sequence,cnn,cnn33,cnn_ig,20,23,CCGG,0.011393174781308767,0.06176875415258104,0.0104792518977774,unsigned,0.1244
motif_cnn33_hiranniramol_sequence_cnn_ig_002,1174,hiranniramol,single,sequence,cnn,cnn33,cnn_ig,20,23,CCGG,0.011393174781308767,0.06176875415258104,0.0104792518977774,unsigned,0.4650999999999999
motif_cnn33_hiranniramol_sequence_cnn_ig_002,1183,hiranniramol,single,sequence,cnn,cnn33,cnn_ig,20,23,CCGG,0.011393174781308767,0.06176875415258104,0.0104792518977774,unsigned,0.4736999999999999
motif_cnn33_hiranniramol_sequence_cnn_ig_002,1191,hiranniramol,single,sequence,cnn,cnn33,cnn_ig,20,23,CCGG,0.011393174781308767,0.06176875415258104,0.0104792518977774,unsigned,0.1538
motif_cnn33_hiranniramol_sequence_cnn_ig_002,1192,hiranniramol,single,sequence,cnn,cnn33,cnn_ig,20,23,CCGG,0.011393174781308767,0.06176875415258104,0.0104792518977774,unsigned,0.3125
motif_cnn33_hiranniramol_sequence_cnn_ig_002,1201,hiranniramol,single,sequence,cnn,cnn33,cnn_ig,20,23,CCGG,0.011393174781308767,0.06176875415258104,0.0104792518977774,unsigned,0.4896
motif_cnn33_hiranniramol_sequence_cnn_ig_002,1202,hiranniramol,single,sequence,cnn,cnn33,cnn_ig,20,23,CCGG,0.011393174781308767,0.06176875415258104,0.0104792518977774,unsigned,0.4545
motif_cnn33_hiranniramol_sequence_cnn_ig_002,1208,hiranniramol,single,sequence,cnn,cnn33,cnn_ig,20,23,CCGG,0.011393174781308767,0.06176875415258104,0.0104792518977774,unsigned,0.2632
motif_cnn33_hiranniramol_sequence_cnn_ig_002,1209,hiranniramol,single,sequence,cnn,cnn33,cnn_ig,20,23,CCGG,0.011393174781308767,0.06176875415258104,0.0104792518977774,unsigned,0.3
motif_cnn33_hiranniramol_sequence_cnn_ig_002,1217,hiranniramol,single,sequence,cnn,cnn33,cnn_ig,20,23,CCGG,0.011393174781308767,0.06176875415258104,0.0104792518977774,unsigned,0.4364
motif_cnn33_hiranniramol_sequence_cnn_ig_002,1237,hiranniramol,single,sequence,cnn,cnn33,cnn_ig,20,23,CCGG,0.011393174781308767,0.06176875415258104,0.0104792518977774,unsigned,0.0909
motif_cnn33_hiranniramol_sequence_cnn_ig_002,1253,hiranniramol,single,sequence,cnn,cnn33,cnn_ig,20,23,CCGG,0.011393174781308767,0.06176875415258104,0.0104792518977774,unsigned,0.3846
motif_cnn33_hiranniramol_sequence_cnn_ig_002,1268,hiranniramol,single,sequence,cnn,cnn33,cnn_ig,20,23,CCGG,0.011393174781308767,0.06176875415258104,0.0104792518977774,unsigned,0.3182
motif_cnn33_hiranniramol_sequence_cnn_ig_002,1288,hiranniramol,single,sequence,cnn,cnn33,cnn_ig,20,23,CCGG,0.011393174781308767,0.06176875415258104,0.0104792518977774,unsigned,0.2307999999999999
motif_cnn33_hiranniramol_sequence_cnn_ig_002,1302,hiranniramol,single,sequence,cnn,cnn33,cnn_ig,20,23,CCGG,0.011393174781308767,0.06176875415258104,0.0104792518977774,unsigned,0.2273
motif_cnn53_hiranniramol_sequence_cnn_ig_003,26,hiranniramol,single,sequence,cnn,cnn53,cnn_ig,20,23,CCGG,0.015487461195637776,0.0617845593951642,0.01587977947201577,unsigned,1.0
motif_cnn53_hiranniramol_sequence_cnn_ig_003,30,hiranniramol,single,sequence,cnn,cnn53,cnn_ig,20,23,CCGG,0.015487461195637776,0.0617845593951642,0.01587977947201577,unsigned,1.0
motif_cnn53_hiranniramol_sequence_cnn_ig_003,31,hiranniramol,single,sequence,cnn,cnn53,cnn_ig,20,23,CCGG,0.015487461195637776,0.0617845593951642,0.01587977947201577,unsigned,1.0
motif_cnn53_hiranniramol_sequence_cnn_ig_003,55,hiranniramol,single,sequence,cnn,cnn53,cnn_ig,20,23,CCGG,0.015487461195637776,0.0617845593951642,0.01587977947201577,unsigned,1.0
motif_cnn53_hiranniramol_sequence_cnn_ig_003,79,hiranniramol,single,sequence,cnn,cnn53,cnn_ig,20,23,CCGG,0.015487461195637776,0.0617845593951642,0.01587977947201577,unsigned,1.0
motif_cnn53_hiranniramol_sequence_cnn_ig_003,115,hiranniramol,single,sequence,cnn,cnn53,cnn_ig,20,23,CCGG,0.015487461195637776,0.0617845593951642,0.01587977947201577,unsigned,1.0
motif_cnn53_hiranniramol_sequence_cnn_ig_003,116,hiranniramol,single,sequence,cnn,cnn53,cnn_ig,20,23,CCGG,0.015487461195637776,0.0617845593951642,0.01587977947201577,unsigned,1.0
motif_cnn53_hiranniramol_sequence_cnn_ig_003,126,hiranniramol,single,sequence,cnn,cnn53,cnn_ig,20,23,CCGG,0.015487461195637776,0.0617845593951642,0.01587977947201577,unsigned,1.0
motif_cnn53_hiranniramol_sequence_cnn_ig_003,145,hiranniramol,single,sequence,cnn,cnn53,cnn_ig,20,23,CCGG,0.015487461195637776,0.0617845593951642,0.01587977947201577,unsigned,1.0
motif_cnn53_hiranniramol_sequence_cnn_ig_003,154,hiranniramol,single,sequence,cnn,cnn53,cnn_ig,20,23,CCGG,0.015487461195637776,0.0617845593951642,0.01587977947201577,unsigned,1.0
motif_cnn53_hiranniramol_sequence_cnn_ig_003,155,hiranniramol,single,sequence,cnn,cnn53,cnn_ig,20,23,CCGG,0.015487461195637776,0.0617845593951642,0.01587977947201577,unsigned,1.0
motif_cnn53_hiranniramol_sequence_cnn_ig_003,204,hiranniramol,single,sequence,cnn,cnn53,cnn_ig,20,23,CCGG,0.015487461195637776,0.0617845593951642,0.01587977947201577,unsigned,1.0
motif_cnn53_hiranniramol_sequence_cnn_ig_003,212,hiranniramol,single,sequence,cnn,cnn53,cnn_ig,20,23,CCGG,0.015487461195637776,0.0617845593951642,0.01587977947201577,unsigned,1.0
motif_cnn53_hiranniramol_sequence_cnn_ig_003,222,hiranniramol,single,sequence,cnn,cnn53,cnn_ig,20,23,CCGG,0.015487461195637776,0.0617845593951642,0.01587977947201577,unsigned,1.0
motif_cnn53_hiranniramol_sequence_cnn_ig_003,227,hiranniramol,single,sequence,cnn,cnn53,cnn_ig,20,23,CCGG,0.015487461195637776,0.0617845593951642,0.01587977947201577,unsigned,1.0
motif_cnn53_hiranniramol_sequence_cnn_ig_003,230,hiranniramol,single,sequence,cnn,cnn53,cnn_ig,20,23,CCGG,0.015487461195637776,0.0617845593951642,0.01587977947201577,unsigned,1.0
motif_cnn53_hiranniramol_sequence_cnn_ig_003,244,hiranniramol,single,sequence,cnn,cnn53,cnn_ig,20,23,CCGG,0.015487461195637776,0.0617845593951642,0.01587977947201577,unsigned,1.0
motif_cnn53_hiranniramol_sequence_cnn_ig_003,255,hiranniramol,single,sequence,cnn,cnn53,cnn_ig,20,23,CCGG,0.015487461195637776,0.0617845593951642,0.01587977947201577,unsigned,1.0
motif_cnn53_hiranniramol_sequence_cnn_ig_003,261,hiranniramol,single,sequence,cnn,cnn53,cnn_ig,20,23,CCGG,0.015487461195637776,0.0617845593951642,0.01587977947201577,unsigned,1.0
motif_cnn53_hiranniramol_sequence_cnn_ig_003,265,hiranniramol,single,sequence,cnn,cnn53,cnn_ig,20,23,CCGG,0.015487461195637776,0.0617845593951642,0.01587977947201577,unsigned,1.0
motif_cnn53_hiranniramol_sequence_cnn_ig_003,272,hiranniramol,single,sequence,cnn,cnn53,cnn_ig,20,23,CCGG,0.015487461195637776,0.0617845593951642,0.01587977947201577,unsigned,1.0
motif_cnn53_hiranniramol_sequence_cnn_ig_003,299,hiranniramol,single,sequence,cnn,cnn53,cnn_ig,20,23,CCGG,0.015487461195637776,0.0617845593951642,0.01587977947201577,unsigned,1.0
motif_cnn53_hiranniramol_sequence_cnn_ig_003,337,hiranniramol,single,sequence,cnn,cnn53,cnn_ig,20,23,CCGG,0.015487461195637776,0.0617845593951642,0.01587977947201577,unsigned,1.0
motif_cnn53_hiranniramol_sequence_cnn_ig_003,356,hiranniramol,single,sequence,cnn,cnn53,cnn_ig,20,23,CCGG,0.015487461195637776,0.0617845593951642,0.01587977947201577,unsigned,1.0
motif_cnn53_hiranniramol_sequence_cnn_ig_003,368,hiranniramol,single,sequence,cnn,cnn53,cnn_ig,20,23,CCGG,0.015487461195637776,0.0617845593951642,0.01587977947201577,unsigned,1.0
motif_cnn53_hiranniramol_sequence_cnn_ig_003,380,hiranniramol,single,sequence,cnn,cnn53,cnn_ig,20,23,CCGG,0.015487461195637776,0.0617845593951642,0.01587977947201577,unsigned,1.0
motif_cnn53_hiranniramol_sequence_cnn_ig_003,387,hiranniramol,single,sequence,cnn,cnn53,cnn_ig,20,23,CCGG,0.015487461195637776,0.0617845593951642,0.01587977947201577,unsigned,1.0
motif_cnn53_hiranniramol_sequence_cnn_ig_003,400,hiranniramol,single,sequence,cnn,cnn53,cnn_ig,20,23,CCGG,0.015487461195637776,0.0617845593951642,0.01587977947201577,unsigned,1.0
motif_cnn53_hiranniramol_sequence_cnn_ig_003,411,hiranniramol,single,sequence,cnn,cnn53,cnn_ig,20,23,CCGG,0.015487461195637776,0.0617845593951642,0.01587977947201577,unsigned,1.0
motif_cnn53_hiranniramol_sequence_cnn_ig_003,438,hiranniramol,single,sequence,cnn,cnn53,cnn_ig,20,23,CCGG,0.015487461195637776,0.0617845593951642,0.01587977947201577,unsigned,1.0
motif_cnn53_hiranniramol_sequence_cnn_ig_003,439,hiranniramol,single,sequence,cnn,cnn53,cnn_ig,20,23,CCGG,0.015487461195637776,0.0617845593951642,0.01587977947201577,unsigned,1.0
motif_cnn53_hiranniramol_sequence_cnn_ig_003,447,hiranniramol,single,sequence,cnn,cnn53,cnn_ig,20,23,CCGG,0.015487461195637776,0.0617845593951642,0.01587977947201577,unsigned,1.0
motif_cnn53_hiranniramol_sequence_cnn_ig_003,487,hiranniramol,single,sequence,cnn,cnn53,cnn_ig,20,23,CCGG,0.015487461195637776,0.0617845593951642,0.01587977947201577,unsigned,1.0
motif_cnn53_hiranniramol_sequence_cnn_ig_003,493,hiranniramol,single,sequence,cnn,cnn53,cnn_ig,20,23,CCGG,0.015487461195637776,0.0617845593951642,0.01587977947201577,unsigned,1.0
motif_cnn53_hiranniramol_sequence_cnn_ig_003,497,hiranniramol,single,sequence,cnn,cnn53,cnn_ig,20,23,CCGG,0.015487461195637776,0.0617845593951642,0.01587977947201577,unsigned,1.0
motif_cnn53_hiranniramol_sequence_cnn_ig_003,499,hiranniramol,single,sequence,cnn,cnn53,cnn_ig,20,23,CCGG,0.015487461195637776,0.0617845593951642,0.01587977947201577,unsigned,1.0
motif_cnn53_hiranniramol_sequence_cnn_ig_003,518,hiranniramol,single,sequence,cnn,cnn53,cnn_ig,20,23,CCGG,0.015487461195637776,0.0617845593951642,0.01587977947201577,unsigned,1.0
motif_cnn53_hiranniramol_sequence_cnn_ig_003,535,hiranniramol,single,sequence,cnn,cnn53,cnn_ig,20,23,CCGG,0.015487461195637776,0.0617845593951642,0.01587977947201577,unsigned,1.0
motif_cnn53_hiranniramol_sequence_cnn_ig_003,543,hiranniramol,single,sequence,cnn,cnn53,cnn_ig,20,23,CCGG,0.015487461195637776,0.0617845593951642,0.01587977947201577,unsigned,1.0
motif_cnn53_hiranniramol_sequence_cnn_ig_003,549,hiranniramol,single,sequence,cnn,cnn53,cnn_ig,20,23,CCGG,0.015487461195637776,0.0617845593951642,0.01587977947201577,unsigned,1.0
motif_cnn53_hiranniramol_sequence_cnn_ig_003,561,hiranniramol,single,sequence,cnn,cnn53,cnn_ig,20,23,CCGG,0.015487461195637776,0.0617845593951642,0.01587977947201577,unsigned,1.0
motif_cnn53_hiranniramol_sequence_cnn_ig_003,569,hiranniramol,single,sequence,cnn,cnn53,cnn_ig,20,23,CCGG,0.015487461195637776,0.0617845593951642,0.01587977947201577,unsigned,1.0
motif_cnn53_hiranniramol_sequence_cnn_ig_003,589,hiranniramol,single,sequence,cnn,cnn53,cnn_ig,20,23,CCGG,0.015487461195637776,0.0617845593951642,0.01587977947201577,unsigned,1.0
motif_cnn53_hiranniramol_sequence_cnn_ig_003,593,hiranniramol,single,sequence,cnn,cnn53,cnn_ig,20,23,CCGG,0.015487461195637776,0.0617845593951642,0.01587977947201577,unsigned,1.0
motif_cnn53_hiranniramol_sequence_cnn_ig_003,611,hiranniramol,single,sequence,cnn,cnn53,cnn_ig,20,23,CCGG,0.015487461195637776,0.0617845593951642,0.01587977947201577,unsigned,1.0
motif_cnn53_hiranniramol_sequence_cnn_ig_003,614,hiranniramol,single,sequence,cnn,cnn53,cnn_ig,20,23,CCGG,0.015487461195637776,0.0617845593951642,0.01587977947201577,unsigned,1.0
motif_cnn53_hiranniramol_sequence_cnn_ig_003,624,hiranniramol,single,sequence,cnn,cnn53,cnn_ig,20,23,CCGG,0.015487461195637776,0.0617845593951642,0.01587977947201577,unsigned,1.0
motif_cnn53_hiranniramol_sequence_cnn_ig_003,630,hiranniramol,single,sequence,cnn,cnn53,cnn_ig,20,23,CCGG,0.015487461195637776,0.0617845593951642,0.01587977947201577,unsigned,1.0
motif_cnn53_hiranniramol_sequence_cnn_ig_003,643,hiranniramol,single,sequence,cnn,cnn53,cnn_ig,20,23,CCGG,0.015487461195637776,0.0617845593951642,0.01587977947201577,unsigned,1.0
motif_cnn53_hiranniramol_sequence_cnn_ig_003,653,hiranniramol,single,sequence,cnn,cnn53,cnn_ig,20,23,CCGG,0.015487461195637776,0.0617845593951642,0.01587977947201577,unsigned,1.0
motif_cnn53_hiranniramol_sequence_cnn_ig_003,669,hiranniramol,single,sequence,cnn,cnn53,cnn_ig,20,23,CCGG,0.015487461195637776,0.0617845593951642,0.01587977947201577,unsigned,1.0
motif_cnn53_hiranniramol_sequence_cnn_ig_003,679,hiranniramol,single,sequence,cnn,cnn53,cnn_ig,20,23,CCGG,0.015487461195637776,0.0617845593951642,0.01587977947201577,unsigned,1.0
motif_cnn53_hiranniramol_sequence_cnn_ig_003,701,hiranniramol,single,sequence,cnn,cnn53,cnn_ig,20,23,CCGG,0.015487461195637776,0.0617845593951642,0.01587977947201577,unsigned,1.0
motif_cnn53_hiranniramol_sequence_cnn_ig_003,705,hiranniramol,single,sequence,cnn,cnn53,cnn_ig,20,23,CCGG,0.015487461195637776,0.0617845593951642,0.01587977947201577,unsigned,1.0
motif_cnn53_hiranniramol_sequence_cnn_ig_003,707,hiranniramol,single,sequence,cnn,cnn53,cnn_ig,20,23,CCGG,0.015487461195637776,0.0617845593951642,0.01587977947201577,unsigned,1.0
motif_cnn53_hiranniramol_sequence_cnn_ig_003,717,hiranniramol,single,sequence,cnn,cnn53,cnn_ig,20,23,CCGG,0.015487461195637776,0.0617845593951642,0.01587977947201577,unsigned,1.0
motif_cnn53_hiranniramol_sequence_cnn_ig_003,729,hiranniramol,single,sequence,cnn,cnn53,cnn_ig,20,23,CCGG,0.015487461195637776,0.0617845593951642,0.01587977947201577,unsigned,1.0
motif_cnn53_hiranniramol_sequence_cnn_ig_003,740,hiranniramol,single,sequence,cnn,cnn53,cnn_ig,20,23,CCGG,0.015487461195637776,0.0617845593951642,0.01587977947201577,unsigned,1.0
motif_cnn53_hiranniramol_sequence_cnn_ig_003,758,hiranniramol,single,sequence,cnn,cnn53,cnn_ig,20,23,CCGG,0.015487461195637776,0.0617845593951642,0.01587977947201577,unsigned,0.2824
motif_cnn53_hiranniramol_sequence_cnn_ig_003,762,hiranniramol,single,sequence,cnn,cnn53,cnn_ig,20,23,CCGG,0.015487461195637776,0.0617845593951642,0.01587977947201577,unsigned,0.5
motif_cnn53_hiranniramol_sequence_cnn_ig_003,797,hiranniramol,single,sequence,cnn,cnn53,cnn_ig,20,23,CCGG,0.015487461195637776,0.0617845593951642,0.01587977947201577,unsigned,0.3636
motif_cnn53_hiranniramol_sequence_cnn_ig_003,805,hiranniramol,single,sequence,cnn,cnn53,cnn_ig,20,23,CCGG,0.015487461195637776,0.0617845593951642,0.01587977947201577,unsigned,0.0
motif_cnn53_hiranniramol_sequence_cnn_ig_003,821,hiranniramol,single,sequence,cnn,cnn53,cnn_ig,20,23,CCGG,0.015487461195637776,0.0617845593951642,0.01587977947201577,unsigned,0.3276
motif_cnn53_hiranniramol_sequence_cnn_ig_003,854,hiranniramol,single,sequence,cnn,cnn53,cnn_ig,20,23,CCGG,0.015487461195637776,0.0617845593951642,0.01587977947201577,unsigned,0.28
motif_cnn53_hiranniramol_sequence_cnn_ig_003,867,hiranniramol,single,sequence,cnn,cnn53,cnn_ig,20,23,CCGG,0.015487461195637776,0.0617845593951642,0.01587977947201577,unsigned,0.2
motif_cnn53_hiranniramol_sequence_cnn_ig_003,906,hiranniramol,single,sequence,cnn,cnn53,cnn_ig,20,23,CCGG,0.015487461195637776,0.0617845593951642,0.01587977947201577,unsigned,0.3208
motif_cnn53_hiranniramol_sequence_cnn_ig_003,910,hiranniramol,single,sequence,cnn,cnn53,cnn_ig,20,23,CCGG,0.015487461195637776,0.0617845593951642,0.01587977947201577,unsigned,0.1
motif_cnn53_hiranniramol_sequence_cnn_ig_003,935,hiranniramol,single,sequence,cnn,cnn53,cnn_ig,20,23,CCGG,0.015487461195637776,0.0617845593951642,0.01587977947201577,unsigned,0.175
motif_cnn53_hiranniramol_sequence_cnn_ig_003,944,hiranniramol,single,sequence,cnn,cnn53,cnn_ig,20,23,CCGG,0.015487461195637776,0.0617845593951642,0.01587977947201577,unsigned,0.4324
motif_cnn53_hiranniramol_sequence_cnn_ig_003,960,hiranniramol,single,sequence,cnn,cnn53,cnn_ig,20,23,CCGG,0.015487461195637776,0.0617845593951642,0.01587977947201577,unsigned,0.3571
motif_cnn53_hiranniramol_sequence_cnn_ig_003,962,hiranniramol,single,sequence,cnn,cnn53,cnn_ig,20,23,CCGG,0.015487461195637776,0.0617845593951642,0.01587977947201577,unsigned,0.3636
motif_cnn53_hiranniramol_sequence_cnn_ig_003,986,hiranniramol,single,sequence,cnn,cnn53,cnn_ig,20,23,CCGG,0.015487461195637776,0.0617845593951642,0.01587977947201577,unsigned,0.4347999999999999
motif_cnn53_hiranniramol_sequence_cnn_ig_003,992,hiranniramol,single,sequence,cnn,cnn53,cnn_ig,20,23,CCGG,0.015487461195637776,0.0617845593951642,0.01587977947201577,unsigned,0.4386
motif_cnn53_hiranniramol_sequence_cnn_ig_003,994,hiranniramol,single,sequence,cnn,cnn53,cnn_ig,20,23,CCGG,0.015487461195637776,0.0617845593951642,0.01587977947201577,unsigned,0.3068
motif_cnn53_hiranniramol_sequence_cnn_ig_003,998,hiranniramol,single,sequence,cnn,cnn53,cnn_ig,20,23,CCGG,0.015487461195637776,0.0617845593951642,0.01587977947201577,unsigned,0.1772
motif_cnn53_hiranniramol_sequence_cnn_ig_003,1010,hiranniramol,single,sequence,cnn,cnn53,cnn_ig,20,23,CCGG,0.015487461195637776,0.0617845593951642,0.01587977947201577,unsigned,0.4
motif_cnn53_hiranniramol_sequence_cnn_ig_003,1012,hiranniramol,single,sequence,cnn,cnn53,cnn_ig,20,23,CCGG,0.015487461195637776,0.0617845593951642,0.01587977947201577,unsigned,0.24
motif_cnn53_hiranniramol_sequence_cnn_ig_003,1020,hiranniramol,single,sequence,cnn,cnn53,cnn_ig,20,23,CCGG,0.015487461195637776,0.0617845593951642,0.01587977947201577,unsigned,0.4643
motif_cnn53_hiranniramol_sequence_cnn_ig_003,1021,hiranniramol,single,sequence,cnn,cnn53,cnn_ig,20,23,CCGG,0.015487461195637776,0.0617845593951642,0.01587977947201577,unsigned,0.4
motif_cnn53_hiranniramol_sequence_cnn_ig_003,1029,hiranniramol,single,sequence,cnn,cnn53,cnn_ig,20,23,CCGG,0.015487461195637776,0.0617845593951642,0.01587977947201577,unsigned,0.4624
motif_cnn53_hiranniramol_sequence_cnn_ig_003,1045,hiranniramol,single,sequence,cnn,cnn53,cnn_ig,20,23,CCGG,0.015487461195637776,0.0617845593951642,0.01587977947201577,unsigned,0.3023
motif_cnn53_hiranniramol_sequence_cnn_ig_003,1074,hiranniramol,single,sequence,cnn,cnn53,cnn_ig,20,23,CCGG,0.015487461195637776,0.0617845593951642,0.01587977947201577,unsigned,0.4144
motif_cnn53_hiranniramol_sequence_cnn_ig_003,1081,hiranniramol,single,sequence,cnn,cnn53,cnn_ig,20,23,CCGG,0.015487461195637776,0.0617845593951642,0.01587977947201577,unsigned,0.3125
motif_cnn53_hiranniramol_sequence_cnn_ig_003,1090,hiranniramol,single,sequence,cnn,cnn53,cnn_ig,20,23,CCGG,0.015487461195637776,0.0617845593951642,0.01587977947201577,unsigned,0.0552
motif_cnn53_hiranniramol_sequence_cnn_ig_003,1092,hiranniramol,single,sequence,cnn,cnn53,cnn_ig,20,23,CCGG,0.015487461195637776,0.0617845593951642,0.01587977947201577,unsigned,0.3571
motif_cnn53_hiranniramol_sequence_cnn_ig_003,1094,hiranniramol,single,sequence,cnn,cnn53,cnn_ig,20,23,CCGG,0.015487461195637776,0.0617845593951642,0.01587977947201577,unsigned,0.0
motif_cnn53_hiranniramol_sequence_cnn_ig_003,1097,hiranniramol,single,sequence,cnn,cnn53,cnn_ig,20,23,CCGG,0.015487461195637776,0.0617845593951642,0.01587977947201577,unsigned,0.475
motif_cnn53_hiranniramol_sequence_cnn_ig_003,1119,hiranniramol,single,sequence,cnn,cnn53,cnn_ig,20,23,CCGG,0.015487461195637776,0.0617845593951642,0.01587977947201577,unsigned,0.0
motif_cnn53_hiranniramol_sequence_cnn_ig_003,1147,hiranniramol,single,sequence,cnn,cnn53,cnn_ig,20,23,CCGG,0.015487461195637776,0.0617845593951642,0.01587977947201577,unsigned,0.4103
motif_cnn53_hiranniramol_sequence_cnn_ig_003,1171,hiranniramol,single,sequence,cnn,cnn53,cnn_ig,20,23,CCGG,0.015487461195637776,0.0617845593951642,0.01587977947201577,unsigned,0.1244
motif_cnn53_hiranniramol_sequence_cnn_ig_003,1174,hiranniramol,single,sequence,cnn,cnn53,cnn_ig,20,23,CCGG,0.015487461195637776,0.0617845593951642,0.01587977947201577,unsigned,0.4650999999999999
motif_cnn53_hiranniramol_sequence_cnn_ig_003,1183,hiranniramol,single,sequence,cnn,cnn53,cnn_ig,20,23,CCGG,0.015487461195637776,0.0617845593951642,0.01587977947201577,unsigned,0.4736999999999999
motif_cnn53_hiranniramol_sequence_cnn_ig_003,1191,hiranniramol,single,sequence,cnn,cnn53,cnn_ig,20,23,CCGG,0.015487461195637776,0.0617845593951642,0.01587977947201577,unsigned,0.1538
motif_cnn53_hiranniramol_sequence_cnn_ig_003,1192,hiranniramol,single,sequence,cnn,cnn53,cnn_ig,20,23,CCGG,0.015487461195637776,0.0617845593951642,0.01587977947201577,unsigned,0.3125
motif_cnn53_hiranniramol_sequence_cnn_ig_003,1201,hiranniramol,single,sequence,cnn,cnn53,cnn_ig,20,23,CCGG,0.015487461195637776,0.0617845593951642,0.01587977947201577,unsigned,0.4896
motif_cnn53_hiranniramol_sequence_cnn_ig_003,1202,hiranniramol,single,sequence,cnn,cnn53,cnn_ig,20,23,CCGG,0.015487461195637776,0.0617845593951642,0.01587977947201577,unsigned,0.4545
motif_cnn53_hiranniramol_sequence_cnn_ig_003,1208,hiranniramol,single,sequence,cnn,cnn53,cnn_ig,20,23,CCGG,0.015487461195637776,0.0617845593951642,0.01587977947201577,unsigned,0.2632
motif_cnn53_hiranniramol_sequence_cnn_ig_003,1209,hiranniramol,single,sequence,cnn,cnn53,cnn_ig,20,23,CCGG,0.015487461195637776,0.0617845593951642,0.01587977947201577,unsigned,0.3
motif_cnn53_hiranniramol_sequence_cnn_ig_003,1217,hiranniramol,single,sequence,cnn,cnn53,cnn_ig,20,23,CCGG,0.015487461195637776,0.0617845593951642,0.01587977947201577,unsigned,0.4364
motif_cnn53_hiranniramol_sequence_cnn_ig_003,1237,hiranniramol,single,sequence,cnn,cnn53,cnn_ig,20,23,CCGG,0.015487461195637776,0.0617845593951642,0.01587977947201577,unsigned,0.0909
motif_cnn53_hiranniramol_sequence_cnn_ig_003,1253,hiranniramol,single,sequence,cnn,cnn53,cnn_ig,20,23,CCGG,0.015487461195637776,0.0617845593951642,0.01587977947201577,unsigned,0.3846
motif_cnn53_hiranniramol_sequence_cnn_ig_003,1268,hiranniramol,single,sequence,cnn,cnn53,cnn_ig,20,23,CCGG,0.015487461195637776,0.0617845593951642,0.01587977947201577,unsigned,0.3182
motif_cnn53_hiranniramol_sequence_cnn_ig_003,1288,hiranniramol,single,sequence,cnn,cnn53,cnn_ig,20,23,CCGG,0.015487461195637776,0.0617845593951642,0.01587977947201577,unsigned,0.2307999999999999
motif_cnn53_hiranniramol_sequence_cnn_ig_003,1302,hiranniramol,single,sequence,cnn,cnn53,cnn_ig,20,23,CCGG,0.015487461195637776,0.0617845593951642,0.01587977947201577,unsigned,0.2273
motif_cnn73_hiranniramol_sequence_cnn_ig_004,26,hiranniramol,single,sequence,cnn,cnn73,cnn_ig,20,23,CCGG,0.020121359266340684,0.05756670329719778,0.018474802607670385,unsigned,1.0
motif_cnn73_hiranniramol_sequence_cnn_ig_004,30,hiranniramol,single,sequence,cnn,cnn73,cnn_ig,20,23,CCGG,0.020121359266340684,0.05756670329719778,0.018474802607670385,unsigned,1.0
motif_cnn73_hiranniramol_sequence_cnn_ig_004,31,hiranniramol,single,sequence,cnn,cnn73,cnn_ig,20,23,CCGG,0.020121359266340684,0.05756670329719778,0.018474802607670385,unsigned,1.0
motif_cnn73_hiranniramol_sequence_cnn_ig_004,55,hiranniramol,single,sequence,cnn,cnn73,cnn_ig,20,23,CCGG,0.020121359266340684,0.05756670329719778,0.018474802607670385,unsigned,1.0
motif_cnn73_hiranniramol_sequence_cnn_ig_004,79,hiranniramol,single,sequence,cnn,cnn73,cnn_ig,20,23,CCGG,0.020121359266340684,0.05756670329719778,0.018474802607670385,unsigned,1.0
motif_cnn73_hiranniramol_sequence_cnn_ig_004,115,hiranniramol,single,sequence,cnn,cnn73,cnn_ig,20,23,CCGG,0.020121359266340684,0.05756670329719778,0.018474802607670385,unsigned,1.0
motif_cnn73_hiranniramol_sequence_cnn_ig_004,116,hiranniramol,single,sequence,cnn,cnn73,cnn_ig,20,23,CCGG,0.020121359266340684,0.05756670329719778,0.018474802607670385,unsigned,1.0
motif_cnn73_hiranniramol_sequence_cnn_ig_004,126,hiranniramol,single,sequence,cnn,cnn73,cnn_ig,20,23,CCGG,0.020121359266340684,0.05756670329719778,0.018474802607670385,unsigned,1.0
motif_cnn73_hiranniramol_sequence_cnn_ig_004,145,hiranniramol,single,sequence,cnn,cnn73,cnn_ig,20,23,CCGG,0.020121359266340684,0.05756670329719778,0.018474802607670385,unsigned,1.0
motif_cnn73_hiranniramol_sequence_cnn_ig_004,154,hiranniramol,single,sequence,cnn,cnn73,cnn_ig,20,23,CCGG,0.020121359266340684,0.05756670329719778,0.018474802607670385,unsigned,1.0
motif_cnn73_hiranniramol_sequence_cnn_ig_004,155,hiranniramol,single,sequence,cnn,cnn73,cnn_ig,20,23,CCGG,0.020121359266340684,0.05756670329719778,0.018474802607670385,unsigned,1.0
motif_cnn73_hiranniramol_sequence_cnn_ig_004,204,hiranniramol,single,sequence,cnn,cnn73,cnn_ig,20,23,CCGG,0.020121359266340684,0.05756670329719778,0.018474802607670385,unsigned,1.0
motif_cnn73_hiranniramol_sequence_cnn_ig_004,212,hiranniramol,single,sequence,cnn,cnn73,cnn_ig,20,23,CCGG,0.020121359266340684,0.05756670329719778,0.018474802607670385,unsigned,1.0
motif_cnn73_hiranniramol_sequence_cnn_ig_004,222,hiranniramol,single,sequence,cnn,cnn73,cnn_ig,20,23,CCGG,0.020121359266340684,0.05756670329719778,0.018474802607670385,unsigned,1.0
motif_cnn73_hiranniramol_sequence_cnn_ig_004,227,hiranniramol,single,sequence,cnn,cnn73,cnn_ig,20,23,CCGG,0.020121359266340684,0.05756670329719778,0.018474802607670385,unsigned,1.0
motif_cnn73_hiranniramol_sequence_cnn_ig_004,230,hiranniramol,single,sequence,cnn,cnn73,cnn_ig,20,23,CCGG,0.020121359266340684,0.05756670329719778,0.018474802607670385,unsigned,1.0
motif_cnn73_hiranniramol_sequence_cnn_ig_004,244,hiranniramol,single,sequence,cnn,cnn73,cnn_ig,20,23,CCGG,0.020121359266340684,0.05756670329719778,0.018474802607670385,unsigned,1.0
motif_cnn73_hiranniramol_sequence_cnn_ig_004,255,hiranniramol,single,sequence,cnn,cnn73,cnn_ig,20,23,CCGG,0.020121359266340684,0.05756670329719778,0.018474802607670385,unsigned,1.0
motif_cnn73_hiranniramol_sequence_cnn_ig_004,261,hiranniramol,single,sequence,cnn,cnn73,cnn_ig,20,23,CCGG,0.020121359266340684,0.05756670329719778,0.018474802607670385,unsigned,1.0
motif_cnn73_hiranniramol_sequence_cnn_ig_004,265,hiranniramol,single,sequence,cnn,cnn73,cnn_ig,20,23,CCGG,0.020121359266340684,0.05756670329719778,0.018474802607670385,unsigned,1.0
motif_cnn73_hiranniramol_sequence_cnn_ig_004,272,hiranniramol,single,sequence,cnn,cnn73,cnn_ig,20,23,CCGG,0.020121359266340684,0.05756670329719778,0.018474802607670385,unsigned,1.0
motif_cnn73_hiranniramol_sequence_cnn_ig_004,299,hiranniramol,single,sequence,cnn,cnn73,cnn_ig,20,23,CCGG,0.020121359266340684,0.05756670329719778,0.018474802607670385,unsigned,1.0
motif_cnn73_hiranniramol_sequence_cnn_ig_004,337,hiranniramol,single,sequence,cnn,cnn73,cnn_ig,20,23,CCGG,0.020121359266340684,0.05756670329719778,0.018474802607670385,unsigned,1.0
motif_cnn73_hiranniramol_sequence_cnn_ig_004,356,hiranniramol,single,sequence,cnn,cnn73,cnn_ig,20,23,CCGG,0.020121359266340684,0.05756670329719778,0.018474802607670385,unsigned,1.0
motif_cnn73_hiranniramol_sequence_cnn_ig_004,368,hiranniramol,single,sequence,cnn,cnn73,cnn_ig,20,23,CCGG,0.020121359266340684,0.05756670329719778,0.018474802607670385,unsigned,1.0
motif_cnn73_hiranniramol_sequence_cnn_ig_004,380,hiranniramol,single,sequence,cnn,cnn73,cnn_ig,20,23,CCGG,0.020121359266340684,0.05756670329719778,0.018474802607670385,unsigned,1.0
motif_cnn73_hiranniramol_sequence_cnn_ig_004,387,hiranniramol,single,sequence,cnn,cnn73,cnn_ig,20,23,CCGG,0.020121359266340684,0.05756670329719778,0.018474802607670385,unsigned,1.0
motif_cnn73_hiranniramol_sequence_cnn_ig_004,400,hiranniramol,single,sequence,cnn,cnn73,cnn_ig,20,23,CCGG,0.020121359266340684,0.05756670329719778,0.018474802607670385,unsigned,1.0
motif_cnn73_hiranniramol_sequence_cnn_ig_004,411,hiranniramol,single,sequence,cnn,cnn73,cnn_ig,20,23,CCGG,0.020121359266340684,0.05756670329719778,0.018474802607670385,unsigned,1.0
motif_cnn73_hiranniramol_sequence_cnn_ig_004,438,hiranniramol,single,sequence,cnn,cnn73,cnn_ig,20,23,CCGG,0.020121359266340684,0.05756670329719778,0.018474802607670385,unsigned,1.0
motif_cnn73_hiranniramol_sequence_cnn_ig_004,439,hiranniramol,single,sequence,cnn,cnn73,cnn_ig,20,23,CCGG,0.020121359266340684,0.05756670329719778,0.018474802607670385,unsigned,1.0
motif_cnn73_hiranniramol_sequence_cnn_ig_004,447,hiranniramol,single,sequence,cnn,cnn73,cnn_ig,20,23,CCGG,0.020121359266340684,0.05756670329719778,0.018474802607670385,unsigned,1.0
motif_cnn73_hiranniramol_sequence_cnn_ig_004,487,hiranniramol,single,sequence,cnn,cnn73,cnn_ig,20,23,CCGG,0.020121359266340684,0.05756670329719778,0.018474802607670385,unsigned,1.0
motif_cnn73_hiranniramol_sequence_cnn_ig_004,493,hiranniramol,single,sequence,cnn,cnn73,cnn_ig,20,23,CCGG,0.020121359266340684,0.05756670329719778,0.018474802607670385,unsigned,1.0
motif_cnn73_hiranniramol_sequence_cnn_ig_004,497,hiranniramol,single,sequence,cnn,cnn73,cnn_ig,20,23,CCGG,0.020121359266340684,0.05756670329719778,0.018474802607670385,unsigned,1.0
motif_cnn73_hiranniramol_sequence_cnn_ig_004,499,hiranniramol,single,sequence,cnn,cnn73,cnn_ig,20,23,CCGG,0.020121359266340684,0.05756670329719778,0.018474802607670385,unsigned,1.0
motif_cnn73_hiranniramol_sequence_cnn_ig_004,518,hiranniramol,single,sequence,cnn,cnn73,cnn_ig,20,23,CCGG,0.020121359266340684,0.05756670329719778,0.018474802607670385,unsigned,1.0
motif_cnn73_hiranniramol_sequence_cnn_ig_004,535,hiranniramol,single,sequence,cnn,cnn73,cnn_ig,20,23,CCGG,0.020121359266340684,0.05756670329719778,0.018474802607670385,unsigned,1.0
motif_cnn73_hiranniramol_sequence_cnn_ig_004,543,hiranniramol,single,sequence,cnn,cnn73,cnn_ig,20,23,CCGG,0.020121359266340684,0.05756670329719778,0.018474802607670385,unsigned,1.0
motif_cnn73_hiranniramol_sequence_cnn_ig_004,549,hiranniramol,single,sequence,cnn,cnn73,cnn_ig,20,23,CCGG,0.020121359266340684,0.05756670329719778,0.018474802607670385,unsigned,1.0
motif_cnn73_hiranniramol_sequence_cnn_ig_004,561,hiranniramol,single,sequence,cnn,cnn73,cnn_ig,20,23,CCGG,0.020121359266340684,0.05756670329719778,0.018474802607670385,unsigned,1.0
motif_cnn73_hiranniramol_sequence_cnn_ig_004,569,hiranniramol,single,sequence,cnn,cnn73,cnn_ig,20,23,CCGG,0.020121359266340684,0.05756670329719778,0.018474802607670385,unsigned,1.0
motif_cnn73_hiranniramol_sequence_cnn_ig_004,589,hiranniramol,single,sequence,cnn,cnn73,cnn_ig,20,23,CCGG,0.020121359266340684,0.05756670329719778,0.018474802607670385,unsigned,1.0
motif_cnn73_hiranniramol_sequence_cnn_ig_004,593,hiranniramol,single,sequence,cnn,cnn73,cnn_ig,20,23,CCGG,0.020121359266340684,0.05756670329719778,0.018474802607670385,unsigned,1.0
motif_cnn73_hiranniramol_sequence_cnn_ig_004,611,hiranniramol,single,sequence,cnn,cnn73,cnn_ig,20,23,CCGG,0.020121359266340684,0.05756670329719778,0.018474802607670385,unsigned,1.0
motif_cnn73_hiranniramol_sequence_cnn_ig_004,614,hiranniramol,single,sequence,cnn,cnn73,cnn_ig,20,23,CCGG,0.020121359266340684,0.05756670329719778,0.018474802607670385,unsigned,1.0
motif_cnn73_hiranniramol_sequence_cnn_ig_004,624,hiranniramol,single,sequence,cnn,cnn73,cnn_ig,20,23,CCGG,0.020121359266340684,0.05756670329719778,0.018474802607670385,unsigned,1.0
motif_cnn73_hiranniramol_sequence_cnn_ig_004,630,hiranniramol,single,sequence,cnn,cnn73,cnn_ig,20,23,CCGG,0.020121359266340684,0.05756670329719778,0.018474802607670385,unsigned,1.0
motif_cnn73_hiranniramol_sequence_cnn_ig_004,643,hiranniramol,single,sequence,cnn,cnn73,cnn_ig,20,23,CCGG,0.020121359266340684,0.05756670329719778,0.018474802607670385,unsigned,1.0
motif_cnn73_hiranniramol_sequence_cnn_ig_004,653,hiranniramol,single,sequence,cnn,cnn73,cnn_ig,20,23,CCGG,0.020121359266340684,0.05756670329719778,0.018474802607670385,unsigned,1.0
motif_cnn73_hiranniramol_sequence_cnn_ig_004,669,hiranniramol,single,sequence,cnn,cnn73,cnn_ig,20,23,CCGG,0.020121359266340684,0.05756670329719778,0.018474802607670385,unsigned,1.0
motif_cnn73_hiranniramol_sequence_cnn_ig_004,679,hiranniramol,single,sequence,cnn,cnn73,cnn_ig,20,23,CCGG,0.020121359266340684,0.05756670329719778,0.018474802607670385,unsigned,1.0
motif_cnn73_hiranniramol_sequence_cnn_ig_004,701,hiranniramol,single,sequence,cnn,cnn73,cnn_ig,20,23,CCGG,0.020121359266340684,0.05756670329719778,0.018474802607670385,unsigned,1.0
motif_cnn73_hiranniramol_sequence_cnn_ig_004,705,hiranniramol,single,sequence,cnn,cnn73,cnn_ig,20,23,CCGG,0.020121359266340684,0.05756670329719778,0.018474802607670385,unsigned,1.0
motif_cnn73_hiranniramol_sequence_cnn_ig_004,707,hiranniramol,single,sequence,cnn,cnn73,cnn_ig,20,23,CCGG,0.020121359266340684,0.05756670329719778,0.018474802607670385,unsigned,1.0
motif_cnn73_hiranniramol_sequence_cnn_ig_004,717,hiranniramol,single,sequence,cnn,cnn73,cnn_ig,20,23,CCGG,0.020121359266340684,0.05756670329719778,0.018474802607670385,unsigned,1.0
motif_cnn73_hiranniramol_sequence_cnn_ig_004,729,hiranniramol,single,sequence,cnn,cnn73,cnn_ig,20,23,CCGG,0.020121359266340684,0.05756670329719778,0.018474802607670385,unsigned,1.0
motif_cnn73_hiranniramol_sequence_cnn_ig_004,740,hiranniramol,single,sequence,cnn,cnn73,cnn_ig,20,23,CCGG,0.020121359266340684,0.05756670329719778,0.018474802607670385,unsigned,1.0
motif_cnn73_hiranniramol_sequence_cnn_ig_004,758,hiranniramol,single,sequence,cnn,cnn73,cnn_ig,20,23,CCGG,0.020121359266340684,0.05756670329719778,0.018474802607670385,unsigned,0.2824
motif_cnn73_hiranniramol_sequence_cnn_ig_004,762,hiranniramol,single,sequence,cnn,cnn73,cnn_ig,20,23,CCGG,0.020121359266340684,0.05756670329719778,0.018474802607670385,unsigned,0.5
motif_cnn73_hiranniramol_sequence_cnn_ig_004,797,hiranniramol,single,sequence,cnn,cnn73,cnn_ig,20,23,CCGG,0.020121359266340684,0.05756670329719778,0.018474802607670385,unsigned,0.3636
motif_cnn73_hiranniramol_sequence_cnn_ig_004,805,hiranniramol,single,sequence,cnn,cnn73,cnn_ig,20,23,CCGG,0.020121359266340684,0.05756670329719778,0.018474802607670385,unsigned,0.0
motif_cnn73_hiranniramol_sequence_cnn_ig_004,821,hiranniramol,single,sequence,cnn,cnn73,cnn_ig,20,23,CCGG,0.020121359266340684,0.05756670329719778,0.018474802607670385,unsigned,0.3276
motif_cnn73_hiranniramol_sequence_cnn_ig_004,854,hiranniramol,single,sequence,cnn,cnn73,cnn_ig,20,23,CCGG,0.020121359266340684,0.05756670329719778,0.018474802607670385,unsigned,0.28
motif_cnn73_hiranniramol_sequence_cnn_ig_004,867,hiranniramol,single,sequence,cnn,cnn73,cnn_ig,20,23,CCGG,0.020121359266340684,0.05756670329719778,0.018474802607670385,unsigned,0.2
motif_cnn73_hiranniramol_sequence_cnn_ig_004,906,hiranniramol,single,sequence,cnn,cnn73,cnn_ig,20,23,CCGG,0.020121359266340684,0.05756670329719778,0.018474802607670385,unsigned,0.3208
motif_cnn73_hiranniramol_sequence_cnn_ig_004,910,hiranniramol,single,sequence,cnn,cnn73,cnn_ig,20,23,CCGG,0.020121359266340684,0.05756670329719778,0.018474802607670385,unsigned,0.1
motif_cnn73_hiranniramol_sequence_cnn_ig_004,935,hiranniramol,single,sequence,cnn,cnn73,cnn_ig,20,23,CCGG,0.020121359266340684,0.05756670329719778,0.018474802607670385,unsigned,0.175
motif_cnn73_hiranniramol_sequence_cnn_ig_004,944,hiranniramol,single,sequence,cnn,cnn73,cnn_ig,20,23,CCGG,0.020121359266340684,0.05756670329719778,0.018474802607670385,unsigned,0.4324
motif_cnn73_hiranniramol_sequence_cnn_ig_004,960,hiranniramol,single,sequence,cnn,cnn73,cnn_ig,20,23,CCGG,0.020121359266340684,0.05756670329719778,0.018474802607670385,unsigned,0.3571
motif_cnn73_hiranniramol_sequence_cnn_ig_004,962,hiranniramol,single,sequence,cnn,cnn73,cnn_ig,20,23,CCGG,0.020121359266340684,0.05756670329719778,0.018474802607670385,unsigned,0.3636
motif_cnn73_hiranniramol_sequence_cnn_ig_004,986,hiranniramol,single,sequence,cnn,cnn73,cnn_ig,20,23,CCGG,0.020121359266340684,0.05756670329719778,0.018474802607670385,unsigned,0.4347999999999999
motif_cnn73_hiranniramol_sequence_cnn_ig_004,992,hiranniramol,single,sequence,cnn,cnn73,cnn_ig,20,23,CCGG,0.020121359266340684,0.05756670329719778,0.018474802607670385,unsigned,0.4386
motif_cnn73_hiranniramol_sequence_cnn_ig_004,994,hiranniramol,single,sequence,cnn,cnn73,cnn_ig,20,23,CCGG,0.020121359266340684,0.05756670329719778,0.018474802607670385,unsigned,0.3068
motif_cnn73_hiranniramol_sequence_cnn_ig_004,998,hiranniramol,single,sequence,cnn,cnn73,cnn_ig,20,23,CCGG,0.020121359266340684,0.05756670329719778,0.018474802607670385,unsigned,0.1772
motif_cnn73_hiranniramol_sequence_cnn_ig_004,1010,hiranniramol,single,sequence,cnn,cnn73,cnn_ig,20,23,CCGG,0.020121359266340684,0.05756670329719778,0.018474802607670385,unsigned,0.4
motif_cnn73_hiranniramol_sequence_cnn_ig_004,1012,hiranniramol,single,sequence,cnn,cnn73,cnn_ig,20,23,CCGG,0.020121359266340684,0.05756670329719778,0.018474802607670385,unsigned,0.24
motif_cnn73_hiranniramol_sequence_cnn_ig_004,1020,hiranniramol,single,sequence,cnn,cnn73,cnn_ig,20,23,CCGG,0.020121359266340684,0.05756670329719778,0.018474802607670385,unsigned,0.4643
motif_cnn73_hiranniramol_sequence_cnn_ig_004,1021,hiranniramol,single,sequence,cnn,cnn73,cnn_ig,20,23,CCGG,0.020121359266340684,0.05756670329719778,0.018474802607670385,unsigned,0.4
motif_cnn73_hiranniramol_sequence_cnn_ig_004,1029,hiranniramol,single,sequence,cnn,cnn73,cnn_ig,20,23,CCGG,0.020121359266340684,0.05756670329719778,0.018474802607670385,unsigned,0.4624
motif_cnn73_hiranniramol_sequence_cnn_ig_004,1045,hiranniramol,single,sequence,cnn,cnn73,cnn_ig,20,23,CCGG,0.020121359266340684,0.05756670329719778,0.018474802607670385,unsigned,0.3023
motif_cnn73_hiranniramol_sequence_cnn_ig_004,1074,hiranniramol,single,sequence,cnn,cnn73,cnn_ig,20,23,CCGG,0.020121359266340684,0.05756670329719778,0.018474802607670385,unsigned,0.4144
motif_cnn73_hiranniramol_sequence_cnn_ig_004,1081,hiranniramol,single,sequence,cnn,cnn73,cnn_ig,20,23,CCGG,0.020121359266340684,0.05756670329719778,0.018474802607670385,unsigned,0.3125
motif_cnn73_hiranniramol_sequence_cnn_ig_004,1090,hiranniramol,single,sequence,cnn,cnn73,cnn_ig,20,23,CCGG,0.020121359266340684,0.05756670329719778,0.018474802607670385,unsigned,0.0552
motif_cnn73_hiranniramol_sequence_cnn_ig_004,1092,hiranniramol,single,sequence,cnn,cnn73,cnn_ig,20,23,CCGG,0.020121359266340684,0.05756670329719778,0.018474802607670385,unsigned,0.3571
motif_cnn73_hiranniramol_sequence_cnn_ig_004,1094,hiranniramol,single,sequence,cnn,cnn73,cnn_ig,20,23,CCGG,0.020121359266340684,0.05756670329719778,0.018474802607670385,unsigned,0.0
motif_cnn73_hiranniramol_sequence_cnn_ig_004,1097,hiranniramol,single,sequence,cnn,cnn73,cnn_ig,20,23,CCGG,0.020121359266340684,0.05756670329719778,0.018474802607670385,unsigned,0.475
motif_cnn73_hiranniramol_sequence_cnn_ig_004,1119,hiranniramol,single,sequence,cnn,cnn73,cnn_ig,20,23,CCGG,0.020121359266340684,0.05756670329719778,0.018474802607670385,unsigned,0.0
motif_cnn73_hiranniramol_sequence_cnn_ig_004,1147,hiranniramol,single,sequence,cnn,cnn73,cnn_ig,20,23,CCGG,0.020121359266340684,0.05756670329719778,0.018474802607670385,unsigned,0.4103
motif_cnn73_hiranniramol_sequence_cnn_ig_004,1171,hiranniramol,single,sequence,cnn,cnn73,cnn_ig,20,23,CCGG,0.020121359266340684,0.05756670329719778,0.018474802607670385,unsigned,0.1244
motif_cnn73_hiranniramol_sequence_cnn_ig_004,1174,hiranniramol,single,sequence,cnn,cnn73,cnn_ig,20,23,CCGG,0.020121359266340684,0.05756670329719778,0.018474802607670385,unsigned,0.4650999999999999
motif_cnn73_hiranniramol_sequence_cnn_ig_004,1183,hiranniramol,single,sequence,cnn,cnn73,cnn_ig,20,23,CCGG,0.020121359266340684,0.05756670329719778,0.018474802607670385,unsigned,0.4736999999999999
motif_cnn73_hiranniramol_sequence_cnn_ig_004,1191,hiranniramol,single,sequence,cnn,cnn73,cnn_ig,20,23,CCGG,0.020121359266340684,0.05756670329719778,0.018474802607670385,unsigned,0.1538
motif_cnn73_hiranniramol_sequence_cnn_ig_004,1192,hiranniramol,single,sequence,cnn,cnn73,cnn_ig,20,23,CCGG,0.020121359266340684,0.05756670329719778,0.018474802607670385,unsigned,0.3125
motif_cnn73_hiranniramol_sequence_cnn_ig_004,1201,hiranniramol,single,sequence,cnn,cnn73,cnn_ig,20,23,CCGG,0.020121359266340684,0.05756670329719778,0.018474802607670385,unsigned,0.4896
motif_cnn73_hiranniramol_sequence_cnn_ig_004,1202,hiranniramol,single,sequence,cnn,cnn73,cnn_ig,20,23,CCGG,0.020121359266340684,0.05756670329719778,0.018474802607670385,unsigned,0.4545
motif_cnn73_hiranniramol_sequence_cnn_ig_004,1208,hiranniramol,single,sequence,cnn,cnn73,cnn_ig,20,23,CCGG,0.020121359266340684,0.05756670329719778,0.018474802607670385,unsigned,0.2632
motif_cnn73_hiranniramol_sequence_cnn_ig_004,1209,hiranniramol,single,sequence,cnn,cnn73,cnn_ig,20,23,CCGG,0.020121359266340684,0.05756670329719778,0.018474802607670385,unsigned,0.3
motif_cnn73_hiranniramol_sequence_cnn_ig_004,1217,hiranniramol,single,sequence,cnn,cnn73,cnn_ig,20,23,CCGG,0.020121359266340684,0.05756670329719778,0.018474802607670385,unsigned,0.4364
motif_cnn73_hiranniramol_sequence_cnn_ig_004,1237,hiranniramol,single,sequence,cnn,cnn73,cnn_ig,20,23,CCGG,0.020121359266340684,0.05756670329719778,0.018474802607670385,unsigned,0.0909
motif_cnn73_hiranniramol_sequence_cnn_ig_004,1253,hiranniramol,single,sequence,cnn,cnn73,cnn_ig,20,23,CCGG,0.020121359266340684,0.05756670329719778,0.018474802607670385,unsigned,0.3846
motif_cnn73_hiranniramol_sequence_cnn_ig_004,1268,hiranniramol,single,sequence,cnn,cnn73,cnn_ig,20,23,CCGG,0.020121359266340684,0.05756670329719778,0.018474802607670385,unsigned,0.3182
motif_cnn73_hiranniramol_sequence_cnn_ig_004,1288,hiranniramol,single,sequence,cnn,cnn73,cnn_ig,20,23,CCGG,0.020121359266340684,0.05756670329719778,0.018474802607670385,unsigned,0.2307999999999999
motif_cnn73_hiranniramol_sequence_cnn_ig_004,1302,hiranniramol,single,sequence,cnn,cnn73,cnn_ig,20,23,CCGG,0.020121359266340684,0.05756670329719778,0.018474802607670385,unsigned,0.2273
motif_cnn73_hiranniramol_sequence_cnn_ig_005,6,hiranniramol,single,sequence,cnn,cnn73,cnn_ig,20,23,TGGG,0.029623134993016685,0.05756670329719778,0.018474802607670385,unsigned,1.0
motif_cnn73_hiranniramol_sequence_cnn_ig_005,11,hiranniramol,single,sequence,cnn,cnn73,cnn_ig,20,23,TGGG,0.029623134993016685,0.05756670329719778,0.018474802607670385,unsigned,1.0
motif_cnn73_hiranniramol_sequence_cnn_ig_005,39,hiranniramol,single,sequence,cnn,cnn73,cnn_ig,20,23,TGGG,0.029623134993016685,0.05756670329719778,0.018474802607670385,unsigned,1.0
motif_cnn73_hiranniramol_sequence_cnn_ig_005,40,hiranniramol,single,sequence,cnn,cnn73,cnn_ig,20,23,TGGG,0.029623134993016685,0.05756670329719778,0.018474802607670385,unsigned,1.0
motif_cnn73_hiranniramol_sequence_cnn_ig_005,41,hiranniramol,single,sequence,cnn,cnn73,cnn_ig,20,23,TGGG,0.029623134993016685,0.05756670329719778,0.018474802607670385,unsigned,1.0
motif_cnn73_hiranniramol_sequence_cnn_ig_005,42,hiranniramol,single,sequence,cnn,cnn73,cnn_ig,20,23,TGGG,0.029623134993016685,0.05756670329719778,0.018474802607670385,unsigned,1.0
motif_cnn73_hiranniramol_sequence_cnn_ig_005,50,hiranniramol,single,sequence,cnn,cnn73,cnn_ig,20,23,TGGG,0.029623134993016685,0.05756670329719778,0.018474802607670385,unsigned,1.0
motif_cnn73_hiranniramol_sequence_cnn_ig_005,84,hiranniramol,single,sequence,cnn,cnn73,cnn_ig,20,23,TGGG,0.029623134993016685,0.05756670329719778,0.018474802607670385,unsigned,1.0
motif_cnn73_hiranniramol_sequence_cnn_ig_005,96,hiranniramol,single,sequence,cnn,cnn73,cnn_ig,20,23,TGGG,0.029623134993016685,0.05756670329719778,0.018474802607670385,unsigned,1.0
motif_cnn73_hiranniramol_sequence_cnn_ig_005,117,hiranniramol,single,sequence,cnn,cnn73,cnn_ig,20,23,TGGG,0.029623134993016685,0.05756670329719778,0.018474802607670385,unsigned,1.0
motif_cnn73_hiranniramol_sequence_cnn_ig_005,144,hiranniramol,single,sequence,cnn,cnn73,cnn_ig,20,23,TGGG,0.029623134993016685,0.05756670329719778,0.018474802607670385,unsigned,1.0
motif_cnn73_hiranniramol_sequence_cnn_ig_005,150,hiranniramol,single,sequence,cnn,cnn73,cnn_ig,20,23,TGGG,0.029623134993016685,0.05756670329719778,0.018474802607670385,unsigned,1.0
motif_cnn73_hiranniramol_sequence_cnn_ig_005,152,hiranniramol,single,sequence,cnn,cnn73,cnn_ig,20,23,TGGG,0.029623134993016685,0.05756670329719778,0.018474802607670385,unsigned,1.0
motif_cnn73_hiranniramol_sequence_cnn_ig_005,163,hiranniramol,single,sequence,cnn,cnn73,cnn_ig,20,23,TGGG,0.029623134993016685,0.05756670329719778,0.018474802607670385,unsigned,1.0
motif_cnn73_hiranniramol_sequence_cnn_ig_005,173,hiranniramol,single,sequence,cnn,cnn73,cnn_ig,20,23,TGGG,0.029623134993016685,0.05756670329719778,0.018474802607670385,unsigned,1.0
motif_cnn73_hiranniramol_sequence_cnn_ig_005,192,hiranniramol,single,sequence,cnn,cnn73,cnn_ig,20,23,TGGG,0.029623134993016685,0.05756670329719778,0.018474802607670385,unsigned,1.0
motif_cnn73_hiranniramol_sequence_cnn_ig_005,217,hiranniramol,single,sequence,cnn,cnn73,cnn_ig,20,23,TGGG,0.029623134993016685,0.05756670329719778,0.018474802607670385,unsigned,1.0
motif_cnn73_hiranniramol_sequence_cnn_ig_005,262,hiranniramol,single,sequence,cnn,cnn73,cnn_ig,20,23,TGGG,0.029623134993016685,0.05756670329719778,0.018474802607670385,unsigned,1.0
motif_cnn73_hiranniramol_sequence_cnn_ig_005,263,hiranniramol,single,sequence,cnn,cnn73,cnn_ig,20,23,TGGG,0.029623134993016685,0.05756670329719778,0.018474802607670385,unsigned,1.0
motif_cnn73_hiranniramol_sequence_cnn_ig_005,267,hiranniramol,single,sequence,cnn,cnn73,cnn_ig,20,23,TGGG,0.029623134993016685,0.05756670329719778,0.018474802607670385,unsigned,1.0
motif_cnn73_hiranniramol_sequence_cnn_ig_005,280,hiranniramol,single,sequence,cnn,cnn73,cnn_ig,20,23,TGGG,0.029623134993016685,0.05756670329719778,0.018474802607670385,unsigned,1.0
motif_cnn73_hiranniramol_sequence_cnn_ig_005,281,hiranniramol,single,sequence,cnn,cnn73,cnn_ig,20,23,TGGG,0.029623134993016685,0.05756670329719778,0.018474802607670385,unsigned,1.0
motif_cnn73_hiranniramol_sequence_cnn_ig_005,294,hiranniramol,single,sequence,cnn,cnn73,cnn_ig,20,23,TGGG,0.029623134993016685,0.05756670329719778,0.018474802607670385,unsigned,1.0
motif_cnn73_hiranniramol_sequence_cnn_ig_005,355,hiranniramol,single,sequence,cnn,cnn73,cnn_ig,20,23,TGGG,0.029623134993016685,0.05756670329719778,0.018474802607670385,unsigned,1.0
motif_cnn73_hiranniramol_sequence_cnn_ig_005,377,hiranniramol,single,sequence,cnn,cnn73,cnn_ig,20,23,TGGG,0.029623134993016685,0.05756670329719778,0.018474802607670385,unsigned,1.0
motif_cnn73_hiranniramol_sequence_cnn_ig_005,389,hiranniramol,single,sequence,cnn,cnn73,cnn_ig,20,23,TGGG,0.029623134993016685,0.05756670329719778,0.018474802607670385,unsigned,1.0
motif_cnn73_hiranniramol_sequence_cnn_ig_005,396,hiranniramol,single,sequence,cnn,cnn73,cnn_ig,20,23,TGGG,0.029623134993016685,0.05756670329719778,0.018474802607670385,unsigned,1.0
motif_cnn73_hiranniramol_sequence_cnn_ig_005,402,hiranniramol,single,sequence,cnn,cnn73,cnn_ig,20,23,TGGG,0.029623134993016685,0.05756670329719778,0.018474802607670385,unsigned,1.0
motif_cnn73_hiranniramol_sequence_cnn_ig_005,412,hiranniramol,single,sequence,cnn,cnn73,cnn_ig,20,23,TGGG,0.029623134993016685,0.05756670329719778,0.018474802607670385,unsigned,1.0
motif_cnn73_hiranniramol_sequence_cnn_ig_005,429,hiranniramol,single,sequence,cnn,cnn73,cnn_ig,20,23,TGGG,0.029623134993016685,0.05756670329719778,0.018474802607670385,unsigned,1.0
motif_cnn73_hiranniramol_sequence_cnn_ig_005,458,hiranniramol,single,sequence,cnn,cnn73,cnn_ig,20,23,TGGG,0.029623134993016685,0.05756670329719778,0.018474802607670385,unsigned,1.0
motif_cnn73_hiranniramol_sequence_cnn_ig_005,464,hiranniramol,single,sequence,cnn,cnn73,cnn_ig,20,23,TGGG,0.029623134993016685,0.05756670329719778,0.018474802607670385,unsigned,1.0
motif_cnn73_hiranniramol_sequence_cnn_ig_005,495,hiranniramol,single,sequence,cnn,cnn73,cnn_ig,20,23,TGGG,0.029623134993016685,0.05756670329719778,0.018474802607670385,unsigned,1.0
motif_cnn73_hiranniramol_sequence_cnn_ig_005,498,hiranniramol,single,sequence,cnn,cnn73,cnn_ig,20,23,TGGG,0.029623134993016685,0.05756670329719778,0.018474802607670385,unsigned,1.0
motif_cnn73_hiranniramol_sequence_cnn_ig_005,520,hiranniramol,single,sequence,cnn,cnn73,cnn_ig,20,23,TGGG,0.029623134993016685,0.05756670329719778,0.018474802607670385,unsigned,1.0
motif_cnn73_hiranniramol_sequence_cnn_ig_005,536,hiranniramol,single,sequence,cnn,cnn73,cnn_ig,20,23,TGGG,0.029623134993016685,0.05756670329719778,0.018474802607670385,unsigned,1.0
motif_cnn73_hiranniramol_sequence_cnn_ig_005,556,hiranniramol,single,sequence,cnn,cnn73,cnn_ig,20,23,TGGG,0.029623134993016685,0.05756670329719778,0.018474802607670385,unsigned,1.0
motif_cnn73_hiranniramol_sequence_cnn_ig_005,571,hiranniramol,single,sequence,cnn,cnn73,cnn_ig,20,23,TGGG,0.029623134993016685,0.05756670329719778,0.018474802607670385,unsigned,1.0
motif_cnn73_hiranniramol_sequence_cnn_ig_005,579,hiranniramol,single,sequence,cnn,cnn73,cnn_ig,20,23,TGGG,0.029623134993016685,0.05756670329719778,0.018474802607670385,unsigned,1.0
motif_cnn73_hiranniramol_sequence_cnn_ig_005,581,hiranniramol,single,sequence,cnn,cnn73,cnn_ig,20,23,TGGG,0.029623134993016685,0.05756670329719778,0.018474802607670385,unsigned,1.0
motif_cnn73_hiranniramol_sequence_cnn_ig_005,590,hiranniramol,single,sequence,cnn,cnn73,cnn_ig,20,23,TGGG,0.029623134993016685,0.05756670329719778,0.018474802607670385,unsigned,1.0
motif_cnn73_hiranniramol_sequence_cnn_ig_005,600,hiranniramol,single,sequence,cnn,cnn73,cnn_ig,20,23,TGGG,0.029623134993016685,0.05756670329719778,0.018474802607670385,unsigned,1.0
motif_cnn73_hiranniramol_sequence_cnn_ig_005,641,hiranniramol,single,sequence,cnn,cnn73,cnn_ig,20,23,TGGG,0.029623134993016685,0.05756670329719778,0.018474802607670385,unsigned,1.0
motif_cnn73_hiranniramol_sequence_cnn_ig_005,658,hiranniramol,single,sequence,cnn,cnn73,cnn_ig,20,23,TGGG,0.029623134993016685,0.05756670329719778,0.018474802607670385,unsigned,1.0
motif_cnn73_hiranniramol_sequence_cnn_ig_005,661,hiranniramol,single,sequence,cnn,cnn73,cnn_ig,20,23,TGGG,0.029623134993016685,0.05756670329719778,0.018474802607670385,unsigned,1.0
motif_cnn73_hiranniramol_sequence_cnn_ig_005,670,hiranniramol,single,sequence,cnn,cnn73,cnn_ig,20,23,TGGG,0.029623134993016685,0.05756670329719778,0.018474802607670385,unsigned,1.0
motif_cnn73_hiranniramol_sequence_cnn_ig_005,671,hiranniramol,single,sequence,cnn,cnn73,cnn_ig,20,23,TGGG,0.029623134993016685,0.05756670329719778,0.018474802607670385,unsigned,1.0
motif_cnn73_hiranniramol_sequence_cnn_ig_005,700,hiranniramol,single,sequence,cnn,cnn73,cnn_ig,20,23,TGGG,0.029623134993016685,0.05756670329719778,0.018474802607670385,unsigned,1.0
motif_cnn73_hiranniramol_sequence_cnn_ig_005,731,hiranniramol,single,sequence,cnn,cnn73,cnn_ig,20,23,TGGG,0.029623134993016685,0.05756670329719778,0.018474802607670385,unsigned,1.0
motif_cnn73_hiranniramol_sequence_cnn_ig_005,751,hiranniramol,single,sequence,cnn,cnn73,cnn_ig,20,23,TGGG,0.029623134993016685,0.05756670329719778,0.018474802607670385,unsigned,0.375
motif_cnn73_hiranniramol_sequence_cnn_ig_005,763,hiranniramol,single,sequence,cnn,cnn73,cnn_ig,20,23,TGGG,0.029623134993016685,0.05756670329719778,0.018474802607670385,unsigned,0.3571
motif_cnn73_hiranniramol_sequence_cnn_ig_005,767,hiranniramol,single,sequence,cnn,cnn73,cnn_ig,20,23,TGGG,0.029623134993016685,0.05756670329719778,0.018474802607670385,unsigned,0.3846
motif_cnn73_hiranniramol_sequence_cnn_ig_005,770,hiranniramol,single,sequence,cnn,cnn73,cnn_ig,20,23,TGGG,0.029623134993016685,0.05756670329719778,0.018474802607670385,unsigned,0.4090999999999999
motif_cnn73_hiranniramol_sequence_cnn_ig_005,776,hiranniramol,single,sequence,cnn,cnn73,cnn_ig,20,23,TGGG,0.029623134993016685,0.05756670329719778,0.018474802607670385,unsigned,0.4847999999999999
motif_cnn73_hiranniramol_sequence_cnn_ig_005,778,hiranniramol,single,sequence,cnn,cnn73,cnn_ig,20,23,TGGG,0.029623134993016685,0.05756670329719778,0.018474802607670385,unsigned,0.4
motif_cnn73_hiranniramol_sequence_cnn_ig_005,793,hiranniramol,single,sequence,cnn,cnn73,cnn_ig,20,23,TGGG,0.029623134993016685,0.05756670329719778,0.018474802607670385,unsigned,0.4100999999999999
motif_cnn73_hiranniramol_sequence_cnn_ig_005,794,hiranniramol,single,sequence,cnn,cnn73,cnn_ig,20,23,TGGG,0.029623134993016685,0.05756670329719778,0.018474802607670385,unsigned,0.5
motif_cnn73_hiranniramol_sequence_cnn_ig_005,839,hiranniramol,single,sequence,cnn,cnn73,cnn_ig,20,23,TGGG,0.029623134993016685,0.05756670329719778,0.018474802607670385,unsigned,0.4
motif_cnn73_hiranniramol_sequence_cnn_ig_005,842,hiranniramol,single,sequence,cnn,cnn73,cnn_ig,20,23,TGGG,0.029623134993016685,0.05756670329719778,0.018474802607670385,unsigned,0.5
motif_cnn73_hiranniramol_sequence_cnn_ig_005,863,hiranniramol,single,sequence,cnn,cnn73,cnn_ig,20,23,TGGG,0.029623134993016685,0.05756670329719778,0.018474802607670385,unsigned,0.5
motif_cnn73_hiranniramol_sequence_cnn_ig_005,877,hiranniramol,single,sequence,cnn,cnn73,cnn_ig,20,23,TGGG,0.029623134993016685,0.05756670329719778,0.018474802607670385,unsigned,0.0833
motif_cnn73_hiranniramol_sequence_cnn_ig_005,893,hiranniramol,single,sequence,cnn,cnn73,cnn_ig,20,23,TGGG,0.029623134993016685,0.05756670329719778,0.018474802607670385,unsigned,0.5
motif_cnn73_hiranniramol_sequence_cnn_ig_005,897,hiranniramol,single,sequence,cnn,cnn73,cnn_ig,20,23,TGGG,0.029623134993016685,0.05756670329719778,0.018474802607670385,unsigned,0.0909
motif_cnn73_hiranniramol_sequence_cnn_ig_005,900,hiranniramol,single,sequence,cnn,cnn73,cnn_ig,20,23,TGGG,0.029623134993016685,0.05756670329719778,0.018474802607670385,unsigned,0.3936
motif_cnn73_hiranniramol_sequence_cnn_ig_005,918,hiranniramol,single,sequence,cnn,cnn73,cnn_ig,20,23,TGGG,0.029623134993016685,0.05756670329719778,0.018474802607670385,unsigned,0.0
motif_cnn73_hiranniramol_sequence_cnn_ig_005,923,hiranniramol,single,sequence,cnn,cnn73,cnn_ig,20,23,TGGG,0.029623134993016685,0.05756670329719778,0.018474802607670385,unsigned,0.4
motif_cnn73_hiranniramol_sequence_cnn_ig_005,932,hiranniramol,single,sequence,cnn,cnn73,cnn_ig,20,23,TGGG,0.029623134993016685,0.05756670329719778,0.018474802607670385,unsigned,0.2754
motif_cnn73_hiranniramol_sequence_cnn_ig_005,934,hiranniramol,single,sequence,cnn,cnn73,cnn_ig,20,23,TGGG,0.029623134993016685,0.05756670329719778,0.018474802607670385,unsigned,0.0795
motif_cnn73_hiranniramol_sequence_cnn_ig_005,943,hiranniramol,single,sequence,cnn,cnn73,cnn_ig,20,23,TGGG,0.029623134993016685,0.05756670329719778,0.018474802607670385,unsigned,0.4753
motif_cnn73_hiranniramol_sequence_cnn_ig_005,974,hiranniramol,single,sequence,cnn,cnn73,cnn_ig,20,23,TGGG,0.029623134993016685,0.05756670329719778,0.018474802607670385,unsigned,0.3636
motif_cnn73_hiranniramol_sequence_cnn_ig_005,977,hiranniramol,single,sequence,cnn,cnn73,cnn_ig,20,23,TGGG,0.029623134993016685,0.05756670329719778,0.018474802607670385,unsigned,0.2041
motif_cnn73_hiranniramol_sequence_cnn_ig_005,1007,hiranniramol,single,sequence,cnn,cnn73,cnn_ig,20,23,TGGG,0.029623134993016685,0.05756670329719778,0.018474802607670385,unsigned,0.4545
motif_cnn73_hiranniramol_sequence_cnn_ig_005,1027,hiranniramol,single,sequence,cnn,cnn73,cnn_ig,20,23,TGGG,0.029623134993016685,0.05756670329719778,0.018474802607670385,unsigned,0.1949
motif_cnn73_hiranniramol_sequence_cnn_ig_005,1041,hiranniramol,single,sequence,cnn,cnn73,cnn_ig,20,23,TGGG,0.029623134993016685,0.05756670329719778,0.018474802607670385,unsigned,0.36
motif_cnn73_hiranniramol_sequence_cnn_ig_005,1058,hiranniramol,single,sequence,cnn,cnn73,cnn_ig,20,23,TGGG,0.029623134993016685,0.05756670329719778,0.018474802607670385,unsigned,0.1481
motif_cnn73_hiranniramol_sequence_cnn_ig_005,1083,hiranniramol,single,sequence,cnn,cnn73,cnn_ig,20,23,TGGG,0.029623134993016685,0.05756670329719778,0.018474802607670385,unsigned,0.3321
motif_cnn73_hiranniramol_sequence_cnn_ig_005,1093,hiranniramol,single,sequence,cnn,cnn73,cnn_ig,20,23,TGGG,0.029623134993016685,0.05756670329719778,0.018474802607670385,unsigned,0.2373
motif_cnn73_hiranniramol_sequence_cnn_ig_005,1103,hiranniramol,single,sequence,cnn,cnn73,cnn_ig,20,23,TGGG,0.029623134993016685,0.05756670329719778,0.018474802607670385,unsigned,0.3333
motif_cnn73_hiranniramol_sequence_cnn_ig_005,1106,hiranniramol,single,sequence,cnn,cnn73,cnn_ig,20,23,TGGG,0.029623134993016685,0.05756670329719778,0.018474802607670385,unsigned,0.0
motif_cnn73_hiranniramol_sequence_cnn_ig_005,1113,hiranniramol,single,sequence,cnn,cnn73,cnn_ig,20,23,TGGG,0.029623134993016685,0.05756670329719778,0.018474802607670385,unsigned,0.2254
motif_cnn73_hiranniramol_sequence_cnn_ig_005,1114,hiranniramol,single,sequence,cnn,cnn73,cnn_ig,20,23,TGGG,0.029623134993016685,0.05756670329719778,0.018474802607670385,unsigned,0.4754
motif_cnn73_hiranniramol_sequence_cnn_ig_005,1126,hiranniramol,single,sequence,cnn,cnn73,cnn_ig,20,23,TGGG,0.029623134993016685,0.05756670329719778,0.018474802607670385,unsigned,0.4
motif_cnn73_hiranniramol_sequence_cnn_ig_005,1132,hiranniramol,single,sequence,cnn,cnn73,cnn_ig,20,23,TGGG,0.029623134993016685,0.05756670329719778,0.018474802607670385,unsigned,0.2667
motif_cnn73_hiranniramol_sequence_cnn_ig_005,1140,hiranniramol,single,sequence,cnn,cnn73,cnn_ig,20,23,TGGG,0.029623134993016685,0.05756670329719778,0.018474802607670385,unsigned,0.4736999999999999
motif_cnn73_hiranniramol_sequence_cnn_ig_005,1151,hiranniramol,single,sequence,cnn,cnn73,cnn_ig,20,23,TGGG,0.029623134993016685,0.05756670329719778,0.018474802607670385,unsigned,0.4498
motif_cnn73_hiranniramol_sequence_cnn_ig_005,1158,hiranniramol,single,sequence,cnn,cnn73,cnn_ig,20,23,TGGG,0.029623134993016685,0.05756670329719778,0.018474802607670385,unsigned,0.4943999999999999
motif_cnn73_hiranniramol_sequence_cnn_ig_005,1167,hiranniramol,single,sequence,cnn,cnn73,cnn_ig,20,23,TGGG,0.029623134993016685,0.05756670329719778,0.018474802607670385,unsigned,0.2778
motif_cnn73_hiranniramol_sequence_cnn_ig_005,1168,hiranniramol,single,sequence,cnn,cnn73,cnn_ig,20,23,TGGG,0.029623134993016685,0.05756670329719778,0.018474802607670385,unsigned,0.2885
motif_cnn73_hiranniramol_sequence_cnn_ig_005,1169,hiranniramol,single,sequence,cnn,cnn73,cnn_ig,20,23,TGGG,0.029623134993016685,0.05756670329719778,0.018474802607670385,unsigned,0.2593
motif_cnn73_hiranniramol_sequence_cnn_ig_005,1172,hiranniramol,single,sequence,cnn,cnn73,cnn_ig,20,23,TGGG,0.029623134993016685,0.05756670329719778,0.018474802607670385,unsigned,0.2973
motif_cnn73_hiranniramol_sequence_cnn_ig_005,1177,hiranniramol,single,sequence,cnn,cnn73,cnn_ig,20,23,TGGG,0.029623134993016685,0.05756670329719778,0.018474802607670385,unsigned,0.4650999999999999
motif_cnn73_hiranniramol_sequence_cnn_ig_005,1188,hiranniramol,single,sequence,cnn,cnn73,cnn_ig,20,23,TGGG,0.029623134993016685,0.05756670329719778,0.018474802607670385,unsigned,0.0
motif_cnn73_hiranniramol_sequence_cnn_ig_005,1199,hiranniramol,single,sequence,cnn,cnn73,cnn_ig,20,23,TGGG,0.029623134993016685,0.05756670329719778,0.018474802607670385,unsigned,0.4138
motif_cnn73_hiranniramol_sequence_cnn_ig_005,1207,hiranniramol,single,sequence,cnn,cnn73,cnn_ig,20,23,TGGG,0.029623134993016685,0.05756670329719778,0.018474802607670385,unsigned,0.4443999999999999
motif_cnn73_hiranniramol_sequence_cnn_ig_005,1218,hiranniramol,single,sequence,cnn,cnn73,cnn_ig,20,23,TGGG,0.029623134993016685,0.05756670329719778,0.018474802607670385,unsigned,0.0713999999999999
motif_cnn73_hiranniramol_sequence_cnn_ig_005,1221,hiranniramol,single,sequence,cnn,cnn73,cnn_ig,20,23,TGGG,0.029623134993016685,0.05756670329719778,0.018474802607670385,unsigned,0.3714
motif_cnn73_hiranniramol_sequence_cnn_ig_005,1231,hiranniramol,single,sequence,cnn,cnn73,cnn_ig,20,23,TGGG,0.029623134993016685,0.05756670329719778,0.018474802607670385,unsigned,0.011
motif_cnn73_hiranniramol_sequence_cnn_ig_005,1264,hiranniramol,single,sequence,cnn,cnn73,cnn_ig,20,23,TGGG,0.029623134993016685,0.05756670329719778,0.018474802607670385,unsigned,0.4302
motif_cnn73_hiranniramol_sequence_cnn_ig_005,1276,hiranniramol,single,sequence,cnn,cnn73,cnn_ig,20,23,TGGG,0.029623134993016685,0.05756670329719778,0.018474802607670385,unsigned,0.4286
motif_cnn73_hiranniramol_sequence_cnn_ig_005,1284,hiranniramol,single,sequence,cnn,cnn73,cnn_ig,20,23,TGGG,0.029623134993016685,0.05756670329719778,0.018474802607670385,unsigned,0.48
motif_cnn73_hiranniramol_sequence_cnn_ig_005,1287,hiranniramol,single,sequence,cnn,cnn73,cnn_ig,20,23,TGGG,0.029623134993016685,0.05756670329719778,0.018474802607670385,unsigned,0.4667
motif_cnn73_hiranniramol_sequence_cnn_ig_005,1296,hiranniramol,single,sequence,cnn,cnn73,cnn_ig,20,23,TGGG,0.029623134993016685,0.05756670329719778,0.018474802607670385,unsigned,0.5
motif_cnn53_hiranniramol_sequence_cnn_ig_006,6,hiranniramol,single,sequence,cnn,cnn53,cnn_ig,20,23,TGGG,0.015226052608340942,0.0617845593951642,0.01587977947201577,unsigned,1.0
motif_cnn53_hiranniramol_sequence_cnn_ig_006,11,hiranniramol,single,sequence,cnn,cnn53,cnn_ig,20,23,TGGG,0.015226052608340942,0.0617845593951642,0.01587977947201577,unsigned,1.0
motif_cnn53_hiranniramol_sequence_cnn_ig_006,39,hiranniramol,single,sequence,cnn,cnn53,cnn_ig,20,23,TGGG,0.015226052608340942,0.0617845593951642,0.01587977947201577,unsigned,1.0
motif_cnn53_hiranniramol_sequence_cnn_ig_006,40,hiranniramol,single,sequence,cnn,cnn53,cnn_ig,20,23,TGGG,0.015226052608340942,0.0617845593951642,0.01587977947201577,unsigned,1.0
motif_cnn53_hiranniramol_sequence_cnn_ig_006,41,hiranniramol,single,sequence,cnn,cnn53,cnn_ig,20,23,TGGG,0.015226052608340942,0.0617845593951642,0.01587977947201577,unsigned,1.0
motif_cnn53_hiranniramol_sequence_cnn_ig_006,42,hiranniramol,single,sequence,cnn,cnn53,cnn_ig,20,23,TGGG,0.015226052608340942,0.0617845593951642,0.01587977947201577,unsigned,1.0
motif_cnn53_hiranniramol_sequence_cnn_ig_006,50,hiranniramol,single,sequence,cnn,cnn53,cnn_ig,20,23,TGGG,0.015226052608340942,0.0617845593951642,0.01587977947201577,unsigned,1.0
motif_cnn53_hiranniramol_sequence_cnn_ig_006,84,hiranniramol,single,sequence,cnn,cnn53,cnn_ig,20,23,TGGG,0.015226052608340942,0.0617845593951642,0.01587977947201577,unsigned,1.0
motif_cnn53_hiranniramol_sequence_cnn_ig_006,96,hiranniramol,single,sequence,cnn,cnn53,cnn_ig,20,23,TGGG,0.015226052608340942,0.0617845593951642,0.01587977947201577,unsigned,1.0
motif_cnn53_hiranniramol_sequence_cnn_ig_006,117,hiranniramol,single,sequence,cnn,cnn53,cnn_ig,20,23,TGGG,0.015226052608340942,0.0617845593951642,0.01587977947201577,unsigned,1.0
motif_cnn53_hiranniramol_sequence_cnn_ig_006,144,hiranniramol,single,sequence,cnn,cnn53,cnn_ig,20,23,TGGG,0.015226052608340942,0.0617845593951642,0.01587977947201577,unsigned,1.0
motif_cnn53_hiranniramol_sequence_cnn_ig_006,150,hiranniramol,single,sequence,cnn,cnn53,cnn_ig,20,23,TGGG,0.015226052608340942,0.0617845593951642,0.01587977947201577,unsigned,1.0
motif_cnn53_hiranniramol_sequence_cnn_ig_006,152,hiranniramol,single,sequence,cnn,cnn53,cnn_ig,20,23,TGGG,0.015226052608340942,0.0617845593951642,0.01587977947201577,unsigned,1.0
motif_cnn53_hiranniramol_sequence_cnn_ig_006,163,hiranniramol,single,sequence,cnn,cnn53,cnn_ig,20,23,TGGG,0.015226052608340942,0.0617845593951642,0.01587977947201577,unsigned,1.0
motif_cnn53_hiranniramol_sequence_cnn_ig_006,173,hiranniramol,single,sequence,cnn,cnn53,cnn_ig,20,23,TGGG,0.015226052608340942,0.0617845593951642,0.01587977947201577,unsigned,1.0
motif_cnn53_hiranniramol_sequence_cnn_ig_006,192,hiranniramol,single,sequence,cnn,cnn53,cnn_ig,20,23,TGGG,0.015226052608340942,0.0617845593951642,0.01587977947201577,unsigned,1.0
motif_cnn53_hiranniramol_sequence_cnn_ig_006,217,hiranniramol,single,sequence,cnn,cnn53,cnn_ig,20,23,TGGG,0.015226052608340942,0.0617845593951642,0.01587977947201577,unsigned,1.0
motif_cnn53_hiranniramol_sequence_cnn_ig_006,262,hiranniramol,single,sequence,cnn,cnn53,cnn_ig,20,23,TGGG,0.015226052608340942,0.0617845593951642,0.01587977947201577,unsigned,1.0
motif_cnn53_hiranniramol_sequence_cnn_ig_006,263,hiranniramol,single,sequence,cnn,cnn53,cnn_ig,20,23,TGGG,0.015226052608340942,0.0617845593951642,0.01587977947201577,unsigned,1.0
motif_cnn53_hiranniramol_sequence_cnn_ig_006,267,hiranniramol,single,sequence,cnn,cnn53,cnn_ig,20,23,TGGG,0.015226052608340942,0.0617845593951642,0.01587977947201577,unsigned,1.0
motif_cnn53_hiranniramol_sequence_cnn_ig_006,280,hiranniramol,single,sequence,cnn,cnn53,cnn_ig,20,23,TGGG,0.015226052608340942,0.0617845593951642,0.01587977947201577,unsigned,1.0
motif_cnn53_hiranniramol_sequence_cnn_ig_006,281,hiranniramol,single,sequence,cnn,cnn53,cnn_ig,20,23,TGGG,0.015226052608340942,0.0617845593951642,0.01587977947201577,unsigned,1.0
motif_cnn53_hiranniramol_sequence_cnn_ig_006,294,hiranniramol,single,sequence,cnn,cnn53,cnn_ig,20,23,TGGG,0.015226052608340942,0.0617845593951642,0.01587977947201577,unsigned,1.0
motif_cnn53_hiranniramol_sequence_cnn_ig_006,355,hiranniramol,single,sequence,cnn,cnn53,cnn_ig,20,23,TGGG,0.015226052608340942,0.0617845593951642,0.01587977947201577,unsigned,1.0
motif_cnn53_hiranniramol_sequence_cnn_ig_006,377,hiranniramol,single,sequence,cnn,cnn53,cnn_ig,20,23,TGGG,0.015226052608340942,0.0617845593951642,0.01587977947201577,unsigned,1.0
motif_cnn53_hiranniramol_sequence_cnn_ig_006,389,hiranniramol,single,sequence,cnn,cnn53,cnn_ig,20,23,TGGG,0.015226052608340942,0.0617845593951642,0.01587977947201577,unsigned,1.0
motif_cnn53_hiranniramol_sequence_cnn_ig_006,396,hiranniramol,single,sequence,cnn,cnn53,cnn_ig,20,23,TGGG,0.015226052608340942,0.0617845593951642,0.01587977947201577,unsigned,1.0
motif_cnn53_hiranniramol_sequence_cnn_ig_006,402,hiranniramol,single,sequence,cnn,cnn53,cnn_ig,20,23,TGGG,0.015226052608340942,0.0617845593951642,0.01587977947201577,unsigned,1.0
motif_cnn53_hiranniramol_sequence_cnn_ig_006,412,hiranniramol,single,sequence,cnn,cnn53,cnn_ig,20,23,TGGG,0.015226052608340942,0.0617845593951642,0.01587977947201577,unsigned,1.0
motif_cnn53_hiranniramol_sequence_cnn_ig_006,429,hiranniramol,single,sequence,cnn,cnn53,cnn_ig,20,23,TGGG,0.015226052608340942,0.0617845593951642,0.01587977947201577,unsigned,1.0
motif_cnn53_hiranniramol_sequence_cnn_ig_006,458,hiranniramol,single,sequence,cnn,cnn53,cnn_ig,20,23,TGGG,0.015226052608340942,0.0617845593951642,0.01587977947201577,unsigned,1.0
motif_cnn53_hiranniramol_sequence_cnn_ig_006,464,hiranniramol,single,sequence,cnn,cnn53,cnn_ig,20,23,TGGG,0.015226052608340942,0.0617845593951642,0.01587977947201577,unsigned,1.0
motif_cnn53_hiranniramol_sequence_cnn_ig_006,495,hiranniramol,single,sequence,cnn,cnn53,cnn_ig,20,23,TGGG,0.015226052608340942,0.0617845593951642,0.01587977947201577,unsigned,1.0
motif_cnn53_hiranniramol_sequence_cnn_ig_006,498,hiranniramol,single,sequence,cnn,cnn53,cnn_ig,20,23,TGGG,0.015226052608340942,0.0617845593951642,0.01587977947201577,unsigned,1.0
motif_cnn53_hiranniramol_sequence_cnn_ig_006,520,hiranniramol,single,sequence,cnn,cnn53,cnn_ig,20,23,TGGG,0.015226052608340942,0.0617845593951642,0.01587977947201577,unsigned,1.0
motif_cnn53_hiranniramol_sequence_cnn_ig_006,536,hiranniramol,single,sequence,cnn,cnn53,cnn_ig,20,23,TGGG,0.015226052608340942,0.0617845593951642,0.01587977947201577,unsigned,1.0
motif_cnn53_hiranniramol_sequence_cnn_ig_006,556,hiranniramol,single,sequence,cnn,cnn53,cnn_ig,20,23,TGGG,0.015226052608340942,0.0617845593951642,0.01587977947201577,unsigned,1.0
motif_cnn53_hiranniramol_sequence_cnn_ig_006,571,hiranniramol,single,sequence,cnn,cnn53,cnn_ig,20,23,TGGG,0.015226052608340942,0.0617845593951642,0.01587977947201577,unsigned,1.0
motif_cnn53_hiranniramol_sequence_cnn_ig_006,579,hiranniramol,single,sequence,cnn,cnn53,cnn_ig,20,23,TGGG,0.015226052608340942,0.0617845593951642,0.01587977947201577,unsigned,1.0
motif_cnn53_hiranniramol_sequence_cnn_ig_006,581,hiranniramol,single,sequence,cnn,cnn53,cnn_ig,20,23,TGGG,0.015226052608340942,0.0617845593951642,0.01587977947201577,unsigned,1.0
motif_cnn53_hiranniramol_sequence_cnn_ig_006,590,hiranniramol,single,sequence,cnn,cnn53,cnn_ig,20,23,TGGG,0.015226052608340942,0.0617845593951642,0.01587977947201577,unsigned,1.0
motif_cnn53_hiranniramol_sequence_cnn_ig_006,600,hiranniramol,single,sequence,cnn,cnn53,cnn_ig,20,23,TGGG,0.015226052608340942,0.0617845593951642,0.01587977947201577,unsigned,1.0
motif_cnn53_hiranniramol_sequence_cnn_ig_006,641,hiranniramol,single,sequence,cnn,cnn53,cnn_ig,20,23,TGGG,0.015226052608340942,0.0617845593951642,0.01587977947201577,unsigned,1.0
motif_cnn53_hiranniramol_sequence_cnn_ig_006,661,hiranniramol,single,sequence,cnn,cnn53,cnn_ig,20,23,TGGG,0.015226052608340942,0.0617845593951642,0.01587977947201577,unsigned,1.0
motif_cnn53_hiranniramol_sequence_cnn_ig_006,670,hiranniramol,single,sequence,cnn,cnn53,cnn_ig,20,23,TGGG,0.015226052608340942,0.0617845593951642,0.01587977947201577,unsigned,1.0
motif_cnn53_hiranniramol_sequence_cnn_ig_006,671,hiranniramol,single,sequence,cnn,cnn53,cnn_ig,20,23,TGGG,0.015226052608340942,0.0617845593951642,0.01587977947201577,unsigned,1.0
motif_cnn53_hiranniramol_sequence_cnn_ig_006,700,hiranniramol,single,sequence,cnn,cnn53,cnn_ig,20,23,TGGG,0.015226052608340942,0.0617845593951642,0.01587977947201577,unsigned,1.0
motif_cnn53_hiranniramol_sequence_cnn_ig_006,731,hiranniramol,single,sequence,cnn,cnn53,cnn_ig,20,23,TGGG,0.015226052608340942,0.0617845593951642,0.01587977947201577,unsigned,1.0
motif_cnn53_hiranniramol_sequence_cnn_ig_006,751,hiranniramol,single,sequence,cnn,cnn53,cnn_ig,20,23,TGGG,0.015226052608340942,0.0617845593951642,0.01587977947201577,unsigned,0.375
motif_cnn53_hiranniramol_sequence_cnn_ig_006,763,hiranniramol,single,sequence,cnn,cnn53,cnn_ig,20,23,TGGG,0.015226052608340942,0.0617845593951642,0.01587977947201577,unsigned,0.3571
motif_cnn53_hiranniramol_sequence_cnn_ig_006,767,hiranniramol,single,sequence,cnn,cnn53,cnn_ig,20,23,TGGG,0.015226052608340942,0.0617845593951642,0.01587977947201577,unsigned,0.3846
motif_cnn53_hiranniramol_sequence_cnn_ig_006,770,hiranniramol,single,sequence,cnn,cnn53,cnn_ig,20,23,TGGG,0.015226052608340942,0.0617845593951642,0.01587977947201577,unsigned,0.4090999999999999
motif_cnn53_hiranniramol_sequence_cnn_ig_006,776,hiranniramol,single,sequence,cnn,cnn53,cnn_ig,20,23,TGGG,0.015226052608340942,0.0617845593951642,0.01587977947201577,unsigned,0.4847999999999999
motif_cnn53_hiranniramol_sequence_cnn_ig_006,778,hiranniramol,single,sequence,cnn,cnn53,cnn_ig,20,23,TGGG,0.015226052608340942,0.0617845593951642,0.01587977947201577,unsigned,0.4
motif_cnn53_hiranniramol_sequence_cnn_ig_006,793,hiranniramol,single,sequence,cnn,cnn53,cnn_ig,20,23,TGGG,0.015226052608340942,0.0617845593951642,0.01587977947201577,unsigned,0.4100999999999999
motif_cnn53_hiranniramol_sequence_cnn_ig_006,794,hiranniramol,single,sequence,cnn,cnn53,cnn_ig,20,23,TGGG,0.015226052608340942,0.0617845593951642,0.01587977947201577,unsigned,0.5
motif_cnn53_hiranniramol_sequence_cnn_ig_006,839,hiranniramol,single,sequence,cnn,cnn53,cnn_ig,20,23,TGGG,0.015226052608340942,0.0617845593951642,0.01587977947201577,unsigned,0.4
motif_cnn53_hiranniramol_sequence_cnn_ig_006,842,hiranniramol,single,sequence,cnn,cnn53,cnn_ig,20,23,TGGG,0.015226052608340942,0.0617845593951642,0.01587977947201577,unsigned,0.5
motif_cnn53_hiranniramol_sequence_cnn_ig_006,863,hiranniramol,single,sequence,cnn,cnn53,cnn_ig,20,23,TGGG,0.015226052608340942,0.0617845593951642,0.01587977947201577,unsigned,0.5
motif_cnn53_hiranniramol_sequence_cnn_ig_006,877,hiranniramol,single,sequence,cnn,cnn53,cnn_ig,20,23,TGGG,0.015226052608340942,0.0617845593951642,0.01587977947201577,unsigned,0.0833
motif_cnn53_hiranniramol_sequence_cnn_ig_006,893,hiranniramol,single,sequence,cnn,cnn53,cnn_ig,20,23,TGGG,0.015226052608340942,0.0617845593951642,0.01587977947201577,unsigned,0.5
motif_cnn53_hiranniramol_sequence_cnn_ig_006,897,hiranniramol,single,sequence,cnn,cnn53,cnn_ig,20,23,TGGG,0.015226052608340942,0.0617845593951642,0.01587977947201577,unsigned,0.0909
motif_cnn53_hiranniramol_sequence_cnn_ig_006,900,hiranniramol,single,sequence,cnn,cnn53,cnn_ig,20,23,TGGG,0.015226052608340942,0.0617845593951642,0.01587977947201577,unsigned,0.3936
motif_cnn53_hiranniramol_sequence_cnn_ig_006,918,hiranniramol,single,sequence,cnn,cnn53,cnn_ig,20,23,TGGG,0.015226052608340942,0.0617845593951642,0.01587977947201577,unsigned,0.0
motif_cnn53_hiranniramol_sequence_cnn_ig_006,923,hiranniramol,single,sequence,cnn,cnn53,cnn_ig,20,23,TGGG,0.015226052608340942,0.0617845593951642,0.01587977947201577,unsigned,0.4
motif_cnn53_hiranniramol_sequence_cnn_ig_006,932,hiranniramol,single,sequence,cnn,cnn53,cnn_ig,20,23,TGGG,0.015226052608340942,0.0617845593951642,0.01587977947201577,unsigned,0.2754
motif_cnn53_hiranniramol_sequence_cnn_ig_006,934,hiranniramol,single,sequence,cnn,cnn53,cnn_ig,20,23,TGGG,0.015226052608340942,0.0617845593951642,0.01587977947201577,unsigned,0.0795
motif_cnn53_hiranniramol_sequence_cnn_ig_006,943,hiranniramol,single,sequence,cnn,cnn53,cnn_ig,20,23,TGGG,0.015226052608340942,0.0617845593951642,0.01587977947201577,unsigned,0.4753
motif_cnn53_hiranniramol_sequence_cnn_ig_006,977,hiranniramol,single,sequence,cnn,cnn53,cnn_ig,20,23,TGGG,0.015226052608340942,0.0617845593951642,0.01587977947201577,unsigned,0.2041
motif_cnn53_hiranniramol_sequence_cnn_ig_006,1007,hiranniramol,single,sequence,cnn,cnn53,cnn_ig,20,23,TGGG,0.015226052608340942,0.0617845593951642,0.01587977947201577,unsigned,0.4545
motif_cnn53_hiranniramol_sequence_cnn_ig_006,1027,hiranniramol,single,sequence,cnn,cnn53,cnn_ig,20,23,TGGG,0.015226052608340942,0.0617845593951642,0.01587977947201577,unsigned,0.1949
motif_cnn53_hiranniramol_sequence_cnn_ig_006,1041,hiranniramol,single,sequence,cnn,cnn53,cnn_ig,20,23,TGGG,0.015226052608340942,0.0617845593951642,0.01587977947201577,unsigned,0.36
motif_cnn53_hiranniramol_sequence_cnn_ig_006,1083,hiranniramol,single,sequence,cnn,cnn53,cnn_ig,20,23,TGGG,0.015226052608340942,0.0617845593951642,0.01587977947201577,unsigned,0.3321
motif_cnn53_hiranniramol_sequence_cnn_ig_006,1103,hiranniramol,single,sequence,cnn,cnn53,cnn_ig,20,23,TGGG,0.015226052608340942,0.0617845593951642,0.01587977947201577,unsigned,0.3333
motif_cnn53_hiranniramol_sequence_cnn_ig_006,1106,hiranniramol,single,sequence,cnn,cnn53,cnn_ig,20,23,TGGG,0.015226052608340942,0.0617845593951642,0.01587977947201577,unsigned,0.0
motif_cnn53_hiranniramol_sequence_cnn_ig_006,1113,hiranniramol,single,sequence,cnn,cnn53,cnn_ig,20,23,TGGG,0.015226052608340942,0.0617845593951642,0.01587977947201577,unsigned,0.2254
motif_cnn53_hiranniramol_sequence_cnn_ig_006,1114,hiranniramol,single,sequence,cnn,cnn53,cnn_ig,20,23,TGGG,0.015226052608340942,0.0617845593951642,0.01587977947201577,unsigned,0.4754
motif_cnn53_hiranniramol_sequence_cnn_ig_006,1126,hiranniramol,single,sequence,cnn,cnn53,cnn_ig,20,23,TGGG,0.015226052608340942,0.0617845593951642,0.01587977947201577,unsigned,0.4
motif_cnn53_hiranniramol_sequence_cnn_ig_006,1132,hiranniramol,single,sequence,cnn,cnn53,cnn_ig,20,23,TGGG,0.015226052608340942,0.0617845593951642,0.01587977947201577,unsigned,0.2667
motif_cnn53_hiranniramol_sequence_cnn_ig_006,1140,hiranniramol,single,sequence,cnn,cnn53,cnn_ig,20,23,TGGG,0.015226052608340942,0.0617845593951642,0.01587977947201577,unsigned,0.4736999999999999
motif_cnn53_hiranniramol_sequence_cnn_ig_006,1151,hiranniramol,single,sequence,cnn,cnn53,cnn_ig,20,23,TGGG,0.015226052608340942,0.0617845593951642,0.01587977947201577,unsigned,0.4498
motif_cnn53_hiranniramol_sequence_cnn_ig_006,1158,hiranniramol,single,sequence,cnn,cnn53,cnn_ig,20,23,TGGG,0.015226052608340942,0.0617845593951642,0.01587977947201577,unsigned,0.4943999999999999
motif_cnn53_hiranniramol_sequence_cnn_ig_006,1167,hiranniramol,single,sequence,cnn,cnn53,cnn_ig,20,23,TGGG,0.015226052608340942,0.0617845593951642,0.01587977947201577,unsigned,0.2778
motif_cnn53_hiranniramol_sequence_cnn_ig_006,1168,hiranniramol,single,sequence,cnn,cnn53,cnn_ig,20,23,TGGG,0.015226052608340942,0.0617845593951642,0.01587977947201577,unsigned,0.2885
motif_cnn53_hiranniramol_sequence_cnn_ig_006,1169,hiranniramol,single,sequence,cnn,cnn53,cnn_ig,20,23,TGGG,0.015226052608340942,0.0617845593951642,0.01587977947201577,unsigned,0.2593
motif_cnn53_hiranniramol_sequence_cnn_ig_006,1172,hiranniramol,single,sequence,cnn,cnn53,cnn_ig,20,23,TGGG,0.015226052608340942,0.0617845593951642,0.01587977947201577,unsigned,0.2973
motif_cnn53_hiranniramol_sequence_cnn_ig_006,1177,hiranniramol,single,sequence,cnn,cnn53,cnn_ig,20,23,TGGG,0.015226052608340942,0.0617845593951642,0.01587977947201577,unsigned,0.4650999999999999
motif_cnn53_hiranniramol_sequence_cnn_ig_006,1188,hiranniramol,single,sequence,cnn,cnn53,cnn_ig,20,23,TGGG,0.015226052608340942,0.0617845593951642,0.01587977947201577,unsigned,0.0
motif_cnn53_hiranniramol_sequence_cnn_ig_006,1199,hiranniramol,single,sequence,cnn,cnn53,cnn_ig,20,23,TGGG,0.015226052608340942,0.0617845593951642,0.01587977947201577,unsigned,0.4138
motif_cnn53_hiranniramol_sequence_cnn_ig_006,1207,hiranniramol,single,sequence,cnn,cnn53,cnn_ig,20,23,TGGG,0.015226052608340942,0.0617845593951642,0.01587977947201577,unsigned,0.4443999999999999
motif_cnn53_hiranniramol_sequence_cnn_ig_006,1218,hiranniramol,single,sequence,cnn,cnn53,cnn_ig,20,23,TGGG,0.015226052608340942,0.0617845593951642,0.01587977947201577,unsigned,0.0713999999999999
motif_cnn53_hiranniramol_sequence_cnn_ig_006,1221,hiranniramol,single,sequence,cnn,cnn53,cnn_ig,20,23,TGGG,0.015226052608340942,0.0617845593951642,0.01587977947201577,unsigned,0.3714
motif_cnn53_hiranniramol_sequence_cnn_ig_006,1231,hiranniramol,single,sequence,cnn,cnn53,cnn_ig,20,23,TGGG,0.015226052608340942,0.0617845593951642,0.01587977947201577,unsigned,0.011
motif_cnn53_hiranniramol_sequence_cnn_ig_006,1264,hiranniramol,single,sequence,cnn,cnn53,cnn_ig,20,23,TGGG,0.015226052608340942,0.0617845593951642,0.01587977947201577,unsigned,0.4302
motif_cnn53_hiranniramol_sequence_cnn_ig_006,1276,hiranniramol,single,sequence,cnn,cnn53,cnn_ig,20,23,TGGG,0.015226052608340942,0.0617845593951642,0.01587977947201577,unsigned,0.4286
motif_cnn53_hiranniramol_sequence_cnn_ig_006,1296,hiranniramol,single,sequence,cnn,cnn53,cnn_ig,20,23,TGGG,0.015226052608340942,0.0617845593951642,0.01587977947201577,unsigned,0.5
motif_cnn33_hiranniramol_sequence_cnn_ig_007,27,hiranniramol,single,sequence,cnn,cnn33,cnn_ig,20,23,AGGG,0.0096790613024495,0.06176875415258104,0.0104792518977774,unsigned,1.0
motif_cnn33_hiranniramol_sequence_cnn_ig_007,28,hiranniramol,single,sequence,cnn,cnn33,cnn_ig,20,23,AGGG,0.0096790613024495,0.06176875415258104,0.0104792518977774,unsigned,1.0
motif_cnn33_hiranniramol_sequence_cnn_ig_007,32,hiranniramol,single,sequence,cnn,cnn33,cnn_ig,20,23,AGGG,0.0096790613024495,0.06176875415258104,0.0104792518977774,unsigned,1.0
motif_cnn33_hiranniramol_sequence_cnn_ig_007,36,hiranniramol,single,sequence,cnn,cnn33,cnn_ig,20,23,AGGG,0.0096790613024495,0.06176875415258104,0.0104792518977774,unsigned,1.0
motif_cnn33_hiranniramol_sequence_cnn_ig_007,43,hiranniramol,single,sequence,cnn,cnn33,cnn_ig,20,23,AGGG,0.0096790613024495,0.06176875415258104,0.0104792518977774,unsigned,1.0
motif_cnn33_hiranniramol_sequence_cnn_ig_007,46,hiranniramol,single,sequence,cnn,cnn33,cnn_ig,20,23,AGGG,0.0096790613024495,0.06176875415258104,0.0104792518977774,unsigned,1.0
motif_cnn33_hiranniramol_sequence_cnn_ig_007,48,hiranniramol,single,sequence,cnn,cnn33,cnn_ig,20,23,AGGG,0.0096790613024495,0.06176875415258104,0.0104792518977774,unsigned,1.0
motif_cnn33_hiranniramol_sequence_cnn_ig_007,51,hiranniramol,single,sequence,cnn,cnn33,cnn_ig,20,23,AGGG,0.0096790613024495,0.06176875415258104,0.0104792518977774,unsigned,1.0
motif_cnn33_hiranniramol_sequence_cnn_ig_007,61,hiranniramol,single,sequence,cnn,cnn33,cnn_ig,20,23,AGGG,0.0096790613024495,0.06176875415258104,0.0104792518977774,unsigned,1.0
motif_cnn33_hiranniramol_sequence_cnn_ig_007,62,hiranniramol,single,sequence,cnn,cnn33,cnn_ig,20,23,AGGG,0.0096790613024495,0.06176875415258104,0.0104792518977774,unsigned,1.0
motif_cnn33_hiranniramol_sequence_cnn_ig_007,78,hiranniramol,single,sequence,cnn,cnn33,cnn_ig,20,23,AGGG,0.0096790613024495,0.06176875415258104,0.0104792518977774,unsigned,1.0
motif_cnn33_hiranniramol_sequence_cnn_ig_007,85,hiranniramol,single,sequence,cnn,cnn33,cnn_ig,20,23,AGGG,0.0096790613024495,0.06176875415258104,0.0104792518977774,unsigned,1.0
motif_cnn33_hiranniramol_sequence_cnn_ig_007,86,hiranniramol,single,sequence,cnn,cnn33,cnn_ig,20,23,AGGG,0.0096790613024495,0.06176875415258104,0.0104792518977774,unsigned,1.0
motif_cnn33_hiranniramol_sequence_cnn_ig_007,91,hiranniramol,single,sequence,cnn,cnn33,cnn_ig,20,23,AGGG,0.0096790613024495,0.06176875415258104,0.0104792518977774,unsigned,1.0
motif_cnn33_hiranniramol_sequence_cnn_ig_007,92,hiranniramol,single,sequence,cnn,cnn33,cnn_ig,20,23,AGGG,0.0096790613024495,0.06176875415258104,0.0104792518977774,unsigned,1.0
motif_cnn33_hiranniramol_sequence_cnn_ig_007,100,hiranniramol,single,sequence,cnn,cnn33,cnn_ig,20,23,AGGG,0.0096790613024495,0.06176875415258104,0.0104792518977774,unsigned,1.0
motif_cnn33_hiranniramol_sequence_cnn_ig_007,102,hiranniramol,single,sequence,cnn,cnn33,cnn_ig,20,23,AGGG,0.0096790613024495,0.06176875415258104,0.0104792518977774,unsigned,1.0
motif_cnn33_hiranniramol_sequence_cnn_ig_007,114,hiranniramol,single,sequence,cnn,cnn33,cnn_ig,20,23,AGGG,0.0096790613024495,0.06176875415258104,0.0104792518977774,unsigned,1.0
motif_cnn33_hiranniramol_sequence_cnn_ig_007,136,hiranniramol,single,sequence,cnn,cnn33,cnn_ig,20,23,AGGG,0.0096790613024495,0.06176875415258104,0.0104792518977774,unsigned,1.0
motif_cnn33_hiranniramol_sequence_cnn_ig_007,140,hiranniramol,single,sequence,cnn,cnn33,cnn_ig,20,23,AGGG,0.0096790613024495,0.06176875415258104,0.0104792518977774,unsigned,1.0
motif_cnn33_hiranniramol_sequence_cnn_ig_007,147,hiranniramol,single,sequence,cnn,cnn33,cnn_ig,20,23,AGGG,0.0096790613024495,0.06176875415258104,0.0104792518977774,unsigned,1.0
motif_cnn33_hiranniramol_sequence_cnn_ig_007,176,hiranniramol,single,sequence,cnn,cnn33,cnn_ig,20,23,AGGG,0.0096790613024495,0.06176875415258104,0.0104792518977774,unsigned,1.0
motif_cnn33_hiranniramol_sequence_cnn_ig_007,219,hiranniramol,single,sequence,cnn,cnn33,cnn_ig,20,23,AGGG,0.0096790613024495,0.06176875415258104,0.0104792518977774,unsigned,1.0
motif_cnn33_hiranniramol_sequence_cnn_ig_007,223,hiranniramol,single,sequence,cnn,cnn33,cnn_ig,20,23,AGGG,0.0096790613024495,0.06176875415258104,0.0104792518977774,unsigned,1.0
motif_cnn33_hiranniramol_sequence_cnn_ig_007,234,hiranniramol,single,sequence,cnn,cnn33,cnn_ig,20,23,AGGG,0.0096790613024495,0.06176875415258104,0.0104792518977774,unsigned,1.0
motif_cnn33_hiranniramol_sequence_cnn_ig_007,242,hiranniramol,single,sequence,cnn,cnn33,cnn_ig,20,23,AGGG,0.0096790613024495,0.06176875415258104,0.0104792518977774,unsigned,1.0
motif_cnn33_hiranniramol_sequence_cnn_ig_007,264,hiranniramol,single,sequence,cnn,cnn33,cnn_ig,20,23,AGGG,0.0096790613024495,0.06176875415258104,0.0104792518977774,unsigned,1.0
motif_cnn33_hiranniramol_sequence_cnn_ig_007,269,hiranniramol,single,sequence,cnn,cnn33,cnn_ig,20,23,AGGG,0.0096790613024495,0.06176875415258104,0.0104792518977774,unsigned,1.0
motif_cnn33_hiranniramol_sequence_cnn_ig_007,273,hiranniramol,single,sequence,cnn,cnn33,cnn_ig,20,23,AGGG,0.0096790613024495,0.06176875415258104,0.0104792518977774,unsigned,1.0
motif_cnn33_hiranniramol_sequence_cnn_ig_007,287,hiranniramol,single,sequence,cnn,cnn33,cnn_ig,20,23,AGGG,0.0096790613024495,0.06176875415258104,0.0104792518977774,unsigned,1.0
motif_cnn33_hiranniramol_sequence_cnn_ig_007,289,hiranniramol,single,sequence,cnn,cnn33,cnn_ig,20,23,AGGG,0.0096790613024495,0.06176875415258104,0.0104792518977774,unsigned,1.0
motif_cnn33_hiranniramol_sequence_cnn_ig_007,291,hiranniramol,single,sequence,cnn,cnn33,cnn_ig,20,23,AGGG,0.0096790613024495,0.06176875415258104,0.0104792518977774,unsigned,1.0
motif_cnn33_hiranniramol_sequence_cnn_ig_007,296,hiranniramol,single,sequence,cnn,cnn33,cnn_ig,20,23,AGGG,0.0096790613024495,0.06176875415258104,0.0104792518977774,unsigned,1.0
motif_cnn33_hiranniramol_sequence_cnn_ig_007,297,hiranniramol,single,sequence,cnn,cnn33,cnn_ig,20,23,AGGG,0.0096790613024495,0.06176875415258104,0.0104792518977774,unsigned,1.0
motif_cnn33_hiranniramol_sequence_cnn_ig_007,298,hiranniramol,single,sequence,cnn,cnn33,cnn_ig,20,23,AGGG,0.0096790613024495,0.06176875415258104,0.0104792518977774,unsigned,1.0
motif_cnn33_hiranniramol_sequence_cnn_ig_007,315,hiranniramol,single,sequence,cnn,cnn33,cnn_ig,20,23,AGGG,0.0096790613024495,0.06176875415258104,0.0104792518977774,unsigned,1.0
motif_cnn33_hiranniramol_sequence_cnn_ig_007,321,hiranniramol,single,sequence,cnn,cnn33,cnn_ig,20,23,AGGG,0.0096790613024495,0.06176875415258104,0.0104792518977774,unsigned,1.0
motif_cnn33_hiranniramol_sequence_cnn_ig_007,330,hiranniramol,single,sequence,cnn,cnn33,cnn_ig,20,23,AGGG,0.0096790613024495,0.06176875415258104,0.0104792518977774,unsigned,1.0
motif_cnn33_hiranniramol_sequence_cnn_ig_007,333,hiranniramol,single,sequence,cnn,cnn33,cnn_ig,20,23,AGGG,0.0096790613024495,0.06176875415258104,0.0104792518977774,unsigned,1.0
motif_cnn33_hiranniramol_sequence_cnn_ig_007,341,hiranniramol,single,sequence,cnn,cnn33,cnn_ig,20,23,AGGG,0.0096790613024495,0.06176875415258104,0.0104792518977774,unsigned,1.0
motif_cnn33_hiranniramol_sequence_cnn_ig_007,345,hiranniramol,single,sequence,cnn,cnn33,cnn_ig,20,23,AGGG,0.0096790613024495,0.06176875415258104,0.0104792518977774,unsigned,1.0
motif_cnn33_hiranniramol_sequence_cnn_ig_007,374,hiranniramol,single,sequence,cnn,cnn33,cnn_ig,20,23,AGGG,0.0096790613024495,0.06176875415258104,0.0104792518977774,unsigned,1.0
motif_cnn33_hiranniramol_sequence_cnn_ig_007,386,hiranniramol,single,sequence,cnn,cnn33,cnn_ig,20,23,AGGG,0.0096790613024495,0.06176875415258104,0.0104792518977774,unsigned,1.0
motif_cnn33_hiranniramol_sequence_cnn_ig_007,395,hiranniramol,single,sequence,cnn,cnn33,cnn_ig,20,23,AGGG,0.0096790613024495,0.06176875415258104,0.0104792518977774,unsigned,1.0
motif_cnn33_hiranniramol_sequence_cnn_ig_007,407,hiranniramol,single,sequence,cnn,cnn33,cnn_ig,20,23,AGGG,0.0096790613024495,0.06176875415258104,0.0104792518977774,unsigned,1.0
motif_cnn33_hiranniramol_sequence_cnn_ig_007,408,hiranniramol,single,sequence,cnn,cnn33,cnn_ig,20,23,AGGG,0.0096790613024495,0.06176875415258104,0.0104792518977774,unsigned,1.0
motif_cnn33_hiranniramol_sequence_cnn_ig_007,414,hiranniramol,single,sequence,cnn,cnn33,cnn_ig,20,23,AGGG,0.0096790613024495,0.06176875415258104,0.0104792518977774,unsigned,1.0
motif_cnn33_hiranniramol_sequence_cnn_ig_007,425,hiranniramol,single,sequence,cnn,cnn33,cnn_ig,20,23,AGGG,0.0096790613024495,0.06176875415258104,0.0104792518977774,unsigned,1.0
motif_cnn33_hiranniramol_sequence_cnn_ig_007,444,hiranniramol,single,sequence,cnn,cnn33,cnn_ig,20,23,AGGG,0.0096790613024495,0.06176875415258104,0.0104792518977774,unsigned,1.0
motif_cnn33_hiranniramol_sequence_cnn_ig_007,453,hiranniramol,single,sequence,cnn,cnn33,cnn_ig,20,23,AGGG,0.0096790613024495,0.06176875415258104,0.0104792518977774,unsigned,1.0
motif_cnn33_hiranniramol_sequence_cnn_ig_007,454,hiranniramol,single,sequence,cnn,cnn33,cnn_ig,20,23,AGGG,0.0096790613024495,0.06176875415258104,0.0104792518977774,unsigned,1.0
motif_cnn33_hiranniramol_sequence_cnn_ig_007,459,hiranniramol,single,sequence,cnn,cnn33,cnn_ig,20,23,AGGG,0.0096790613024495,0.06176875415258104,0.0104792518977774,unsigned,1.0
motif_cnn33_hiranniramol_sequence_cnn_ig_007,460,hiranniramol,single,sequence,cnn,cnn33,cnn_ig,20,23,AGGG,0.0096790613024495,0.06176875415258104,0.0104792518977774,unsigned,1.0
motif_cnn33_hiranniramol_sequence_cnn_ig_007,474,hiranniramol,single,sequence,cnn,cnn33,cnn_ig,20,23,AGGG,0.0096790613024495,0.06176875415258104,0.0104792518977774,unsigned,1.0
motif_cnn33_hiranniramol_sequence_cnn_ig_007,490,hiranniramol,single,sequence,cnn,cnn33,cnn_ig,20,23,AGGG,0.0096790613024495,0.06176875415258104,0.0104792518977774,unsigned,1.0
motif_cnn33_hiranniramol_sequence_cnn_ig_007,501,hiranniramol,single,sequence,cnn,cnn33,cnn_ig,20,23,AGGG,0.0096790613024495,0.06176875415258104,0.0104792518977774,unsigned,1.0
motif_cnn33_hiranniramol_sequence_cnn_ig_007,504,hiranniramol,single,sequence,cnn,cnn33,cnn_ig,20,23,AGGG,0.0096790613024495,0.06176875415258104,0.0104792518977774,unsigned,1.0
motif_cnn33_hiranniramol_sequence_cnn_ig_007,509,hiranniramol,single,sequence,cnn,cnn33,cnn_ig,20,23,AGGG,0.0096790613024495,0.06176875415258104,0.0104792518977774,unsigned,1.0
motif_cnn33_hiranniramol_sequence_cnn_ig_007,513,hiranniramol,single,sequence,cnn,cnn33,cnn_ig,20,23,AGGG,0.0096790613024495,0.06176875415258104,0.0104792518977774,unsigned,1.0
motif_cnn33_hiranniramol_sequence_cnn_ig_007,562,hiranniramol,single,sequence,cnn,cnn33,cnn_ig,20,23,AGGG,0.0096790613024495,0.06176875415258104,0.0104792518977774,unsigned,1.0
motif_cnn33_hiranniramol_sequence_cnn_ig_007,564,hiranniramol,single,sequence,cnn,cnn33,cnn_ig,20,23,AGGG,0.0096790613024495,0.06176875415258104,0.0104792518977774,unsigned,1.0
motif_cnn33_hiranniramol_sequence_cnn_ig_007,574,hiranniramol,single,sequence,cnn,cnn33,cnn_ig,20,23,AGGG,0.0096790613024495,0.06176875415258104,0.0104792518977774,unsigned,1.0
motif_cnn33_hiranniramol_sequence_cnn_ig_007,580,hiranniramol,single,sequence,cnn,cnn33,cnn_ig,20,23,AGGG,0.0096790613024495,0.06176875415258104,0.0104792518977774,unsigned,1.0
motif_cnn33_hiranniramol_sequence_cnn_ig_007,582,hiranniramol,single,sequence,cnn,cnn33,cnn_ig,20,23,AGGG,0.0096790613024495,0.06176875415258104,0.0104792518977774,unsigned,1.0
motif_cnn33_hiranniramol_sequence_cnn_ig_007,597,hiranniramol,single,sequence,cnn,cnn33,cnn_ig,20,23,AGGG,0.0096790613024495,0.06176875415258104,0.0104792518977774,unsigned,1.0
motif_cnn33_hiranniramol_sequence_cnn_ig_007,598,hiranniramol,single,sequence,cnn,cnn33,cnn_ig,20,23,AGGG,0.0096790613024495,0.06176875415258104,0.0104792518977774,unsigned,1.0
motif_cnn33_hiranniramol_sequence_cnn_ig_007,605,hiranniramol,single,sequence,cnn,cnn33,cnn_ig,20,23,AGGG,0.0096790613024495,0.06176875415258104,0.0104792518977774,unsigned,1.0
motif_cnn33_hiranniramol_sequence_cnn_ig_007,616,hiranniramol,single,sequence,cnn,cnn33,cnn_ig,20,23,AGGG,0.0096790613024495,0.06176875415258104,0.0104792518977774,unsigned,1.0
motif_cnn33_hiranniramol_sequence_cnn_ig_007,645,hiranniramol,single,sequence,cnn,cnn33,cnn_ig,20,23,AGGG,0.0096790613024495,0.06176875415258104,0.0104792518977774,unsigned,1.0
motif_cnn33_hiranniramol_sequence_cnn_ig_007,663,hiranniramol,single,sequence,cnn,cnn33,cnn_ig,20,23,AGGG,0.0096790613024495,0.06176875415258104,0.0104792518977774,unsigned,1.0
motif_cnn33_hiranniramol_sequence_cnn_ig_007,675,hiranniramol,single,sequence,cnn,cnn33,cnn_ig,20,23,AGGG,0.0096790613024495,0.06176875415258104,0.0104792518977774,unsigned,1.0
motif_cnn33_hiranniramol_sequence_cnn_ig_007,687,hiranniramol,single,sequence,cnn,cnn33,cnn_ig,20,23,AGGG,0.0096790613024495,0.06176875415258104,0.0104792518977774,unsigned,1.0
motif_cnn33_hiranniramol_sequence_cnn_ig_007,692,hiranniramol,single,sequence,cnn,cnn33,cnn_ig,20,23,AGGG,0.0096790613024495,0.06176875415258104,0.0104792518977774,unsigned,1.0
motif_cnn33_hiranniramol_sequence_cnn_ig_007,693,hiranniramol,single,sequence,cnn,cnn33,cnn_ig,20,23,AGGG,0.0096790613024495,0.06176875415258104,0.0104792518977774,unsigned,1.0
motif_cnn33_hiranniramol_sequence_cnn_ig_007,709,hiranniramol,single,sequence,cnn,cnn33,cnn_ig,20,23,AGGG,0.0096790613024495,0.06176875415258104,0.0104792518977774,unsigned,1.0
motif_cnn33_hiranniramol_sequence_cnn_ig_007,722,hiranniramol,single,sequence,cnn,cnn33,cnn_ig,20,23,AGGG,0.0096790613024495,0.06176875415258104,0.0104792518977774,unsigned,1.0
motif_cnn33_hiranniramol_sequence_cnn_ig_007,798,hiranniramol,single,sequence,cnn,cnn33,cnn_ig,20,23,AGGG,0.0096790613024495,0.06176875415258104,0.0104792518977774,unsigned,0.4667
motif_cnn33_hiranniramol_sequence_cnn_ig_007,824,hiranniramol,single,sequence,cnn,cnn33,cnn_ig,20,23,AGGG,0.0096790613024495,0.06176875415258104,0.0104792518977774,unsigned,0.2055
motif_cnn33_hiranniramol_sequence_cnn_ig_007,847,hiranniramol,single,sequence,cnn,cnn33,cnn_ig,20,23,AGGG,0.0096790613024495,0.06176875415258104,0.0104792518977774,unsigned,0.0
motif_cnn33_hiranniramol_sequence_cnn_ig_007,879,hiranniramol,single,sequence,cnn,cnn33,cnn_ig,20,23,AGGG,0.0096790613024495,0.06176875415258104,0.0104792518977774,unsigned,0.287
motif_cnn33_hiranniramol_sequence_cnn_ig_007,890,hiranniramol,single,sequence,cnn,cnn33,cnn_ig,20,23,AGGG,0.0096790613024495,0.06176875415258104,0.0104792518977774,unsigned,0.2917
motif_cnn33_hiranniramol_sequence_cnn_ig_007,903,hiranniramol,single,sequence,cnn,cnn33,cnn_ig,20,23,AGGG,0.0096790613024495,0.06176875415258104,0.0104792518977774,unsigned,0.1458
motif_cnn33_hiranniramol_sequence_cnn_ig_007,949,hiranniramol,single,sequence,cnn,cnn33,cnn_ig,20,23,AGGG,0.0096790613024495,0.06176875415258104,0.0104792518977774,unsigned,0.0
motif_cnn33_hiranniramol_sequence_cnn_ig_007,990,hiranniramol,single,sequence,cnn,cnn33,cnn_ig,20,23,AGGG,0.0096790613024495,0.06176875415258104,0.0104792518977774,unsigned,0.5
motif_cnn33_hiranniramol_sequence_cnn_ig_007,1047,hiranniramol,single,sequence,cnn,cnn33,cnn_ig,20,23,AGGG,0.0096790613024495,0.06176875415258104,0.0104792518977774,unsigned,0.1017
motif_cnn33_hiranniramol_sequence_cnn_ig_007,1050,hiranniramol,single,sequence,cnn,cnn33,cnn_ig,20,23,AGGG,0.0096790613024495,0.06176875415258104,0.0104792518977774,unsigned,0.4328
motif_cnn33_hiranniramol_sequence_cnn_ig_007,1080,hiranniramol,single,sequence,cnn,cnn33,cnn_ig,20,23,AGGG,0.0096790613024495,0.06176875415258104,0.0104792518977774,unsigned,0.2941
motif_cnn33_hiranniramol_sequence_cnn_ig_007,1100,hiranniramol,single,sequence,cnn,cnn33,cnn_ig,20,23,AGGG,0.0096790613024495,0.06176875415258104,0.0104792518977774,unsigned,0.1379
motif_cnn33_hiranniramol_sequence_cnn_ig_007,1104,hiranniramol,single,sequence,cnn,cnn33,cnn_ig,20,23,AGGG,0.0096790613024495,0.06176875415258104,0.0104792518977774,unsigned,0.4545
motif_cnn33_hiranniramol_sequence_cnn_ig_007,1139,hiranniramol,single,sequence,cnn,cnn33,cnn_ig,20,23,AGGG,0.0096790613024495,0.06176875415258104,0.0104792518977774,unsigned,0.2621
motif_cnn33_hiranniramol_sequence_cnn_ig_007,1143,hiranniramol,single,sequence,cnn,cnn33,cnn_ig,20,23,AGGG,0.0096790613024495,0.06176875415258104,0.0104792518977774,unsigned,0.3684
motif_cnn33_hiranniramol_sequence_cnn_ig_007,1161,hiranniramol,single,sequence,cnn,cnn33,cnn_ig,20,23,AGGG,0.0096790613024495,0.06176875415258104,0.0104792518977774,unsigned,0.2
motif_cnn33_hiranniramol_sequence_cnn_ig_007,1166,hiranniramol,single,sequence,cnn,cnn33,cnn_ig,20,23,AGGG,0.0096790613024495,0.06176875415258104,0.0104792518977774,unsigned,0.5
motif_cnn33_hiranniramol_sequence_cnn_ig_007,1294,hiranniramol,single,sequence,cnn,cnn33,cnn_ig,20,23,AGGG,0.0096790613024495,0.06176875415258104,0.0104792518977774,unsigned,0.427
motif_cnn33_hiranniramol_sequence_cnn_ig_007,1299,hiranniramol,single,sequence,cnn,cnn33,cnn_ig,20,23,AGGG,0.0096790613024495,0.06176875415258104,0.0104792518977774,unsigned,0.0
motif_cnn73_hiranniramol_sequence_cnn_ig_008,27,hiranniramol,single,sequence,cnn,cnn73,cnn_ig,20,23,AGGG,0.02309126686304805,0.05756670329719778,0.018474802607670385,unsigned,1.0
motif_cnn73_hiranniramol_sequence_cnn_ig_008,28,hiranniramol,single,sequence,cnn,cnn73,cnn_ig,20,23,AGGG,0.02309126686304805,0.05756670329719778,0.018474802607670385,unsigned,1.0
motif_cnn73_hiranniramol_sequence_cnn_ig_008,32,hiranniramol,single,sequence,cnn,cnn73,cnn_ig,20,23,AGGG,0.02309126686304805,0.05756670329719778,0.018474802607670385,unsigned,1.0
motif_cnn73_hiranniramol_sequence_cnn_ig_008,36,hiranniramol,single,sequence,cnn,cnn73,cnn_ig,20,23,AGGG,0.02309126686304805,0.05756670329719778,0.018474802607670385,unsigned,1.0
motif_cnn73_hiranniramol_sequence_cnn_ig_008,43,hiranniramol,single,sequence,cnn,cnn73,cnn_ig,20,23,AGGG,0.02309126686304805,0.05756670329719778,0.018474802607670385,unsigned,1.0
motif_cnn73_hiranniramol_sequence_cnn_ig_008,46,hiranniramol,single,sequence,cnn,cnn73,cnn_ig,20,23,AGGG,0.02309126686304805,0.05756670329719778,0.018474802607670385,unsigned,1.0
motif_cnn73_hiranniramol_sequence_cnn_ig_008,48,hiranniramol,single,sequence,cnn,cnn73,cnn_ig,20,23,AGGG,0.02309126686304805,0.05756670329719778,0.018474802607670385,unsigned,1.0
motif_cnn73_hiranniramol_sequence_cnn_ig_008,51,hiranniramol,single,sequence,cnn,cnn73,cnn_ig,20,23,AGGG,0.02309126686304805,0.05756670329719778,0.018474802607670385,unsigned,1.0
motif_cnn73_hiranniramol_sequence_cnn_ig_008,61,hiranniramol,single,sequence,cnn,cnn73,cnn_ig,20,23,AGGG,0.02309126686304805,0.05756670329719778,0.018474802607670385,unsigned,1.0
motif_cnn73_hiranniramol_sequence_cnn_ig_008,62,hiranniramol,single,sequence,cnn,cnn73,cnn_ig,20,23,AGGG,0.02309126686304805,0.05756670329719778,0.018474802607670385,unsigned,1.0
motif_cnn73_hiranniramol_sequence_cnn_ig_008,78,hiranniramol,single,sequence,cnn,cnn73,cnn_ig,20,23,AGGG,0.02309126686304805,0.05756670329719778,0.018474802607670385,unsigned,1.0
motif_cnn73_hiranniramol_sequence_cnn_ig_008,85,hiranniramol,single,sequence,cnn,cnn73,cnn_ig,20,23,AGGG,0.02309126686304805,0.05756670329719778,0.018474802607670385,unsigned,1.0
motif_cnn73_hiranniramol_sequence_cnn_ig_008,86,hiranniramol,single,sequence,cnn,cnn73,cnn_ig,20,23,AGGG,0.02309126686304805,0.05756670329719778,0.018474802607670385,unsigned,1.0
motif_cnn73_hiranniramol_sequence_cnn_ig_008,91,hiranniramol,single,sequence,cnn,cnn73,cnn_ig,20,23,AGGG,0.02309126686304805,0.05756670329719778,0.018474802607670385,unsigned,1.0
motif_cnn73_hiranniramol_sequence_cnn_ig_008,92,hiranniramol,single,sequence,cnn,cnn73,cnn_ig,20,23,AGGG,0.02309126686304805,0.05756670329719778,0.018474802607670385,unsigned,1.0
motif_cnn73_hiranniramol_sequence_cnn_ig_008,100,hiranniramol,single,sequence,cnn,cnn73,cnn_ig,20,23,AGGG,0.02309126686304805,0.05756670329719778,0.018474802607670385,unsigned,1.0
motif_cnn73_hiranniramol_sequence_cnn_ig_008,102,hiranniramol,single,sequence,cnn,cnn73,cnn_ig,20,23,AGGG,0.02309126686304805,0.05756670329719778,0.018474802607670385,unsigned,1.0
motif_cnn73_hiranniramol_sequence_cnn_ig_008,114,hiranniramol,single,sequence,cnn,cnn73,cnn_ig,20,23,AGGG,0.02309126686304805,0.05756670329719778,0.018474802607670385,unsigned,1.0
motif_cnn73_hiranniramol_sequence_cnn_ig_008,136,hiranniramol,single,sequence,cnn,cnn73,cnn_ig,20,23,AGGG,0.02309126686304805,0.05756670329719778,0.018474802607670385,unsigned,1.0
motif_cnn73_hiranniramol_sequence_cnn_ig_008,140,hiranniramol,single,sequence,cnn,cnn73,cnn_ig,20,23,AGGG,0.02309126686304805,0.05756670329719778,0.018474802607670385,unsigned,1.0
motif_cnn73_hiranniramol_sequence_cnn_ig_008,147,hiranniramol,single,sequence,cnn,cnn73,cnn_ig,20,23,AGGG,0.02309126686304805,0.05756670329719778,0.018474802607670385,unsigned,1.0
motif_cnn73_hiranniramol_sequence_cnn_ig_008,176,hiranniramol,single,sequence,cnn,cnn73,cnn_ig,20,23,AGGG,0.02309126686304805,0.05756670329719778,0.018474802607670385,unsigned,1.0
motif_cnn73_hiranniramol_sequence_cnn_ig_008,219,hiranniramol,single,sequence,cnn,cnn73,cnn_ig,20,23,AGGG,0.02309126686304805,0.05756670329719778,0.018474802607670385,unsigned,1.0
motif_cnn73_hiranniramol_sequence_cnn_ig_008,223,hiranniramol,single,sequence,cnn,cnn73,cnn_ig,20,23,AGGG,0.02309126686304805,0.05756670329719778,0.018474802607670385,unsigned,1.0
motif_cnn73_hiranniramol_sequence_cnn_ig_008,234,hiranniramol,single,sequence,cnn,cnn73,cnn_ig,20,23,AGGG,0.02309126686304805,0.05756670329719778,0.018474802607670385,unsigned,1.0
motif_cnn73_hiranniramol_sequence_cnn_ig_008,242,hiranniramol,single,sequence,cnn,cnn73,cnn_ig,20,23,AGGG,0.02309126686304805,0.05756670329719778,0.018474802607670385,unsigned,1.0
motif_cnn73_hiranniramol_sequence_cnn_ig_008,264,hiranniramol,single,sequence,cnn,cnn73,cnn_ig,20,23,AGGG,0.02309126686304805,0.05756670329719778,0.018474802607670385,unsigned,1.0
motif_cnn73_hiranniramol_sequence_cnn_ig_008,269,hiranniramol,single,sequence,cnn,cnn73,cnn_ig,20,23,AGGG,0.02309126686304805,0.05756670329719778,0.018474802607670385,unsigned,1.0
motif_cnn73_hiranniramol_sequence_cnn_ig_008,273,hiranniramol,single,sequence,cnn,cnn73,cnn_ig,20,23,AGGG,0.02309126686304805,0.05756670329719778,0.018474802607670385,unsigned,1.0
motif_cnn73_hiranniramol_sequence_cnn_ig_008,287,hiranniramol,single,sequence,cnn,cnn73,cnn_ig,20,23,AGGG,0.02309126686304805,0.05756670329719778,0.018474802607670385,unsigned,1.0
motif_cnn73_hiranniramol_sequence_cnn_ig_008,289,hiranniramol,single,sequence,cnn,cnn73,cnn_ig,20,23,AGGG,0.02309126686304805,0.05756670329719778,0.018474802607670385,unsigned,1.0
motif_cnn73_hiranniramol_sequence_cnn_ig_008,291,hiranniramol,single,sequence,cnn,cnn73,cnn_ig,20,23,AGGG,0.02309126686304805,0.05756670329719778,0.018474802607670385,unsigned,1.0
motif_cnn73_hiranniramol_sequence_cnn_ig_008,296,hiranniramol,single,sequence,cnn,cnn73,cnn_ig,20,23,AGGG,0.02309126686304805,0.05756670329719778,0.018474802607670385,unsigned,1.0
motif_cnn73_hiranniramol_sequence_cnn_ig_008,297,hiranniramol,single,sequence,cnn,cnn73,cnn_ig,20,23,AGGG,0.02309126686304805,0.05756670329719778,0.018474802607670385,unsigned,1.0
motif_cnn73_hiranniramol_sequence_cnn_ig_008,298,hiranniramol,single,sequence,cnn,cnn73,cnn_ig,20,23,AGGG,0.02309126686304805,0.05756670329719778,0.018474802607670385,unsigned,1.0
motif_cnn73_hiranniramol_sequence_cnn_ig_008,315,hiranniramol,single,sequence,cnn,cnn73,cnn_ig,20,23,AGGG,0.02309126686304805,0.05756670329719778,0.018474802607670385,unsigned,1.0
motif_cnn73_hiranniramol_sequence_cnn_ig_008,321,hiranniramol,single,sequence,cnn,cnn73,cnn_ig,20,23,AGGG,0.02309126686304805,0.05756670329719778,0.018474802607670385,unsigned,1.0
motif_cnn73_hiranniramol_sequence_cnn_ig_008,330,hiranniramol,single,sequence,cnn,cnn73,cnn_ig,20,23,AGGG,0.02309126686304805,0.05756670329719778,0.018474802607670385,unsigned,1.0
motif_cnn73_hiranniramol_sequence_cnn_ig_008,333,hiranniramol,single,sequence,cnn,cnn73,cnn_ig,20,23,AGGG,0.02309126686304805,0.05756670329719778,0.018474802607670385,unsigned,1.0
motif_cnn73_hiranniramol_sequence_cnn_ig_008,341,hiranniramol,single,sequence,cnn,cnn73,cnn_ig,20,23,AGGG,0.02309126686304805,0.05756670329719778,0.018474802607670385,unsigned,1.0
motif_cnn73_hiranniramol_sequence_cnn_ig_008,345,hiranniramol,single,sequence,cnn,cnn73,cnn_ig,20,23,AGGG,0.02309126686304805,0.05756670329719778,0.018474802607670385,unsigned,1.0
motif_cnn73_hiranniramol_sequence_cnn_ig_008,374,hiranniramol,single,sequence,cnn,cnn73,cnn_ig,20,23,AGGG,0.02309126686304805,0.05756670329719778,0.018474802607670385,unsigned,1.0
motif_cnn73_hiranniramol_sequence_cnn_ig_008,386,hiranniramol,single,sequence,cnn,cnn73,cnn_ig,20,23,AGGG,0.02309126686304805,0.05756670329719778,0.018474802607670385,unsigned,1.0
motif_cnn73_hiranniramol_sequence_cnn_ig_008,395,hiranniramol,single,sequence,cnn,cnn73,cnn_ig,20,23,AGGG,0.02309126686304805,0.05756670329719778,0.018474802607670385,unsigned,1.0
motif_cnn73_hiranniramol_sequence_cnn_ig_008,407,hiranniramol,single,sequence,cnn,cnn73,cnn_ig,20,23,AGGG,0.02309126686304805,0.05756670329719778,0.018474802607670385,unsigned,1.0
motif_cnn73_hiranniramol_sequence_cnn_ig_008,408,hiranniramol,single,sequence,cnn,cnn73,cnn_ig,20,23,AGGG,0.02309126686304805,0.05756670329719778,0.018474802607670385,unsigned,1.0
motif_cnn73_hiranniramol_sequence_cnn_ig_008,414,hiranniramol,single,sequence,cnn,cnn73,cnn_ig,20,23,AGGG,0.02309126686304805,0.05756670329719778,0.018474802607670385,unsigned,1.0
motif_cnn73_hiranniramol_sequence_cnn_ig_008,425,hiranniramol,single,sequence,cnn,cnn73,cnn_ig,20,23,AGGG,0.02309126686304805,0.05756670329719778,0.018474802607670385,unsigned,1.0
motif_cnn73_hiranniramol_sequence_cnn_ig_008,444,hiranniramol,single,sequence,cnn,cnn73,cnn_ig,20,23,AGGG,0.02309126686304805,0.05756670329719778,0.018474802607670385,unsigned,1.0
motif_cnn73_hiranniramol_sequence_cnn_ig_008,453,hiranniramol,single,sequence,cnn,cnn73,cnn_ig,20,23,AGGG,0.02309126686304805,0.05756670329719778,0.018474802607670385,unsigned,1.0
motif_cnn73_hiranniramol_sequence_cnn_ig_008,454,hiranniramol,single,sequence,cnn,cnn73,cnn_ig,20,23,AGGG,0.02309126686304805,0.05756670329719778,0.018474802607670385,unsigned,1.0
motif_cnn73_hiranniramol_sequence_cnn_ig_008,459,hiranniramol,single,sequence,cnn,cnn73,cnn_ig,20,23,AGGG,0.02309126686304805,0.05756670329719778,0.018474802607670385,unsigned,1.0
motif_cnn73_hiranniramol_sequence_cnn_ig_008,460,hiranniramol,single,sequence,cnn,cnn73,cnn_ig,20,23,AGGG,0.02309126686304805,0.05756670329719778,0.018474802607670385,unsigned,1.0
motif_cnn73_hiranniramol_sequence_cnn_ig_008,474,hiranniramol,single,sequence,cnn,cnn73,cnn_ig,20,23,AGGG,0.02309126686304805,0.05756670329719778,0.018474802607670385,unsigned,1.0
motif_cnn73_hiranniramol_sequence_cnn_ig_008,490,hiranniramol,single,sequence,cnn,cnn73,cnn_ig,20,23,AGGG,0.02309126686304805,0.05756670329719778,0.018474802607670385,unsigned,1.0
motif_cnn73_hiranniramol_sequence_cnn_ig_008,501,hiranniramol,single,sequence,cnn,cnn73,cnn_ig,20,23,AGGG,0.02309126686304805,0.05756670329719778,0.018474802607670385,unsigned,1.0
motif_cnn73_hiranniramol_sequence_cnn_ig_008,504,hiranniramol,single,sequence,cnn,cnn73,cnn_ig,20,23,AGGG,0.02309126686304805,0.05756670329719778,0.018474802607670385,unsigned,1.0
motif_cnn73_hiranniramol_sequence_cnn_ig_008,509,hiranniramol,single,sequence,cnn,cnn73,cnn_ig,20,23,AGGG,0.02309126686304805,0.05756670329719778,0.018474802607670385,unsigned,1.0
motif_cnn73_hiranniramol_sequence_cnn_ig_008,513,hiranniramol,single,sequence,cnn,cnn73,cnn_ig,20,23,AGGG,0.02309126686304805,0.05756670329719778,0.018474802607670385,unsigned,1.0
motif_cnn73_hiranniramol_sequence_cnn_ig_008,562,hiranniramol,single,sequence,cnn,cnn73,cnn_ig,20,23,AGGG,0.02309126686304805,0.05756670329719778,0.018474802607670385,unsigned,1.0
motif_cnn73_hiranniramol_sequence_cnn_ig_008,564,hiranniramol,single,sequence,cnn,cnn73,cnn_ig,20,23,AGGG,0.02309126686304805,0.05756670329719778,0.018474802607670385,unsigned,1.0
motif_cnn73_hiranniramol_sequence_cnn_ig_008,574,hiranniramol,single,sequence,cnn,cnn73,cnn_ig,20,23,AGGG,0.02309126686304805,0.05756670329719778,0.018474802607670385,unsigned,1.0
motif_cnn73_hiranniramol_sequence_cnn_ig_008,580,hiranniramol,single,sequence,cnn,cnn73,cnn_ig,20,23,AGGG,0.02309126686304805,0.05756670329719778,0.018474802607670385,unsigned,1.0
motif_cnn73_hiranniramol_sequence_cnn_ig_008,582,hiranniramol,single,sequence,cnn,cnn73,cnn_ig,20,23,AGGG,0.02309126686304805,0.05756670329719778,0.018474802607670385,unsigned,1.0
motif_cnn73_hiranniramol_sequence_cnn_ig_008,597,hiranniramol,single,sequence,cnn,cnn73,cnn_ig,20,23,AGGG,0.02309126686304805,0.05756670329719778,0.018474802607670385,unsigned,1.0
motif_cnn73_hiranniramol_sequence_cnn_ig_008,598,hiranniramol,single,sequence,cnn,cnn73,cnn_ig,20,23,AGGG,0.02309126686304805,0.05756670329719778,0.018474802607670385,unsigned,1.0
motif_cnn73_hiranniramol_sequence_cnn_ig_008,605,hiranniramol,single,sequence,cnn,cnn73,cnn_ig,20,23,AGGG,0.02309126686304805,0.05756670329719778,0.018474802607670385,unsigned,1.0
motif_cnn73_hiranniramol_sequence_cnn_ig_008,616,hiranniramol,single,sequence,cnn,cnn73,cnn_ig,20,23,AGGG,0.02309126686304805,0.05756670329719778,0.018474802607670385,unsigned,1.0
motif_cnn73_hiranniramol_sequence_cnn_ig_008,645,hiranniramol,single,sequence,cnn,cnn73,cnn_ig,20,23,AGGG,0.02309126686304805,0.05756670329719778,0.018474802607670385,unsigned,1.0
motif_cnn73_hiranniramol_sequence_cnn_ig_008,663,hiranniramol,single,sequence,cnn,cnn73,cnn_ig,20,23,AGGG,0.02309126686304805,0.05756670329719778,0.018474802607670385,unsigned,1.0
motif_cnn73_hiranniramol_sequence_cnn_ig_008,675,hiranniramol,single,sequence,cnn,cnn73,cnn_ig,20,23,AGGG,0.02309126686304805,0.05756670329719778,0.018474802607670385,unsigned,1.0
motif_cnn73_hiranniramol_sequence_cnn_ig_008,687,hiranniramol,single,sequence,cnn,cnn73,cnn_ig,20,23,AGGG,0.02309126686304805,0.05756670329719778,0.018474802607670385,unsigned,1.0
motif_cnn73_hiranniramol_sequence_cnn_ig_008,692,hiranniramol,single,sequence,cnn,cnn73,cnn_ig,20,23,AGGG,0.02309126686304805,0.05756670329719778,0.018474802607670385,unsigned,1.0
motif_cnn73_hiranniramol_sequence_cnn_ig_008,693,hiranniramol,single,sequence,cnn,cnn73,cnn_ig,20,23,AGGG,0.02309126686304805,0.05756670329719778,0.018474802607670385,unsigned,1.0
motif_cnn73_hiranniramol_sequence_cnn_ig_008,709,hiranniramol,single,sequence,cnn,cnn73,cnn_ig,20,23,AGGG,0.02309126686304805,0.05756670329719778,0.018474802607670385,unsigned,1.0
motif_cnn73_hiranniramol_sequence_cnn_ig_008,722,hiranniramol,single,sequence,cnn,cnn73,cnn_ig,20,23,AGGG,0.02309126686304805,0.05756670329719778,0.018474802607670385,unsigned,1.0
motif_cnn73_hiranniramol_sequence_cnn_ig_008,798,hiranniramol,single,sequence,cnn,cnn73,cnn_ig,20,23,AGGG,0.02309126686304805,0.05756670329719778,0.018474802607670385,unsigned,0.4667
motif_cnn73_hiranniramol_sequence_cnn_ig_008,824,hiranniramol,single,sequence,cnn,cnn73,cnn_ig,20,23,AGGG,0.02309126686304805,0.05756670329719778,0.018474802607670385,unsigned,0.2055
motif_cnn73_hiranniramol_sequence_cnn_ig_008,847,hiranniramol,single,sequence,cnn,cnn73,cnn_ig,20,23,AGGG,0.02309126686304805,0.05756670329719778,0.018474802607670385,unsigned,0.0
motif_cnn73_hiranniramol_sequence_cnn_ig_008,879,hiranniramol,single,sequence,cnn,cnn73,cnn_ig,20,23,AGGG,0.02309126686304805,0.05756670329719778,0.018474802607670385,unsigned,0.287
motif_cnn73_hiranniramol_sequence_cnn_ig_008,890,hiranniramol,single,sequence,cnn,cnn73,cnn_ig,20,23,AGGG,0.02309126686304805,0.05756670329719778,0.018474802607670385,unsigned,0.2917
motif_cnn73_hiranniramol_sequence_cnn_ig_008,903,hiranniramol,single,sequence,cnn,cnn73,cnn_ig,20,23,AGGG,0.02309126686304805,0.05756670329719778,0.018474802607670385,unsigned,0.1458
motif_cnn73_hiranniramol_sequence_cnn_ig_008,949,hiranniramol,single,sequence,cnn,cnn73,cnn_ig,20,23,AGGG,0.02309126686304805,0.05756670329719778,0.018474802607670385,unsigned,0.0
motif_cnn73_hiranniramol_sequence_cnn_ig_008,990,hiranniramol,single,sequence,cnn,cnn73,cnn_ig,20,23,AGGG,0.02309126686304805,0.05756670329719778,0.018474802607670385,unsigned,0.5
motif_cnn73_hiranniramol_sequence_cnn_ig_008,1047,hiranniramol,single,sequence,cnn,cnn73,cnn_ig,20,23,AGGG,0.02309126686304805,0.05756670329719778,0.018474802607670385,unsigned,0.1017
motif_cnn73_hiranniramol_sequence_cnn_ig_008,1050,hiranniramol,single,sequence,cnn,cnn73,cnn_ig,20,23,AGGG,0.02309126686304805,0.05756670329719778,0.018474802607670385,unsigned,0.4328
motif_cnn73_hiranniramol_sequence_cnn_ig_008,1080,hiranniramol,single,sequence,cnn,cnn73,cnn_ig,20,23,AGGG,0.02309126686304805,0.05756670329719778,0.018474802607670385,unsigned,0.2941
motif_cnn73_hiranniramol_sequence_cnn_ig_008,1100,hiranniramol,single,sequence,cnn,cnn73,cnn_ig,20,23,AGGG,0.02309126686304805,0.05756670329719778,0.018474802607670385,unsigned,0.1379
motif_cnn73_hiranniramol_sequence_cnn_ig_008,1104,hiranniramol,single,sequence,cnn,cnn73,cnn_ig,20,23,AGGG,0.02309126686304805,0.05756670329719778,0.018474802607670385,unsigned,0.4545
motif_cnn73_hiranniramol_sequence_cnn_ig_008,1139,hiranniramol,single,sequence,cnn,cnn73,cnn_ig,20,23,AGGG,0.02309126686304805,0.05756670329719778,0.018474802607670385,unsigned,0.2621
motif_cnn73_hiranniramol_sequence_cnn_ig_008,1143,hiranniramol,single,sequence,cnn,cnn73,cnn_ig,20,23,AGGG,0.02309126686304805,0.05756670329719778,0.018474802607670385,unsigned,0.3684
motif_cnn73_hiranniramol_sequence_cnn_ig_008,1161,hiranniramol,single,sequence,cnn,cnn73,cnn_ig,20,23,AGGG,0.02309126686304805,0.05756670329719778,0.018474802607670385,unsigned,0.2
motif_cnn73_hiranniramol_sequence_cnn_ig_008,1166,hiranniramol,single,sequence,cnn,cnn73,cnn_ig,20,23,AGGG,0.02309126686304805,0.05756670329719778,0.018474802607670385,unsigned,0.5
motif_cnn73_hiranniramol_sequence_cnn_ig_008,1294,hiranniramol,single,sequence,cnn,cnn73,cnn_ig,20,23,AGGG,0.02309126686304805,0.05756670329719778,0.018474802607670385,unsigned,0.427
motif_cnn73_hiranniramol_sequence_cnn_ig_008,1299,hiranniramol,single,sequence,cnn,cnn73,cnn_ig,20,23,AGGG,0.02309126686304805,0.05756670329719778,0.018474802607670385,unsigned,0.0
motif_cnn33_hiranniramol_sequence_cnn_ig_009,13,hiranniramol,single,sequence,cnn,cnn33,cnn_ig,20,23,TTGG,0.02090069149077557,0.06176875415258104,0.0104792518977774,unsigned,1.0
motif_cnn33_hiranniramol_sequence_cnn_ig_009,56,hiranniramol,single,sequence,cnn,cnn33,cnn_ig,20,23,TTGG,0.02090069149077557,0.06176875415258104,0.0104792518977774,unsigned,1.0
motif_cnn33_hiranniramol_sequence_cnn_ig_009,95,hiranniramol,single,sequence,cnn,cnn33,cnn_ig,20,23,TTGG,0.02090069149077557,0.06176875415258104,0.0104792518977774,unsigned,1.0
motif_cnn33_hiranniramol_sequence_cnn_ig_009,106,hiranniramol,single,sequence,cnn,cnn33,cnn_ig,20,23,TTGG,0.02090069149077557,0.06176875415258104,0.0104792518977774,unsigned,1.0
motif_cnn33_hiranniramol_sequence_cnn_ig_009,168,hiranniramol,single,sequence,cnn,cnn33,cnn_ig,20,23,TTGG,0.02090069149077557,0.06176875415258104,0.0104792518977774,unsigned,1.0
motif_cnn33_hiranniramol_sequence_cnn_ig_009,209,hiranniramol,single,sequence,cnn,cnn33,cnn_ig,20,23,TTGG,0.02090069149077557,0.06176875415258104,0.0104792518977774,unsigned,1.0
motif_cnn33_hiranniramol_sequence_cnn_ig_009,237,hiranniramol,single,sequence,cnn,cnn33,cnn_ig,20,23,TTGG,0.02090069149077557,0.06176875415258104,0.0104792518977774,unsigned,1.0
motif_cnn33_hiranniramol_sequence_cnn_ig_009,304,hiranniramol,single,sequence,cnn,cnn33,cnn_ig,20,23,TTGG,0.02090069149077557,0.06176875415258104,0.0104792518977774,unsigned,1.0
motif_cnn33_hiranniramol_sequence_cnn_ig_009,316,hiranniramol,single,sequence,cnn,cnn33,cnn_ig,20,23,TTGG,0.02090069149077557,0.06176875415258104,0.0104792518977774,unsigned,1.0
motif_cnn33_hiranniramol_sequence_cnn_ig_009,329,hiranniramol,single,sequence,cnn,cnn33,cnn_ig,20,23,TTGG,0.02090069149077557,0.06176875415258104,0.0104792518977774,unsigned,1.0
motif_cnn33_hiranniramol_sequence_cnn_ig_009,349,hiranniramol,single,sequence,cnn,cnn33,cnn_ig,20,23,TTGG,0.02090069149077557,0.06176875415258104,0.0104792518977774,unsigned,1.0
motif_cnn33_hiranniramol_sequence_cnn_ig_009,391,hiranniramol,single,sequence,cnn,cnn33,cnn_ig,20,23,TTGG,0.02090069149077557,0.06176875415258104,0.0104792518977774,unsigned,1.0
motif_cnn33_hiranniramol_sequence_cnn_ig_009,404,hiranniramol,single,sequence,cnn,cnn33,cnn_ig,20,23,TTGG,0.02090069149077557,0.06176875415258104,0.0104792518977774,unsigned,1.0
motif_cnn33_hiranniramol_sequence_cnn_ig_009,527,hiranniramol,single,sequence,cnn,cnn33,cnn_ig,20,23,TTGG,0.02090069149077557,0.06176875415258104,0.0104792518977774,unsigned,1.0
motif_cnn33_hiranniramol_sequence_cnn_ig_009,570,hiranniramol,single,sequence,cnn,cnn33,cnn_ig,20,23,TTGG,0.02090069149077557,0.06176875415258104,0.0104792518977774,unsigned,1.0
motif_cnn33_hiranniramol_sequence_cnn_ig_009,622,hiranniramol,single,sequence,cnn,cnn33,cnn_ig,20,23,TTGG,0.02090069149077557,0.06176875415258104,0.0104792518977774,unsigned,1.0
motif_cnn33_hiranniramol_sequence_cnn_ig_009,639,hiranniramol,single,sequence,cnn,cnn33,cnn_ig,20,23,TTGG,0.02090069149077557,0.06176875415258104,0.0104792518977774,unsigned,1.0
motif_cnn33_hiranniramol_sequence_cnn_ig_009,640,hiranniramol,single,sequence,cnn,cnn33,cnn_ig,20,23,TTGG,0.02090069149077557,0.06176875415258104,0.0104792518977774,unsigned,1.0
motif_cnn33_hiranniramol_sequence_cnn_ig_009,662,hiranniramol,single,sequence,cnn,cnn33,cnn_ig,20,23,TTGG,0.02090069149077557,0.06176875415258104,0.0104792518977774,unsigned,1.0
motif_cnn33_hiranniramol_sequence_cnn_ig_009,715,hiranniramol,single,sequence,cnn,cnn33,cnn_ig,20,23,TTGG,0.02090069149077557,0.06176875415258104,0.0104792518977774,unsigned,1.0
motif_cnn33_hiranniramol_sequence_cnn_ig_009,756,hiranniramol,single,sequence,cnn,cnn33,cnn_ig,20,23,TTGG,0.02090069149077557,0.06176875415258104,0.0104792518977774,unsigned,0.449
motif_cnn33_hiranniramol_sequence_cnn_ig_009,764,hiranniramol,single,sequence,cnn,cnn33,cnn_ig,20,23,TTGG,0.02090069149077557,0.06176875415258104,0.0104792518977774,unsigned,0.1538
motif_cnn33_hiranniramol_sequence_cnn_ig_009,774,hiranniramol,single,sequence,cnn,cnn33,cnn_ig,20,23,TTGG,0.02090069149077557,0.06176875415258104,0.0104792518977774,unsigned,0.4332999999999999
motif_cnn33_hiranniramol_sequence_cnn_ig_009,777,hiranniramol,single,sequence,cnn,cnn33,cnn_ig,20,23,TTGG,0.02090069149077557,0.06176875415258104,0.0104792518977774,unsigned,0.0
motif_cnn33_hiranniramol_sequence_cnn_ig_009,788,hiranniramol,single,sequence,cnn,cnn33,cnn_ig,20,23,TTGG,0.02090069149077557,0.06176875415258104,0.0104792518977774,unsigned,0.4614999999999999
motif_cnn33_hiranniramol_sequence_cnn_ig_009,801,hiranniramol,single,sequence,cnn,cnn33,cnn_ig,20,23,TTGG,0.02090069149077557,0.06176875415258104,0.0104792518977774,unsigned,0.0
motif_cnn33_hiranniramol_sequence_cnn_ig_009,806,hiranniramol,single,sequence,cnn,cnn33,cnn_ig,20,23,TTGG,0.02090069149077557,0.06176875415258104,0.0104792518977774,unsigned,0.0556
motif_cnn33_hiranniramol_sequence_cnn_ig_009,811,hiranniramol,single,sequence,cnn,cnn33,cnn_ig,20,23,TTGG,0.02090069149077557,0.06176875415258104,0.0104792518977774,unsigned,0.16
motif_cnn33_hiranniramol_sequence_cnn_ig_009,813,hiranniramol,single,sequence,cnn,cnn33,cnn_ig,20,23,TTGG,0.02090069149077557,0.06176875415258104,0.0104792518977774,unsigned,0.3284
motif_cnn33_hiranniramol_sequence_cnn_ig_009,825,hiranniramol,single,sequence,cnn,cnn33,cnn_ig,20,23,TTGG,0.02090069149077557,0.06176875415258104,0.0104792518977774,unsigned,0.36
motif_cnn33_hiranniramol_sequence_cnn_ig_009,844,hiranniramol,single,sequence,cnn,cnn33,cnn_ig,20,23,TTGG,0.02090069149077557,0.06176875415258104,0.0104792518977774,unsigned,0.2353
motif_cnn33_hiranniramol_sequence_cnn_ig_009,845,hiranniramol,single,sequence,cnn,cnn33,cnn_ig,20,23,TTGG,0.02090069149077557,0.06176875415258104,0.0104792518977774,unsigned,0.5
motif_cnn33_hiranniramol_sequence_cnn_ig_009,862,hiranniramol,single,sequence,cnn,cnn33,cnn_ig,20,23,TTGG,0.02090069149077557,0.06176875415258104,0.0104792518977774,unsigned,0.2167
motif_cnn33_hiranniramol_sequence_cnn_ig_009,866,hiranniramol,single,sequence,cnn,cnn33,cnn_ig,20,23,TTGG,0.02090069149077557,0.06176875415258104,0.0104792518977774,unsigned,0.4675
motif_cnn33_hiranniramol_sequence_cnn_ig_009,883,hiranniramol,single,sequence,cnn,cnn33,cnn_ig,20,23,TTGG,0.02090069149077557,0.06176875415258104,0.0104792518977774,unsigned,0.1812
motif_cnn33_hiranniramol_sequence_cnn_ig_009,885,hiranniramol,single,sequence,cnn,cnn33,cnn_ig,20,23,TTGG,0.02090069149077557,0.06176875415258104,0.0104792518977774,unsigned,0.042
motif_cnn33_hiranniramol_sequence_cnn_ig_009,896,hiranniramol,single,sequence,cnn,cnn33,cnn_ig,20,23,TTGG,0.02090069149077557,0.06176875415258104,0.0104792518977774,unsigned,0.4
motif_cnn33_hiranniramol_sequence_cnn_ig_009,904,hiranniramol,single,sequence,cnn,cnn33,cnn_ig,20,23,TTGG,0.02090069149077557,0.06176875415258104,0.0104792518977774,unsigned,0.125
motif_cnn33_hiranniramol_sequence_cnn_ig_009,909,hiranniramol,single,sequence,cnn,cnn33,cnn_ig,20,23,TTGG,0.02090069149077557,0.06176875415258104,0.0104792518977774,unsigned,0.35
motif_cnn33_hiranniramol_sequence_cnn_ig_009,911,hiranniramol,single,sequence,cnn,cnn33,cnn_ig,20,23,TTGG,0.02090069149077557,0.06176875415258104,0.0104792518977774,unsigned,0.3571
motif_cnn33_hiranniramol_sequence_cnn_ig_009,912,hiranniramol,single,sequence,cnn,cnn33,cnn_ig,20,23,TTGG,0.02090069149077557,0.06176875415258104,0.0104792518977774,unsigned,0.2
motif_cnn33_hiranniramol_sequence_cnn_ig_009,919,hiranniramol,single,sequence,cnn,cnn33,cnn_ig,20,23,TTGG,0.02090069149077557,0.06176875415258104,0.0104792518977774,unsigned,0.1042
motif_cnn33_hiranniramol_sequence_cnn_ig_009,920,hiranniramol,single,sequence,cnn,cnn33,cnn_ig,20,23,TTGG,0.02090069149077557,0.06176875415258104,0.0104792518977774,unsigned,0.0
motif_cnn33_hiranniramol_sequence_cnn_ig_009,928,hiranniramol,single,sequence,cnn,cnn33,cnn_ig,20,23,TTGG,0.02090069149077557,0.06176875415258104,0.0104792518977774,unsigned,0.2778
motif_cnn33_hiranniramol_sequence_cnn_ig_009,933,hiranniramol,single,sequence,cnn,cnn33,cnn_ig,20,23,TTGG,0.02090069149077557,0.06176875415258104,0.0104792518977774,unsigned,0.0
motif_cnn33_hiranniramol_sequence_cnn_ig_009,947,hiranniramol,single,sequence,cnn,cnn33,cnn_ig,20,23,TTGG,0.02090069149077557,0.06176875415258104,0.0104792518977774,unsigned,0.2727
motif_cnn33_hiranniramol_sequence_cnn_ig_009,955,hiranniramol,single,sequence,cnn,cnn33,cnn_ig,20,23,TTGG,0.02090069149077557,0.06176875415258104,0.0104792518977774,unsigned,0.4286
motif_cnn33_hiranniramol_sequence_cnn_ig_009,957,hiranniramol,single,sequence,cnn,cnn33,cnn_ig,20,23,TTGG,0.02090069149077557,0.06176875415258104,0.0104792518977774,unsigned,0.3529
motif_cnn33_hiranniramol_sequence_cnn_ig_009,970,hiranniramol,single,sequence,cnn,cnn33,cnn_ig,20,23,TTGG,0.02090069149077557,0.06176875415258104,0.0104792518977774,unsigned,0.3786
motif_cnn33_hiranniramol_sequence_cnn_ig_009,971,hiranniramol,single,sequence,cnn,cnn33,cnn_ig,20,23,TTGG,0.02090069149077557,0.06176875415258104,0.0104792518977774,unsigned,0.5
motif_cnn33_hiranniramol_sequence_cnn_ig_009,979,hiranniramol,single,sequence,cnn,cnn33,cnn_ig,20,23,TTGG,0.02090069149077557,0.06176875415258104,0.0104792518977774,unsigned,0.5
motif_cnn33_hiranniramol_sequence_cnn_ig_009,989,hiranniramol,single,sequence,cnn,cnn33,cnn_ig,20,23,TTGG,0.02090069149077557,0.06176875415258104,0.0104792518977774,unsigned,0.0102
motif_cnn33_hiranniramol_sequence_cnn_ig_009,1003,hiranniramol,single,sequence,cnn,cnn33,cnn_ig,20,23,TTGG,0.02090069149077557,0.06176875415258104,0.0104792518977774,unsigned,0.3659
motif_cnn33_hiranniramol_sequence_cnn_ig_009,1008,hiranniramol,single,sequence,cnn,cnn33,cnn_ig,20,23,TTGG,0.02090069149077557,0.06176875415258104,0.0104792518977774,unsigned,0.1481
motif_cnn33_hiranniramol_sequence_cnn_ig_009,1014,hiranniramol,single,sequence,cnn,cnn33,cnn_ig,20,23,TTGG,0.02090069149077557,0.06176875415258104,0.0104792518977774,unsigned,0.0
motif_cnn33_hiranniramol_sequence_cnn_ig_009,1016,hiranniramol,single,sequence,cnn,cnn33,cnn_ig,20,23,TTGG,0.02090069149077557,0.06176875415258104,0.0104792518977774,unsigned,0.3636
motif_cnn33_hiranniramol_sequence_cnn_ig_009,1024,hiranniramol,single,sequence,cnn,cnn33,cnn_ig,20,23,TTGG,0.02090069149077557,0.06176875415258104,0.0104792518977774,unsigned,0.3
motif_cnn33_hiranniramol_sequence_cnn_ig_009,1039,hiranniramol,single,sequence,cnn,cnn33,cnn_ig,20,23,TTGG,0.02090069149077557,0.06176875415258104,0.0104792518977774,unsigned,0.0312
motif_cnn33_hiranniramol_sequence_cnn_ig_009,1046,hiranniramol,single,sequence,cnn,cnn33,cnn_ig,20,23,TTGG,0.02090069149077557,0.06176875415258104,0.0104792518977774,unsigned,0.4957
motif_cnn33_hiranniramol_sequence_cnn_ig_009,1070,hiranniramol,single,sequence,cnn,cnn33,cnn_ig,20,23,TTGG,0.02090069149077557,0.06176875415258104,0.0104792518977774,unsigned,0.3936
motif_cnn33_hiranniramol_sequence_cnn_ig_009,1072,hiranniramol,single,sequence,cnn,cnn33,cnn_ig,20,23,TTGG,0.02090069149077557,0.06176875415258104,0.0104792518977774,unsigned,0.0789
motif_cnn33_hiranniramol_sequence_cnn_ig_009,1076,hiranniramol,single,sequence,cnn,cnn33,cnn_ig,20,23,TTGG,0.02090069149077557,0.06176875415258104,0.0104792518977774,unsigned,0.2378
motif_cnn33_hiranniramol_sequence_cnn_ig_009,1079,hiranniramol,single,sequence,cnn,cnn33,cnn_ig,20,23,TTGG,0.02090069149077557,0.06176875415258104,0.0104792518977774,unsigned,0.3228999999999999
motif_cnn33_hiranniramol_sequence_cnn_ig_009,1088,hiranniramol,single,sequence,cnn,cnn33,cnn_ig,20,23,TTGG,0.02090069149077557,0.06176875415258104,0.0104792518977774,unsigned,0.25
motif_cnn33_hiranniramol_sequence_cnn_ig_009,1089,hiranniramol,single,sequence,cnn,cnn33,cnn_ig,20,23,TTGG,0.02090069149077557,0.06176875415258104,0.0104792518977774,unsigned,0.4375
motif_cnn33_hiranniramol_sequence_cnn_ig_009,1108,hiranniramol,single,sequence,cnn,cnn33,cnn_ig,20,23,TTGG,0.02090069149077557,0.06176875415258104,0.0104792518977774,unsigned,0.0
motif_cnn33_hiranniramol_sequence_cnn_ig_009,1130,hiranniramol,single,sequence,cnn,cnn33,cnn_ig,20,23,TTGG,0.02090069149077557,0.06176875415258104,0.0104792518977774,unsigned,0.4034
motif_cnn33_hiranniramol_sequence_cnn_ig_009,1133,hiranniramol,single,sequence,cnn,cnn33,cnn_ig,20,23,TTGG,0.02090069149077557,0.06176875415258104,0.0104792518977774,unsigned,0.3889
motif_cnn33_hiranniramol_sequence_cnn_ig_009,1142,hiranniramol,single,sequence,cnn,cnn33,cnn_ig,20,23,TTGG,0.02090069149077557,0.06176875415258104,0.0104792518977774,unsigned,0.4966
motif_cnn33_hiranniramol_sequence_cnn_ig_009,1149,hiranniramol,single,sequence,cnn,cnn33,cnn_ig,20,23,TTGG,0.02090069149077557,0.06176875415258104,0.0104792518977774,unsigned,0.3684
motif_cnn33_hiranniramol_sequence_cnn_ig_009,1150,hiranniramol,single,sequence,cnn,cnn33,cnn_ig,20,23,TTGG,0.02090069149077557,0.06176875415258104,0.0104792518977774,unsigned,0.5
motif_cnn33_hiranniramol_sequence_cnn_ig_009,1164,hiranniramol,single,sequence,cnn,cnn33,cnn_ig,20,23,TTGG,0.02090069149077557,0.06176875415258104,0.0104792518977774,unsigned,0.3011
motif_cnn33_hiranniramol_sequence_cnn_ig_009,1170,hiranniramol,single,sequence,cnn,cnn33,cnn_ig,20,23,TTGG,0.02090069149077557,0.06176875415258104,0.0104792518977774,unsigned,0.413
motif_cnn33_hiranniramol_sequence_cnn_ig_009,1179,hiranniramol,single,sequence,cnn,cnn33,cnn_ig,20,23,TTGG,0.02090069149077557,0.06176875415258104,0.0104792518977774,unsigned,0.4412
motif_cnn33_hiranniramol_sequence_cnn_ig_009,1181,hiranniramol,single,sequence,cnn,cnn33,cnn_ig,20,23,TTGG,0.02090069149077557,0.06176875415258104,0.0104792518977774,unsigned,0.4894
motif_cnn33_hiranniramol_sequence_cnn_ig_009,1182,hiranniramol,single,sequence,cnn,cnn33,cnn_ig,20,23,TTGG,0.02090069149077557,0.06176875415258104,0.0104792518977774,unsigned,0.3182
motif_cnn33_hiranniramol_sequence_cnn_ig_009,1185,hiranniramol,single,sequence,cnn,cnn33,cnn_ig,20,23,TTGG,0.02090069149077557,0.06176875415258104,0.0104792518977774,unsigned,0.3
motif_cnn33_hiranniramol_sequence_cnn_ig_009,1195,hiranniramol,single,sequence,cnn,cnn33,cnn_ig,20,23,TTGG,0.02090069149077557,0.06176875415258104,0.0104792518977774,unsigned,0.0
motif_cnn33_hiranniramol_sequence_cnn_ig_009,1198,hiranniramol,single,sequence,cnn,cnn33,cnn_ig,20,23,TTGG,0.02090069149077557,0.06176875415258104,0.0104792518977774,unsigned,0.2
motif_cnn33_hiranniramol_sequence_cnn_ig_009,1219,hiranniramol,single,sequence,cnn,cnn33,cnn_ig,20,23,TTGG,0.02090069149077557,0.06176875415258104,0.0104792518977774,unsigned,0.4304
motif_cnn33_hiranniramol_sequence_cnn_ig_009,1232,hiranniramol,single,sequence,cnn,cnn33,cnn_ig,20,23,TTGG,0.02090069149077557,0.06176875415258104,0.0104792518977774,unsigned,0.3846
motif_cnn33_hiranniramol_sequence_cnn_ig_009,1243,hiranniramol,single,sequence,cnn,cnn33,cnn_ig,20,23,TTGG,0.02090069149077557,0.06176875415258104,0.0104792518977774,unsigned,0.5
motif_cnn33_hiranniramol_sequence_cnn_ig_009,1250,hiranniramol,single,sequence,cnn,cnn33,cnn_ig,20,23,TTGG,0.02090069149077557,0.06176875415258104,0.0104792518977774,unsigned,0.2353
motif_cnn33_hiranniramol_sequence_cnn_ig_009,1254,hiranniramol,single,sequence,cnn,cnn33,cnn_ig,20,23,TTGG,0.02090069149077557,0.06176875415258104,0.0104792518977774,unsigned,0.4
motif_cnn33_hiranniramol_sequence_cnn_ig_009,1262,hiranniramol,single,sequence,cnn,cnn33,cnn_ig,20,23,TTGG,0.02090069149077557,0.06176875415258104,0.0104792518977774,unsigned,0.1875
motif_cnn33_hiranniramol_sequence_cnn_ig_009,1269,hiranniramol,single,sequence,cnn,cnn33,cnn_ig,20,23,TTGG,0.02090069149077557,0.06176875415258104,0.0104792518977774,unsigned,0.0
motif_cnn33_hiranniramol_sequence_cnn_ig_009,1279,hiranniramol,single,sequence,cnn,cnn33,cnn_ig,20,23,TTGG,0.02090069149077557,0.06176875415258104,0.0104792518977774,unsigned,0.125
motif_cnn33_hiranniramol_sequence_cnn_ig_009,1281,hiranniramol,single,sequence,cnn,cnn33,cnn_ig,20,23,TTGG,0.02090069149077557,0.06176875415258104,0.0104792518977774,unsigned,0.4443999999999999
motif_cnn33_hiranniramol_sequence_cnn_ig_009,1282,hiranniramol,single,sequence,cnn,cnn33,cnn_ig,20,23,TTGG,0.02090069149077557,0.06176875415258104,0.0104792518977774,unsigned,0.0098
motif_cnn33_hiranniramol_sequence_cnn_ig_009,1295,hiranniramol,single,sequence,cnn,cnn33,cnn_ig,20,23,TTGG,0.02090069149077557,0.06176875415258104,0.0104792518977774,unsigned,0.3111
motif_cnn33_hiranniramol_sequence_cnn_ig_009,1298,hiranniramol,single,sequence,cnn,cnn33,cnn_ig,20,23,TTGG,0.02090069149077557,0.06176875415258104,0.0104792518977774,unsigned,0.05
motif_cnn33_hiranniramol_sequence_cnn_ig_009,1305,hiranniramol,single,sequence,cnn,cnn33,cnn_ig,20,23,TTGG,0.02090069149077557,0.06176875415258104,0.0104792518977774,unsigned,0.3333
motif_cnn73_hiranniramol_sequence_cnn_ig_010,13,hiranniramol,single,sequence,cnn,cnn73,cnn_ig,20,23,TTGG,0.037908551283180686,0.05756670329719778,0.018474802607670385,unsigned,1.0
motif_cnn73_hiranniramol_sequence_cnn_ig_010,56,hiranniramol,single,sequence,cnn,cnn73,cnn_ig,20,23,TTGG,0.037908551283180686,0.05756670329719778,0.018474802607670385,unsigned,1.0
motif_cnn73_hiranniramol_sequence_cnn_ig_010,95,hiranniramol,single,sequence,cnn,cnn73,cnn_ig,20,23,TTGG,0.037908551283180686,0.05756670329719778,0.018474802607670385,unsigned,1.0
motif_cnn73_hiranniramol_sequence_cnn_ig_010,106,hiranniramol,single,sequence,cnn,cnn73,cnn_ig,20,23,TTGG,0.037908551283180686,0.05756670329719778,0.018474802607670385,unsigned,1.0
motif_cnn73_hiranniramol_sequence_cnn_ig_010,168,hiranniramol,single,sequence,cnn,cnn73,cnn_ig,20,23,TTGG,0.037908551283180686,0.05756670329719778,0.018474802607670385,unsigned,1.0
motif_cnn73_hiranniramol_sequence_cnn_ig_010,209,hiranniramol,single,sequence,cnn,cnn73,cnn_ig,20,23,TTGG,0.037908551283180686,0.05756670329719778,0.018474802607670385,unsigned,1.0
motif_cnn73_hiranniramol_sequence_cnn_ig_010,237,hiranniramol,single,sequence,cnn,cnn73,cnn_ig,20,23,TTGG,0.037908551283180686,0.05756670329719778,0.018474802607670385,unsigned,1.0
motif_cnn73_hiranniramol_sequence_cnn_ig_010,304,hiranniramol,single,sequence,cnn,cnn73,cnn_ig,20,23,TTGG,0.037908551283180686,0.05756670329719778,0.018474802607670385,unsigned,1.0
motif_cnn73_hiranniramol_sequence_cnn_ig_010,316,hiranniramol,single,sequence,cnn,cnn73,cnn_ig,20,23,TTGG,0.037908551283180686,0.05756670329719778,0.018474802607670385,unsigned,1.0
motif_cnn73_hiranniramol_sequence_cnn_ig_010,329,hiranniramol,single,sequence,cnn,cnn73,cnn_ig,20,23,TTGG,0.037908551283180686,0.05756670329719778,0.018474802607670385,unsigned,1.0
motif_cnn73_hiranniramol_sequence_cnn_ig_010,349,hiranniramol,single,sequence,cnn,cnn73,cnn_ig,20,23,TTGG,0.037908551283180686,0.05756670329719778,0.018474802607670385,unsigned,1.0
motif_cnn73_hiranniramol_sequence_cnn_ig_010,391,hiranniramol,single,sequence,cnn,cnn73,cnn_ig,20,23,TTGG,0.037908551283180686,0.05756670329719778,0.018474802607670385,unsigned,1.0
motif_cnn73_hiranniramol_sequence_cnn_ig_010,404,hiranniramol,single,sequence,cnn,cnn73,cnn_ig,20,23,TTGG,0.037908551283180686,0.05756670329719778,0.018474802607670385,unsigned,1.0
motif_cnn73_hiranniramol_sequence_cnn_ig_010,527,hiranniramol,single,sequence,cnn,cnn73,cnn_ig,20,23,TTGG,0.037908551283180686,0.05756670329719778,0.018474802607670385,unsigned,1.0
motif_cnn73_hiranniramol_sequence_cnn_ig_010,570,hiranniramol,single,sequence,cnn,cnn73,cnn_ig,20,23,TTGG,0.037908551283180686,0.05756670329719778,0.018474802607670385,unsigned,1.0
motif_cnn73_hiranniramol_sequence_cnn_ig_010,622,hiranniramol,single,sequence,cnn,cnn73,cnn_ig,20,23,TTGG,0.037908551283180686,0.05756670329719778,0.018474802607670385,unsigned,1.0
motif_cnn73_hiranniramol_sequence_cnn_ig_010,639,hiranniramol,single,sequence,cnn,cnn73,cnn_ig,20,23,TTGG,0.037908551283180686,0.05756670329719778,0.018474802607670385,unsigned,1.0
motif_cnn73_hiranniramol_sequence_cnn_ig_010,640,hiranniramol,single,sequence,cnn,cnn73,cnn_ig,20,23,TTGG,0.037908551283180686,0.05756670329719778,0.018474802607670385,unsigned,1.0
motif_cnn73_hiranniramol_sequence_cnn_ig_010,662,hiranniramol,single,sequence,cnn,cnn73,cnn_ig,20,23,TTGG,0.037908551283180686,0.05756670329719778,0.018474802607670385,unsigned,1.0
motif_cnn73_hiranniramol_sequence_cnn_ig_010,715,hiranniramol,single,sequence,cnn,cnn73,cnn_ig,20,23,TTGG,0.037908551283180686,0.05756670329719778,0.018474802607670385,unsigned,1.0
motif_cnn73_hiranniramol_sequence_cnn_ig_010,756,hiranniramol,single,sequence,cnn,cnn73,cnn_ig,20,23,TTGG,0.037908551283180686,0.05756670329719778,0.018474802607670385,unsigned,0.449
motif_cnn73_hiranniramol_sequence_cnn_ig_010,764,hiranniramol,single,sequence,cnn,cnn73,cnn_ig,20,23,TTGG,0.037908551283180686,0.05756670329719778,0.018474802607670385,unsigned,0.1538
motif_cnn73_hiranniramol_sequence_cnn_ig_010,774,hiranniramol,single,sequence,cnn,cnn73,cnn_ig,20,23,TTGG,0.037908551283180686,0.05756670329719778,0.018474802607670385,unsigned,0.4332999999999999
motif_cnn73_hiranniramol_sequence_cnn_ig_010,777,hiranniramol,single,sequence,cnn,cnn73,cnn_ig,20,23,TTGG,0.037908551283180686,0.05756670329719778,0.018474802607670385,unsigned,0.0
motif_cnn73_hiranniramol_sequence_cnn_ig_010,788,hiranniramol,single,sequence,cnn,cnn73,cnn_ig,20,23,TTGG,0.037908551283180686,0.05756670329719778,0.018474802607670385,unsigned,0.4614999999999999
motif_cnn73_hiranniramol_sequence_cnn_ig_010,801,hiranniramol,single,sequence,cnn,cnn73,cnn_ig,20,23,TTGG,0.037908551283180686,0.05756670329719778,0.018474802607670385,unsigned,0.0
motif_cnn73_hiranniramol_sequence_cnn_ig_010,806,hiranniramol,single,sequence,cnn,cnn73,cnn_ig,20,23,TTGG,0.037908551283180686,0.05756670329719778,0.018474802607670385,unsigned,0.0556
motif_cnn73_hiranniramol_sequence_cnn_ig_010,811,hiranniramol,single,sequence,cnn,cnn73,cnn_ig,20,23,TTGG,0.037908551283180686,0.05756670329719778,0.018474802607670385,unsigned,0.16
motif_cnn73_hiranniramol_sequence_cnn_ig_010,813,hiranniramol,single,sequence,cnn,cnn73,cnn_ig,20,23,TTGG,0.037908551283180686,0.05756670329719778,0.018474802607670385,unsigned,0.3284
motif_cnn73_hiranniramol_sequence_cnn_ig_010,825,hiranniramol,single,sequence,cnn,cnn73,cnn_ig,20,23,TTGG,0.037908551283180686,0.05756670329719778,0.018474802607670385,unsigned,0.36
motif_cnn73_hiranniramol_sequence_cnn_ig_010,844,hiranniramol,single,sequence,cnn,cnn73,cnn_ig,20,23,TTGG,0.037908551283180686,0.05756670329719778,0.018474802607670385,unsigned,0.2353
motif_cnn73_hiranniramol_sequence_cnn_ig_010,845,hiranniramol,single,sequence,cnn,cnn73,cnn_ig,20,23,TTGG,0.037908551283180686,0.05756670329719778,0.018474802607670385,unsigned,0.5
motif_cnn73_hiranniramol_sequence_cnn_ig_010,862,hiranniramol,single,sequence,cnn,cnn73,cnn_ig,20,23,TTGG,0.037908551283180686,0.05756670329719778,0.018474802607670385,unsigned,0.2167
motif_cnn73_hiranniramol_sequence_cnn_ig_010,866,hiranniramol,single,sequence,cnn,cnn73,cnn_ig,20,23,TTGG,0.037908551283180686,0.05756670329719778,0.018474802607670385,unsigned,0.4675
motif_cnn73_hiranniramol_sequence_cnn_ig_010,883,hiranniramol,single,sequence,cnn,cnn73,cnn_ig,20,23,TTGG,0.037908551283180686,0.05756670329719778,0.018474802607670385,unsigned,0.1812
motif_cnn73_hiranniramol_sequence_cnn_ig_010,885,hiranniramol,single,sequence,cnn,cnn73,cnn_ig,20,23,TTGG,0.037908551283180686,0.05756670329719778,0.018474802607670385,unsigned,0.042
motif_cnn73_hiranniramol_sequence_cnn_ig_010,896,hiranniramol,single,sequence,cnn,cnn73,cnn_ig,20,23,TTGG,0.037908551283180686,0.05756670329719778,0.018474802607670385,unsigned,0.4
motif_cnn73_hiranniramol_sequence_cnn_ig_010,904,hiranniramol,single,sequence,cnn,cnn73,cnn_ig,20,23,TTGG,0.037908551283180686,0.05756670329719778,0.018474802607670385,unsigned,0.125
motif_cnn73_hiranniramol_sequence_cnn_ig_010,909,hiranniramol,single,sequence,cnn,cnn73,cnn_ig,20,23,TTGG,0.037908551283180686,0.05756670329719778,0.018474802607670385,unsigned,0.35
motif_cnn73_hiranniramol_sequence_cnn_ig_010,911,hiranniramol,single,sequence,cnn,cnn73,cnn_ig,20,23,TTGG,0.037908551283180686,0.05756670329719778,0.018474802607670385,unsigned,0.3571
motif_cnn73_hiranniramol_sequence_cnn_ig_010,912,hiranniramol,single,sequence,cnn,cnn73,cnn_ig,20,23,TTGG,0.037908551283180686,0.05756670329719778,0.018474802607670385,unsigned,0.2
motif_cnn73_hiranniramol_sequence_cnn_ig_010,919,hiranniramol,single,sequence,cnn,cnn73,cnn_ig,20,23,TTGG,0.037908551283180686,0.05756670329719778,0.018474802607670385,unsigned,0.1042
motif_cnn73_hiranniramol_sequence_cnn_ig_010,920,hiranniramol,single,sequence,cnn,cnn73,cnn_ig,20,23,TTGG,0.037908551283180686,0.05756670329719778,0.018474802607670385,unsigned,0.0
motif_cnn73_hiranniramol_sequence_cnn_ig_010,928,hiranniramol,single,sequence,cnn,cnn73,cnn_ig,20,23,TTGG,0.037908551283180686,0.05756670329719778,0.018474802607670385,unsigned,0.2778
motif_cnn73_hiranniramol_sequence_cnn_ig_010,933,hiranniramol,single,sequence,cnn,cnn73,cnn_ig,20,23,TTGG,0.037908551283180686,0.05756670329719778,0.018474802607670385,unsigned,0.0
motif_cnn73_hiranniramol_sequence_cnn_ig_010,947,hiranniramol,single,sequence,cnn,cnn73,cnn_ig,20,23,TTGG,0.037908551283180686,0.05756670329719778,0.018474802607670385,unsigned,0.2727
motif_cnn73_hiranniramol_sequence_cnn_ig_010,955,hiranniramol,single,sequence,cnn,cnn73,cnn_ig,20,23,TTGG,0.037908551283180686,0.05756670329719778,0.018474802607670385,unsigned,0.4286
motif_cnn73_hiranniramol_sequence_cnn_ig_010,957,hiranniramol,single,sequence,cnn,cnn73,cnn_ig,20,23,TTGG,0.037908551283180686,0.05756670329719778,0.018474802607670385,unsigned,0.3529
motif_cnn73_hiranniramol_sequence_cnn_ig_010,970,hiranniramol,single,sequence,cnn,cnn73,cnn_ig,20,23,TTGG,0.037908551283180686,0.05756670329719778,0.018474802607670385,unsigned,0.3786
motif_cnn73_hiranniramol_sequence_cnn_ig_010,971,hiranniramol,single,sequence,cnn,cnn73,cnn_ig,20,23,TTGG,0.037908551283180686,0.05756670329719778,0.018474802607670385,unsigned,0.5
motif_cnn73_hiranniramol_sequence_cnn_ig_010,979,hiranniramol,single,sequence,cnn,cnn73,cnn_ig,20,23,TTGG,0.037908551283180686,0.05756670329719778,0.018474802607670385,unsigned,0.5
motif_cnn73_hiranniramol_sequence_cnn_ig_010,989,hiranniramol,single,sequence,cnn,cnn73,cnn_ig,20,23,TTGG,0.037908551283180686,0.05756670329719778,0.018474802607670385,unsigned,0.0102
motif_cnn73_hiranniramol_sequence_cnn_ig_010,1003,hiranniramol,single,sequence,cnn,cnn73,cnn_ig,20,23,TTGG,0.037908551283180686,0.05756670329719778,0.018474802607670385,unsigned,0.3659
motif_cnn73_hiranniramol_sequence_cnn_ig_010,1008,hiranniramol,single,sequence,cnn,cnn73,cnn_ig,20,23,TTGG,0.037908551283180686,0.05756670329719778,0.018474802607670385,unsigned,0.1481
motif_cnn73_hiranniramol_sequence_cnn_ig_010,1014,hiranniramol,single,sequence,cnn,cnn73,cnn_ig,20,23,TTGG,0.037908551283180686,0.05756670329719778,0.018474802607670385,unsigned,0.0
motif_cnn73_hiranniramol_sequence_cnn_ig_010,1016,hiranniramol,single,sequence,cnn,cnn73,cnn_ig,20,23,TTGG,0.037908551283180686,0.05756670329719778,0.018474802607670385,unsigned,0.3636
motif_cnn73_hiranniramol_sequence_cnn_ig_010,1024,hiranniramol,single,sequence,cnn,cnn73,cnn_ig,20,23,TTGG,0.037908551283180686,0.05756670329719778,0.018474802607670385,unsigned,0.3
motif_cnn73_hiranniramol_sequence_cnn_ig_010,1039,hiranniramol,single,sequence,cnn,cnn73,cnn_ig,20,23,TTGG,0.037908551283180686,0.05756670329719778,0.018474802607670385,unsigned,0.0312
motif_cnn73_hiranniramol_sequence_cnn_ig_010,1046,hiranniramol,single,sequence,cnn,cnn73,cnn_ig,20,23,TTGG,0.037908551283180686,0.05756670329719778,0.018474802607670385,unsigned,0.4957
motif_cnn73_hiranniramol_sequence_cnn_ig_010,1070,hiranniramol,single,sequence,cnn,cnn73,cnn_ig,20,23,TTGG,0.037908551283180686,0.05756670329719778,0.018474802607670385,unsigned,0.3936
motif_cnn73_hiranniramol_sequence_cnn_ig_010,1072,hiranniramol,single,sequence,cnn,cnn73,cnn_ig,20,23,TTGG,0.037908551283180686,0.05756670329719778,0.018474802607670385,unsigned,0.0789
motif_cnn73_hiranniramol_sequence_cnn_ig_010,1076,hiranniramol,single,sequence,cnn,cnn73,cnn_ig,20,23,TTGG,0.037908551283180686,0.05756670329719778,0.018474802607670385,unsigned,0.2378
motif_cnn73_hiranniramol_sequence_cnn_ig_010,1079,hiranniramol,single,sequence,cnn,cnn73,cnn_ig,20,23,TTGG,0.037908551283180686,0.05756670329719778,0.018474802607670385,unsigned,0.3228999999999999
motif_cnn73_hiranniramol_sequence_cnn_ig_010,1088,hiranniramol,single,sequence,cnn,cnn73,cnn_ig,20,23,TTGG,0.037908551283180686,0.05756670329719778,0.018474802607670385,unsigned,0.25
motif_cnn73_hiranniramol_sequence_cnn_ig_010,1089,hiranniramol,single,sequence,cnn,cnn73,cnn_ig,20,23,TTGG,0.037908551283180686,0.05756670329719778,0.018474802607670385,unsigned,0.4375
motif_cnn73_hiranniramol_sequence_cnn_ig_010,1108,hiranniramol,single,sequence,cnn,cnn73,cnn_ig,20,23,TTGG,0.037908551283180686,0.05756670329719778,0.018474802607670385,unsigned,0.0
motif_cnn73_hiranniramol_sequence_cnn_ig_010,1130,hiranniramol,single,sequence,cnn,cnn73,cnn_ig,20,23,TTGG,0.037908551283180686,0.05756670329719778,0.018474802607670385,unsigned,0.4034
motif_cnn73_hiranniramol_sequence_cnn_ig_010,1133,hiranniramol,single,sequence,cnn,cnn73,cnn_ig,20,23,TTGG,0.037908551283180686,0.05756670329719778,0.018474802607670385,unsigned,0.3889
motif_cnn73_hiranniramol_sequence_cnn_ig_010,1142,hiranniramol,single,sequence,cnn,cnn73,cnn_ig,20,23,TTGG,0.037908551283180686,0.05756670329719778,0.018474802607670385,unsigned,0.4966
motif_cnn73_hiranniramol_sequence_cnn_ig_010,1149,hiranniramol,single,sequence,cnn,cnn73,cnn_ig,20,23,TTGG,0.037908551283180686,0.05756670329719778,0.018474802607670385,unsigned,0.3684
motif_cnn73_hiranniramol_sequence_cnn_ig_010,1150,hiranniramol,single,sequence,cnn,cnn73,cnn_ig,20,23,TTGG,0.037908551283180686,0.05756670329719778,0.018474802607670385,unsigned,0.5
motif_cnn73_hiranniramol_sequence_cnn_ig_010,1164,hiranniramol,single,sequence,cnn,cnn73,cnn_ig,20,23,TTGG,0.037908551283180686,0.05756670329719778,0.018474802607670385,unsigned,0.3011
motif_cnn73_hiranniramol_sequence_cnn_ig_010,1170,hiranniramol,single,sequence,cnn,cnn73,cnn_ig,20,23,TTGG,0.037908551283180686,0.05756670329719778,0.018474802607670385,unsigned,0.413
motif_cnn73_hiranniramol_sequence_cnn_ig_010,1179,hiranniramol,single,sequence,cnn,cnn73,cnn_ig,20,23,TTGG,0.037908551283180686,0.05756670329719778,0.018474802607670385,unsigned,0.4412
motif_cnn73_hiranniramol_sequence_cnn_ig_010,1181,hiranniramol,single,sequence,cnn,cnn73,cnn_ig,20,23,TTGG,0.037908551283180686,0.05756670329719778,0.018474802607670385,unsigned,0.4894
motif_cnn73_hiranniramol_sequence_cnn_ig_010,1182,hiranniramol,single,sequence,cnn,cnn73,cnn_ig,20,23,TTGG,0.037908551283180686,0.05756670329719778,0.018474802607670385,unsigned,0.3182
motif_cnn73_hiranniramol_sequence_cnn_ig_010,1185,hiranniramol,single,sequence,cnn,cnn73,cnn_ig,20,23,TTGG,0.037908551283180686,0.05756670329719778,0.018474802607670385,unsigned,0.3
motif_cnn73_hiranniramol_sequence_cnn_ig_010,1195,hiranniramol,single,sequence,cnn,cnn73,cnn_ig,20,23,TTGG,0.037908551283180686,0.05756670329719778,0.018474802607670385,unsigned,0.0
motif_cnn73_hiranniramol_sequence_cnn_ig_010,1198,hiranniramol,single,sequence,cnn,cnn73,cnn_ig,20,23,TTGG,0.037908551283180686,0.05756670329719778,0.018474802607670385,unsigned,0.2
motif_cnn73_hiranniramol_sequence_cnn_ig_010,1219,hiranniramol,single,sequence,cnn,cnn73,cnn_ig,20,23,TTGG,0.037908551283180686,0.05756670329719778,0.018474802607670385,unsigned,0.4304
motif_cnn73_hiranniramol_sequence_cnn_ig_010,1232,hiranniramol,single,sequence,cnn,cnn73,cnn_ig,20,23,TTGG,0.037908551283180686,0.05756670329719778,0.018474802607670385,unsigned,0.3846
motif_cnn73_hiranniramol_sequence_cnn_ig_010,1243,hiranniramol,single,sequence,cnn,cnn73,cnn_ig,20,23,TTGG,0.037908551283180686,0.05756670329719778,0.018474802607670385,unsigned,0.5
motif_cnn73_hiranniramol_sequence_cnn_ig_010,1250,hiranniramol,single,sequence,cnn,cnn73,cnn_ig,20,23,TTGG,0.037908551283180686,0.05756670329719778,0.018474802607670385,unsigned,0.2353
motif_cnn73_hiranniramol_sequence_cnn_ig_010,1254,hiranniramol,single,sequence,cnn,cnn73,cnn_ig,20,23,TTGG,0.037908551283180686,0.05756670329719778,0.018474802607670385,unsigned,0.4
motif_cnn73_hiranniramol_sequence_cnn_ig_010,1262,hiranniramol,single,sequence,cnn,cnn73,cnn_ig,20,23,TTGG,0.037908551283180686,0.05756670329719778,0.018474802607670385,unsigned,0.1875
motif_cnn73_hiranniramol_sequence_cnn_ig_010,1269,hiranniramol,single,sequence,cnn,cnn73,cnn_ig,20,23,TTGG,0.037908551283180686,0.05756670329719778,0.018474802607670385,unsigned,0.0
motif_cnn73_hiranniramol_sequence_cnn_ig_010,1279,hiranniramol,single,sequence,cnn,cnn73,cnn_ig,20,23,TTGG,0.037908551283180686,0.05756670329719778,0.018474802607670385,unsigned,0.125
motif_cnn73_hiranniramol_sequence_cnn_ig_010,1281,hiranniramol,single,sequence,cnn,cnn73,cnn_ig,20,23,TTGG,0.037908551283180686,0.05756670329719778,0.018474802607670385,unsigned,0.4443999999999999
motif_cnn73_hiranniramol_sequence_cnn_ig_010,1282,hiranniramol,single,sequence,cnn,cnn73,cnn_ig,20,23,TTGG,0.037908551283180686,0.05756670329719778,0.018474802607670385,unsigned,0.0098
motif_cnn73_hiranniramol_sequence_cnn_ig_010,1295,hiranniramol,single,sequence,cnn,cnn73,cnn_ig,20,23,TTGG,0.037908551283180686,0.05756670329719778,0.018474802607670385,unsigned,0.3111
motif_cnn73_hiranniramol_sequence_cnn_ig_010,1298,hiranniramol,single,sequence,cnn,cnn73,cnn_ig,20,23,TTGG,0.037908551283180686,0.05756670329719778,0.018474802607670385,unsigned,0.05
motif_cnn73_hiranniramol_sequence_cnn_ig_010,1305,hiranniramol,single,sequence,cnn,cnn73,cnn_ig,20,23,TTGG,0.037908551283180686,0.05756670329719778,0.018474802607670385,unsigned,0.3333
motif_cnn73_hiranniramol_sequence_cnn_ig_011,2,hiranniramol,single,sequence,cnn,cnn73,cnn_ig,20,23,CAGG,0.026199668335417883,0.05756670329719778,0.018474802607670385,unsigned,1.0
motif_cnn73_hiranniramol_sequence_cnn_ig_011,9,hiranniramol,single,sequence,cnn,cnn73,cnn_ig,20,23,CAGG,0.026199668335417883,0.05756670329719778,0.018474802607670385,unsigned,1.0
motif_cnn73_hiranniramol_sequence_cnn_ig_011,23,hiranniramol,single,sequence,cnn,cnn73,cnn_ig,20,23,CAGG,0.026199668335417883,0.05756670329719778,0.018474802607670385,unsigned,1.0
motif_cnn73_hiranniramol_sequence_cnn_ig_011,24,hiranniramol,single,sequence,cnn,cnn73,cnn_ig,20,23,CAGG,0.026199668335417883,0.05756670329719778,0.018474802607670385,unsigned,1.0
motif_cnn73_hiranniramol_sequence_cnn_ig_011,29,hiranniramol,single,sequence,cnn,cnn73,cnn_ig,20,23,CAGG,0.026199668335417883,0.05756670329719778,0.018474802607670385,unsigned,1.0
motif_cnn73_hiranniramol_sequence_cnn_ig_011,57,hiranniramol,single,sequence,cnn,cnn73,cnn_ig,20,23,CAGG,0.026199668335417883,0.05756670329719778,0.018474802607670385,unsigned,1.0
motif_cnn73_hiranniramol_sequence_cnn_ig_011,60,hiranniramol,single,sequence,cnn,cnn73,cnn_ig,20,23,CAGG,0.026199668335417883,0.05756670329719778,0.018474802607670385,unsigned,1.0
motif_cnn73_hiranniramol_sequence_cnn_ig_011,68,hiranniramol,single,sequence,cnn,cnn73,cnn_ig,20,23,CAGG,0.026199668335417883,0.05756670329719778,0.018474802607670385,unsigned,1.0
motif_cnn73_hiranniramol_sequence_cnn_ig_011,69,hiranniramol,single,sequence,cnn,cnn73,cnn_ig,20,23,CAGG,0.026199668335417883,0.05756670329719778,0.018474802607670385,unsigned,1.0
motif_cnn73_hiranniramol_sequence_cnn_ig_011,94,hiranniramol,single,sequence,cnn,cnn73,cnn_ig,20,23,CAGG,0.026199668335417883,0.05756670329719778,0.018474802607670385,unsigned,1.0
motif_cnn73_hiranniramol_sequence_cnn_ig_011,97,hiranniramol,single,sequence,cnn,cnn73,cnn_ig,20,23,CAGG,0.026199668335417883,0.05756670329719778,0.018474802607670385,unsigned,1.0
motif_cnn73_hiranniramol_sequence_cnn_ig_011,105,hiranniramol,single,sequence,cnn,cnn73,cnn_ig,20,23,CAGG,0.026199668335417883,0.05756670329719778,0.018474802607670385,unsigned,1.0
motif_cnn73_hiranniramol_sequence_cnn_ig_011,127,hiranniramol,single,sequence,cnn,cnn73,cnn_ig,20,23,CAGG,0.026199668335417883,0.05756670329719778,0.018474802607670385,unsigned,1.0
motif_cnn73_hiranniramol_sequence_cnn_ig_011,170,hiranniramol,single,sequence,cnn,cnn73,cnn_ig,20,23,CAGG,0.026199668335417883,0.05756670329719778,0.018474802607670385,unsigned,1.0
motif_cnn73_hiranniramol_sequence_cnn_ig_011,171,hiranniramol,single,sequence,cnn,cnn73,cnn_ig,20,23,CAGG,0.026199668335417883,0.05756670329719778,0.018474802607670385,unsigned,1.0
motif_cnn73_hiranniramol_sequence_cnn_ig_011,174,hiranniramol,single,sequence,cnn,cnn73,cnn_ig,20,23,CAGG,0.026199668335417883,0.05756670329719778,0.018474802607670385,unsigned,1.0
motif_cnn73_hiranniramol_sequence_cnn_ig_011,195,hiranniramol,single,sequence,cnn,cnn73,cnn_ig,20,23,CAGG,0.026199668335417883,0.05756670329719778,0.018474802607670385,unsigned,1.0
motif_cnn73_hiranniramol_sequence_cnn_ig_011,215,hiranniramol,single,sequence,cnn,cnn73,cnn_ig,20,23,CAGG,0.026199668335417883,0.05756670329719778,0.018474802607670385,unsigned,1.0
motif_cnn73_hiranniramol_sequence_cnn_ig_011,218,hiranniramol,single,sequence,cnn,cnn73,cnn_ig,20,23,CAGG,0.026199668335417883,0.05756670329719778,0.018474802607670385,unsigned,1.0
motif_cnn73_hiranniramol_sequence_cnn_ig_011,225,hiranniramol,single,sequence,cnn,cnn73,cnn_ig,20,23,CAGG,0.026199668335417883,0.05756670329719778,0.018474802607670385,unsigned,1.0
motif_cnn73_hiranniramol_sequence_cnn_ig_011,274,hiranniramol,single,sequence,cnn,cnn73,cnn_ig,20,23,CAGG,0.026199668335417883,0.05756670329719778,0.018474802607670385,unsigned,1.0
motif_cnn73_hiranniramol_sequence_cnn_ig_011,288,hiranniramol,single,sequence,cnn,cnn73,cnn_ig,20,23,CAGG,0.026199668335417883,0.05756670329719778,0.018474802607670385,unsigned,1.0
motif_cnn73_hiranniramol_sequence_cnn_ig_011,354,hiranniramol,single,sequence,cnn,cnn73,cnn_ig,20,23,CAGG,0.026199668335417883,0.05756670329719778,0.018474802607670385,unsigned,1.0
motif_cnn73_hiranniramol_sequence_cnn_ig_011,367,hiranniramol,single,sequence,cnn,cnn73,cnn_ig,20,23,CAGG,0.026199668335417883,0.05756670329719778,0.018474802607670385,unsigned,1.0
motif_cnn73_hiranniramol_sequence_cnn_ig_011,372,hiranniramol,single,sequence,cnn,cnn73,cnn_ig,20,23,CAGG,0.026199668335417883,0.05756670329719778,0.018474802607670385,unsigned,1.0
motif_cnn73_hiranniramol_sequence_cnn_ig_011,393,hiranniramol,single,sequence,cnn,cnn73,cnn_ig,20,23,CAGG,0.026199668335417883,0.05756670329719778,0.018474802607670385,unsigned,1.0
motif_cnn73_hiranniramol_sequence_cnn_ig_011,428,hiranniramol,single,sequence,cnn,cnn73,cnn_ig,20,23,CAGG,0.026199668335417883,0.05756670329719778,0.018474802607670385,unsigned,1.0
motif_cnn73_hiranniramol_sequence_cnn_ig_011,475,hiranniramol,single,sequence,cnn,cnn73,cnn_ig,20,23,CAGG,0.026199668335417883,0.05756670329719778,0.018474802607670385,unsigned,1.0
motif_cnn73_hiranniramol_sequence_cnn_ig_011,484,hiranniramol,single,sequence,cnn,cnn73,cnn_ig,20,23,CAGG,0.026199668335417883,0.05756670329719778,0.018474802607670385,unsigned,1.0
motif_cnn73_hiranniramol_sequence_cnn_ig_011,508,hiranniramol,single,sequence,cnn,cnn73,cnn_ig,20,23,CAGG,0.026199668335417883,0.05756670329719778,0.018474802607670385,unsigned,1.0
motif_cnn73_hiranniramol_sequence_cnn_ig_011,515,hiranniramol,single,sequence,cnn,cnn73,cnn_ig,20,23,CAGG,0.026199668335417883,0.05756670329719778,0.018474802607670385,unsigned,1.0
motif_cnn73_hiranniramol_sequence_cnn_ig_011,555,hiranniramol,single,sequence,cnn,cnn73,cnn_ig,20,23,CAGG,0.026199668335417883,0.05756670329719778,0.018474802607670385,unsigned,1.0
motif_cnn73_hiranniramol_sequence_cnn_ig_011,621,hiranniramol,single,sequence,cnn,cnn73,cnn_ig,20,23,CAGG,0.026199668335417883,0.05756670329719778,0.018474802607670385,unsigned,1.0
motif_cnn73_hiranniramol_sequence_cnn_ig_011,647,hiranniramol,single,sequence,cnn,cnn73,cnn_ig,20,23,CAGG,0.026199668335417883,0.05756670329719778,0.018474802607670385,unsigned,1.0
motif_cnn73_hiranniramol_sequence_cnn_ig_011,655,hiranniramol,single,sequence,cnn,cnn73,cnn_ig,20,23,CAGG,0.026199668335417883,0.05756670329719778,0.018474802607670385,unsigned,1.0
motif_cnn73_hiranniramol_sequence_cnn_ig_011,690,hiranniramol,single,sequence,cnn,cnn73,cnn_ig,20,23,CAGG,0.026199668335417883,0.05756670329719778,0.018474802607670385,unsigned,1.0
motif_cnn73_hiranniramol_sequence_cnn_ig_011,697,hiranniramol,single,sequence,cnn,cnn73,cnn_ig,20,23,CAGG,0.026199668335417883,0.05756670329719778,0.018474802607670385,unsigned,1.0
motif_cnn73_hiranniramol_sequence_cnn_ig_011,738,hiranniramol,single,sequence,cnn,cnn73,cnn_ig,20,23,CAGG,0.026199668335417883,0.05756670329719778,0.018474802607670385,unsigned,1.0
motif_cnn73_hiranniramol_sequence_cnn_ig_011,747,hiranniramol,single,sequence,cnn,cnn73,cnn_ig,20,23,CAGG,0.026199668335417883,0.05756670329719778,0.018474802607670385,unsigned,0.1846
motif_cnn73_hiranniramol_sequence_cnn_ig_011,750,hiranniramol,single,sequence,cnn,cnn73,cnn_ig,20,23,CAGG,0.026199668335417883,0.05756670329719778,0.018474802607670385,unsigned,0.0833
motif_cnn73_hiranniramol_sequence_cnn_ig_011,753,hiranniramol,single,sequence,cnn,cnn73,cnn_ig,20,23,CAGG,0.026199668335417883,0.05756670329719778,0.018474802607670385,unsigned,0.25
motif_cnn73_hiranniramol_sequence_cnn_ig_011,768,hiranniramol,single,sequence,cnn,cnn73,cnn_ig,20,23,CAGG,0.026199668335417883,0.05756670329719778,0.018474802607670385,unsigned,0.4
motif_cnn73_hiranniramol_sequence_cnn_ig_011,779,hiranniramol,single,sequence,cnn,cnn73,cnn_ig,20,23,CAGG,0.026199668335417883,0.05756670329719778,0.018474802607670385,unsigned,0.4167
motif_cnn73_hiranniramol_sequence_cnn_ig_011,783,hiranniramol,single,sequence,cnn,cnn73,cnn_ig,20,23,CAGG,0.026199668335417883,0.05756670329719778,0.018474802607670385,unsigned,0.125
motif_cnn73_hiranniramol_sequence_cnn_ig_011,784,hiranniramol,single,sequence,cnn,cnn73,cnn_ig,20,23,CAGG,0.026199668335417883,0.05756670329719778,0.018474802607670385,unsigned,0.3519
motif_cnn73_hiranniramol_sequence_cnn_ig_011,802,hiranniramol,single,sequence,cnn,cnn73,cnn_ig,20,23,CAGG,0.026199668335417883,0.05756670329719778,0.018474802607670385,unsigned,0.0713999999999999
motif_cnn73_hiranniramol_sequence_cnn_ig_011,809,hiranniramol,single,sequence,cnn,cnn73,cnn_ig,20,23,CAGG,0.026199668335417883,0.05756670329719778,0.018474802607670385,unsigned,0.0
motif_cnn73_hiranniramol_sequence_cnn_ig_011,819,hiranniramol,single,sequence,cnn,cnn73,cnn_ig,20,23,CAGG,0.026199668335417883,0.05756670329719778,0.018474802607670385,unsigned,0.3333
motif_cnn73_hiranniramol_sequence_cnn_ig_011,829,hiranniramol,single,sequence,cnn,cnn73,cnn_ig,20,23,CAGG,0.026199668335417883,0.05756670329719778,0.018474802607670385,unsigned,0.4576
motif_cnn73_hiranniramol_sequence_cnn_ig_011,831,hiranniramol,single,sequence,cnn,cnn73,cnn_ig,20,23,CAGG,0.026199668335417883,0.05756670329719778,0.018474802607670385,unsigned,0.1404
motif_cnn73_hiranniramol_sequence_cnn_ig_011,832,hiranniramol,single,sequence,cnn,cnn73,cnn_ig,20,23,CAGG,0.026199668335417883,0.05756670329719778,0.018474802607670385,unsigned,0.4706
motif_cnn73_hiranniramol_sequence_cnn_ig_011,833,hiranniramol,single,sequence,cnn,cnn73,cnn_ig,20,23,CAGG,0.026199668335417883,0.05756670329719778,0.018474802607670385,unsigned,0.0909
motif_cnn73_hiranniramol_sequence_cnn_ig_011,848,hiranniramol,single,sequence,cnn,cnn73,cnn_ig,20,23,CAGG,0.026199668335417883,0.05756670329719778,0.018474802607670385,unsigned,0.3077
motif_cnn73_hiranniramol_sequence_cnn_ig_011,856,hiranniramol,single,sequence,cnn,cnn73,cnn_ig,20,23,CAGG,0.026199668335417883,0.05756670329719778,0.018474802607670385,unsigned,0.0951999999999999
motif_cnn73_hiranniramol_sequence_cnn_ig_011,873,hiranniramol,single,sequence,cnn,cnn73,cnn_ig,20,23,CAGG,0.026199668335417883,0.05756670329719778,0.018474802607670385,unsigned,0.4595
motif_cnn73_hiranniramol_sequence_cnn_ig_011,891,hiranniramol,single,sequence,cnn,cnn73,cnn_ig,20,23,CAGG,0.026199668335417883,0.05756670329719778,0.018474802607670385,unsigned,0.3333
motif_cnn73_hiranniramol_sequence_cnn_ig_011,907,hiranniramol,single,sequence,cnn,cnn73,cnn_ig,20,23,CAGG,0.026199668335417883,0.05756670329719778,0.018474802607670385,unsigned,0.037
motif_cnn73_hiranniramol_sequence_cnn_ig_011,925,hiranniramol,single,sequence,cnn,cnn73,cnn_ig,20,23,CAGG,0.026199668335417883,0.05756670329719778,0.018474802607670385,unsigned,0.2458
motif_cnn73_hiranniramol_sequence_cnn_ig_011,972,hiranniramol,single,sequence,cnn,cnn73,cnn_ig,20,23,CAGG,0.026199668335417883,0.05756670329719778,0.018474802607670385,unsigned,0.1636
motif_cnn73_hiranniramol_sequence_cnn_ig_011,978,hiranniramol,single,sequence,cnn,cnn73,cnn_ig,20,23,CAGG,0.026199668335417883,0.05756670329719778,0.018474802607670385,unsigned,0.314
motif_cnn73_hiranniramol_sequence_cnn_ig_011,993,hiranniramol,single,sequence,cnn,cnn73,cnn_ig,20,23,CAGG,0.026199668335417883,0.05756670329719778,0.018474802607670385,unsigned,0.1773999999999999
motif_cnn73_hiranniramol_sequence_cnn_ig_011,996,hiranniramol,single,sequence,cnn,cnn73,cnn_ig,20,23,CAGG,0.026199668335417883,0.05756670329719778,0.018474802607670385,unsigned,0.125
motif_cnn73_hiranniramol_sequence_cnn_ig_011,1004,hiranniramol,single,sequence,cnn,cnn73,cnn_ig,20,23,CAGG,0.026199668335417883,0.05756670329719778,0.018474802607670385,unsigned,0.4667
motif_cnn73_hiranniramol_sequence_cnn_ig_011,1009,hiranniramol,single,sequence,cnn,cnn73,cnn_ig,20,23,CAGG,0.026199668335417883,0.05756670329719778,0.018474802607670385,unsigned,0.5
motif_cnn73_hiranniramol_sequence_cnn_ig_011,1028,hiranniramol,single,sequence,cnn,cnn73,cnn_ig,20,23,CAGG,0.026199668335417883,0.05756670329719778,0.018474802607670385,unsigned,0.4
motif_cnn73_hiranniramol_sequence_cnn_ig_011,1030,hiranniramol,single,sequence,cnn,cnn73,cnn_ig,20,23,CAGG,0.026199668335417883,0.05756670329719778,0.018474802607670385,unsigned,0.4717
motif_cnn73_hiranniramol_sequence_cnn_ig_011,1035,hiranniramol,single,sequence,cnn,cnn73,cnn_ig,20,23,CAGG,0.026199668335417883,0.05756670329719778,0.018474802607670385,unsigned,0.4347999999999999
motif_cnn73_hiranniramol_sequence_cnn_ig_011,1049,hiranniramol,single,sequence,cnn,cnn73,cnn_ig,20,23,CAGG,0.026199668335417883,0.05756670329719778,0.018474802607670385,unsigned,0.4545
motif_cnn73_hiranniramol_sequence_cnn_ig_011,1064,hiranniramol,single,sequence,cnn,cnn73,cnn_ig,20,23,CAGG,0.026199668335417883,0.05756670329719778,0.018474802607670385,unsigned,0.0833
motif_cnn73_hiranniramol_sequence_cnn_ig_011,1087,hiranniramol,single,sequence,cnn,cnn73,cnn_ig,20,23,CAGG,0.026199668335417883,0.05756670329719778,0.018474802607670385,unsigned,0.4
motif_cnn73_hiranniramol_sequence_cnn_ig_011,1095,hiranniramol,single,sequence,cnn,cnn73,cnn_ig,20,23,CAGG,0.026199668335417883,0.05756670329719778,0.018474802607670385,unsigned,0.3333
motif_cnn73_hiranniramol_sequence_cnn_ig_011,1101,hiranniramol,single,sequence,cnn,cnn73,cnn_ig,20,23,CAGG,0.026199668335417883,0.05756670329719778,0.018474802607670385,unsigned,0.0
motif_cnn73_hiranniramol_sequence_cnn_ig_011,1102,hiranniramol,single,sequence,cnn,cnn73,cnn_ig,20,23,CAGG,0.026199668335417883,0.05756670329719778,0.018474802607670385,unsigned,0.0
motif_cnn73_hiranniramol_sequence_cnn_ig_011,1110,hiranniramol,single,sequence,cnn,cnn73,cnn_ig,20,23,CAGG,0.026199668335417883,0.05756670329719778,0.018474802607670385,unsigned,0.0833
motif_cnn73_hiranniramol_sequence_cnn_ig_011,1124,hiranniramol,single,sequence,cnn,cnn73,cnn_ig,20,23,CAGG,0.026199668335417883,0.05756670329719778,0.018474802607670385,unsigned,0.1686
motif_cnn73_hiranniramol_sequence_cnn_ig_011,1134,hiranniramol,single,sequence,cnn,cnn73,cnn_ig,20,23,CAGG,0.026199668335417883,0.05756670329719778,0.018474802607670385,unsigned,0.3846
motif_cnn73_hiranniramol_sequence_cnn_ig_011,1137,hiranniramol,single,sequence,cnn,cnn73,cnn_ig,20,23,CAGG,0.026199668335417883,0.05756670329719778,0.018474802607670385,unsigned,0.2312999999999999
motif_cnn73_hiranniramol_sequence_cnn_ig_011,1154,hiranniramol,single,sequence,cnn,cnn73,cnn_ig,20,23,CAGG,0.026199668335417883,0.05756670329719778,0.018474802607670385,unsigned,0.3571
motif_cnn73_hiranniramol_sequence_cnn_ig_011,1162,hiranniramol,single,sequence,cnn,cnn73,cnn_ig,20,23,CAGG,0.026199668335417883,0.05756670329719778,0.018474802607670385,unsigned,0.1667
motif_cnn73_hiranniramol_sequence_cnn_ig_011,1173,hiranniramol,single,sequence,cnn,cnn73,cnn_ig,20,23,CAGG,0.026199668335417883,0.05756670329719778,0.018474802607670385,unsigned,0.3182
motif_cnn73_hiranniramol_sequence_cnn_ig_011,1189,hiranniramol,single,sequence,cnn,cnn73,cnn_ig,20,23,CAGG,0.026199668335417883,0.05756670329719778,0.018474802607670385,unsigned,0.4614999999999999
motif_cnn73_hiranniramol_sequence_cnn_ig_011,1197,hiranniramol,single,sequence,cnn,cnn73,cnn_ig,20,23,CAGG,0.026199668335417883,0.05756670329719778,0.018474802607670385,unsigned,0.1967
motif_cnn73_hiranniramol_sequence_cnn_ig_011,1222,hiranniramol,single,sequence,cnn,cnn73,cnn_ig,20,23,CAGG,0.026199668335417883,0.05756670329719778,0.018474802607670385,unsigned,0.5
motif_cnn73_hiranniramol_sequence_cnn_ig_011,1223,hiranniramol,single,sequence,cnn,cnn73,cnn_ig,20,23,CAGG,0.026199668335417883,0.05756670329719778,0.018474802607670385,unsigned,0.4217
motif_cnn73_hiranniramol_sequence_cnn_ig_011,1226,hiranniramol,single,sequence,cnn,cnn73,cnn_ig,20,23,CAGG,0.026199668335417883,0.05756670329719778,0.018474802607670385,unsigned,0.4557
motif_cnn73_hiranniramol_sequence_cnn_ig_011,1239,hiranniramol,single,sequence,cnn,cnn73,cnn_ig,20,23,CAGG,0.026199668335417883,0.05756670329719778,0.018474802607670385,unsigned,0.4706
motif_cnn73_hiranniramol_sequence_cnn_ig_011,1240,hiranniramol,single,sequence,cnn,cnn73,cnn_ig,20,23,CAGG,0.026199668335417883,0.05756670329719778,0.018474802607670385,unsigned,0.2
motif_cnn73_hiranniramol_sequence_cnn_ig_011,1242,hiranniramol,single,sequence,cnn,cnn73,cnn_ig,20,23,CAGG,0.026199668335417883,0.05756670329719778,0.018474802607670385,unsigned,0.0
motif_cnn73_hiranniramol_sequence_cnn_ig_011,1273,hiranniramol,single,sequence,cnn,cnn73,cnn_ig,20,23,CAGG,0.026199668335417883,0.05756670329719778,0.018474802607670385,unsigned,0.4761999999999999
motif_cnn73_hiranniramol_sequence_cnn_ig_011,1275,hiranniramol,single,sequence,cnn,cnn73,cnn_ig,20,23,CAGG,0.026199668335417883,0.05756670329719778,0.018474802607670385,unsigned,0.2332999999999999
motif_cnn73_hiranniramol_sequence_cnn_ig_011,1283,hiranniramol,single,sequence,cnn,cnn73,cnn_ig,20,23,CAGG,0.026199668335417883,0.05756670329719778,0.018474802607670385,unsigned,0.0475999999999999
motif_cnn73_hiranniramol_sequence_cnn_ig_011,1307,hiranniramol,single,sequence,cnn,cnn73,cnn_ig,20,23,CAGG,0.026199668335417883,0.05756670329719778,0.018474802607670385,unsigned,0.4
motif_cnn33_hiranniramol_sequence_cnn_ig_012,16,hiranniramol,single,sequence,cnn,cnn33,cnn_ig,20,23,GGGG,0.0118489454228741,0.06176875415258104,0.0104792518977774,unsigned,1.0
motif_cnn33_hiranniramol_sequence_cnn_ig_012,25,hiranniramol,single,sequence,cnn,cnn33,cnn_ig,20,23,GGGG,0.0118489454228741,0.06176875415258104,0.0104792518977774,unsigned,1.0
motif_cnn33_hiranniramol_sequence_cnn_ig_012,44,hiranniramol,single,sequence,cnn,cnn33,cnn_ig,20,23,GGGG,0.0118489454228741,0.06176875415258104,0.0104792518977774,unsigned,1.0
motif_cnn33_hiranniramol_sequence_cnn_ig_012,52,hiranniramol,single,sequence,cnn,cnn33,cnn_ig,20,23,GGGG,0.0118489454228741,0.06176875415258104,0.0104792518977774,unsigned,1.0
motif_cnn33_hiranniramol_sequence_cnn_ig_012,87,hiranniramol,single,sequence,cnn,cnn33,cnn_ig,20,23,GGGG,0.0118489454228741,0.06176875415258104,0.0104792518977774,unsigned,1.0
motif_cnn33_hiranniramol_sequence_cnn_ig_012,98,hiranniramol,single,sequence,cnn,cnn33,cnn_ig,20,23,GGGG,0.0118489454228741,0.06176875415258104,0.0104792518977774,unsigned,1.0
motif_cnn33_hiranniramol_sequence_cnn_ig_012,107,hiranniramol,single,sequence,cnn,cnn33,cnn_ig,20,23,GGGG,0.0118489454228741,0.06176875415258104,0.0104792518977774,unsigned,1.0
motif_cnn33_hiranniramol_sequence_cnn_ig_012,118,hiranniramol,single,sequence,cnn,cnn33,cnn_ig,20,23,GGGG,0.0118489454228741,0.06176875415258104,0.0104792518977774,unsigned,1.0
motif_cnn33_hiranniramol_sequence_cnn_ig_012,119,hiranniramol,single,sequence,cnn,cnn33,cnn_ig,20,23,GGGG,0.0118489454228741,0.06176875415258104,0.0104792518977774,unsigned,1.0
motif_cnn33_hiranniramol_sequence_cnn_ig_012,130,hiranniramol,single,sequence,cnn,cnn33,cnn_ig,20,23,GGGG,0.0118489454228741,0.06176875415258104,0.0104792518977774,unsigned,1.0
motif_cnn33_hiranniramol_sequence_cnn_ig_012,132,hiranniramol,single,sequence,cnn,cnn33,cnn_ig,20,23,GGGG,0.0118489454228741,0.06176875415258104,0.0104792518977774,unsigned,1.0
motif_cnn33_hiranniramol_sequence_cnn_ig_012,143,hiranniramol,single,sequence,cnn,cnn33,cnn_ig,20,23,GGGG,0.0118489454228741,0.06176875415258104,0.0104792518977774,unsigned,1.0
motif_cnn33_hiranniramol_sequence_cnn_ig_012,148,hiranniramol,single,sequence,cnn,cnn33,cnn_ig,20,23,GGGG,0.0118489454228741,0.06176875415258104,0.0104792518977774,unsigned,1.0
motif_cnn33_hiranniramol_sequence_cnn_ig_012,166,hiranniramol,single,sequence,cnn,cnn33,cnn_ig,20,23,GGGG,0.0118489454228741,0.06176875415258104,0.0104792518977774,unsigned,1.0
motif_cnn33_hiranniramol_sequence_cnn_ig_012,175,hiranniramol,single,sequence,cnn,cnn33,cnn_ig,20,23,GGGG,0.0118489454228741,0.06176875415258104,0.0104792518977774,unsigned,1.0
motif_cnn33_hiranniramol_sequence_cnn_ig_012,186,hiranniramol,single,sequence,cnn,cnn33,cnn_ig,20,23,GGGG,0.0118489454228741,0.06176875415258104,0.0104792518977774,unsigned,1.0
motif_cnn33_hiranniramol_sequence_cnn_ig_012,189,hiranniramol,single,sequence,cnn,cnn33,cnn_ig,20,23,GGGG,0.0118489454228741,0.06176875415258104,0.0104792518977774,unsigned,1.0
motif_cnn33_hiranniramol_sequence_cnn_ig_012,191,hiranniramol,single,sequence,cnn,cnn33,cnn_ig,20,23,GGGG,0.0118489454228741,0.06176875415258104,0.0104792518977774,unsigned,1.0
motif_cnn33_hiranniramol_sequence_cnn_ig_012,200,hiranniramol,single,sequence,cnn,cnn33,cnn_ig,20,23,GGGG,0.0118489454228741,0.06176875415258104,0.0104792518977774,unsigned,1.0
motif_cnn33_hiranniramol_sequence_cnn_ig_012,202,hiranniramol,single,sequence,cnn,cnn33,cnn_ig,20,23,GGGG,0.0118489454228741,0.06176875415258104,0.0104792518977774,unsigned,1.0
motif_cnn33_hiranniramol_sequence_cnn_ig_012,203,hiranniramol,single,sequence,cnn,cnn33,cnn_ig,20,23,GGGG,0.0118489454228741,0.06176875415258104,0.0104792518977774,unsigned,1.0
motif_cnn33_hiranniramol_sequence_cnn_ig_012,213,hiranniramol,single,sequence,cnn,cnn33,cnn_ig,20,23,GGGG,0.0118489454228741,0.06176875415258104,0.0104792518977774,unsigned,1.0
motif_cnn33_hiranniramol_sequence_cnn_ig_012,229,hiranniramol,single,sequence,cnn,cnn33,cnn_ig,20,23,GGGG,0.0118489454228741,0.06176875415258104,0.0104792518977774,unsigned,1.0
motif_cnn33_hiranniramol_sequence_cnn_ig_012,257,hiranniramol,single,sequence,cnn,cnn33,cnn_ig,20,23,GGGG,0.0118489454228741,0.06176875415258104,0.0104792518977774,unsigned,1.0
motif_cnn33_hiranniramol_sequence_cnn_ig_012,258,hiranniramol,single,sequence,cnn,cnn33,cnn_ig,20,23,GGGG,0.0118489454228741,0.06176875415258104,0.0104792518977774,unsigned,1.0
motif_cnn33_hiranniramol_sequence_cnn_ig_012,259,hiranniramol,single,sequence,cnn,cnn33,cnn_ig,20,23,GGGG,0.0118489454228741,0.06176875415258104,0.0104792518977774,unsigned,1.0
motif_cnn33_hiranniramol_sequence_cnn_ig_012,268,hiranniramol,single,sequence,cnn,cnn33,cnn_ig,20,23,GGGG,0.0118489454228741,0.06176875415258104,0.0104792518977774,unsigned,1.0
motif_cnn33_hiranniramol_sequence_cnn_ig_012,282,hiranniramol,single,sequence,cnn,cnn33,cnn_ig,20,23,GGGG,0.0118489454228741,0.06176875415258104,0.0104792518977774,unsigned,1.0
motif_cnn33_hiranniramol_sequence_cnn_ig_012,283,hiranniramol,single,sequence,cnn,cnn33,cnn_ig,20,23,GGGG,0.0118489454228741,0.06176875415258104,0.0104792518977774,unsigned,1.0
motif_cnn33_hiranniramol_sequence_cnn_ig_012,286,hiranniramol,single,sequence,cnn,cnn33,cnn_ig,20,23,GGGG,0.0118489454228741,0.06176875415258104,0.0104792518977774,unsigned,1.0
motif_cnn33_hiranniramol_sequence_cnn_ig_012,300,hiranniramol,single,sequence,cnn,cnn33,cnn_ig,20,23,GGGG,0.0118489454228741,0.06176875415258104,0.0104792518977774,unsigned,1.0
motif_cnn33_hiranniramol_sequence_cnn_ig_012,301,hiranniramol,single,sequence,cnn,cnn33,cnn_ig,20,23,GGGG,0.0118489454228741,0.06176875415258104,0.0104792518977774,unsigned,1.0
motif_cnn33_hiranniramol_sequence_cnn_ig_012,309,hiranniramol,single,sequence,cnn,cnn33,cnn_ig,20,23,GGGG,0.0118489454228741,0.06176875415258104,0.0104792518977774,unsigned,1.0
motif_cnn33_hiranniramol_sequence_cnn_ig_012,311,hiranniramol,single,sequence,cnn,cnn33,cnn_ig,20,23,GGGG,0.0118489454228741,0.06176875415258104,0.0104792518977774,unsigned,1.0
motif_cnn33_hiranniramol_sequence_cnn_ig_012,312,hiranniramol,single,sequence,cnn,cnn33,cnn_ig,20,23,GGGG,0.0118489454228741,0.06176875415258104,0.0104792518977774,unsigned,1.0
motif_cnn33_hiranniramol_sequence_cnn_ig_012,313,hiranniramol,single,sequence,cnn,cnn33,cnn_ig,20,23,GGGG,0.0118489454228741,0.06176875415258104,0.0104792518977774,unsigned,1.0
motif_cnn33_hiranniramol_sequence_cnn_ig_012,314,hiranniramol,single,sequence,cnn,cnn33,cnn_ig,20,23,GGGG,0.0118489454228741,0.06176875415258104,0.0104792518977774,unsigned,1.0
motif_cnn33_hiranniramol_sequence_cnn_ig_012,322,hiranniramol,single,sequence,cnn,cnn33,cnn_ig,20,23,GGGG,0.0118489454228741,0.06176875415258104,0.0104792518977774,unsigned,1.0
motif_cnn33_hiranniramol_sequence_cnn_ig_012,325,hiranniramol,single,sequence,cnn,cnn33,cnn_ig,20,23,GGGG,0.0118489454228741,0.06176875415258104,0.0104792518977774,unsigned,1.0
motif_cnn33_hiranniramol_sequence_cnn_ig_012,327,hiranniramol,single,sequence,cnn,cnn33,cnn_ig,20,23,GGGG,0.0118489454228741,0.06176875415258104,0.0104792518977774,unsigned,1.0
motif_cnn33_hiranniramol_sequence_cnn_ig_012,336,hiranniramol,single,sequence,cnn,cnn33,cnn_ig,20,23,GGGG,0.0118489454228741,0.06176875415258104,0.0104792518977774,unsigned,1.0
motif_cnn33_hiranniramol_sequence_cnn_ig_012,351,hiranniramol,single,sequence,cnn,cnn33,cnn_ig,20,23,GGGG,0.0118489454228741,0.06176875415258104,0.0104792518977774,unsigned,1.0
motif_cnn33_hiranniramol_sequence_cnn_ig_012,353,hiranniramol,single,sequence,cnn,cnn33,cnn_ig,20,23,GGGG,0.0118489454228741,0.06176875415258104,0.0104792518977774,unsigned,1.0
motif_cnn33_hiranniramol_sequence_cnn_ig_012,366,hiranniramol,single,sequence,cnn,cnn33,cnn_ig,20,23,GGGG,0.0118489454228741,0.06176875415258104,0.0104792518977774,unsigned,1.0
motif_cnn33_hiranniramol_sequence_cnn_ig_012,375,hiranniramol,single,sequence,cnn,cnn33,cnn_ig,20,23,GGGG,0.0118489454228741,0.06176875415258104,0.0104792518977774,unsigned,1.0
motif_cnn33_hiranniramol_sequence_cnn_ig_012,383,hiranniramol,single,sequence,cnn,cnn33,cnn_ig,20,23,GGGG,0.0118489454228741,0.06176875415258104,0.0104792518977774,unsigned,1.0
motif_cnn33_hiranniramol_sequence_cnn_ig_012,390,hiranniramol,single,sequence,cnn,cnn33,cnn_ig,20,23,GGGG,0.0118489454228741,0.06176875415258104,0.0104792518977774,unsigned,1.0
motif_cnn33_hiranniramol_sequence_cnn_ig_012,397,hiranniramol,single,sequence,cnn,cnn33,cnn_ig,20,23,GGGG,0.0118489454228741,0.06176875415258104,0.0104792518977774,unsigned,1.0
motif_cnn33_hiranniramol_sequence_cnn_ig_012,413,hiranniramol,single,sequence,cnn,cnn33,cnn_ig,20,23,GGGG,0.0118489454228741,0.06176875415258104,0.0104792518977774,unsigned,1.0
motif_cnn33_hiranniramol_sequence_cnn_ig_012,417,hiranniramol,single,sequence,cnn,cnn33,cnn_ig,20,23,GGGG,0.0118489454228741,0.06176875415258104,0.0104792518977774,unsigned,1.0
motif_cnn33_hiranniramol_sequence_cnn_ig_012,422,hiranniramol,single,sequence,cnn,cnn33,cnn_ig,20,23,GGGG,0.0118489454228741,0.06176875415258104,0.0104792518977774,unsigned,1.0
motif_cnn33_hiranniramol_sequence_cnn_ig_012,436,hiranniramol,single,sequence,cnn,cnn33,cnn_ig,20,23,GGGG,0.0118489454228741,0.06176875415258104,0.0104792518977774,unsigned,1.0
motif_cnn33_hiranniramol_sequence_cnn_ig_012,446,hiranniramol,single,sequence,cnn,cnn33,cnn_ig,20,23,GGGG,0.0118489454228741,0.06176875415258104,0.0104792518977774,unsigned,1.0
motif_cnn33_hiranniramol_sequence_cnn_ig_012,449,hiranniramol,single,sequence,cnn,cnn33,cnn_ig,20,23,GGGG,0.0118489454228741,0.06176875415258104,0.0104792518977774,unsigned,1.0
motif_cnn33_hiranniramol_sequence_cnn_ig_012,462,hiranniramol,single,sequence,cnn,cnn33,cnn_ig,20,23,GGGG,0.0118489454228741,0.06176875415258104,0.0104792518977774,unsigned,1.0
motif_cnn33_hiranniramol_sequence_cnn_ig_012,466,hiranniramol,single,sequence,cnn,cnn33,cnn_ig,20,23,GGGG,0.0118489454228741,0.06176875415258104,0.0104792518977774,unsigned,1.0
motif_cnn33_hiranniramol_sequence_cnn_ig_012,471,hiranniramol,single,sequence,cnn,cnn33,cnn_ig,20,23,GGGG,0.0118489454228741,0.06176875415258104,0.0104792518977774,unsigned,1.0
motif_cnn33_hiranniramol_sequence_cnn_ig_012,473,hiranniramol,single,sequence,cnn,cnn33,cnn_ig,20,23,GGGG,0.0118489454228741,0.06176875415258104,0.0104792518977774,unsigned,1.0
motif_cnn33_hiranniramol_sequence_cnn_ig_012,480,hiranniramol,single,sequence,cnn,cnn33,cnn_ig,20,23,GGGG,0.0118489454228741,0.06176875415258104,0.0104792518977774,unsigned,1.0
motif_cnn33_hiranniramol_sequence_cnn_ig_012,485,hiranniramol,single,sequence,cnn,cnn33,cnn_ig,20,23,GGGG,0.0118489454228741,0.06176875415258104,0.0104792518977774,unsigned,1.0
motif_cnn33_hiranniramol_sequence_cnn_ig_012,488,hiranniramol,single,sequence,cnn,cnn33,cnn_ig,20,23,GGGG,0.0118489454228741,0.06176875415258104,0.0104792518977774,unsigned,1.0
motif_cnn33_hiranniramol_sequence_cnn_ig_012,503,hiranniramol,single,sequence,cnn,cnn33,cnn_ig,20,23,GGGG,0.0118489454228741,0.06176875415258104,0.0104792518977774,unsigned,1.0
motif_cnn33_hiranniramol_sequence_cnn_ig_012,534,hiranniramol,single,sequence,cnn,cnn33,cnn_ig,20,23,GGGG,0.0118489454228741,0.06176875415258104,0.0104792518977774,unsigned,1.0
motif_cnn33_hiranniramol_sequence_cnn_ig_012,577,hiranniramol,single,sequence,cnn,cnn33,cnn_ig,20,23,GGGG,0.0118489454228741,0.06176875415258104,0.0104792518977774,unsigned,1.0
motif_cnn33_hiranniramol_sequence_cnn_ig_012,602,hiranniramol,single,sequence,cnn,cnn33,cnn_ig,20,23,GGGG,0.0118489454228741,0.06176875415258104,0.0104792518977774,unsigned,1.0
motif_cnn33_hiranniramol_sequence_cnn_ig_012,604,hiranniramol,single,sequence,cnn,cnn33,cnn_ig,20,23,GGGG,0.0118489454228741,0.06176875415258104,0.0104792518977774,unsigned,1.0
motif_cnn33_hiranniramol_sequence_cnn_ig_012,608,hiranniramol,single,sequence,cnn,cnn33,cnn_ig,20,23,GGGG,0.0118489454228741,0.06176875415258104,0.0104792518977774,unsigned,1.0
motif_cnn33_hiranniramol_sequence_cnn_ig_012,609,hiranniramol,single,sequence,cnn,cnn33,cnn_ig,20,23,GGGG,0.0118489454228741,0.06176875415258104,0.0104792518977774,unsigned,1.0
motif_cnn33_hiranniramol_sequence_cnn_ig_012,613,hiranniramol,single,sequence,cnn,cnn33,cnn_ig,20,23,GGGG,0.0118489454228741,0.06176875415258104,0.0104792518977774,unsigned,1.0
motif_cnn33_hiranniramol_sequence_cnn_ig_012,623,hiranniramol,single,sequence,cnn,cnn33,cnn_ig,20,23,GGGG,0.0118489454228741,0.06176875415258104,0.0104792518977774,unsigned,1.0
motif_cnn33_hiranniramol_sequence_cnn_ig_012,633,hiranniramol,single,sequence,cnn,cnn33,cnn_ig,20,23,GGGG,0.0118489454228741,0.06176875415258104,0.0104792518977774,unsigned,1.0
motif_cnn33_hiranniramol_sequence_cnn_ig_012,636,hiranniramol,single,sequence,cnn,cnn33,cnn_ig,20,23,GGGG,0.0118489454228741,0.06176875415258104,0.0104792518977774,unsigned,1.0
motif_cnn33_hiranniramol_sequence_cnn_ig_012,648,hiranniramol,single,sequence,cnn,cnn33,cnn_ig,20,23,GGGG,0.0118489454228741,0.06176875415258104,0.0104792518977774,unsigned,1.0
motif_cnn33_hiranniramol_sequence_cnn_ig_012,656,hiranniramol,single,sequence,cnn,cnn33,cnn_ig,20,23,GGGG,0.0118489454228741,0.06176875415258104,0.0104792518977774,unsigned,1.0
motif_cnn33_hiranniramol_sequence_cnn_ig_012,666,hiranniramol,single,sequence,cnn,cnn33,cnn_ig,20,23,GGGG,0.0118489454228741,0.06176875415258104,0.0104792518977774,unsigned,1.0
motif_cnn33_hiranniramol_sequence_cnn_ig_012,668,hiranniramol,single,sequence,cnn,cnn33,cnn_ig,20,23,GGGG,0.0118489454228741,0.06176875415258104,0.0104792518977774,unsigned,1.0
motif_cnn33_hiranniramol_sequence_cnn_ig_012,673,hiranniramol,single,sequence,cnn,cnn33,cnn_ig,20,23,GGGG,0.0118489454228741,0.06176875415258104,0.0104792518977774,unsigned,1.0
motif_cnn33_hiranniramol_sequence_cnn_ig_012,686,hiranniramol,single,sequence,cnn,cnn33,cnn_ig,20,23,GGGG,0.0118489454228741,0.06176875415258104,0.0104792518977774,unsigned,1.0
motif_cnn33_hiranniramol_sequence_cnn_ig_012,706,hiranniramol,single,sequence,cnn,cnn33,cnn_ig,20,23,GGGG,0.0118489454228741,0.06176875415258104,0.0104792518977774,unsigned,1.0
motif_cnn33_hiranniramol_sequence_cnn_ig_012,724,hiranniramol,single,sequence,cnn,cnn33,cnn_ig,20,23,GGGG,0.0118489454228741,0.06176875415258104,0.0104792518977774,unsigned,1.0
motif_cnn33_hiranniramol_sequence_cnn_ig_012,732,hiranniramol,single,sequence,cnn,cnn33,cnn_ig,20,23,GGGG,0.0118489454228741,0.06176875415258104,0.0104792518977774,unsigned,1.0
motif_cnn33_hiranniramol_sequence_cnn_ig_012,853,hiranniramol,single,sequence,cnn,cnn33,cnn_ig,20,23,GGGG,0.0118489454228741,0.06176875415258104,0.0104792518977774,unsigned,0.5
motif_cnn33_hiranniramol_sequence_cnn_ig_012,889,hiranniramol,single,sequence,cnn,cnn33,cnn_ig,20,23,GGGG,0.0118489454228741,0.06176875415258104,0.0104792518977774,unsigned,0.1498
motif_cnn33_hiranniramol_sequence_cnn_ig_012,963,hiranniramol,single,sequence,cnn,cnn33,cnn_ig,20,23,GGGG,0.0118489454228741,0.06176875415258104,0.0104792518977774,unsigned,0.4347999999999999
motif_cnn33_hiranniramol_sequence_cnn_ig_012,980,hiranniramol,single,sequence,cnn,cnn33,cnn_ig,20,23,GGGG,0.0118489454228741,0.06176875415258104,0.0104792518977774,unsigned,0.3571
motif_cnn33_hiranniramol_sequence_cnn_ig_012,982,hiranniramol,single,sequence,cnn,cnn33,cnn_ig,20,23,GGGG,0.0118489454228741,0.06176875415258104,0.0104792518977774,unsigned,0.0
motif_cnn33_hiranniramol_sequence_cnn_ig_012,1073,hiranniramol,single,sequence,cnn,cnn33,cnn_ig,20,23,GGGG,0.0118489454228741,0.06176875415258104,0.0104792518977774,unsigned,0.3864
motif_cnn33_hiranniramol_sequence_cnn_ig_012,1099,hiranniramol,single,sequence,cnn,cnn33,cnn_ig,20,23,GGGG,0.0118489454228741,0.06176875415258104,0.0104792518977774,unsigned,0.4
motif_cnn33_hiranniramol_sequence_cnn_ig_012,1180,hiranniramol,single,sequence,cnn,cnn33,cnn_ig,20,23,GGGG,0.0118489454228741,0.06176875415258104,0.0104792518977774,unsigned,0.5
motif_cnn33_hiranniramol_sequence_cnn_ig_012,1241,hiranniramol,single,sequence,cnn,cnn33,cnn_ig,20,23,GGGG,0.0118489454228741,0.06176875415258104,0.0104792518977774,unsigned,0.4515999999999999
motif_cnn53_hiranniramol_sequence_cnn_ig_013,13,hiranniramol,single,sequence,cnn,cnn53,cnn_ig,20,23,TTGG,0.018645645584911077,0.0617845593951642,0.01587977947201577,unsigned,1.0
motif_cnn53_hiranniramol_sequence_cnn_ig_013,56,hiranniramol,single,sequence,cnn,cnn53,cnn_ig,20,23,TTGG,0.018645645584911077,0.0617845593951642,0.01587977947201577,unsigned,1.0
motif_cnn53_hiranniramol_sequence_cnn_ig_013,95,hiranniramol,single,sequence,cnn,cnn53,cnn_ig,20,23,TTGG,0.018645645584911077,0.0617845593951642,0.01587977947201577,unsigned,1.0
motif_cnn53_hiranniramol_sequence_cnn_ig_013,106,hiranniramol,single,sequence,cnn,cnn53,cnn_ig,20,23,TTGG,0.018645645584911077,0.0617845593951642,0.01587977947201577,unsigned,1.0
motif_cnn53_hiranniramol_sequence_cnn_ig_013,168,hiranniramol,single,sequence,cnn,cnn53,cnn_ig,20,23,TTGG,0.018645645584911077,0.0617845593951642,0.01587977947201577,unsigned,1.0
motif_cnn53_hiranniramol_sequence_cnn_ig_013,209,hiranniramol,single,sequence,cnn,cnn53,cnn_ig,20,23,TTGG,0.018645645584911077,0.0617845593951642,0.01587977947201577,unsigned,1.0
motif_cnn53_hiranniramol_sequence_cnn_ig_013,237,hiranniramol,single,sequence,cnn,cnn53,cnn_ig,20,23,TTGG,0.018645645584911077,0.0617845593951642,0.01587977947201577,unsigned,1.0
motif_cnn53_hiranniramol_sequence_cnn_ig_013,304,hiranniramol,single,sequence,cnn,cnn53,cnn_ig,20,23,TTGG,0.018645645584911077,0.0617845593951642,0.01587977947201577,unsigned,1.0
motif_cnn53_hiranniramol_sequence_cnn_ig_013,316,hiranniramol,single,sequence,cnn,cnn53,cnn_ig,20,23,TTGG,0.018645645584911077,0.0617845593951642,0.01587977947201577,unsigned,1.0
motif_cnn53_hiranniramol_sequence_cnn_ig_013,329,hiranniramol,single,sequence,cnn,cnn53,cnn_ig,20,23,TTGG,0.018645645584911077,0.0617845593951642,0.01587977947201577,unsigned,1.0
motif_cnn53_hiranniramol_sequence_cnn_ig_013,349,hiranniramol,single,sequence,cnn,cnn53,cnn_ig,20,23,TTGG,0.018645645584911077,0.0617845593951642,0.01587977947201577,unsigned,1.0
motif_cnn53_hiranniramol_sequence_cnn_ig_013,391,hiranniramol,single,sequence,cnn,cnn53,cnn_ig,20,23,TTGG,0.018645645584911077,0.0617845593951642,0.01587977947201577,unsigned,1.0
motif_cnn53_hiranniramol_sequence_cnn_ig_013,404,hiranniramol,single,sequence,cnn,cnn53,cnn_ig,20,23,TTGG,0.018645645584911077,0.0617845593951642,0.01587977947201577,unsigned,1.0
motif_cnn53_hiranniramol_sequence_cnn_ig_013,527,hiranniramol,single,sequence,cnn,cnn53,cnn_ig,20,23,TTGG,0.018645645584911077,0.0617845593951642,0.01587977947201577,unsigned,1.0
motif_cnn53_hiranniramol_sequence_cnn_ig_013,570,hiranniramol,single,sequence,cnn,cnn53,cnn_ig,20,23,TTGG,0.018645645584911077,0.0617845593951642,0.01587977947201577,unsigned,1.0
motif_cnn53_hiranniramol_sequence_cnn_ig_013,622,hiranniramol,single,sequence,cnn,cnn53,cnn_ig,20,23,TTGG,0.018645645584911077,0.0617845593951642,0.01587977947201577,unsigned,1.0
motif_cnn53_hiranniramol_sequence_cnn_ig_013,639,hiranniramol,single,sequence,cnn,cnn53,cnn_ig,20,23,TTGG,0.018645645584911077,0.0617845593951642,0.01587977947201577,unsigned,1.0
motif_cnn53_hiranniramol_sequence_cnn_ig_013,640,hiranniramol,single,sequence,cnn,cnn53,cnn_ig,20,23,TTGG,0.018645645584911077,0.0617845593951642,0.01587977947201577,unsigned,1.0
motif_cnn53_hiranniramol_sequence_cnn_ig_013,662,hiranniramol,single,sequence,cnn,cnn53,cnn_ig,20,23,TTGG,0.018645645584911077,0.0617845593951642,0.01587977947201577,unsigned,1.0
motif_cnn53_hiranniramol_sequence_cnn_ig_013,715,hiranniramol,single,sequence,cnn,cnn53,cnn_ig,20,23,TTGG,0.018645645584911077,0.0617845593951642,0.01587977947201577,unsigned,1.0
motif_cnn53_hiranniramol_sequence_cnn_ig_013,756,hiranniramol,single,sequence,cnn,cnn53,cnn_ig,20,23,TTGG,0.018645645584911077,0.0617845593951642,0.01587977947201577,unsigned,0.449
motif_cnn53_hiranniramol_sequence_cnn_ig_013,764,hiranniramol,single,sequence,cnn,cnn53,cnn_ig,20,23,TTGG,0.018645645584911077,0.0617845593951642,0.01587977947201577,unsigned,0.1538
motif_cnn53_hiranniramol_sequence_cnn_ig_013,774,hiranniramol,single,sequence,cnn,cnn53,cnn_ig,20,23,TTGG,0.018645645584911077,0.0617845593951642,0.01587977947201577,unsigned,0.4332999999999999
motif_cnn53_hiranniramol_sequence_cnn_ig_013,777,hiranniramol,single,sequence,cnn,cnn53,cnn_ig,20,23,TTGG,0.018645645584911077,0.0617845593951642,0.01587977947201577,unsigned,0.0
motif_cnn53_hiranniramol_sequence_cnn_ig_013,788,hiranniramol,single,sequence,cnn,cnn53,cnn_ig,20,23,TTGG,0.018645645584911077,0.0617845593951642,0.01587977947201577,unsigned,0.4614999999999999
motif_cnn53_hiranniramol_sequence_cnn_ig_013,801,hiranniramol,single,sequence,cnn,cnn53,cnn_ig,20,23,TTGG,0.018645645584911077,0.0617845593951642,0.01587977947201577,unsigned,0.0
motif_cnn53_hiranniramol_sequence_cnn_ig_013,806,hiranniramol,single,sequence,cnn,cnn53,cnn_ig,20,23,TTGG,0.018645645584911077,0.0617845593951642,0.01587977947201577,unsigned,0.0556
motif_cnn53_hiranniramol_sequence_cnn_ig_013,811,hiranniramol,single,sequence,cnn,cnn53,cnn_ig,20,23,TTGG,0.018645645584911077,0.0617845593951642,0.01587977947201577,unsigned,0.16
motif_cnn53_hiranniramol_sequence_cnn_ig_013,813,hiranniramol,single,sequence,cnn,cnn53,cnn_ig,20,23,TTGG,0.018645645584911077,0.0617845593951642,0.01587977947201577,unsigned,0.3284
motif_cnn53_hiranniramol_sequence_cnn_ig_013,825,hiranniramol,single,sequence,cnn,cnn53,cnn_ig,20,23,TTGG,0.018645645584911077,0.0617845593951642,0.01587977947201577,unsigned,0.36
motif_cnn53_hiranniramol_sequence_cnn_ig_013,844,hiranniramol,single,sequence,cnn,cnn53,cnn_ig,20,23,TTGG,0.018645645584911077,0.0617845593951642,0.01587977947201577,unsigned,0.2353
motif_cnn53_hiranniramol_sequence_cnn_ig_013,845,hiranniramol,single,sequence,cnn,cnn53,cnn_ig,20,23,TTGG,0.018645645584911077,0.0617845593951642,0.01587977947201577,unsigned,0.5
motif_cnn53_hiranniramol_sequence_cnn_ig_013,862,hiranniramol,single,sequence,cnn,cnn53,cnn_ig,20,23,TTGG,0.018645645584911077,0.0617845593951642,0.01587977947201577,unsigned,0.2167
motif_cnn53_hiranniramol_sequence_cnn_ig_013,866,hiranniramol,single,sequence,cnn,cnn53,cnn_ig,20,23,TTGG,0.018645645584911077,0.0617845593951642,0.01587977947201577,unsigned,0.4675
motif_cnn53_hiranniramol_sequence_cnn_ig_013,883,hiranniramol,single,sequence,cnn,cnn53,cnn_ig,20,23,TTGG,0.018645645584911077,0.0617845593951642,0.01587977947201577,unsigned,0.1812
motif_cnn53_hiranniramol_sequence_cnn_ig_013,885,hiranniramol,single,sequence,cnn,cnn53,cnn_ig,20,23,TTGG,0.018645645584911077,0.0617845593951642,0.01587977947201577,unsigned,0.042
motif_cnn53_hiranniramol_sequence_cnn_ig_013,896,hiranniramol,single,sequence,cnn,cnn53,cnn_ig,20,23,TTGG,0.018645645584911077,0.0617845593951642,0.01587977947201577,unsigned,0.4
motif_cnn53_hiranniramol_sequence_cnn_ig_013,904,hiranniramol,single,sequence,cnn,cnn53,cnn_ig,20,23,TTGG,0.018645645584911077,0.0617845593951642,0.01587977947201577,unsigned,0.125
motif_cnn53_hiranniramol_sequence_cnn_ig_013,909,hiranniramol,single,sequence,cnn,cnn53,cnn_ig,20,23,TTGG,0.018645645584911077,0.0617845593951642,0.01587977947201577,unsigned,0.35
motif_cnn53_hiranniramol_sequence_cnn_ig_013,911,hiranniramol,single,sequence,cnn,cnn53,cnn_ig,20,23,TTGG,0.018645645584911077,0.0617845593951642,0.01587977947201577,unsigned,0.3571
motif_cnn53_hiranniramol_sequence_cnn_ig_013,912,hiranniramol,single,sequence,cnn,cnn53,cnn_ig,20,23,TTGG,0.018645645584911077,0.0617845593951642,0.01587977947201577,unsigned,0.2
motif_cnn53_hiranniramol_sequence_cnn_ig_013,919,hiranniramol,single,sequence,cnn,cnn53,cnn_ig,20,23,TTGG,0.018645645584911077,0.0617845593951642,0.01587977947201577,unsigned,0.1042
motif_cnn53_hiranniramol_sequence_cnn_ig_013,920,hiranniramol,single,sequence,cnn,cnn53,cnn_ig,20,23,TTGG,0.018645645584911077,0.0617845593951642,0.01587977947201577,unsigned,0.0
motif_cnn53_hiranniramol_sequence_cnn_ig_013,928,hiranniramol,single,sequence,cnn,cnn53,cnn_ig,20,23,TTGG,0.018645645584911077,0.0617845593951642,0.01587977947201577,unsigned,0.2778
motif_cnn53_hiranniramol_sequence_cnn_ig_013,933,hiranniramol,single,sequence,cnn,cnn53,cnn_ig,20,23,TTGG,0.018645645584911077,0.0617845593951642,0.01587977947201577,unsigned,0.0
motif_cnn53_hiranniramol_sequence_cnn_ig_013,947,hiranniramol,single,sequence,cnn,cnn53,cnn_ig,20,23,TTGG,0.018645645584911077,0.0617845593951642,0.01587977947201577,unsigned,0.2727
motif_cnn53_hiranniramol_sequence_cnn_ig_013,955,hiranniramol,single,sequence,cnn,cnn53,cnn_ig,20,23,TTGG,0.018645645584911077,0.0617845593951642,0.01587977947201577,unsigned,0.4286
motif_cnn53_hiranniramol_sequence_cnn_ig_013,957,hiranniramol,single,sequence,cnn,cnn53,cnn_ig,20,23,TTGG,0.018645645584911077,0.0617845593951642,0.01587977947201577,unsigned,0.3529
motif_cnn53_hiranniramol_sequence_cnn_ig_013,970,hiranniramol,single,sequence,cnn,cnn53,cnn_ig,20,23,TTGG,0.018645645584911077,0.0617845593951642,0.01587977947201577,unsigned,0.3786
motif_cnn53_hiranniramol_sequence_cnn_ig_013,971,hiranniramol,single,sequence,cnn,cnn53,cnn_ig,20,23,TTGG,0.018645645584911077,0.0617845593951642,0.01587977947201577,unsigned,0.5
motif_cnn53_hiranniramol_sequence_cnn_ig_013,979,hiranniramol,single,sequence,cnn,cnn53,cnn_ig,20,23,TTGG,0.018645645584911077,0.0617845593951642,0.01587977947201577,unsigned,0.5
motif_cnn53_hiranniramol_sequence_cnn_ig_013,989,hiranniramol,single,sequence,cnn,cnn53,cnn_ig,20,23,TTGG,0.018645645584911077,0.0617845593951642,0.01587977947201577,unsigned,0.0102
motif_cnn53_hiranniramol_sequence_cnn_ig_013,1003,hiranniramol,single,sequence,cnn,cnn53,cnn_ig,20,23,TTGG,0.018645645584911077,0.0617845593951642,0.01587977947201577,unsigned,0.3659
motif_cnn53_hiranniramol_sequence_cnn_ig_013,1008,hiranniramol,single,sequence,cnn,cnn53,cnn_ig,20,23,TTGG,0.018645645584911077,0.0617845593951642,0.01587977947201577,unsigned,0.1481
motif_cnn53_hiranniramol_sequence_cnn_ig_013,1014,hiranniramol,single,sequence,cnn,cnn53,cnn_ig,20,23,TTGG,0.018645645584911077,0.0617845593951642,0.01587977947201577,unsigned,0.0
motif_cnn53_hiranniramol_sequence_cnn_ig_013,1016,hiranniramol,single,sequence,cnn,cnn53,cnn_ig,20,23,TTGG,0.018645645584911077,0.0617845593951642,0.01587977947201577,unsigned,0.3636
motif_cnn53_hiranniramol_sequence_cnn_ig_013,1024,hiranniramol,single,sequence,cnn,cnn53,cnn_ig,20,23,TTGG,0.018645645584911077,0.0617845593951642,0.01587977947201577,unsigned,0.3
motif_cnn53_hiranniramol_sequence_cnn_ig_013,1046,hiranniramol,single,sequence,cnn,cnn53,cnn_ig,20,23,TTGG,0.018645645584911077,0.0617845593951642,0.01587977947201577,unsigned,0.4957
motif_cnn53_hiranniramol_sequence_cnn_ig_013,1070,hiranniramol,single,sequence,cnn,cnn53,cnn_ig,20,23,TTGG,0.018645645584911077,0.0617845593951642,0.01587977947201577,unsigned,0.3936
motif_cnn53_hiranniramol_sequence_cnn_ig_013,1072,hiranniramol,single,sequence,cnn,cnn53,cnn_ig,20,23,TTGG,0.018645645584911077,0.0617845593951642,0.01587977947201577,unsigned,0.0789
motif_cnn53_hiranniramol_sequence_cnn_ig_013,1076,hiranniramol,single,sequence,cnn,cnn53,cnn_ig,20,23,TTGG,0.018645645584911077,0.0617845593951642,0.01587977947201577,unsigned,0.2378
motif_cnn53_hiranniramol_sequence_cnn_ig_013,1079,hiranniramol,single,sequence,cnn,cnn53,cnn_ig,20,23,TTGG,0.018645645584911077,0.0617845593951642,0.01587977947201577,unsigned,0.3228999999999999
motif_cnn53_hiranniramol_sequence_cnn_ig_013,1088,hiranniramol,single,sequence,cnn,cnn53,cnn_ig,20,23,TTGG,0.018645645584911077,0.0617845593951642,0.01587977947201577,unsigned,0.25
motif_cnn53_hiranniramol_sequence_cnn_ig_013,1089,hiranniramol,single,sequence,cnn,cnn53,cnn_ig,20,23,TTGG,0.018645645584911077,0.0617845593951642,0.01587977947201577,unsigned,0.4375
motif_cnn53_hiranniramol_sequence_cnn_ig_013,1108,hiranniramol,single,sequence,cnn,cnn53,cnn_ig,20,23,TTGG,0.018645645584911077,0.0617845593951642,0.01587977947201577,unsigned,0.0
motif_cnn53_hiranniramol_sequence_cnn_ig_013,1130,hiranniramol,single,sequence,cnn,cnn53,cnn_ig,20,23,TTGG,0.018645645584911077,0.0617845593951642,0.01587977947201577,unsigned,0.4034
motif_cnn53_hiranniramol_sequence_cnn_ig_013,1133,hiranniramol,single,sequence,cnn,cnn53,cnn_ig,20,23,TTGG,0.018645645584911077,0.0617845593951642,0.01587977947201577,unsigned,0.3889
motif_cnn53_hiranniramol_sequence_cnn_ig_013,1142,hiranniramol,single,sequence,cnn,cnn53,cnn_ig,20,23,TTGG,0.018645645584911077,0.0617845593951642,0.01587977947201577,unsigned,0.4966
motif_cnn53_hiranniramol_sequence_cnn_ig_013,1149,hiranniramol,single,sequence,cnn,cnn53,cnn_ig,20,23,TTGG,0.018645645584911077,0.0617845593951642,0.01587977947201577,unsigned,0.3684
motif_cnn53_hiranniramol_sequence_cnn_ig_013,1150,hiranniramol,single,sequence,cnn,cnn53,cnn_ig,20,23,TTGG,0.018645645584911077,0.0617845593951642,0.01587977947201577,unsigned,0.5
motif_cnn53_hiranniramol_sequence_cnn_ig_013,1164,hiranniramol,single,sequence,cnn,cnn53,cnn_ig,20,23,TTGG,0.018645645584911077,0.0617845593951642,0.01587977947201577,unsigned,0.3011
motif_cnn53_hiranniramol_sequence_cnn_ig_013,1170,hiranniramol,single,sequence,cnn,cnn53,cnn_ig,20,23,TTGG,0.018645645584911077,0.0617845593951642,0.01587977947201577,unsigned,0.413
motif_cnn53_hiranniramol_sequence_cnn_ig_013,1179,hiranniramol,single,sequence,cnn,cnn53,cnn_ig,20,23,TTGG,0.018645645584911077,0.0617845593951642,0.01587977947201577,unsigned,0.4412
motif_cnn53_hiranniramol_sequence_cnn_ig_013,1181,hiranniramol,single,sequence,cnn,cnn53,cnn_ig,20,23,TTGG,0.018645645584911077,0.0617845593951642,0.01587977947201577,unsigned,0.4894
motif_cnn53_hiranniramol_sequence_cnn_ig_013,1182,hiranniramol,single,sequence,cnn,cnn53,cnn_ig,20,23,TTGG,0.018645645584911077,0.0617845593951642,0.01587977947201577,unsigned,0.3182
motif_cnn53_hiranniramol_sequence_cnn_ig_013,1185,hiranniramol,single,sequence,cnn,cnn53,cnn_ig,20,23,TTGG,0.018645645584911077,0.0617845593951642,0.01587977947201577,unsigned,0.3
motif_cnn53_hiranniramol_sequence_cnn_ig_013,1195,hiranniramol,single,sequence,cnn,cnn53,cnn_ig,20,23,TTGG,0.018645645584911077,0.0617845593951642,0.01587977947201577,unsigned,0.0
motif_cnn53_hiranniramol_sequence_cnn_ig_013,1198,hiranniramol,single,sequence,cnn,cnn53,cnn_ig,20,23,TTGG,0.018645645584911077,0.0617845593951642,0.01587977947201577,unsigned,0.2
motif_cnn53_hiranniramol_sequence_cnn_ig_013,1219,hiranniramol,single,sequence,cnn,cnn53,cnn_ig,20,23,TTGG,0.018645645584911077,0.0617845593951642,0.01587977947201577,unsigned,0.4304
motif_cnn53_hiranniramol_sequence_cnn_ig_013,1232,hiranniramol,single,sequence,cnn,cnn53,cnn_ig,20,23,TTGG,0.018645645584911077,0.0617845593951642,0.01587977947201577,unsigned,0.3846
motif_cnn53_hiranniramol_sequence_cnn_ig_013,1243,hiranniramol,single,sequence,cnn,cnn53,cnn_ig,20,23,TTGG,0.018645645584911077,0.0617845593951642,0.01587977947201577,unsigned,0.5
motif_cnn53_hiranniramol_sequence_cnn_ig_013,1250,hiranniramol,single,sequence,cnn,cnn53,cnn_ig,20,23,TTGG,0.018645645584911077,0.0617845593951642,0.01587977947201577,unsigned,0.2353
motif_cnn53_hiranniramol_sequence_cnn_ig_013,1254,hiranniramol,single,sequence,cnn,cnn53,cnn_ig,20,23,TTGG,0.018645645584911077,0.0617845593951642,0.01587977947201577,unsigned,0.4
motif_cnn53_hiranniramol_sequence_cnn_ig_013,1262,hiranniramol,single,sequence,cnn,cnn53,cnn_ig,20,23,TTGG,0.018645645584911077,0.0617845593951642,0.01587977947201577,unsigned,0.1875
motif_cnn53_hiranniramol_sequence_cnn_ig_013,1269,hiranniramol,single,sequence,cnn,cnn53,cnn_ig,20,23,TTGG,0.018645645584911077,0.0617845593951642,0.01587977947201577,unsigned,0.0
motif_cnn53_hiranniramol_sequence_cnn_ig_013,1279,hiranniramol,single,sequence,cnn,cnn53,cnn_ig,20,23,TTGG,0.018645645584911077,0.0617845593951642,0.01587977947201577,unsigned,0.125
motif_cnn53_hiranniramol_sequence_cnn_ig_013,1281,hiranniramol,single,sequence,cnn,cnn53,cnn_ig,20,23,TTGG,0.018645645584911077,0.0617845593951642,0.01587977947201577,unsigned,0.4443999999999999
motif_cnn53_hiranniramol_sequence_cnn_ig_013,1295,hiranniramol,single,sequence,cnn,cnn53,cnn_ig,20,23,TTGG,0.018645645584911077,0.0617845593951642,0.01587977947201577,unsigned,0.3111
motif_cnn53_hiranniramol_sequence_cnn_ig_013,1298,hiranniramol,single,sequence,cnn,cnn53,cnn_ig,20,23,TTGG,0.018645645584911077,0.0617845593951642,0.01587977947201577,unsigned,0.05
motif_cnn53_hiranniramol_sequence_cnn_ig_013,1305,hiranniramol,single,sequence,cnn,cnn53,cnn_ig,20,23,TTGG,0.018645645584911077,0.0617845593951642,0.01587977947201577,unsigned,0.3333
motif_cnn73_hiranniramol_sequence_cnn_ig_014,16,hiranniramol,single,sequence,cnn,cnn73,cnn_ig,20,23,GGGG,0.02267240515599645,0.05756670329719778,0.018474802607670385,unsigned,1.0
motif_cnn73_hiranniramol_sequence_cnn_ig_014,25,hiranniramol,single,sequence,cnn,cnn73,cnn_ig,20,23,GGGG,0.02267240515599645,0.05756670329719778,0.018474802607670385,unsigned,1.0
motif_cnn73_hiranniramol_sequence_cnn_ig_014,44,hiranniramol,single,sequence,cnn,cnn73,cnn_ig,20,23,GGGG,0.02267240515599645,0.05756670329719778,0.018474802607670385,unsigned,1.0
motif_cnn73_hiranniramol_sequence_cnn_ig_014,52,hiranniramol,single,sequence,cnn,cnn73,cnn_ig,20,23,GGGG,0.02267240515599645,0.05756670329719778,0.018474802607670385,unsigned,1.0
motif_cnn73_hiranniramol_sequence_cnn_ig_014,87,hiranniramol,single,sequence,cnn,cnn73,cnn_ig,20,23,GGGG,0.02267240515599645,0.05756670329719778,0.018474802607670385,unsigned,1.0
motif_cnn73_hiranniramol_sequence_cnn_ig_014,98,hiranniramol,single,sequence,cnn,cnn73,cnn_ig,20,23,GGGG,0.02267240515599645,0.05756670329719778,0.018474802607670385,unsigned,1.0
motif_cnn73_hiranniramol_sequence_cnn_ig_014,107,hiranniramol,single,sequence,cnn,cnn73,cnn_ig,20,23,GGGG,0.02267240515599645,0.05756670329719778,0.018474802607670385,unsigned,1.0
motif_cnn73_hiranniramol_sequence_cnn_ig_014,118,hiranniramol,single,sequence,cnn,cnn73,cnn_ig,20,23,GGGG,0.02267240515599645,0.05756670329719778,0.018474802607670385,unsigned,1.0
motif_cnn73_hiranniramol_sequence_cnn_ig_014,119,hiranniramol,single,sequence,cnn,cnn73,cnn_ig,20,23,GGGG,0.02267240515599645,0.05756670329719778,0.018474802607670385,unsigned,1.0
motif_cnn73_hiranniramol_sequence_cnn_ig_014,130,hiranniramol,single,sequence,cnn,cnn73,cnn_ig,20,23,GGGG,0.02267240515599645,0.05756670329719778,0.018474802607670385,unsigned,1.0
motif_cnn73_hiranniramol_sequence_cnn_ig_014,132,hiranniramol,single,sequence,cnn,cnn73,cnn_ig,20,23,GGGG,0.02267240515599645,0.05756670329719778,0.018474802607670385,unsigned,1.0
motif_cnn73_hiranniramol_sequence_cnn_ig_014,143,hiranniramol,single,sequence,cnn,cnn73,cnn_ig,20,23,GGGG,0.02267240515599645,0.05756670329719778,0.018474802607670385,unsigned,1.0
motif_cnn73_hiranniramol_sequence_cnn_ig_014,148,hiranniramol,single,sequence,cnn,cnn73,cnn_ig,20,23,GGGG,0.02267240515599645,0.05756670329719778,0.018474802607670385,unsigned,1.0
motif_cnn73_hiranniramol_sequence_cnn_ig_014,166,hiranniramol,single,sequence,cnn,cnn73,cnn_ig,20,23,GGGG,0.02267240515599645,0.05756670329719778,0.018474802607670385,unsigned,1.0
motif_cnn73_hiranniramol_sequence_cnn_ig_014,175,hiranniramol,single,sequence,cnn,cnn73,cnn_ig,20,23,GGGG,0.02267240515599645,0.05756670329719778,0.018474802607670385,unsigned,1.0
motif_cnn73_hiranniramol_sequence_cnn_ig_014,186,hiranniramol,single,sequence,cnn,cnn73,cnn_ig,20,23,GGGG,0.02267240515599645,0.05756670329719778,0.018474802607670385,unsigned,1.0
motif_cnn73_hiranniramol_sequence_cnn_ig_014,189,hiranniramol,single,sequence,cnn,cnn73,cnn_ig,20,23,GGGG,0.02267240515599645,0.05756670329719778,0.018474802607670385,unsigned,1.0
motif_cnn73_hiranniramol_sequence_cnn_ig_014,191,hiranniramol,single,sequence,cnn,cnn73,cnn_ig,20,23,GGGG,0.02267240515599645,0.05756670329719778,0.018474802607670385,unsigned,1.0
motif_cnn73_hiranniramol_sequence_cnn_ig_014,200,hiranniramol,single,sequence,cnn,cnn73,cnn_ig,20,23,GGGG,0.02267240515599645,0.05756670329719778,0.018474802607670385,unsigned,1.0
motif_cnn73_hiranniramol_sequence_cnn_ig_014,202,hiranniramol,single,sequence,cnn,cnn73,cnn_ig,20,23,GGGG,0.02267240515599645,0.05756670329719778,0.018474802607670385,unsigned,1.0
motif_cnn73_hiranniramol_sequence_cnn_ig_014,203,hiranniramol,single,sequence,cnn,cnn73,cnn_ig,20,23,GGGG,0.02267240515599645,0.05756670329719778,0.018474802607670385,unsigned,1.0
motif_cnn73_hiranniramol_sequence_cnn_ig_014,213,hiranniramol,single,sequence,cnn,cnn73,cnn_ig,20,23,GGGG,0.02267240515599645,0.05756670329719778,0.018474802607670385,unsigned,1.0
motif_cnn73_hiranniramol_sequence_cnn_ig_014,229,hiranniramol,single,sequence,cnn,cnn73,cnn_ig,20,23,GGGG,0.02267240515599645,0.05756670329719778,0.018474802607670385,unsigned,1.0
motif_cnn73_hiranniramol_sequence_cnn_ig_014,257,hiranniramol,single,sequence,cnn,cnn73,cnn_ig,20,23,GGGG,0.02267240515599645,0.05756670329719778,0.018474802607670385,unsigned,1.0
motif_cnn73_hiranniramol_sequence_cnn_ig_014,258,hiranniramol,single,sequence,cnn,cnn73,cnn_ig,20,23,GGGG,0.02267240515599645,0.05756670329719778,0.018474802607670385,unsigned,1.0
motif_cnn73_hiranniramol_sequence_cnn_ig_014,259,hiranniramol,single,sequence,cnn,cnn73,cnn_ig,20,23,GGGG,0.02267240515599645,0.05756670329719778,0.018474802607670385,unsigned,1.0
motif_cnn73_hiranniramol_sequence_cnn_ig_014,268,hiranniramol,single,sequence,cnn,cnn73,cnn_ig,20,23,GGGG,0.02267240515599645,0.05756670329719778,0.018474802607670385,unsigned,1.0
motif_cnn73_hiranniramol_sequence_cnn_ig_014,282,hiranniramol,single,sequence,cnn,cnn73,cnn_ig,20,23,GGGG,0.02267240515599645,0.05756670329719778,0.018474802607670385,unsigned,1.0
motif_cnn73_hiranniramol_sequence_cnn_ig_014,283,hiranniramol,single,sequence,cnn,cnn73,cnn_ig,20,23,GGGG,0.02267240515599645,0.05756670329719778,0.018474802607670385,unsigned,1.0
motif_cnn73_hiranniramol_sequence_cnn_ig_014,286,hiranniramol,single,sequence,cnn,cnn73,cnn_ig,20,23,GGGG,0.02267240515599645,0.05756670329719778,0.018474802607670385,unsigned,1.0
motif_cnn73_hiranniramol_sequence_cnn_ig_014,300,hiranniramol,single,sequence,cnn,cnn73,cnn_ig,20,23,GGGG,0.02267240515599645,0.05756670329719778,0.018474802607670385,unsigned,1.0
motif_cnn73_hiranniramol_sequence_cnn_ig_014,301,hiranniramol,single,sequence,cnn,cnn73,cnn_ig,20,23,GGGG,0.02267240515599645,0.05756670329719778,0.018474802607670385,unsigned,1.0
motif_cnn73_hiranniramol_sequence_cnn_ig_014,309,hiranniramol,single,sequence,cnn,cnn73,cnn_ig,20,23,GGGG,0.02267240515599645,0.05756670329719778,0.018474802607670385,unsigned,1.0
motif_cnn73_hiranniramol_sequence_cnn_ig_014,311,hiranniramol,single,sequence,cnn,cnn73,cnn_ig,20,23,GGGG,0.02267240515599645,0.05756670329719778,0.018474802607670385,unsigned,1.0
motif_cnn73_hiranniramol_sequence_cnn_ig_014,312,hiranniramol,single,sequence,cnn,cnn73,cnn_ig,20,23,GGGG,0.02267240515599645,0.05756670329719778,0.018474802607670385,unsigned,1.0
motif_cnn73_hiranniramol_sequence_cnn_ig_014,313,hiranniramol,single,sequence,cnn,cnn73,cnn_ig,20,23,GGGG,0.02267240515599645,0.05756670329719778,0.018474802607670385,unsigned,1.0
motif_cnn73_hiranniramol_sequence_cnn_ig_014,314,hiranniramol,single,sequence,cnn,cnn73,cnn_ig,20,23,GGGG,0.02267240515599645,0.05756670329719778,0.018474802607670385,unsigned,1.0
motif_cnn73_hiranniramol_sequence_cnn_ig_014,322,hiranniramol,single,sequence,cnn,cnn73,cnn_ig,20,23,GGGG,0.02267240515599645,0.05756670329719778,0.018474802607670385,unsigned,1.0
motif_cnn73_hiranniramol_sequence_cnn_ig_014,325,hiranniramol,single,sequence,cnn,cnn73,cnn_ig,20,23,GGGG,0.02267240515599645,0.05756670329719778,0.018474802607670385,unsigned,1.0
motif_cnn73_hiranniramol_sequence_cnn_ig_014,327,hiranniramol,single,sequence,cnn,cnn73,cnn_ig,20,23,GGGG,0.02267240515599645,0.05756670329719778,0.018474802607670385,unsigned,1.0
motif_cnn73_hiranniramol_sequence_cnn_ig_014,336,hiranniramol,single,sequence,cnn,cnn73,cnn_ig,20,23,GGGG,0.02267240515599645,0.05756670329719778,0.018474802607670385,unsigned,1.0
motif_cnn73_hiranniramol_sequence_cnn_ig_014,351,hiranniramol,single,sequence,cnn,cnn73,cnn_ig,20,23,GGGG,0.02267240515599645,0.05756670329719778,0.018474802607670385,unsigned,1.0
motif_cnn73_hiranniramol_sequence_cnn_ig_014,353,hiranniramol,single,sequence,cnn,cnn73,cnn_ig,20,23,GGGG,0.02267240515599645,0.05756670329719778,0.018474802607670385,unsigned,1.0
motif_cnn73_hiranniramol_sequence_cnn_ig_014,366,hiranniramol,single,sequence,cnn,cnn73,cnn_ig,20,23,GGGG,0.02267240515599645,0.05756670329719778,0.018474802607670385,unsigned,1.0
motif_cnn73_hiranniramol_sequence_cnn_ig_014,375,hiranniramol,single,sequence,cnn,cnn73,cnn_ig,20,23,GGGG,0.02267240515599645,0.05756670329719778,0.018474802607670385,unsigned,1.0
motif_cnn73_hiranniramol_sequence_cnn_ig_014,383,hiranniramol,single,sequence,cnn,cnn73,cnn_ig,20,23,GGGG,0.02267240515599645,0.05756670329719778,0.018474802607670385,unsigned,1.0
motif_cnn73_hiranniramol_sequence_cnn_ig_014,390,hiranniramol,single,sequence,cnn,cnn73,cnn_ig,20,23,GGGG,0.02267240515599645,0.05756670329719778,0.018474802607670385,unsigned,1.0
motif_cnn73_hiranniramol_sequence_cnn_ig_014,397,hiranniramol,single,sequence,cnn,cnn73,cnn_ig,20,23,GGGG,0.02267240515599645,0.05756670329719778,0.018474802607670385,unsigned,1.0
motif_cnn73_hiranniramol_sequence_cnn_ig_014,413,hiranniramol,single,sequence,cnn,cnn73,cnn_ig,20,23,GGGG,0.02267240515599645,0.05756670329719778,0.018474802607670385,unsigned,1.0
motif_cnn73_hiranniramol_sequence_cnn_ig_014,417,hiranniramol,single,sequence,cnn,cnn73,cnn_ig,20,23,GGGG,0.02267240515599645,0.05756670329719778,0.018474802607670385,unsigned,1.0
motif_cnn73_hiranniramol_sequence_cnn_ig_014,422,hiranniramol,single,sequence,cnn,cnn73,cnn_ig,20,23,GGGG,0.02267240515599645,0.05756670329719778,0.018474802607670385,unsigned,1.0
motif_cnn73_hiranniramol_sequence_cnn_ig_014,436,hiranniramol,single,sequence,cnn,cnn73,cnn_ig,20,23,GGGG,0.02267240515599645,0.05756670329719778,0.018474802607670385,unsigned,1.0
motif_cnn73_hiranniramol_sequence_cnn_ig_014,446,hiranniramol,single,sequence,cnn,cnn73,cnn_ig,20,23,GGGG,0.02267240515599645,0.05756670329719778,0.018474802607670385,unsigned,1.0
motif_cnn73_hiranniramol_sequence_cnn_ig_014,449,hiranniramol,single,sequence,cnn,cnn73,cnn_ig,20,23,GGGG,0.02267240515599645,0.05756670329719778,0.018474802607670385,unsigned,1.0
motif_cnn73_hiranniramol_sequence_cnn_ig_014,462,hiranniramol,single,sequence,cnn,cnn73,cnn_ig,20,23,GGGG,0.02267240515599645,0.05756670329719778,0.018474802607670385,unsigned,1.0
motif_cnn73_hiranniramol_sequence_cnn_ig_014,466,hiranniramol,single,sequence,cnn,cnn73,cnn_ig,20,23,GGGG,0.02267240515599645,0.05756670329719778,0.018474802607670385,unsigned,1.0
motif_cnn73_hiranniramol_sequence_cnn_ig_014,471,hiranniramol,single,sequence,cnn,cnn73,cnn_ig,20,23,GGGG,0.02267240515599645,0.05756670329719778,0.018474802607670385,unsigned,1.0
motif_cnn73_hiranniramol_sequence_cnn_ig_014,473,hiranniramol,single,sequence,cnn,cnn73,cnn_ig,20,23,GGGG,0.02267240515599645,0.05756670329719778,0.018474802607670385,unsigned,1.0
motif_cnn73_hiranniramol_sequence_cnn_ig_014,480,hiranniramol,single,sequence,cnn,cnn73,cnn_ig,20,23,GGGG,0.02267240515599645,0.05756670329719778,0.018474802607670385,unsigned,1.0
motif_cnn73_hiranniramol_sequence_cnn_ig_014,485,hiranniramol,single,sequence,cnn,cnn73,cnn_ig,20,23,GGGG,0.02267240515599645,0.05756670329719778,0.018474802607670385,unsigned,1.0
motif_cnn73_hiranniramol_sequence_cnn_ig_014,488,hiranniramol,single,sequence,cnn,cnn73,cnn_ig,20,23,GGGG,0.02267240515599645,0.05756670329719778,0.018474802607670385,unsigned,1.0
motif_cnn73_hiranniramol_sequence_cnn_ig_014,503,hiranniramol,single,sequence,cnn,cnn73,cnn_ig,20,23,GGGG,0.02267240515599645,0.05756670329719778,0.018474802607670385,unsigned,1.0
motif_cnn73_hiranniramol_sequence_cnn_ig_014,534,hiranniramol,single,sequence,cnn,cnn73,cnn_ig,20,23,GGGG,0.02267240515599645,0.05756670329719778,0.018474802607670385,unsigned,1.0
motif_cnn73_hiranniramol_sequence_cnn_ig_014,577,hiranniramol,single,sequence,cnn,cnn73,cnn_ig,20,23,GGGG,0.02267240515599645,0.05756670329719778,0.018474802607670385,unsigned,1.0
motif_cnn73_hiranniramol_sequence_cnn_ig_014,602,hiranniramol,single,sequence,cnn,cnn73,cnn_ig,20,23,GGGG,0.02267240515599645,0.05756670329719778,0.018474802607670385,unsigned,1.0
motif_cnn73_hiranniramol_sequence_cnn_ig_014,604,hiranniramol,single,sequence,cnn,cnn73,cnn_ig,20,23,GGGG,0.02267240515599645,0.05756670329719778,0.018474802607670385,unsigned,1.0
motif_cnn73_hiranniramol_sequence_cnn_ig_014,608,hiranniramol,single,sequence,cnn,cnn73,cnn_ig,20,23,GGGG,0.02267240515599645,0.05756670329719778,0.018474802607670385,unsigned,1.0
motif_cnn73_hiranniramol_sequence_cnn_ig_014,609,hiranniramol,single,sequence,cnn,cnn73,cnn_ig,20,23,GGGG,0.02267240515599645,0.05756670329719778,0.018474802607670385,unsigned,1.0
motif_cnn73_hiranniramol_sequence_cnn_ig_014,613,hiranniramol,single,sequence,cnn,cnn73,cnn_ig,20,23,GGGG,0.02267240515599645,0.05756670329719778,0.018474802607670385,unsigned,1.0
motif_cnn73_hiranniramol_sequence_cnn_ig_014,623,hiranniramol,single,sequence,cnn,cnn73,cnn_ig,20,23,GGGG,0.02267240515599645,0.05756670329719778,0.018474802607670385,unsigned,1.0
motif_cnn73_hiranniramol_sequence_cnn_ig_014,633,hiranniramol,single,sequence,cnn,cnn73,cnn_ig,20,23,GGGG,0.02267240515599645,0.05756670329719778,0.018474802607670385,unsigned,1.0
motif_cnn73_hiranniramol_sequence_cnn_ig_014,636,hiranniramol,single,sequence,cnn,cnn73,cnn_ig,20,23,GGGG,0.02267240515599645,0.05756670329719778,0.018474802607670385,unsigned,1.0
motif_cnn73_hiranniramol_sequence_cnn_ig_014,648,hiranniramol,single,sequence,cnn,cnn73,cnn_ig,20,23,GGGG,0.02267240515599645,0.05756670329719778,0.018474802607670385,unsigned,1.0
motif_cnn73_hiranniramol_sequence_cnn_ig_014,656,hiranniramol,single,sequence,cnn,cnn73,cnn_ig,20,23,GGGG,0.02267240515599645,0.05756670329719778,0.018474802607670385,unsigned,1.0
motif_cnn73_hiranniramol_sequence_cnn_ig_014,666,hiranniramol,single,sequence,cnn,cnn73,cnn_ig,20,23,GGGG,0.02267240515599645,0.05756670329719778,0.018474802607670385,unsigned,1.0
motif_cnn73_hiranniramol_sequence_cnn_ig_014,668,hiranniramol,single,sequence,cnn,cnn73,cnn_ig,20,23,GGGG,0.02267240515599645,0.05756670329719778,0.018474802607670385,unsigned,1.0
motif_cnn73_hiranniramol_sequence_cnn_ig_014,673,hiranniramol,single,sequence,cnn,cnn73,cnn_ig,20,23,GGGG,0.02267240515599645,0.05756670329719778,0.018474802607670385,unsigned,1.0
motif_cnn73_hiranniramol_sequence_cnn_ig_014,686,hiranniramol,single,sequence,cnn,cnn73,cnn_ig,20,23,GGGG,0.02267240515599645,0.05756670329719778,0.018474802607670385,unsigned,1.0
motif_cnn73_hiranniramol_sequence_cnn_ig_014,706,hiranniramol,single,sequence,cnn,cnn73,cnn_ig,20,23,GGGG,0.02267240515599645,0.05756670329719778,0.018474802607670385,unsigned,1.0
motif_cnn73_hiranniramol_sequence_cnn_ig_014,724,hiranniramol,single,sequence,cnn,cnn73,cnn_ig,20,23,GGGG,0.02267240515599645,0.05756670329719778,0.018474802607670385,unsigned,1.0
motif_cnn73_hiranniramol_sequence_cnn_ig_014,732,hiranniramol,single,sequence,cnn,cnn73,cnn_ig,20,23,GGGG,0.02267240515599645,0.05756670329719778,0.018474802607670385,unsigned,1.0
motif_cnn73_hiranniramol_sequence_cnn_ig_014,853,hiranniramol,single,sequence,cnn,cnn73,cnn_ig,20,23,GGGG,0.02267240515599645,0.05756670329719778,0.018474802607670385,unsigned,0.5
motif_cnn73_hiranniramol_sequence_cnn_ig_014,889,hiranniramol,single,sequence,cnn,cnn73,cnn_ig,20,23,GGGG,0.02267240515599645,0.05756670329719778,0.018474802607670385,unsigned,0.1498
motif_cnn73_hiranniramol_sequence_cnn_ig_014,963,hiranniramol,single,sequence,cnn,cnn73,cnn_ig,20,23,GGGG,0.02267240515599645,0.05756670329719778,0.018474802607670385,unsigned,0.4347999999999999
motif_cnn73_hiranniramol_sequence_cnn_ig_014,980,hiranniramol,single,sequence,cnn,cnn73,cnn_ig,20,23,GGGG,0.02267240515599645,0.05756670329719778,0.018474802607670385,unsigned,0.3571
motif_cnn73_hiranniramol_sequence_cnn_ig_014,982,hiranniramol,single,sequence,cnn,cnn73,cnn_ig,20,23,GGGG,0.02267240515599645,0.05756670329719778,0.018474802607670385,unsigned,0.0
motif_cnn73_hiranniramol_sequence_cnn_ig_014,1073,hiranniramol,single,sequence,cnn,cnn73,cnn_ig,20,23,GGGG,0.02267240515599645,0.05756670329719778,0.018474802607670385,unsigned,0.3864
motif_cnn73_hiranniramol_sequence_cnn_ig_014,1099,hiranniramol,single,sequence,cnn,cnn73,cnn_ig,20,23,GGGG,0.02267240515599645,0.05756670329719778,0.018474802607670385,unsigned,0.4
motif_cnn73_hiranniramol_sequence_cnn_ig_014,1180,hiranniramol,single,sequence,cnn,cnn73,cnn_ig,20,23,GGGG,0.02267240515599645,0.05756670329719778,0.018474802607670385,unsigned,0.5
motif_cnn73_hiranniramol_sequence_cnn_ig_014,1241,hiranniramol,single,sequence,cnn,cnn73,cnn_ig,20,23,GGGG,0.02267240515599645,0.05756670329719778,0.018474802607670385,unsigned,0.4515999999999999
motif_cnn53_hiranniramol_sequence_cnn_ig_015,16,hiranniramol,single,sequence,cnn,cnn53,cnn_ig,20,23,GGGG,0.012795447837561341,0.0617845593951642,0.01587977947201577,unsigned,1.0
motif_cnn53_hiranniramol_sequence_cnn_ig_015,25,hiranniramol,single,sequence,cnn,cnn53,cnn_ig,20,23,GGGG,0.012795447837561341,0.0617845593951642,0.01587977947201577,unsigned,1.0
motif_cnn53_hiranniramol_sequence_cnn_ig_015,44,hiranniramol,single,sequence,cnn,cnn53,cnn_ig,20,23,GGGG,0.012795447837561341,0.0617845593951642,0.01587977947201577,unsigned,1.0
motif_cnn53_hiranniramol_sequence_cnn_ig_015,52,hiranniramol,single,sequence,cnn,cnn53,cnn_ig,20,23,GGGG,0.012795447837561341,0.0617845593951642,0.01587977947201577,unsigned,1.0
motif_cnn53_hiranniramol_sequence_cnn_ig_015,87,hiranniramol,single,sequence,cnn,cnn53,cnn_ig,20,23,GGGG,0.012795447837561341,0.0617845593951642,0.01587977947201577,unsigned,1.0
motif_cnn53_hiranniramol_sequence_cnn_ig_015,98,hiranniramol,single,sequence,cnn,cnn53,cnn_ig,20,23,GGGG,0.012795447837561341,0.0617845593951642,0.01587977947201577,unsigned,1.0
motif_cnn53_hiranniramol_sequence_cnn_ig_015,107,hiranniramol,single,sequence,cnn,cnn53,cnn_ig,20,23,GGGG,0.012795447837561341,0.0617845593951642,0.01587977947201577,unsigned,1.0
motif_cnn53_hiranniramol_sequence_cnn_ig_015,118,hiranniramol,single,sequence,cnn,cnn53,cnn_ig,20,23,GGGG,0.012795447837561341,0.0617845593951642,0.01587977947201577,unsigned,1.0
motif_cnn53_hiranniramol_sequence_cnn_ig_015,119,hiranniramol,single,sequence,cnn,cnn53,cnn_ig,20,23,GGGG,0.012795447837561341,0.0617845593951642,0.01587977947201577,unsigned,1.0
motif_cnn53_hiranniramol_sequence_cnn_ig_015,130,hiranniramol,single,sequence,cnn,cnn53,cnn_ig,20,23,GGGG,0.012795447837561341,0.0617845593951642,0.01587977947201577,unsigned,1.0
motif_cnn53_hiranniramol_sequence_cnn_ig_015,132,hiranniramol,single,sequence,cnn,cnn53,cnn_ig,20,23,GGGG,0.012795447837561341,0.0617845593951642,0.01587977947201577,unsigned,1.0
motif_cnn53_hiranniramol_sequence_cnn_ig_015,143,hiranniramol,single,sequence,cnn,cnn53,cnn_ig,20,23,GGGG,0.012795447837561341,0.0617845593951642,0.01587977947201577,unsigned,1.0
motif_cnn53_hiranniramol_sequence_cnn_ig_015,166,hiranniramol,single,sequence,cnn,cnn53,cnn_ig,20,23,GGGG,0.012795447837561341,0.0617845593951642,0.01587977947201577,unsigned,1.0
motif_cnn53_hiranniramol_sequence_cnn_ig_015,175,hiranniramol,single,sequence,cnn,cnn53,cnn_ig,20,23,GGGG,0.012795447837561341,0.0617845593951642,0.01587977947201577,unsigned,1.0
motif_cnn53_hiranniramol_sequence_cnn_ig_015,186,hiranniramol,single,sequence,cnn,cnn53,cnn_ig,20,23,GGGG,0.012795447837561341,0.0617845593951642,0.01587977947201577,unsigned,1.0
motif_cnn53_hiranniramol_sequence_cnn_ig_015,189,hiranniramol,single,sequence,cnn,cnn53,cnn_ig,20,23,GGGG,0.012795447837561341,0.0617845593951642,0.01587977947201577,unsigned,1.0
motif_cnn53_hiranniramol_sequence_cnn_ig_015,191,hiranniramol,single,sequence,cnn,cnn53,cnn_ig,20,23,GGGG,0.012795447837561341,0.0617845593951642,0.01587977947201577,unsigned,1.0
motif_cnn53_hiranniramol_sequence_cnn_ig_015,200,hiranniramol,single,sequence,cnn,cnn53,cnn_ig,20,23,GGGG,0.012795447837561341,0.0617845593951642,0.01587977947201577,unsigned,1.0
motif_cnn53_hiranniramol_sequence_cnn_ig_015,202,hiranniramol,single,sequence,cnn,cnn53,cnn_ig,20,23,GGGG,0.012795447837561341,0.0617845593951642,0.01587977947201577,unsigned,1.0
motif_cnn53_hiranniramol_sequence_cnn_ig_015,203,hiranniramol,single,sequence,cnn,cnn53,cnn_ig,20,23,GGGG,0.012795447837561341,0.0617845593951642,0.01587977947201577,unsigned,1.0
motif_cnn53_hiranniramol_sequence_cnn_ig_015,213,hiranniramol,single,sequence,cnn,cnn53,cnn_ig,20,23,GGGG,0.012795447837561341,0.0617845593951642,0.01587977947201577,unsigned,1.0
motif_cnn53_hiranniramol_sequence_cnn_ig_015,229,hiranniramol,single,sequence,cnn,cnn53,cnn_ig,20,23,GGGG,0.012795447837561341,0.0617845593951642,0.01587977947201577,unsigned,1.0
motif_cnn53_hiranniramol_sequence_cnn_ig_015,257,hiranniramol,single,sequence,cnn,cnn53,cnn_ig,20,23,GGGG,0.012795447837561341,0.0617845593951642,0.01587977947201577,unsigned,1.0
motif_cnn53_hiranniramol_sequence_cnn_ig_015,258,hiranniramol,single,sequence,cnn,cnn53,cnn_ig,20,23,GGGG,0.012795447837561341,0.0617845593951642,0.01587977947201577,unsigned,1.0
motif_cnn53_hiranniramol_sequence_cnn_ig_015,259,hiranniramol,single,sequence,cnn,cnn53,cnn_ig,20,23,GGGG,0.012795447837561341,0.0617845593951642,0.01587977947201577,unsigned,1.0
motif_cnn53_hiranniramol_sequence_cnn_ig_015,268,hiranniramol,single,sequence,cnn,cnn53,cnn_ig,20,23,GGGG,0.012795447837561341,0.0617845593951642,0.01587977947201577,unsigned,1.0
motif_cnn53_hiranniramol_sequence_cnn_ig_015,282,hiranniramol,single,sequence,cnn,cnn53,cnn_ig,20,23,GGGG,0.012795447837561341,0.0617845593951642,0.01587977947201577,unsigned,1.0
motif_cnn53_hiranniramol_sequence_cnn_ig_015,283,hiranniramol,single,sequence,cnn,cnn53,cnn_ig,20,23,GGGG,0.012795447837561341,0.0617845593951642,0.01587977947201577,unsigned,1.0
motif_cnn53_hiranniramol_sequence_cnn_ig_015,286,hiranniramol,single,sequence,cnn,cnn53,cnn_ig,20,23,GGGG,0.012795447837561341,0.0617845593951642,0.01587977947201577,unsigned,1.0
motif_cnn53_hiranniramol_sequence_cnn_ig_015,300,hiranniramol,single,sequence,cnn,cnn53,cnn_ig,20,23,GGGG,0.012795447837561341,0.0617845593951642,0.01587977947201577,unsigned,1.0
motif_cnn53_hiranniramol_sequence_cnn_ig_015,301,hiranniramol,single,sequence,cnn,cnn53,cnn_ig,20,23,GGGG,0.012795447837561341,0.0617845593951642,0.01587977947201577,unsigned,1.0
motif_cnn53_hiranniramol_sequence_cnn_ig_015,309,hiranniramol,single,sequence,cnn,cnn53,cnn_ig,20,23,GGGG,0.012795447837561341,0.0617845593951642,0.01587977947201577,unsigned,1.0
motif_cnn53_hiranniramol_sequence_cnn_ig_015,311,hiranniramol,single,sequence,cnn,cnn53,cnn_ig,20,23,GGGG,0.012795447837561341,0.0617845593951642,0.01587977947201577,unsigned,1.0
motif_cnn53_hiranniramol_sequence_cnn_ig_015,312,hiranniramol,single,sequence,cnn,cnn53,cnn_ig,20,23,GGGG,0.012795447837561341,0.0617845593951642,0.01587977947201577,unsigned,1.0
motif_cnn53_hiranniramol_sequence_cnn_ig_015,313,hiranniramol,single,sequence,cnn,cnn53,cnn_ig,20,23,GGGG,0.012795447837561341,0.0617845593951642,0.01587977947201577,unsigned,1.0
motif_cnn53_hiranniramol_sequence_cnn_ig_015,314,hiranniramol,single,sequence,cnn,cnn53,cnn_ig,20,23,GGGG,0.012795447837561341,0.0617845593951642,0.01587977947201577,unsigned,1.0
motif_cnn53_hiranniramol_sequence_cnn_ig_015,322,hiranniramol,single,sequence,cnn,cnn53,cnn_ig,20,23,GGGG,0.012795447837561341,0.0617845593951642,0.01587977947201577,unsigned,1.0
motif_cnn53_hiranniramol_sequence_cnn_ig_015,325,hiranniramol,single,sequence,cnn,cnn53,cnn_ig,20,23,GGGG,0.012795447837561341,0.0617845593951642,0.01587977947201577,unsigned,1.0
motif_cnn53_hiranniramol_sequence_cnn_ig_015,327,hiranniramol,single,sequence,cnn,cnn53,cnn_ig,20,23,GGGG,0.012795447837561341,0.0617845593951642,0.01587977947201577,unsigned,1.0
motif_cnn53_hiranniramol_sequence_cnn_ig_015,336,hiranniramol,single,sequence,cnn,cnn53,cnn_ig,20,23,GGGG,0.012795447837561341,0.0617845593951642,0.01587977947201577,unsigned,1.0
motif_cnn53_hiranniramol_sequence_cnn_ig_015,351,hiranniramol,single,sequence,cnn,cnn53,cnn_ig,20,23,GGGG,0.012795447837561341,0.0617845593951642,0.01587977947201577,unsigned,1.0
motif_cnn53_hiranniramol_sequence_cnn_ig_015,353,hiranniramol,single,sequence,cnn,cnn53,cnn_ig,20,23,GGGG,0.012795447837561341,0.0617845593951642,0.01587977947201577,unsigned,1.0
motif_cnn53_hiranniramol_sequence_cnn_ig_015,366,hiranniramol,single,sequence,cnn,cnn53,cnn_ig,20,23,GGGG,0.012795447837561341,0.0617845593951642,0.01587977947201577,unsigned,1.0
motif_cnn53_hiranniramol_sequence_cnn_ig_015,375,hiranniramol,single,sequence,cnn,cnn53,cnn_ig,20,23,GGGG,0.012795447837561341,0.0617845593951642,0.01587977947201577,unsigned,1.0
motif_cnn53_hiranniramol_sequence_cnn_ig_015,383,hiranniramol,single,sequence,cnn,cnn53,cnn_ig,20,23,GGGG,0.012795447837561341,0.0617845593951642,0.01587977947201577,unsigned,1.0
motif_cnn53_hiranniramol_sequence_cnn_ig_015,390,hiranniramol,single,sequence,cnn,cnn53,cnn_ig,20,23,GGGG,0.012795447837561341,0.0617845593951642,0.01587977947201577,unsigned,1.0
motif_cnn53_hiranniramol_sequence_cnn_ig_015,397,hiranniramol,single,sequence,cnn,cnn53,cnn_ig,20,23,GGGG,0.012795447837561341,0.0617845593951642,0.01587977947201577,unsigned,1.0
motif_cnn53_hiranniramol_sequence_cnn_ig_015,413,hiranniramol,single,sequence,cnn,cnn53,cnn_ig,20,23,GGGG,0.012795447837561341,0.0617845593951642,0.01587977947201577,unsigned,1.0
motif_cnn53_hiranniramol_sequence_cnn_ig_015,417,hiranniramol,single,sequence,cnn,cnn53,cnn_ig,20,23,GGGG,0.012795447837561341,0.0617845593951642,0.01587977947201577,unsigned,1.0
motif_cnn53_hiranniramol_sequence_cnn_ig_015,422,hiranniramol,single,sequence,cnn,cnn53,cnn_ig,20,23,GGGG,0.012795447837561341,0.0617845593951642,0.01587977947201577,unsigned,1.0
motif_cnn53_hiranniramol_sequence_cnn_ig_015,436,hiranniramol,single,sequence,cnn,cnn53,cnn_ig,20,23,GGGG,0.012795447837561341,0.0617845593951642,0.01587977947201577,unsigned,1.0
motif_cnn53_hiranniramol_sequence_cnn_ig_015,446,hiranniramol,single,sequence,cnn,cnn53,cnn_ig,20,23,GGGG,0.012795447837561341,0.0617845593951642,0.01587977947201577,unsigned,1.0
motif_cnn53_hiranniramol_sequence_cnn_ig_015,449,hiranniramol,single,sequence,cnn,cnn53,cnn_ig,20,23,GGGG,0.012795447837561341,0.0617845593951642,0.01587977947201577,unsigned,1.0
motif_cnn53_hiranniramol_sequence_cnn_ig_015,462,hiranniramol,single,sequence,cnn,cnn53,cnn_ig,20,23,GGGG,0.012795447837561341,0.0617845593951642,0.01587977947201577,unsigned,1.0
motif_cnn53_hiranniramol_sequence_cnn_ig_015,466,hiranniramol,single,sequence,cnn,cnn53,cnn_ig,20,23,GGGG,0.012795447837561341,0.0617845593951642,0.01587977947201577,unsigned,1.0
motif_cnn53_hiranniramol_sequence_cnn_ig_015,471,hiranniramol,single,sequence,cnn,cnn53,cnn_ig,20,23,GGGG,0.012795447837561341,0.0617845593951642,0.01587977947201577,unsigned,1.0
motif_cnn53_hiranniramol_sequence_cnn_ig_015,473,hiranniramol,single,sequence,cnn,cnn53,cnn_ig,20,23,GGGG,0.012795447837561341,0.0617845593951642,0.01587977947201577,unsigned,1.0
motif_cnn53_hiranniramol_sequence_cnn_ig_015,480,hiranniramol,single,sequence,cnn,cnn53,cnn_ig,20,23,GGGG,0.012795447837561341,0.0617845593951642,0.01587977947201577,unsigned,1.0
motif_cnn53_hiranniramol_sequence_cnn_ig_015,485,hiranniramol,single,sequence,cnn,cnn53,cnn_ig,20,23,GGGG,0.012795447837561341,0.0617845593951642,0.01587977947201577,unsigned,1.0
motif_cnn53_hiranniramol_sequence_cnn_ig_015,488,hiranniramol,single,sequence,cnn,cnn53,cnn_ig,20,23,GGGG,0.012795447837561341,0.0617845593951642,0.01587977947201577,unsigned,1.0
motif_cnn53_hiranniramol_sequence_cnn_ig_015,503,hiranniramol,single,sequence,cnn,cnn53,cnn_ig,20,23,GGGG,0.012795447837561341,0.0617845593951642,0.01587977947201577,unsigned,1.0
motif_cnn53_hiranniramol_sequence_cnn_ig_015,534,hiranniramol,single,sequence,cnn,cnn53,cnn_ig,20,23,GGGG,0.012795447837561341,0.0617845593951642,0.01587977947201577,unsigned,1.0
motif_cnn53_hiranniramol_sequence_cnn_ig_015,577,hiranniramol,single,sequence,cnn,cnn53,cnn_ig,20,23,GGGG,0.012795447837561341,0.0617845593951642,0.01587977947201577,unsigned,1.0
motif_cnn53_hiranniramol_sequence_cnn_ig_015,602,hiranniramol,single,sequence,cnn,cnn53,cnn_ig,20,23,GGGG,0.012795447837561341,0.0617845593951642,0.01587977947201577,unsigned,1.0
motif_cnn53_hiranniramol_sequence_cnn_ig_015,604,hiranniramol,single,sequence,cnn,cnn53,cnn_ig,20,23,GGGG,0.012795447837561341,0.0617845593951642,0.01587977947201577,unsigned,1.0
motif_cnn53_hiranniramol_sequence_cnn_ig_015,608,hiranniramol,single,sequence,cnn,cnn53,cnn_ig,20,23,GGGG,0.012795447837561341,0.0617845593951642,0.01587977947201577,unsigned,1.0
motif_cnn53_hiranniramol_sequence_cnn_ig_015,609,hiranniramol,single,sequence,cnn,cnn53,cnn_ig,20,23,GGGG,0.012795447837561341,0.0617845593951642,0.01587977947201577,unsigned,1.0
motif_cnn53_hiranniramol_sequence_cnn_ig_015,613,hiranniramol,single,sequence,cnn,cnn53,cnn_ig,20,23,GGGG,0.012795447837561341,0.0617845593951642,0.01587977947201577,unsigned,1.0
motif_cnn53_hiranniramol_sequence_cnn_ig_015,623,hiranniramol,single,sequence,cnn,cnn53,cnn_ig,20,23,GGGG,0.012795447837561341,0.0617845593951642,0.01587977947201577,unsigned,1.0
motif_cnn53_hiranniramol_sequence_cnn_ig_015,633,hiranniramol,single,sequence,cnn,cnn53,cnn_ig,20,23,GGGG,0.012795447837561341,0.0617845593951642,0.01587977947201577,unsigned,1.0
motif_cnn53_hiranniramol_sequence_cnn_ig_015,636,hiranniramol,single,sequence,cnn,cnn53,cnn_ig,20,23,GGGG,0.012795447837561341,0.0617845593951642,0.01587977947201577,unsigned,1.0
motif_cnn53_hiranniramol_sequence_cnn_ig_015,648,hiranniramol,single,sequence,cnn,cnn53,cnn_ig,20,23,GGGG,0.012795447837561341,0.0617845593951642,0.01587977947201577,unsigned,1.0
motif_cnn53_hiranniramol_sequence_cnn_ig_015,656,hiranniramol,single,sequence,cnn,cnn53,cnn_ig,20,23,GGGG,0.012795447837561341,0.0617845593951642,0.01587977947201577,unsigned,1.0
motif_cnn53_hiranniramol_sequence_cnn_ig_015,666,hiranniramol,single,sequence,cnn,cnn53,cnn_ig,20,23,GGGG,0.012795447837561341,0.0617845593951642,0.01587977947201577,unsigned,1.0
motif_cnn53_hiranniramol_sequence_cnn_ig_015,668,hiranniramol,single,sequence,cnn,cnn53,cnn_ig,20,23,GGGG,0.012795447837561341,0.0617845593951642,0.01587977947201577,unsigned,1.0
motif_cnn53_hiranniramol_sequence_cnn_ig_015,673,hiranniramol,single,sequence,cnn,cnn53,cnn_ig,20,23,GGGG,0.012795447837561341,0.0617845593951642,0.01587977947201577,unsigned,1.0
motif_cnn53_hiranniramol_sequence_cnn_ig_015,686,hiranniramol,single,sequence,cnn,cnn53,cnn_ig,20,23,GGGG,0.012795447837561341,0.0617845593951642,0.01587977947201577,unsigned,1.0
motif_cnn53_hiranniramol_sequence_cnn_ig_015,706,hiranniramol,single,sequence,cnn,cnn53,cnn_ig,20,23,GGGG,0.012795447837561341,0.0617845593951642,0.01587977947201577,unsigned,1.0
motif_cnn53_hiranniramol_sequence_cnn_ig_015,724,hiranniramol,single,sequence,cnn,cnn53,cnn_ig,20,23,GGGG,0.012795447837561341,0.0617845593951642,0.01587977947201577,unsigned,1.0
motif_cnn53_hiranniramol_sequence_cnn_ig_015,732,hiranniramol,single,sequence,cnn,cnn53,cnn_ig,20,23,GGGG,0.012795447837561341,0.0617845593951642,0.01587977947201577,unsigned,1.0
motif_cnn53_hiranniramol_sequence_cnn_ig_015,853,hiranniramol,single,sequence,cnn,cnn53,cnn_ig,20,23,GGGG,0.012795447837561341,0.0617845593951642,0.01587977947201577,unsigned,0.5
motif_cnn53_hiranniramol_sequence_cnn_ig_015,889,hiranniramol,single,sequence,cnn,cnn53,cnn_ig,20,23,GGGG,0.012795447837561341,0.0617845593951642,0.01587977947201577,unsigned,0.1498
motif_cnn53_hiranniramol_sequence_cnn_ig_015,963,hiranniramol,single,sequence,cnn,cnn53,cnn_ig,20,23,GGGG,0.012795447837561341,0.0617845593951642,0.01587977947201577,unsigned,0.4347999999999999
motif_cnn53_hiranniramol_sequence_cnn_ig_015,980,hiranniramol,single,sequence,cnn,cnn53,cnn_ig,20,23,GGGG,0.012795447837561341,0.0617845593951642,0.01587977947201577,unsigned,0.3571
motif_cnn53_hiranniramol_sequence_cnn_ig_015,982,hiranniramol,single,sequence,cnn,cnn53,cnn_ig,20,23,GGGG,0.012795447837561341,0.0617845593951642,0.01587977947201577,unsigned,0.0
motif_cnn53_hiranniramol_sequence_cnn_ig_015,1073,hiranniramol,single,sequence,cnn,cnn53,cnn_ig,20,23,GGGG,0.012795447837561341,0.0617845593951642,0.01587977947201577,unsigned,0.3864
motif_cnn53_hiranniramol_sequence_cnn_ig_015,1099,hiranniramol,single,sequence,cnn,cnn53,cnn_ig,20,23,GGGG,0.012795447837561341,0.0617845593951642,0.01587977947201577,unsigned,0.4
motif_cnn53_hiranniramol_sequence_cnn_ig_015,1241,hiranniramol,single,sequence,cnn,cnn53,cnn_ig,20,23,GGGG,0.012795447837561341,0.0617845593951642,0.01587977947201577,unsigned,0.4515999999999999
motif_cnn73_hiranniramol_sequence_cnn_ig_016,3,hiranniramol,single,sequence,cnn,cnn73,cnn_ig,20,23,GAGG,0.029355547390878183,0.05756670329719778,0.018474802607670385,unsigned,1.0
motif_cnn73_hiranniramol_sequence_cnn_ig_016,22,hiranniramol,single,sequence,cnn,cnn73,cnn_ig,20,23,GAGG,0.029355547390878183,0.05756670329719778,0.018474802607670385,unsigned,1.0
motif_cnn73_hiranniramol_sequence_cnn_ig_016,38,hiranniramol,single,sequence,cnn,cnn73,cnn_ig,20,23,GAGG,0.029355547390878183,0.05756670329719778,0.018474802607670385,unsigned,1.0
motif_cnn73_hiranniramol_sequence_cnn_ig_016,66,hiranniramol,single,sequence,cnn,cnn73,cnn_ig,20,23,GAGG,0.029355547390878183,0.05756670329719778,0.018474802607670385,unsigned,1.0
motif_cnn73_hiranniramol_sequence_cnn_ig_016,67,hiranniramol,single,sequence,cnn,cnn73,cnn_ig,20,23,GAGG,0.029355547390878183,0.05756670329719778,0.018474802607670385,unsigned,1.0
motif_cnn73_hiranniramol_sequence_cnn_ig_016,89,hiranniramol,single,sequence,cnn,cnn73,cnn_ig,20,23,GAGG,0.029355547390878183,0.05756670329719778,0.018474802607670385,unsigned,1.0
motif_cnn73_hiranniramol_sequence_cnn_ig_016,104,hiranniramol,single,sequence,cnn,cnn73,cnn_ig,20,23,GAGG,0.029355547390878183,0.05756670329719778,0.018474802607670385,unsigned,1.0
motif_cnn73_hiranniramol_sequence_cnn_ig_016,122,hiranniramol,single,sequence,cnn,cnn73,cnn_ig,20,23,GAGG,0.029355547390878183,0.05756670329719778,0.018474802607670385,unsigned,1.0
motif_cnn73_hiranniramol_sequence_cnn_ig_016,125,hiranniramol,single,sequence,cnn,cnn73,cnn_ig,20,23,GAGG,0.029355547390878183,0.05756670329719778,0.018474802607670385,unsigned,1.0
motif_cnn73_hiranniramol_sequence_cnn_ig_016,129,hiranniramol,single,sequence,cnn,cnn73,cnn_ig,20,23,GAGG,0.029355547390878183,0.05756670329719778,0.018474802607670385,unsigned,1.0
motif_cnn73_hiranniramol_sequence_cnn_ig_016,131,hiranniramol,single,sequence,cnn,cnn73,cnn_ig,20,23,GAGG,0.029355547390878183,0.05756670329719778,0.018474802607670385,unsigned,1.0
motif_cnn73_hiranniramol_sequence_cnn_ig_016,137,hiranniramol,single,sequence,cnn,cnn73,cnn_ig,20,23,GAGG,0.029355547390878183,0.05756670329719778,0.018474802607670385,unsigned,1.0
motif_cnn73_hiranniramol_sequence_cnn_ig_016,142,hiranniramol,single,sequence,cnn,cnn73,cnn_ig,20,23,GAGG,0.029355547390878183,0.05756670329719778,0.018474802607670385,unsigned,1.0
motif_cnn73_hiranniramol_sequence_cnn_ig_016,149,hiranniramol,single,sequence,cnn,cnn73,cnn_ig,20,23,GAGG,0.029355547390878183,0.05756670329719778,0.018474802607670385,unsigned,1.0
motif_cnn73_hiranniramol_sequence_cnn_ig_016,151,hiranniramol,single,sequence,cnn,cnn73,cnn_ig,20,23,GAGG,0.029355547390878183,0.05756670329719778,0.018474802607670385,unsigned,1.0
motif_cnn73_hiranniramol_sequence_cnn_ig_016,193,hiranniramol,single,sequence,cnn,cnn73,cnn_ig,20,23,GAGG,0.029355547390878183,0.05756670329719778,0.018474802607670385,unsigned,1.0
motif_cnn73_hiranniramol_sequence_cnn_ig_016,201,hiranniramol,single,sequence,cnn,cnn73,cnn_ig,20,23,GAGG,0.029355547390878183,0.05756670329719778,0.018474802607670385,unsigned,1.0
motif_cnn73_hiranniramol_sequence_cnn_ig_016,226,hiranniramol,single,sequence,cnn,cnn73,cnn_ig,20,23,GAGG,0.029355547390878183,0.05756670329719778,0.018474802607670385,unsigned,1.0
motif_cnn73_hiranniramol_sequence_cnn_ig_016,231,hiranniramol,single,sequence,cnn,cnn73,cnn_ig,20,23,GAGG,0.029355547390878183,0.05756670329719778,0.018474802607670385,unsigned,1.0
motif_cnn73_hiranniramol_sequence_cnn_ig_016,243,hiranniramol,single,sequence,cnn,cnn73,cnn_ig,20,23,GAGG,0.029355547390878183,0.05756670329719778,0.018474802607670385,unsigned,1.0
motif_cnn73_hiranniramol_sequence_cnn_ig_016,260,hiranniramol,single,sequence,cnn,cnn73,cnn_ig,20,23,GAGG,0.029355547390878183,0.05756670329719778,0.018474802607670385,unsigned,1.0
motif_cnn73_hiranniramol_sequence_cnn_ig_016,266,hiranniramol,single,sequence,cnn,cnn73,cnn_ig,20,23,GAGG,0.029355547390878183,0.05756670329719778,0.018474802607670385,unsigned,1.0
motif_cnn73_hiranniramol_sequence_cnn_ig_016,279,hiranniramol,single,sequence,cnn,cnn73,cnn_ig,20,23,GAGG,0.029355547390878183,0.05756670329719778,0.018474802607670385,unsigned,1.0
motif_cnn73_hiranniramol_sequence_cnn_ig_016,285,hiranniramol,single,sequence,cnn,cnn73,cnn_ig,20,23,GAGG,0.029355547390878183,0.05756670329719778,0.018474802607670385,unsigned,1.0
motif_cnn73_hiranniramol_sequence_cnn_ig_016,292,hiranniramol,single,sequence,cnn,cnn73,cnn_ig,20,23,GAGG,0.029355547390878183,0.05756670329719778,0.018474802607670385,unsigned,1.0
motif_cnn73_hiranniramol_sequence_cnn_ig_016,306,hiranniramol,single,sequence,cnn,cnn73,cnn_ig,20,23,GAGG,0.029355547390878183,0.05756670329719778,0.018474802607670385,unsigned,1.0
motif_cnn73_hiranniramol_sequence_cnn_ig_016,307,hiranniramol,single,sequence,cnn,cnn73,cnn_ig,20,23,GAGG,0.029355547390878183,0.05756670329719778,0.018474802607670385,unsigned,1.0
motif_cnn73_hiranniramol_sequence_cnn_ig_016,310,hiranniramol,single,sequence,cnn,cnn73,cnn_ig,20,23,GAGG,0.029355547390878183,0.05756670329719778,0.018474802607670385,unsigned,1.0
motif_cnn73_hiranniramol_sequence_cnn_ig_016,317,hiranniramol,single,sequence,cnn,cnn73,cnn_ig,20,23,GAGG,0.029355547390878183,0.05756670329719778,0.018474802607670385,unsigned,1.0
motif_cnn73_hiranniramol_sequence_cnn_ig_016,318,hiranniramol,single,sequence,cnn,cnn73,cnn_ig,20,23,GAGG,0.029355547390878183,0.05756670329719778,0.018474802607670385,unsigned,1.0
motif_cnn73_hiranniramol_sequence_cnn_ig_016,320,hiranniramol,single,sequence,cnn,cnn73,cnn_ig,20,23,GAGG,0.029355547390878183,0.05756670329719778,0.018474802607670385,unsigned,1.0
motif_cnn73_hiranniramol_sequence_cnn_ig_016,340,hiranniramol,single,sequence,cnn,cnn73,cnn_ig,20,23,GAGG,0.029355547390878183,0.05756670329719778,0.018474802607670385,unsigned,1.0
motif_cnn73_hiranniramol_sequence_cnn_ig_016,350,hiranniramol,single,sequence,cnn,cnn73,cnn_ig,20,23,GAGG,0.029355547390878183,0.05756670329719778,0.018474802607670385,unsigned,1.0
motif_cnn73_hiranniramol_sequence_cnn_ig_016,363,hiranniramol,single,sequence,cnn,cnn73,cnn_ig,20,23,GAGG,0.029355547390878183,0.05756670329719778,0.018474802607670385,unsigned,1.0
motif_cnn73_hiranniramol_sequence_cnn_ig_016,364,hiranniramol,single,sequence,cnn,cnn73,cnn_ig,20,23,GAGG,0.029355547390878183,0.05756670329719778,0.018474802607670385,unsigned,1.0
motif_cnn73_hiranniramol_sequence_cnn_ig_016,371,hiranniramol,single,sequence,cnn,cnn73,cnn_ig,20,23,GAGG,0.029355547390878183,0.05756670329719778,0.018474802607670385,unsigned,1.0
motif_cnn73_hiranniramol_sequence_cnn_ig_016,403,hiranniramol,single,sequence,cnn,cnn73,cnn_ig,20,23,GAGG,0.029355547390878183,0.05756670329719778,0.018474802607670385,unsigned,1.0
motif_cnn73_hiranniramol_sequence_cnn_ig_016,406,hiranniramol,single,sequence,cnn,cnn73,cnn_ig,20,23,GAGG,0.029355547390878183,0.05756670329719778,0.018474802607670385,unsigned,1.0
motif_cnn73_hiranniramol_sequence_cnn_ig_016,415,hiranniramol,single,sequence,cnn,cnn73,cnn_ig,20,23,GAGG,0.029355547390878183,0.05756670329719778,0.018474802607670385,unsigned,1.0
motif_cnn73_hiranniramol_sequence_cnn_ig_016,416,hiranniramol,single,sequence,cnn,cnn73,cnn_ig,20,23,GAGG,0.029355547390878183,0.05756670329719778,0.018474802607670385,unsigned,1.0
motif_cnn73_hiranniramol_sequence_cnn_ig_016,420,hiranniramol,single,sequence,cnn,cnn73,cnn_ig,20,23,GAGG,0.029355547390878183,0.05756670329719778,0.018474802607670385,unsigned,1.0
motif_cnn73_hiranniramol_sequence_cnn_ig_016,431,hiranniramol,single,sequence,cnn,cnn73,cnn_ig,20,23,GAGG,0.029355547390878183,0.05756670329719778,0.018474802607670385,unsigned,1.0
motif_cnn73_hiranniramol_sequence_cnn_ig_016,434,hiranniramol,single,sequence,cnn,cnn73,cnn_ig,20,23,GAGG,0.029355547390878183,0.05756670329719778,0.018474802607670385,unsigned,1.0
motif_cnn73_hiranniramol_sequence_cnn_ig_016,440,hiranniramol,single,sequence,cnn,cnn73,cnn_ig,20,23,GAGG,0.029355547390878183,0.05756670329719778,0.018474802607670385,unsigned,1.0
motif_cnn73_hiranniramol_sequence_cnn_ig_016,452,hiranniramol,single,sequence,cnn,cnn73,cnn_ig,20,23,GAGG,0.029355547390878183,0.05756670329719778,0.018474802607670385,unsigned,1.0
motif_cnn73_hiranniramol_sequence_cnn_ig_016,456,hiranniramol,single,sequence,cnn,cnn73,cnn_ig,20,23,GAGG,0.029355547390878183,0.05756670329719778,0.018474802607670385,unsigned,1.0
motif_cnn73_hiranniramol_sequence_cnn_ig_016,476,hiranniramol,single,sequence,cnn,cnn73,cnn_ig,20,23,GAGG,0.029355547390878183,0.05756670329719778,0.018474802607670385,unsigned,1.0
motif_cnn73_hiranniramol_sequence_cnn_ig_016,477,hiranniramol,single,sequence,cnn,cnn73,cnn_ig,20,23,GAGG,0.029355547390878183,0.05756670329719778,0.018474802607670385,unsigned,1.0
motif_cnn73_hiranniramol_sequence_cnn_ig_016,479,hiranniramol,single,sequence,cnn,cnn73,cnn_ig,20,23,GAGG,0.029355547390878183,0.05756670329719778,0.018474802607670385,unsigned,1.0
motif_cnn73_hiranniramol_sequence_cnn_ig_016,483,hiranniramol,single,sequence,cnn,cnn73,cnn_ig,20,23,GAGG,0.029355547390878183,0.05756670329719778,0.018474802607670385,unsigned,1.0
motif_cnn73_hiranniramol_sequence_cnn_ig_016,492,hiranniramol,single,sequence,cnn,cnn73,cnn_ig,20,23,GAGG,0.029355547390878183,0.05756670329719778,0.018474802607670385,unsigned,1.0
motif_cnn73_hiranniramol_sequence_cnn_ig_016,494,hiranniramol,single,sequence,cnn,cnn73,cnn_ig,20,23,GAGG,0.029355547390878183,0.05756670329719778,0.018474802607670385,unsigned,1.0
motif_cnn73_hiranniramol_sequence_cnn_ig_016,500,hiranniramol,single,sequence,cnn,cnn73,cnn_ig,20,23,GAGG,0.029355547390878183,0.05756670329719778,0.018474802607670385,unsigned,1.0
motif_cnn73_hiranniramol_sequence_cnn_ig_016,510,hiranniramol,single,sequence,cnn,cnn73,cnn_ig,20,23,GAGG,0.029355547390878183,0.05756670329719778,0.018474802607670385,unsigned,1.0
motif_cnn73_hiranniramol_sequence_cnn_ig_016,512,hiranniramol,single,sequence,cnn,cnn73,cnn_ig,20,23,GAGG,0.029355547390878183,0.05756670329719778,0.018474802607670385,unsigned,1.0
motif_cnn73_hiranniramol_sequence_cnn_ig_016,530,hiranniramol,single,sequence,cnn,cnn73,cnn_ig,20,23,GAGG,0.029355547390878183,0.05756670329719778,0.018474802607670385,unsigned,1.0
motif_cnn73_hiranniramol_sequence_cnn_ig_016,532,hiranniramol,single,sequence,cnn,cnn73,cnn_ig,20,23,GAGG,0.029355547390878183,0.05756670329719778,0.018474802607670385,unsigned,1.0
motif_cnn73_hiranniramol_sequence_cnn_ig_016,538,hiranniramol,single,sequence,cnn,cnn73,cnn_ig,20,23,GAGG,0.029355547390878183,0.05756670329719778,0.018474802607670385,unsigned,1.0
motif_cnn73_hiranniramol_sequence_cnn_ig_016,544,hiranniramol,single,sequence,cnn,cnn73,cnn_ig,20,23,GAGG,0.029355547390878183,0.05756670329719778,0.018474802607670385,unsigned,1.0
motif_cnn73_hiranniramol_sequence_cnn_ig_016,547,hiranniramol,single,sequence,cnn,cnn73,cnn_ig,20,23,GAGG,0.029355547390878183,0.05756670329719778,0.018474802607670385,unsigned,1.0
motif_cnn73_hiranniramol_sequence_cnn_ig_016,548,hiranniramol,single,sequence,cnn,cnn73,cnn_ig,20,23,GAGG,0.029355547390878183,0.05756670329719778,0.018474802607670385,unsigned,1.0
motif_cnn73_hiranniramol_sequence_cnn_ig_016,550,hiranniramol,single,sequence,cnn,cnn73,cnn_ig,20,23,GAGG,0.029355547390878183,0.05756670329719778,0.018474802607670385,unsigned,1.0
motif_cnn73_hiranniramol_sequence_cnn_ig_016,583,hiranniramol,single,sequence,cnn,cnn73,cnn_ig,20,23,GAGG,0.029355547390878183,0.05756670329719778,0.018474802607670385,unsigned,1.0
motif_cnn73_hiranniramol_sequence_cnn_ig_016,596,hiranniramol,single,sequence,cnn,cnn73,cnn_ig,20,23,GAGG,0.029355547390878183,0.05756670329719778,0.018474802607670385,unsigned,1.0
motif_cnn73_hiranniramol_sequence_cnn_ig_016,599,hiranniramol,single,sequence,cnn,cnn73,cnn_ig,20,23,GAGG,0.029355547390878183,0.05756670329719778,0.018474802607670385,unsigned,1.0
motif_cnn73_hiranniramol_sequence_cnn_ig_016,603,hiranniramol,single,sequence,cnn,cnn73,cnn_ig,20,23,GAGG,0.029355547390878183,0.05756670329719778,0.018474802607670385,unsigned,1.0
motif_cnn73_hiranniramol_sequence_cnn_ig_016,607,hiranniramol,single,sequence,cnn,cnn73,cnn_ig,20,23,GAGG,0.029355547390878183,0.05756670329719778,0.018474802607670385,unsigned,1.0
motif_cnn73_hiranniramol_sequence_cnn_ig_016,610,hiranniramol,single,sequence,cnn,cnn73,cnn_ig,20,23,GAGG,0.029355547390878183,0.05756670329719778,0.018474802607670385,unsigned,1.0
motif_cnn73_hiranniramol_sequence_cnn_ig_016,625,hiranniramol,single,sequence,cnn,cnn73,cnn_ig,20,23,GAGG,0.029355547390878183,0.05756670329719778,0.018474802607670385,unsigned,1.0
motif_cnn73_hiranniramol_sequence_cnn_ig_016,635,hiranniramol,single,sequence,cnn,cnn73,cnn_ig,20,23,GAGG,0.029355547390878183,0.05756670329719778,0.018474802607670385,unsigned,1.0
motif_cnn73_hiranniramol_sequence_cnn_ig_016,646,hiranniramol,single,sequence,cnn,cnn73,cnn_ig,20,23,GAGG,0.029355547390878183,0.05756670329719778,0.018474802607670385,unsigned,1.0
motif_cnn73_hiranniramol_sequence_cnn_ig_016,676,hiranniramol,single,sequence,cnn,cnn73,cnn_ig,20,23,GAGG,0.029355547390878183,0.05756670329719778,0.018474802607670385,unsigned,1.0
motif_cnn73_hiranniramol_sequence_cnn_ig_016,677,hiranniramol,single,sequence,cnn,cnn73,cnn_ig,20,23,GAGG,0.029355547390878183,0.05756670329719778,0.018474802607670385,unsigned,1.0
motif_cnn73_hiranniramol_sequence_cnn_ig_016,681,hiranniramol,single,sequence,cnn,cnn73,cnn_ig,20,23,GAGG,0.029355547390878183,0.05756670329719778,0.018474802607670385,unsigned,1.0
motif_cnn73_hiranniramol_sequence_cnn_ig_016,683,hiranniramol,single,sequence,cnn,cnn73,cnn_ig,20,23,GAGG,0.029355547390878183,0.05756670329719778,0.018474802607670385,unsigned,1.0
motif_cnn73_hiranniramol_sequence_cnn_ig_016,689,hiranniramol,single,sequence,cnn,cnn73,cnn_ig,20,23,GAGG,0.029355547390878183,0.05756670329719778,0.018474802607670385,unsigned,1.0
motif_cnn73_hiranniramol_sequence_cnn_ig_016,716,hiranniramol,single,sequence,cnn,cnn73,cnn_ig,20,23,GAGG,0.029355547390878183,0.05756670329719778,0.018474802607670385,unsigned,1.0
motif_cnn73_hiranniramol_sequence_cnn_ig_016,721,hiranniramol,single,sequence,cnn,cnn73,cnn_ig,20,23,GAGG,0.029355547390878183,0.05756670329719778,0.018474802607670385,unsigned,1.0
motif_cnn73_hiranniramol_sequence_cnn_ig_016,739,hiranniramol,single,sequence,cnn,cnn73,cnn_ig,20,23,GAGG,0.029355547390878183,0.05756670329719778,0.018474802607670385,unsigned,1.0
motif_cnn73_hiranniramol_sequence_cnn_ig_016,843,hiranniramol,single,sequence,cnn,cnn73,cnn_ig,20,23,GAGG,0.029355547390878183,0.05756670329719778,0.018474802607670385,unsigned,0.4090999999999999
motif_cnn73_hiranniramol_sequence_cnn_ig_016,851,hiranniramol,single,sequence,cnn,cnn73,cnn_ig,20,23,GAGG,0.029355547390878183,0.05756670329719778,0.018474802607670385,unsigned,0.3043
motif_cnn73_hiranniramol_sequence_cnn_ig_016,875,hiranniramol,single,sequence,cnn,cnn73,cnn_ig,20,23,GAGG,0.029355547390878183,0.05756670329719778,0.018474802607670385,unsigned,0.1473
motif_cnn73_hiranniramol_sequence_cnn_ig_016,882,hiranniramol,single,sequence,cnn,cnn73,cnn_ig,20,23,GAGG,0.029355547390878183,0.05756670329719778,0.018474802607670385,unsigned,0.5
motif_cnn73_hiranniramol_sequence_cnn_ig_016,915,hiranniramol,single,sequence,cnn,cnn73,cnn_ig,20,23,GAGG,0.029355547390878183,0.05756670329719778,0.018474802607670385,unsigned,0.1389
motif_cnn73_hiranniramol_sequence_cnn_ig_016,929,hiranniramol,single,sequence,cnn,cnn73,cnn_ig,20,23,GAGG,0.029355547390878183,0.05756670329719778,0.018474802607670385,unsigned,0.325
motif_cnn73_hiranniramol_sequence_cnn_ig_016,1053,hiranniramol,single,sequence,cnn,cnn73,cnn_ig,20,23,GAGG,0.029355547390878183,0.05756670329719778,0.018474802607670385,unsigned,0.0909
motif_cnn73_hiranniramol_sequence_cnn_ig_016,1065,hiranniramol,single,sequence,cnn,cnn73,cnn_ig,20,23,GAGG,0.029355547390878183,0.05756670329719778,0.018474802607670385,unsigned,0.2619
motif_cnn73_hiranniramol_sequence_cnn_ig_016,1129,hiranniramol,single,sequence,cnn,cnn73,cnn_ig,20,23,GAGG,0.029355547390878183,0.05756670329719778,0.018474802607670385,unsigned,0.0
motif_cnn33_hiranniramol_sequence_cnn_ig_017,2,hiranniramol,single,sequence,cnn,cnn33,cnn_ig,20,23,CAGG,0.0081202864530496,0.06176875415258104,0.0104792518977774,unsigned,1.0
motif_cnn33_hiranniramol_sequence_cnn_ig_017,9,hiranniramol,single,sequence,cnn,cnn33,cnn_ig,20,23,CAGG,0.0081202864530496,0.06176875415258104,0.0104792518977774,unsigned,1.0
motif_cnn33_hiranniramol_sequence_cnn_ig_017,23,hiranniramol,single,sequence,cnn,cnn33,cnn_ig,20,23,CAGG,0.0081202864530496,0.06176875415258104,0.0104792518977774,unsigned,1.0
motif_cnn33_hiranniramol_sequence_cnn_ig_017,24,hiranniramol,single,sequence,cnn,cnn33,cnn_ig,20,23,CAGG,0.0081202864530496,0.06176875415258104,0.0104792518977774,unsigned,1.0
motif_cnn33_hiranniramol_sequence_cnn_ig_017,29,hiranniramol,single,sequence,cnn,cnn33,cnn_ig,20,23,CAGG,0.0081202864530496,0.06176875415258104,0.0104792518977774,unsigned,1.0
motif_cnn33_hiranniramol_sequence_cnn_ig_017,57,hiranniramol,single,sequence,cnn,cnn33,cnn_ig,20,23,CAGG,0.0081202864530496,0.06176875415258104,0.0104792518977774,unsigned,1.0
motif_cnn33_hiranniramol_sequence_cnn_ig_017,60,hiranniramol,single,sequence,cnn,cnn33,cnn_ig,20,23,CAGG,0.0081202864530496,0.06176875415258104,0.0104792518977774,unsigned,1.0
motif_cnn33_hiranniramol_sequence_cnn_ig_017,68,hiranniramol,single,sequence,cnn,cnn33,cnn_ig,20,23,CAGG,0.0081202864530496,0.06176875415258104,0.0104792518977774,unsigned,1.0
motif_cnn33_hiranniramol_sequence_cnn_ig_017,69,hiranniramol,single,sequence,cnn,cnn33,cnn_ig,20,23,CAGG,0.0081202864530496,0.06176875415258104,0.0104792518977774,unsigned,1.0
motif_cnn33_hiranniramol_sequence_cnn_ig_017,94,hiranniramol,single,sequence,cnn,cnn33,cnn_ig,20,23,CAGG,0.0081202864530496,0.06176875415258104,0.0104792518977774,unsigned,1.0
motif_cnn33_hiranniramol_sequence_cnn_ig_017,97,hiranniramol,single,sequence,cnn,cnn33,cnn_ig,20,23,CAGG,0.0081202864530496,0.06176875415258104,0.0104792518977774,unsigned,1.0
motif_cnn33_hiranniramol_sequence_cnn_ig_017,105,hiranniramol,single,sequence,cnn,cnn33,cnn_ig,20,23,CAGG,0.0081202864530496,0.06176875415258104,0.0104792518977774,unsigned,1.0
motif_cnn33_hiranniramol_sequence_cnn_ig_017,127,hiranniramol,single,sequence,cnn,cnn33,cnn_ig,20,23,CAGG,0.0081202864530496,0.06176875415258104,0.0104792518977774,unsigned,1.0
motif_cnn33_hiranniramol_sequence_cnn_ig_017,170,hiranniramol,single,sequence,cnn,cnn33,cnn_ig,20,23,CAGG,0.0081202864530496,0.06176875415258104,0.0104792518977774,unsigned,1.0
motif_cnn33_hiranniramol_sequence_cnn_ig_017,171,hiranniramol,single,sequence,cnn,cnn33,cnn_ig,20,23,CAGG,0.0081202864530496,0.06176875415258104,0.0104792518977774,unsigned,1.0
motif_cnn33_hiranniramol_sequence_cnn_ig_017,174,hiranniramol,single,sequence,cnn,cnn33,cnn_ig,20,23,CAGG,0.0081202864530496,0.06176875415258104,0.0104792518977774,unsigned,1.0
motif_cnn33_hiranniramol_sequence_cnn_ig_017,195,hiranniramol,single,sequence,cnn,cnn33,cnn_ig,20,23,CAGG,0.0081202864530496,0.06176875415258104,0.0104792518977774,unsigned,1.0
motif_cnn33_hiranniramol_sequence_cnn_ig_017,215,hiranniramol,single,sequence,cnn,cnn33,cnn_ig,20,23,CAGG,0.0081202864530496,0.06176875415258104,0.0104792518977774,unsigned,1.0
motif_cnn33_hiranniramol_sequence_cnn_ig_017,218,hiranniramol,single,sequence,cnn,cnn33,cnn_ig,20,23,CAGG,0.0081202864530496,0.06176875415258104,0.0104792518977774,unsigned,1.0
motif_cnn33_hiranniramol_sequence_cnn_ig_017,225,hiranniramol,single,sequence,cnn,cnn33,cnn_ig,20,23,CAGG,0.0081202864530496,0.06176875415258104,0.0104792518977774,unsigned,1.0
motif_cnn33_hiranniramol_sequence_cnn_ig_017,274,hiranniramol,single,sequence,cnn,cnn33,cnn_ig,20,23,CAGG,0.0081202864530496,0.06176875415258104,0.0104792518977774,unsigned,1.0
motif_cnn33_hiranniramol_sequence_cnn_ig_017,288,hiranniramol,single,sequence,cnn,cnn33,cnn_ig,20,23,CAGG,0.0081202864530496,0.06176875415258104,0.0104792518977774,unsigned,1.0
motif_cnn33_hiranniramol_sequence_cnn_ig_017,354,hiranniramol,single,sequence,cnn,cnn33,cnn_ig,20,23,CAGG,0.0081202864530496,0.06176875415258104,0.0104792518977774,unsigned,1.0
motif_cnn33_hiranniramol_sequence_cnn_ig_017,367,hiranniramol,single,sequence,cnn,cnn33,cnn_ig,20,23,CAGG,0.0081202864530496,0.06176875415258104,0.0104792518977774,unsigned,1.0
motif_cnn33_hiranniramol_sequence_cnn_ig_017,372,hiranniramol,single,sequence,cnn,cnn33,cnn_ig,20,23,CAGG,0.0081202864530496,0.06176875415258104,0.0104792518977774,unsigned,1.0
motif_cnn33_hiranniramol_sequence_cnn_ig_017,393,hiranniramol,single,sequence,cnn,cnn33,cnn_ig,20,23,CAGG,0.0081202864530496,0.06176875415258104,0.0104792518977774,unsigned,1.0
motif_cnn33_hiranniramol_sequence_cnn_ig_017,428,hiranniramol,single,sequence,cnn,cnn33,cnn_ig,20,23,CAGG,0.0081202864530496,0.06176875415258104,0.0104792518977774,unsigned,1.0
motif_cnn33_hiranniramol_sequence_cnn_ig_017,475,hiranniramol,single,sequence,cnn,cnn33,cnn_ig,20,23,CAGG,0.0081202864530496,0.06176875415258104,0.0104792518977774,unsigned,1.0
motif_cnn33_hiranniramol_sequence_cnn_ig_017,484,hiranniramol,single,sequence,cnn,cnn33,cnn_ig,20,23,CAGG,0.0081202864530496,0.06176875415258104,0.0104792518977774,unsigned,1.0
motif_cnn33_hiranniramol_sequence_cnn_ig_017,508,hiranniramol,single,sequence,cnn,cnn33,cnn_ig,20,23,CAGG,0.0081202864530496,0.06176875415258104,0.0104792518977774,unsigned,1.0
motif_cnn33_hiranniramol_sequence_cnn_ig_017,515,hiranniramol,single,sequence,cnn,cnn33,cnn_ig,20,23,CAGG,0.0081202864530496,0.06176875415258104,0.0104792518977774,unsigned,1.0
motif_cnn33_hiranniramol_sequence_cnn_ig_017,555,hiranniramol,single,sequence,cnn,cnn33,cnn_ig,20,23,CAGG,0.0081202864530496,0.06176875415258104,0.0104792518977774,unsigned,1.0
motif_cnn33_hiranniramol_sequence_cnn_ig_017,621,hiranniramol,single,sequence,cnn,cnn33,cnn_ig,20,23,CAGG,0.0081202864530496,0.06176875415258104,0.0104792518977774,unsigned,1.0
motif_cnn33_hiranniramol_sequence_cnn_ig_017,647,hiranniramol,single,sequence,cnn,cnn33,cnn_ig,20,23,CAGG,0.0081202864530496,0.06176875415258104,0.0104792518977774,unsigned,1.0
motif_cnn33_hiranniramol_sequence_cnn_ig_017,655,hiranniramol,single,sequence,cnn,cnn33,cnn_ig,20,23,CAGG,0.0081202864530496,0.06176875415258104,0.0104792518977774,unsigned,1.0
motif_cnn33_hiranniramol_sequence_cnn_ig_017,690,hiranniramol,single,sequence,cnn,cnn33,cnn_ig,20,23,CAGG,0.0081202864530496,0.06176875415258104,0.0104792518977774,unsigned,1.0
motif_cnn33_hiranniramol_sequence_cnn_ig_017,697,hiranniramol,single,sequence,cnn,cnn33,cnn_ig,20,23,CAGG,0.0081202864530496,0.06176875415258104,0.0104792518977774,unsigned,1.0
motif_cnn33_hiranniramol_sequence_cnn_ig_017,738,hiranniramol,single,sequence,cnn,cnn33,cnn_ig,20,23,CAGG,0.0081202864530496,0.06176875415258104,0.0104792518977774,unsigned,1.0
motif_cnn33_hiranniramol_sequence_cnn_ig_017,747,hiranniramol,single,sequence,cnn,cnn33,cnn_ig,20,23,CAGG,0.0081202864530496,0.06176875415258104,0.0104792518977774,unsigned,0.1846
motif_cnn33_hiranniramol_sequence_cnn_ig_017,750,hiranniramol,single,sequence,cnn,cnn33,cnn_ig,20,23,CAGG,0.0081202864530496,0.06176875415258104,0.0104792518977774,unsigned,0.0833
motif_cnn33_hiranniramol_sequence_cnn_ig_017,753,hiranniramol,single,sequence,cnn,cnn33,cnn_ig,20,23,CAGG,0.0081202864530496,0.06176875415258104,0.0104792518977774,unsigned,0.25
motif_cnn33_hiranniramol_sequence_cnn_ig_017,768,hiranniramol,single,sequence,cnn,cnn33,cnn_ig,20,23,CAGG,0.0081202864530496,0.06176875415258104,0.0104792518977774,unsigned,0.4
motif_cnn33_hiranniramol_sequence_cnn_ig_017,779,hiranniramol,single,sequence,cnn,cnn33,cnn_ig,20,23,CAGG,0.0081202864530496,0.06176875415258104,0.0104792518977774,unsigned,0.4167
motif_cnn33_hiranniramol_sequence_cnn_ig_017,783,hiranniramol,single,sequence,cnn,cnn33,cnn_ig,20,23,CAGG,0.0081202864530496,0.06176875415258104,0.0104792518977774,unsigned,0.125
motif_cnn33_hiranniramol_sequence_cnn_ig_017,784,hiranniramol,single,sequence,cnn,cnn33,cnn_ig,20,23,CAGG,0.0081202864530496,0.06176875415258104,0.0104792518977774,unsigned,0.3519
motif_cnn33_hiranniramol_sequence_cnn_ig_017,802,hiranniramol,single,sequence,cnn,cnn33,cnn_ig,20,23,CAGG,0.0081202864530496,0.06176875415258104,0.0104792518977774,unsigned,0.0713999999999999
motif_cnn33_hiranniramol_sequence_cnn_ig_017,809,hiranniramol,single,sequence,cnn,cnn33,cnn_ig,20,23,CAGG,0.0081202864530496,0.06176875415258104,0.0104792518977774,unsigned,0.0
motif_cnn33_hiranniramol_sequence_cnn_ig_017,829,hiranniramol,single,sequence,cnn,cnn33,cnn_ig,20,23,CAGG,0.0081202864530496,0.06176875415258104,0.0104792518977774,unsigned,0.4576
motif_cnn33_hiranniramol_sequence_cnn_ig_017,831,hiranniramol,single,sequence,cnn,cnn33,cnn_ig,20,23,CAGG,0.0081202864530496,0.06176875415258104,0.0104792518977774,unsigned,0.1404
motif_cnn33_hiranniramol_sequence_cnn_ig_017,832,hiranniramol,single,sequence,cnn,cnn33,cnn_ig,20,23,CAGG,0.0081202864530496,0.06176875415258104,0.0104792518977774,unsigned,0.4706
motif_cnn33_hiranniramol_sequence_cnn_ig_017,833,hiranniramol,single,sequence,cnn,cnn33,cnn_ig,20,23,CAGG,0.0081202864530496,0.06176875415258104,0.0104792518977774,unsigned,0.0909
motif_cnn33_hiranniramol_sequence_cnn_ig_017,873,hiranniramol,single,sequence,cnn,cnn33,cnn_ig,20,23,CAGG,0.0081202864530496,0.06176875415258104,0.0104792518977774,unsigned,0.4595
motif_cnn33_hiranniramol_sequence_cnn_ig_017,891,hiranniramol,single,sequence,cnn,cnn33,cnn_ig,20,23,CAGG,0.0081202864530496,0.06176875415258104,0.0104792518977774,unsigned,0.3333
motif_cnn33_hiranniramol_sequence_cnn_ig_017,925,hiranniramol,single,sequence,cnn,cnn33,cnn_ig,20,23,CAGG,0.0081202864530496,0.06176875415258104,0.0104792518977774,unsigned,0.2458
motif_cnn33_hiranniramol_sequence_cnn_ig_017,978,hiranniramol,single,sequence,cnn,cnn33,cnn_ig,20,23,CAGG,0.0081202864530496,0.06176875415258104,0.0104792518977774,unsigned,0.314
motif_cnn33_hiranniramol_sequence_cnn_ig_017,993,hiranniramol,single,sequence,cnn,cnn33,cnn_ig,20,23,CAGG,0.0081202864530496,0.06176875415258104,0.0104792518977774,unsigned,0.1773999999999999
motif_cnn33_hiranniramol_sequence_cnn_ig_017,996,hiranniramol,single,sequence,cnn,cnn33,cnn_ig,20,23,CAGG,0.0081202864530496,0.06176875415258104,0.0104792518977774,unsigned,0.125
motif_cnn33_hiranniramol_sequence_cnn_ig_017,1004,hiranniramol,single,sequence,cnn,cnn33,cnn_ig,20,23,CAGG,0.0081202864530496,0.06176875415258104,0.0104792518977774,unsigned,0.4667
motif_cnn33_hiranniramol_sequence_cnn_ig_017,1009,hiranniramol,single,sequence,cnn,cnn33,cnn_ig,20,23,CAGG,0.0081202864530496,0.06176875415258104,0.0104792518977774,unsigned,0.5
motif_cnn33_hiranniramol_sequence_cnn_ig_017,1028,hiranniramol,single,sequence,cnn,cnn33,cnn_ig,20,23,CAGG,0.0081202864530496,0.06176875415258104,0.0104792518977774,unsigned,0.4
motif_cnn33_hiranniramol_sequence_cnn_ig_017,1030,hiranniramol,single,sequence,cnn,cnn33,cnn_ig,20,23,CAGG,0.0081202864530496,0.06176875415258104,0.0104792518977774,unsigned,0.4717
motif_cnn33_hiranniramol_sequence_cnn_ig_017,1035,hiranniramol,single,sequence,cnn,cnn33,cnn_ig,20,23,CAGG,0.0081202864530496,0.06176875415258104,0.0104792518977774,unsigned,0.4347999999999999
motif_cnn33_hiranniramol_sequence_cnn_ig_017,1049,hiranniramol,single,sequence,cnn,cnn33,cnn_ig,20,23,CAGG,0.0081202864530496,0.06176875415258104,0.0104792518977774,unsigned,0.4545
motif_cnn33_hiranniramol_sequence_cnn_ig_017,1064,hiranniramol,single,sequence,cnn,cnn33,cnn_ig,20,23,CAGG,0.0081202864530496,0.06176875415258104,0.0104792518977774,unsigned,0.0833
motif_cnn33_hiranniramol_sequence_cnn_ig_017,1087,hiranniramol,single,sequence,cnn,cnn33,cnn_ig,20,23,CAGG,0.0081202864530496,0.06176875415258104,0.0104792518977774,unsigned,0.4
motif_cnn33_hiranniramol_sequence_cnn_ig_017,1095,hiranniramol,single,sequence,cnn,cnn33,cnn_ig,20,23,CAGG,0.0081202864530496,0.06176875415258104,0.0104792518977774,unsigned,0.3333
motif_cnn33_hiranniramol_sequence_cnn_ig_017,1101,hiranniramol,single,sequence,cnn,cnn33,cnn_ig,20,23,CAGG,0.0081202864530496,0.06176875415258104,0.0104792518977774,unsigned,0.0
motif_cnn33_hiranniramol_sequence_cnn_ig_017,1102,hiranniramol,single,sequence,cnn,cnn33,cnn_ig,20,23,CAGG,0.0081202864530496,0.06176875415258104,0.0104792518977774,unsigned,0.0
motif_cnn33_hiranniramol_sequence_cnn_ig_017,1110,hiranniramol,single,sequence,cnn,cnn33,cnn_ig,20,23,CAGG,0.0081202864530496,0.06176875415258104,0.0104792518977774,unsigned,0.0833
motif_cnn33_hiranniramol_sequence_cnn_ig_017,1124,hiranniramol,single,sequence,cnn,cnn33,cnn_ig,20,23,CAGG,0.0081202864530496,0.06176875415258104,0.0104792518977774,unsigned,0.1686
motif_cnn33_hiranniramol_sequence_cnn_ig_017,1134,hiranniramol,single,sequence,cnn,cnn33,cnn_ig,20,23,CAGG,0.0081202864530496,0.06176875415258104,0.0104792518977774,unsigned,0.3846
motif_cnn33_hiranniramol_sequence_cnn_ig_017,1137,hiranniramol,single,sequence,cnn,cnn33,cnn_ig,20,23,CAGG,0.0081202864530496,0.06176875415258104,0.0104792518977774,unsigned,0.2312999999999999
motif_cnn33_hiranniramol_sequence_cnn_ig_017,1154,hiranniramol,single,sequence,cnn,cnn33,cnn_ig,20,23,CAGG,0.0081202864530496,0.06176875415258104,0.0104792518977774,unsigned,0.3571
motif_cnn33_hiranniramol_sequence_cnn_ig_017,1162,hiranniramol,single,sequence,cnn,cnn33,cnn_ig,20,23,CAGG,0.0081202864530496,0.06176875415258104,0.0104792518977774,unsigned,0.1667
motif_cnn33_hiranniramol_sequence_cnn_ig_017,1173,hiranniramol,single,sequence,cnn,cnn33,cnn_ig,20,23,CAGG,0.0081202864530496,0.06176875415258104,0.0104792518977774,unsigned,0.3182
motif_cnn33_hiranniramol_sequence_cnn_ig_017,1189,hiranniramol,single,sequence,cnn,cnn33,cnn_ig,20,23,CAGG,0.0081202864530496,0.06176875415258104,0.0104792518977774,unsigned,0.4614999999999999
motif_cnn33_hiranniramol_sequence_cnn_ig_017,1197,hiranniramol,single,sequence,cnn,cnn33,cnn_ig,20,23,CAGG,0.0081202864530496,0.06176875415258104,0.0104792518977774,unsigned,0.1967
motif_cnn33_hiranniramol_sequence_cnn_ig_017,1222,hiranniramol,single,sequence,cnn,cnn33,cnn_ig,20,23,CAGG,0.0081202864530496,0.06176875415258104,0.0104792518977774,unsigned,0.5
motif_cnn33_hiranniramol_sequence_cnn_ig_017,1223,hiranniramol,single,sequence,cnn,cnn33,cnn_ig,20,23,CAGG,0.0081202864530496,0.06176875415258104,0.0104792518977774,unsigned,0.4217
motif_cnn33_hiranniramol_sequence_cnn_ig_017,1226,hiranniramol,single,sequence,cnn,cnn33,cnn_ig,20,23,CAGG,0.0081202864530496,0.06176875415258104,0.0104792518977774,unsigned,0.4557
motif_cnn33_hiranniramol_sequence_cnn_ig_017,1239,hiranniramol,single,sequence,cnn,cnn33,cnn_ig,20,23,CAGG,0.0081202864530496,0.06176875415258104,0.0104792518977774,unsigned,0.4706
motif_cnn33_hiranniramol_sequence_cnn_ig_017,1240,hiranniramol,single,sequence,cnn,cnn33,cnn_ig,20,23,CAGG,0.0081202864530496,0.06176875415258104,0.0104792518977774,unsigned,0.2
motif_cnn33_hiranniramol_sequence_cnn_ig_017,1242,hiranniramol,single,sequence,cnn,cnn33,cnn_ig,20,23,CAGG,0.0081202864530496,0.06176875415258104,0.0104792518977774,unsigned,0.0
motif_cnn33_hiranniramol_sequence_cnn_ig_017,1273,hiranniramol,single,sequence,cnn,cnn33,cnn_ig,20,23,CAGG,0.0081202864530496,0.06176875415258104,0.0104792518977774,unsigned,0.4761999999999999
motif_cnn33_hiranniramol_sequence_cnn_ig_017,1275,hiranniramol,single,sequence,cnn,cnn33,cnn_ig,20,23,CAGG,0.0081202864530496,0.06176875415258104,0.0104792518977774,unsigned,0.2332999999999999
motif_cnn33_hiranniramol_sequence_cnn_ig_017,1283,hiranniramol,single,sequence,cnn,cnn33,cnn_ig,20,23,CAGG,0.0081202864530496,0.06176875415258104,0.0104792518977774,unsigned,0.0475999999999999
motif_cnn33_hiranniramol_sequence_cnn_ig_017,1307,hiranniramol,single,sequence,cnn,cnn33,cnn_ig,20,23,CAGG,0.0081202864530496,0.06176875415258104,0.0104792518977774,unsigned,0.4
motif_cnn33_hiranniramol_sequence_cnn_ig_018,15,hiranniramol,single,sequence,cnn,cnn33,cnn_ig,20,23,CTGG,0.015109212079551033,0.06176875415258104,0.0104792518977774,unsigned,1.0
motif_cnn33_hiranniramol_sequence_cnn_ig_018,20,hiranniramol,single,sequence,cnn,cnn33,cnn_ig,20,23,CTGG,0.015109212079551033,0.06176875415258104,0.0104792518977774,unsigned,1.0
motif_cnn33_hiranniramol_sequence_cnn_ig_018,72,hiranniramol,single,sequence,cnn,cnn33,cnn_ig,20,23,CTGG,0.015109212079551033,0.06176875415258104,0.0104792518977774,unsigned,1.0
motif_cnn33_hiranniramol_sequence_cnn_ig_018,108,hiranniramol,single,sequence,cnn,cnn33,cnn_ig,20,23,CTGG,0.015109212079551033,0.06176875415258104,0.0104792518977774,unsigned,1.0
motif_cnn33_hiranniramol_sequence_cnn_ig_018,121,hiranniramol,single,sequence,cnn,cnn33,cnn_ig,20,23,CTGG,0.015109212079551033,0.06176875415258104,0.0104792518977774,unsigned,1.0
motif_cnn33_hiranniramol_sequence_cnn_ig_018,160,hiranniramol,single,sequence,cnn,cnn33,cnn_ig,20,23,CTGG,0.015109212079551033,0.06176875415258104,0.0104792518977774,unsigned,1.0
motif_cnn33_hiranniramol_sequence_cnn_ig_018,161,hiranniramol,single,sequence,cnn,cnn33,cnn_ig,20,23,CTGG,0.015109212079551033,0.06176875415258104,0.0104792518977774,unsigned,1.0
motif_cnn33_hiranniramol_sequence_cnn_ig_018,197,hiranniramol,single,sequence,cnn,cnn33,cnn_ig,20,23,CTGG,0.015109212079551033,0.06176875415258104,0.0104792518977774,unsigned,1.0
motif_cnn33_hiranniramol_sequence_cnn_ig_018,221,hiranniramol,single,sequence,cnn,cnn33,cnn_ig,20,23,CTGG,0.015109212079551033,0.06176875415258104,0.0104792518977774,unsigned,1.0
motif_cnn33_hiranniramol_sequence_cnn_ig_018,253,hiranniramol,single,sequence,cnn,cnn33,cnn_ig,20,23,CTGG,0.015109212079551033,0.06176875415258104,0.0104792518977774,unsigned,1.0
motif_cnn33_hiranniramol_sequence_cnn_ig_018,277,hiranniramol,single,sequence,cnn,cnn33,cnn_ig,20,23,CTGG,0.015109212079551033,0.06176875415258104,0.0104792518977774,unsigned,1.0
motif_cnn33_hiranniramol_sequence_cnn_ig_018,284,hiranniramol,single,sequence,cnn,cnn33,cnn_ig,20,23,CTGG,0.015109212079551033,0.06176875415258104,0.0104792518977774,unsigned,1.0
motif_cnn33_hiranniramol_sequence_cnn_ig_018,295,hiranniramol,single,sequence,cnn,cnn33,cnn_ig,20,23,CTGG,0.015109212079551033,0.06176875415258104,0.0104792518977774,unsigned,1.0
motif_cnn33_hiranniramol_sequence_cnn_ig_018,332,hiranniramol,single,sequence,cnn,cnn33,cnn_ig,20,23,CTGG,0.015109212079551033,0.06176875415258104,0.0104792518977774,unsigned,1.0
motif_cnn33_hiranniramol_sequence_cnn_ig_018,334,hiranniramol,single,sequence,cnn,cnn33,cnn_ig,20,23,CTGG,0.015109212079551033,0.06176875415258104,0.0104792518977774,unsigned,1.0
motif_cnn33_hiranniramol_sequence_cnn_ig_018,344,hiranniramol,single,sequence,cnn,cnn33,cnn_ig,20,23,CTGG,0.015109212079551033,0.06176875415258104,0.0104792518977774,unsigned,1.0
motif_cnn33_hiranniramol_sequence_cnn_ig_018,348,hiranniramol,single,sequence,cnn,cnn33,cnn_ig,20,23,CTGG,0.015109212079551033,0.06176875415258104,0.0104792518977774,unsigned,1.0
motif_cnn33_hiranniramol_sequence_cnn_ig_018,410,hiranniramol,single,sequence,cnn,cnn33,cnn_ig,20,23,CTGG,0.015109212079551033,0.06176875415258104,0.0104792518977774,unsigned,1.0
motif_cnn33_hiranniramol_sequence_cnn_ig_018,427,hiranniramol,single,sequence,cnn,cnn33,cnn_ig,20,23,CTGG,0.015109212079551033,0.06176875415258104,0.0104792518977774,unsigned,1.0
motif_cnn33_hiranniramol_sequence_cnn_ig_018,450,hiranniramol,single,sequence,cnn,cnn33,cnn_ig,20,23,CTGG,0.015109212079551033,0.06176875415258104,0.0104792518977774,unsigned,1.0
motif_cnn33_hiranniramol_sequence_cnn_ig_018,496,hiranniramol,single,sequence,cnn,cnn33,cnn_ig,20,23,CTGG,0.015109212079551033,0.06176875415258104,0.0104792518977774,unsigned,1.0
motif_cnn33_hiranniramol_sequence_cnn_ig_018,522,hiranniramol,single,sequence,cnn,cnn33,cnn_ig,20,23,CTGG,0.015109212079551033,0.06176875415258104,0.0104792518977774,unsigned,1.0
motif_cnn33_hiranniramol_sequence_cnn_ig_018,528,hiranniramol,single,sequence,cnn,cnn33,cnn_ig,20,23,CTGG,0.015109212079551033,0.06176875415258104,0.0104792518977774,unsigned,1.0
motif_cnn33_hiranniramol_sequence_cnn_ig_018,559,hiranniramol,single,sequence,cnn,cnn33,cnn_ig,20,23,CTGG,0.015109212079551033,0.06176875415258104,0.0104792518977774,unsigned,1.0
motif_cnn33_hiranniramol_sequence_cnn_ig_018,576,hiranniramol,single,sequence,cnn,cnn33,cnn_ig,20,23,CTGG,0.015109212079551033,0.06176875415258104,0.0104792518977774,unsigned,1.0
motif_cnn33_hiranniramol_sequence_cnn_ig_018,588,hiranniramol,single,sequence,cnn,cnn33,cnn_ig,20,23,CTGG,0.015109212079551033,0.06176875415258104,0.0104792518977774,unsigned,1.0
motif_cnn33_hiranniramol_sequence_cnn_ig_018,654,hiranniramol,single,sequence,cnn,cnn33,cnn_ig,20,23,CTGG,0.015109212079551033,0.06176875415258104,0.0104792518977774,unsigned,1.0
motif_cnn33_hiranniramol_sequence_cnn_ig_018,665,hiranniramol,single,sequence,cnn,cnn33,cnn_ig,20,23,CTGG,0.015109212079551033,0.06176875415258104,0.0104792518977774,unsigned,1.0
motif_cnn33_hiranniramol_sequence_cnn_ig_018,702,hiranniramol,single,sequence,cnn,cnn33,cnn_ig,20,23,CTGG,0.015109212079551033,0.06176875415258104,0.0104792518977774,unsigned,1.0
motif_cnn33_hiranniramol_sequence_cnn_ig_018,735,hiranniramol,single,sequence,cnn,cnn33,cnn_ig,20,23,CTGG,0.015109212079551033,0.06176875415258104,0.0104792518977774,unsigned,1.0
motif_cnn33_hiranniramol_sequence_cnn_ig_018,772,hiranniramol,single,sequence,cnn,cnn33,cnn_ig,20,23,CTGG,0.015109212079551033,0.06176875415258104,0.0104792518977774,unsigned,0.0
motif_cnn33_hiranniramol_sequence_cnn_ig_018,781,hiranniramol,single,sequence,cnn,cnn33,cnn_ig,20,23,CTGG,0.015109212079551033,0.06176875415258104,0.0104792518977774,unsigned,0.3554
motif_cnn33_hiranniramol_sequence_cnn_ig_018,808,hiranniramol,single,sequence,cnn,cnn33,cnn_ig,20,23,CTGG,0.015109212079551033,0.06176875415258104,0.0104792518977774,unsigned,0.3557
motif_cnn33_hiranniramol_sequence_cnn_ig_018,810,hiranniramol,single,sequence,cnn,cnn33,cnn_ig,20,23,CTGG,0.015109212079551033,0.06176875415258104,0.0104792518977774,unsigned,0.0
motif_cnn33_hiranniramol_sequence_cnn_ig_018,814,hiranniramol,single,sequence,cnn,cnn33,cnn_ig,20,23,CTGG,0.015109212079551033,0.06176875415258104,0.0104792518977774,unsigned,0.3333
motif_cnn33_hiranniramol_sequence_cnn_ig_018,859,hiranniramol,single,sequence,cnn,cnn33,cnn_ig,20,23,CTGG,0.015109212079551033,0.06176875415258104,0.0104792518977774,unsigned,0.4706
motif_cnn33_hiranniramol_sequence_cnn_ig_018,876,hiranniramol,single,sequence,cnn,cnn33,cnn_ig,20,23,CTGG,0.015109212079551033,0.06176875415258104,0.0104792518977774,unsigned,0.2766
motif_cnn33_hiranniramol_sequence_cnn_ig_018,892,hiranniramol,single,sequence,cnn,cnn33,cnn_ig,20,23,CTGG,0.015109212079551033,0.06176875415258104,0.0104792518977774,unsigned,0.25
motif_cnn33_hiranniramol_sequence_cnn_ig_018,898,hiranniramol,single,sequence,cnn,cnn33,cnn_ig,20,23,CTGG,0.015109212079551033,0.06176875415258104,0.0104792518977774,unsigned,0.3846
motif_cnn33_hiranniramol_sequence_cnn_ig_018,917,hiranniramol,single,sequence,cnn,cnn33,cnn_ig,20,23,CTGG,0.015109212079551033,0.06176875415258104,0.0104792518977774,unsigned,0.5
motif_cnn33_hiranniramol_sequence_cnn_ig_018,926,hiranniramol,single,sequence,cnn,cnn33,cnn_ig,20,23,CTGG,0.015109212079551033,0.06176875415258104,0.0104792518977774,unsigned,0.3248
motif_cnn33_hiranniramol_sequence_cnn_ig_018,927,hiranniramol,single,sequence,cnn,cnn33,cnn_ig,20,23,CTGG,0.015109212079551033,0.06176875415258104,0.0104792518977774,unsigned,0.4443999999999999
motif_cnn33_hiranniramol_sequence_cnn_ig_018,939,hiranniramol,single,sequence,cnn,cnn33,cnn_ig,20,23,CTGG,0.015109212079551033,0.06176875415258104,0.0104792518977774,unsigned,0.2341
motif_cnn33_hiranniramol_sequence_cnn_ig_018,950,hiranniramol,single,sequence,cnn,cnn33,cnn_ig,20,23,CTGG,0.015109212079551033,0.06176875415258104,0.0104792518977774,unsigned,0.5
motif_cnn33_hiranniramol_sequence_cnn_ig_018,952,hiranniramol,single,sequence,cnn,cnn33,cnn_ig,20,23,CTGG,0.015109212079551033,0.06176875415258104,0.0104792518977774,unsigned,0.3846
motif_cnn33_hiranniramol_sequence_cnn_ig_018,954,hiranniramol,single,sequence,cnn,cnn33,cnn_ig,20,23,CTGG,0.015109212079551033,0.06176875415258104,0.0104792518977774,unsigned,0.2394
motif_cnn33_hiranniramol_sequence_cnn_ig_018,958,hiranniramol,single,sequence,cnn,cnn33,cnn_ig,20,23,CTGG,0.015109212079551033,0.06176875415258104,0.0104792518977774,unsigned,0.3529
motif_cnn33_hiranniramol_sequence_cnn_ig_018,959,hiranniramol,single,sequence,cnn,cnn33,cnn_ig,20,23,CTGG,0.015109212079551033,0.06176875415258104,0.0104792518977774,unsigned,0.0
motif_cnn33_hiranniramol_sequence_cnn_ig_018,965,hiranniramol,single,sequence,cnn,cnn33,cnn_ig,20,23,CTGG,0.015109212079551033,0.06176875415258104,0.0104792518977774,unsigned,0.3077
motif_cnn33_hiranniramol_sequence_cnn_ig_018,984,hiranniramol,single,sequence,cnn,cnn33,cnn_ig,20,23,CTGG,0.015109212079551033,0.06176875415258104,0.0104792518977774,unsigned,0.0
motif_cnn33_hiranniramol_sequence_cnn_ig_018,987,hiranniramol,single,sequence,cnn,cnn33,cnn_ig,20,23,CTGG,0.015109212079551033,0.06176875415258104,0.0104792518977774,unsigned,0.0588
motif_cnn33_hiranniramol_sequence_cnn_ig_018,988,hiranniramol,single,sequence,cnn,cnn33,cnn_ig,20,23,CTGG,0.015109212079551033,0.06176875415258104,0.0104792518977774,unsigned,0.4603
motif_cnn33_hiranniramol_sequence_cnn_ig_018,1019,hiranniramol,single,sequence,cnn,cnn33,cnn_ig,20,23,CTGG,0.015109212079551033,0.06176875415258104,0.0104792518977774,unsigned,0.3514
motif_cnn33_hiranniramol_sequence_cnn_ig_018,1033,hiranniramol,single,sequence,cnn,cnn33,cnn_ig,20,23,CTGG,0.015109212079551033,0.06176875415258104,0.0104792518977774,unsigned,0.0
motif_cnn33_hiranniramol_sequence_cnn_ig_018,1034,hiranniramol,single,sequence,cnn,cnn33,cnn_ig,20,23,CTGG,0.015109212079551033,0.06176875415258104,0.0104792518977774,unsigned,0.4515999999999999
motif_cnn33_hiranniramol_sequence_cnn_ig_018,1037,hiranniramol,single,sequence,cnn,cnn33,cnn_ig,20,23,CTGG,0.015109212079551033,0.06176875415258104,0.0104792518977774,unsigned,0.4027
motif_cnn33_hiranniramol_sequence_cnn_ig_018,1040,hiranniramol,single,sequence,cnn,cnn33,cnn_ig,20,23,CTGG,0.015109212079551033,0.06176875415258104,0.0104792518977774,unsigned,0.4286
motif_cnn33_hiranniramol_sequence_cnn_ig_018,1051,hiranniramol,single,sequence,cnn,cnn33,cnn_ig,20,23,CTGG,0.015109212079551033,0.06176875415258104,0.0104792518977774,unsigned,0.25
motif_cnn33_hiranniramol_sequence_cnn_ig_018,1052,hiranniramol,single,sequence,cnn,cnn33,cnn_ig,20,23,CTGG,0.015109212079551033,0.06176875415258104,0.0104792518977774,unsigned,0.1875
motif_cnn33_hiranniramol_sequence_cnn_ig_018,1060,hiranniramol,single,sequence,cnn,cnn33,cnn_ig,20,23,CTGG,0.015109212079551033,0.06176875415258104,0.0104792518977774,unsigned,0.1333
motif_cnn33_hiranniramol_sequence_cnn_ig_018,1067,hiranniramol,single,sequence,cnn,cnn33,cnn_ig,20,23,CTGG,0.015109212079551033,0.06176875415258104,0.0104792518977774,unsigned,0.0
motif_cnn33_hiranniramol_sequence_cnn_ig_018,1069,hiranniramol,single,sequence,cnn,cnn33,cnn_ig,20,23,CTGG,0.015109212079551033,0.06176875415258104,0.0104792518977774,unsigned,0.1081
motif_cnn33_hiranniramol_sequence_cnn_ig_018,1116,hiranniramol,single,sequence,cnn,cnn33,cnn_ig,20,23,CTGG,0.015109212079551033,0.06176875415258104,0.0104792518977774,unsigned,0.0279999999999999
motif_cnn33_hiranniramol_sequence_cnn_ig_018,1120,hiranniramol,single,sequence,cnn,cnn33,cnn_ig,20,23,CTGG,0.015109212079551033,0.06176875415258104,0.0104792518977774,unsigned,0.2307999999999999
motif_cnn33_hiranniramol_sequence_cnn_ig_018,1128,hiranniramol,single,sequence,cnn,cnn33,cnn_ig,20,23,CTGG,0.015109212079551033,0.06176875415258104,0.0104792518977774,unsigned,0.3077
motif_cnn33_hiranniramol_sequence_cnn_ig_018,1145,hiranniramol,single,sequence,cnn,cnn33,cnn_ig,20,23,CTGG,0.015109212079551033,0.06176875415258104,0.0104792518977774,unsigned,0.2173999999999999
motif_cnn33_hiranniramol_sequence_cnn_ig_018,1146,hiranniramol,single,sequence,cnn,cnn33,cnn_ig,20,23,CTGG,0.015109212079551033,0.06176875415258104,0.0104792518977774,unsigned,0.0798
motif_cnn33_hiranniramol_sequence_cnn_ig_018,1148,hiranniramol,single,sequence,cnn,cnn33,cnn_ig,20,23,CTGG,0.015109212079551033,0.06176875415258104,0.0104792518977774,unsigned,0.5
motif_cnn33_hiranniramol_sequence_cnn_ig_018,1156,hiranniramol,single,sequence,cnn,cnn33,cnn_ig,20,23,CTGG,0.015109212079551033,0.06176875415258104,0.0104792518977774,unsigned,0.0
motif_cnn33_hiranniramol_sequence_cnn_ig_018,1175,hiranniramol,single,sequence,cnn,cnn33,cnn_ig,20,23,CTGG,0.015109212079551033,0.06176875415258104,0.0104792518977774,unsigned,0.0769
motif_cnn33_hiranniramol_sequence_cnn_ig_018,1176,hiranniramol,single,sequence,cnn,cnn33,cnn_ig,20,23,CTGG,0.015109212079551033,0.06176875415258104,0.0104792518977774,unsigned,0.4556
motif_cnn33_hiranniramol_sequence_cnn_ig_018,1186,hiranniramol,single,sequence,cnn,cnn33,cnn_ig,20,23,CTGG,0.015109212079551033,0.06176875415258104,0.0104792518977774,unsigned,0.48
motif_cnn33_hiranniramol_sequence_cnn_ig_018,1204,hiranniramol,single,sequence,cnn,cnn33,cnn_ig,20,23,CTGG,0.015109212079551033,0.06176875415258104,0.0104792518977774,unsigned,0.25
motif_cnn33_hiranniramol_sequence_cnn_ig_018,1220,hiranniramol,single,sequence,cnn,cnn33,cnn_ig,20,23,CTGG,0.015109212079551033,0.06176875415258104,0.0104792518977774,unsigned,0.3922
motif_cnn33_hiranniramol_sequence_cnn_ig_018,1227,hiranniramol,single,sequence,cnn,cnn33,cnn_ig,20,23,CTGG,0.015109212079551033,0.06176875415258104,0.0104792518977774,unsigned,0.3333
motif_cnn33_hiranniramol_sequence_cnn_ig_018,1228,hiranniramol,single,sequence,cnn,cnn33,cnn_ig,20,23,CTGG,0.015109212079551033,0.06176875415258104,0.0104792518977774,unsigned,0.0527
motif_cnn33_hiranniramol_sequence_cnn_ig_018,1230,hiranniramol,single,sequence,cnn,cnn33,cnn_ig,20,23,CTGG,0.015109212079551033,0.06176875415258104,0.0104792518977774,unsigned,0.4808
motif_cnn33_hiranniramol_sequence_cnn_ig_018,1238,hiranniramol,single,sequence,cnn,cnn33,cnn_ig,20,23,CTGG,0.015109212079551033,0.06176875415258104,0.0104792518977774,unsigned,0.3214
motif_cnn33_hiranniramol_sequence_cnn_ig_018,1248,hiranniramol,single,sequence,cnn,cnn33,cnn_ig,20,23,CTGG,0.015109212079551033,0.06176875415258104,0.0104792518977774,unsigned,0.5
motif_cnn33_hiranniramol_sequence_cnn_ig_018,1251,hiranniramol,single,sequence,cnn,cnn33,cnn_ig,20,23,CTGG,0.015109212079551033,0.06176875415258104,0.0104792518977774,unsigned,0.1923
motif_cnn33_hiranniramol_sequence_cnn_ig_018,1258,hiranniramol,single,sequence,cnn,cnn33,cnn_ig,20,23,CTGG,0.015109212079551033,0.06176875415258104,0.0104792518977774,unsigned,0.461
motif_cnn33_hiranniramol_sequence_cnn_ig_018,1260,hiranniramol,single,sequence,cnn,cnn33,cnn_ig,20,23,CTGG,0.015109212079551033,0.06176875415258104,0.0104792518977774,unsigned,0.3043
motif_cnn33_hiranniramol_sequence_cnn_ig_018,1261,hiranniramol,single,sequence,cnn,cnn33,cnn_ig,20,23,CTGG,0.015109212079551033,0.06176875415258104,0.0104792518977774,unsigned,0.48
motif_cnn33_hiranniramol_sequence_cnn_ig_018,1267,hiranniramol,single,sequence,cnn,cnn33,cnn_ig,20,23,CTGG,0.015109212079551033,0.06176875415258104,0.0104792518977774,unsigned,0.2683
motif_cnn33_hiranniramol_sequence_cnn_ig_018,1301,hiranniramol,single,sequence,cnn,cnn33,cnn_ig,20,23,CTGG,0.015109212079551033,0.06176875415258104,0.0104792518977774,unsigned,0.0
motif_cnn33_hiranniramol_sequence_cnn_ig_018,1304,hiranniramol,single,sequence,cnn,cnn33,cnn_ig,20,23,CTGG,0.015109212079551033,0.06176875415258104,0.0104792518977774,unsigned,0.4706
motif_cnn33_hiranniramol_sequence_cnn_ig_019,22,hiranniramol,single,sequence,cnn,cnn33,cnn_ig,20,23,GAGG,0.009506812493782466,0.06176875415258104,0.0104792518977774,unsigned,1.0
motif_cnn33_hiranniramol_sequence_cnn_ig_019,38,hiranniramol,single,sequence,cnn,cnn33,cnn_ig,20,23,GAGG,0.009506812493782466,0.06176875415258104,0.0104792518977774,unsigned,1.0
motif_cnn33_hiranniramol_sequence_cnn_ig_019,66,hiranniramol,single,sequence,cnn,cnn33,cnn_ig,20,23,GAGG,0.009506812493782466,0.06176875415258104,0.0104792518977774,unsigned,1.0
motif_cnn33_hiranniramol_sequence_cnn_ig_019,67,hiranniramol,single,sequence,cnn,cnn33,cnn_ig,20,23,GAGG,0.009506812493782466,0.06176875415258104,0.0104792518977774,unsigned,1.0
motif_cnn33_hiranniramol_sequence_cnn_ig_019,89,hiranniramol,single,sequence,cnn,cnn33,cnn_ig,20,23,GAGG,0.009506812493782466,0.06176875415258104,0.0104792518977774,unsigned,1.0
motif_cnn33_hiranniramol_sequence_cnn_ig_019,104,hiranniramol,single,sequence,cnn,cnn33,cnn_ig,20,23,GAGG,0.009506812493782466,0.06176875415258104,0.0104792518977774,unsigned,1.0
motif_cnn33_hiranniramol_sequence_cnn_ig_019,122,hiranniramol,single,sequence,cnn,cnn33,cnn_ig,20,23,GAGG,0.009506812493782466,0.06176875415258104,0.0104792518977774,unsigned,1.0
motif_cnn33_hiranniramol_sequence_cnn_ig_019,125,hiranniramol,single,sequence,cnn,cnn33,cnn_ig,20,23,GAGG,0.009506812493782466,0.06176875415258104,0.0104792518977774,unsigned,1.0
motif_cnn33_hiranniramol_sequence_cnn_ig_019,129,hiranniramol,single,sequence,cnn,cnn33,cnn_ig,20,23,GAGG,0.009506812493782466,0.06176875415258104,0.0104792518977774,unsigned,1.0
motif_cnn33_hiranniramol_sequence_cnn_ig_019,131,hiranniramol,single,sequence,cnn,cnn33,cnn_ig,20,23,GAGG,0.009506812493782466,0.06176875415258104,0.0104792518977774,unsigned,1.0
motif_cnn33_hiranniramol_sequence_cnn_ig_019,137,hiranniramol,single,sequence,cnn,cnn33,cnn_ig,20,23,GAGG,0.009506812493782466,0.06176875415258104,0.0104792518977774,unsigned,1.0
motif_cnn33_hiranniramol_sequence_cnn_ig_019,142,hiranniramol,single,sequence,cnn,cnn33,cnn_ig,20,23,GAGG,0.009506812493782466,0.06176875415258104,0.0104792518977774,unsigned,1.0
motif_cnn33_hiranniramol_sequence_cnn_ig_019,149,hiranniramol,single,sequence,cnn,cnn33,cnn_ig,20,23,GAGG,0.009506812493782466,0.06176875415258104,0.0104792518977774,unsigned,1.0
motif_cnn33_hiranniramol_sequence_cnn_ig_019,151,hiranniramol,single,sequence,cnn,cnn33,cnn_ig,20,23,GAGG,0.009506812493782466,0.06176875415258104,0.0104792518977774,unsigned,1.0
motif_cnn33_hiranniramol_sequence_cnn_ig_019,193,hiranniramol,single,sequence,cnn,cnn33,cnn_ig,20,23,GAGG,0.009506812493782466,0.06176875415258104,0.0104792518977774,unsigned,1.0
motif_cnn33_hiranniramol_sequence_cnn_ig_019,201,hiranniramol,single,sequence,cnn,cnn33,cnn_ig,20,23,GAGG,0.009506812493782466,0.06176875415258104,0.0104792518977774,unsigned,1.0
motif_cnn33_hiranniramol_sequence_cnn_ig_019,226,hiranniramol,single,sequence,cnn,cnn33,cnn_ig,20,23,GAGG,0.009506812493782466,0.06176875415258104,0.0104792518977774,unsigned,1.0
motif_cnn33_hiranniramol_sequence_cnn_ig_019,231,hiranniramol,single,sequence,cnn,cnn33,cnn_ig,20,23,GAGG,0.009506812493782466,0.06176875415258104,0.0104792518977774,unsigned,1.0
motif_cnn33_hiranniramol_sequence_cnn_ig_019,243,hiranniramol,single,sequence,cnn,cnn33,cnn_ig,20,23,GAGG,0.009506812493782466,0.06176875415258104,0.0104792518977774,unsigned,1.0
motif_cnn33_hiranniramol_sequence_cnn_ig_019,260,hiranniramol,single,sequence,cnn,cnn33,cnn_ig,20,23,GAGG,0.009506812493782466,0.06176875415258104,0.0104792518977774,unsigned,1.0
motif_cnn33_hiranniramol_sequence_cnn_ig_019,266,hiranniramol,single,sequence,cnn,cnn33,cnn_ig,20,23,GAGG,0.009506812493782466,0.06176875415258104,0.0104792518977774,unsigned,1.0
motif_cnn33_hiranniramol_sequence_cnn_ig_019,279,hiranniramol,single,sequence,cnn,cnn33,cnn_ig,20,23,GAGG,0.009506812493782466,0.06176875415258104,0.0104792518977774,unsigned,1.0
motif_cnn33_hiranniramol_sequence_cnn_ig_019,285,hiranniramol,single,sequence,cnn,cnn33,cnn_ig,20,23,GAGG,0.009506812493782466,0.06176875415258104,0.0104792518977774,unsigned,1.0
motif_cnn33_hiranniramol_sequence_cnn_ig_019,292,hiranniramol,single,sequence,cnn,cnn33,cnn_ig,20,23,GAGG,0.009506812493782466,0.06176875415258104,0.0104792518977774,unsigned,1.0
motif_cnn33_hiranniramol_sequence_cnn_ig_019,306,hiranniramol,single,sequence,cnn,cnn33,cnn_ig,20,23,GAGG,0.009506812493782466,0.06176875415258104,0.0104792518977774,unsigned,1.0
motif_cnn33_hiranniramol_sequence_cnn_ig_019,307,hiranniramol,single,sequence,cnn,cnn33,cnn_ig,20,23,GAGG,0.009506812493782466,0.06176875415258104,0.0104792518977774,unsigned,1.0
motif_cnn33_hiranniramol_sequence_cnn_ig_019,310,hiranniramol,single,sequence,cnn,cnn33,cnn_ig,20,23,GAGG,0.009506812493782466,0.06176875415258104,0.0104792518977774,unsigned,1.0
motif_cnn33_hiranniramol_sequence_cnn_ig_019,317,hiranniramol,single,sequence,cnn,cnn33,cnn_ig,20,23,GAGG,0.009506812493782466,0.06176875415258104,0.0104792518977774,unsigned,1.0
motif_cnn33_hiranniramol_sequence_cnn_ig_019,318,hiranniramol,single,sequence,cnn,cnn33,cnn_ig,20,23,GAGG,0.009506812493782466,0.06176875415258104,0.0104792518977774,unsigned,1.0
motif_cnn33_hiranniramol_sequence_cnn_ig_019,320,hiranniramol,single,sequence,cnn,cnn33,cnn_ig,20,23,GAGG,0.009506812493782466,0.06176875415258104,0.0104792518977774,unsigned,1.0
motif_cnn33_hiranniramol_sequence_cnn_ig_019,340,hiranniramol,single,sequence,cnn,cnn33,cnn_ig,20,23,GAGG,0.009506812493782466,0.06176875415258104,0.0104792518977774,unsigned,1.0
motif_cnn33_hiranniramol_sequence_cnn_ig_019,350,hiranniramol,single,sequence,cnn,cnn33,cnn_ig,20,23,GAGG,0.009506812493782466,0.06176875415258104,0.0104792518977774,unsigned,1.0
motif_cnn33_hiranniramol_sequence_cnn_ig_019,363,hiranniramol,single,sequence,cnn,cnn33,cnn_ig,20,23,GAGG,0.009506812493782466,0.06176875415258104,0.0104792518977774,unsigned,1.0
motif_cnn33_hiranniramol_sequence_cnn_ig_019,364,hiranniramol,single,sequence,cnn,cnn33,cnn_ig,20,23,GAGG,0.009506812493782466,0.06176875415258104,0.0104792518977774,unsigned,1.0
motif_cnn33_hiranniramol_sequence_cnn_ig_019,371,hiranniramol,single,sequence,cnn,cnn33,cnn_ig,20,23,GAGG,0.009506812493782466,0.06176875415258104,0.0104792518977774,unsigned,1.0
motif_cnn33_hiranniramol_sequence_cnn_ig_019,403,hiranniramol,single,sequence,cnn,cnn33,cnn_ig,20,23,GAGG,0.009506812493782466,0.06176875415258104,0.0104792518977774,unsigned,1.0
motif_cnn33_hiranniramol_sequence_cnn_ig_019,406,hiranniramol,single,sequence,cnn,cnn33,cnn_ig,20,23,GAGG,0.009506812493782466,0.06176875415258104,0.0104792518977774,unsigned,1.0
motif_cnn33_hiranniramol_sequence_cnn_ig_019,415,hiranniramol,single,sequence,cnn,cnn33,cnn_ig,20,23,GAGG,0.009506812493782466,0.06176875415258104,0.0104792518977774,unsigned,1.0
motif_cnn33_hiranniramol_sequence_cnn_ig_019,416,hiranniramol,single,sequence,cnn,cnn33,cnn_ig,20,23,GAGG,0.009506812493782466,0.06176875415258104,0.0104792518977774,unsigned,1.0
motif_cnn33_hiranniramol_sequence_cnn_ig_019,420,hiranniramol,single,sequence,cnn,cnn33,cnn_ig,20,23,GAGG,0.009506812493782466,0.06176875415258104,0.0104792518977774,unsigned,1.0
motif_cnn33_hiranniramol_sequence_cnn_ig_019,431,hiranniramol,single,sequence,cnn,cnn33,cnn_ig,20,23,GAGG,0.009506812493782466,0.06176875415258104,0.0104792518977774,unsigned,1.0
motif_cnn33_hiranniramol_sequence_cnn_ig_019,434,hiranniramol,single,sequence,cnn,cnn33,cnn_ig,20,23,GAGG,0.009506812493782466,0.06176875415258104,0.0104792518977774,unsigned,1.0
motif_cnn33_hiranniramol_sequence_cnn_ig_019,440,hiranniramol,single,sequence,cnn,cnn33,cnn_ig,20,23,GAGG,0.009506812493782466,0.06176875415258104,0.0104792518977774,unsigned,1.0
motif_cnn33_hiranniramol_sequence_cnn_ig_019,452,hiranniramol,single,sequence,cnn,cnn33,cnn_ig,20,23,GAGG,0.009506812493782466,0.06176875415258104,0.0104792518977774,unsigned,1.0
motif_cnn33_hiranniramol_sequence_cnn_ig_019,456,hiranniramol,single,sequence,cnn,cnn33,cnn_ig,20,23,GAGG,0.009506812493782466,0.06176875415258104,0.0104792518977774,unsigned,1.0
motif_cnn33_hiranniramol_sequence_cnn_ig_019,476,hiranniramol,single,sequence,cnn,cnn33,cnn_ig,20,23,GAGG,0.009506812493782466,0.06176875415258104,0.0104792518977774,unsigned,1.0
motif_cnn33_hiranniramol_sequence_cnn_ig_019,477,hiranniramol,single,sequence,cnn,cnn33,cnn_ig,20,23,GAGG,0.009506812493782466,0.06176875415258104,0.0104792518977774,unsigned,1.0
motif_cnn33_hiranniramol_sequence_cnn_ig_019,479,hiranniramol,single,sequence,cnn,cnn33,cnn_ig,20,23,GAGG,0.009506812493782466,0.06176875415258104,0.0104792518977774,unsigned,1.0
motif_cnn33_hiranniramol_sequence_cnn_ig_019,483,hiranniramol,single,sequence,cnn,cnn33,cnn_ig,20,23,GAGG,0.009506812493782466,0.06176875415258104,0.0104792518977774,unsigned,1.0
motif_cnn33_hiranniramol_sequence_cnn_ig_019,492,hiranniramol,single,sequence,cnn,cnn33,cnn_ig,20,23,GAGG,0.009506812493782466,0.06176875415258104,0.0104792518977774,unsigned,1.0
motif_cnn33_hiranniramol_sequence_cnn_ig_019,494,hiranniramol,single,sequence,cnn,cnn33,cnn_ig,20,23,GAGG,0.009506812493782466,0.06176875415258104,0.0104792518977774,unsigned,1.0
motif_cnn33_hiranniramol_sequence_cnn_ig_019,500,hiranniramol,single,sequence,cnn,cnn33,cnn_ig,20,23,GAGG,0.009506812493782466,0.06176875415258104,0.0104792518977774,unsigned,1.0
motif_cnn33_hiranniramol_sequence_cnn_ig_019,510,hiranniramol,single,sequence,cnn,cnn33,cnn_ig,20,23,GAGG,0.009506812493782466,0.06176875415258104,0.0104792518977774,unsigned,1.0
motif_cnn33_hiranniramol_sequence_cnn_ig_019,512,hiranniramol,single,sequence,cnn,cnn33,cnn_ig,20,23,GAGG,0.009506812493782466,0.06176875415258104,0.0104792518977774,unsigned,1.0
motif_cnn33_hiranniramol_sequence_cnn_ig_019,530,hiranniramol,single,sequence,cnn,cnn33,cnn_ig,20,23,GAGG,0.009506812493782466,0.06176875415258104,0.0104792518977774,unsigned,1.0
motif_cnn33_hiranniramol_sequence_cnn_ig_019,532,hiranniramol,single,sequence,cnn,cnn33,cnn_ig,20,23,GAGG,0.009506812493782466,0.06176875415258104,0.0104792518977774,unsigned,1.0
motif_cnn33_hiranniramol_sequence_cnn_ig_019,538,hiranniramol,single,sequence,cnn,cnn33,cnn_ig,20,23,GAGG,0.009506812493782466,0.06176875415258104,0.0104792518977774,unsigned,1.0
motif_cnn33_hiranniramol_sequence_cnn_ig_019,544,hiranniramol,single,sequence,cnn,cnn33,cnn_ig,20,23,GAGG,0.009506812493782466,0.06176875415258104,0.0104792518977774,unsigned,1.0
motif_cnn33_hiranniramol_sequence_cnn_ig_019,547,hiranniramol,single,sequence,cnn,cnn33,cnn_ig,20,23,GAGG,0.009506812493782466,0.06176875415258104,0.0104792518977774,unsigned,1.0
motif_cnn33_hiranniramol_sequence_cnn_ig_019,548,hiranniramol,single,sequence,cnn,cnn33,cnn_ig,20,23,GAGG,0.009506812493782466,0.06176875415258104,0.0104792518977774,unsigned,1.0
motif_cnn33_hiranniramol_sequence_cnn_ig_019,550,hiranniramol,single,sequence,cnn,cnn33,cnn_ig,20,23,GAGG,0.009506812493782466,0.06176875415258104,0.0104792518977774,unsigned,1.0
motif_cnn33_hiranniramol_sequence_cnn_ig_019,583,hiranniramol,single,sequence,cnn,cnn33,cnn_ig,20,23,GAGG,0.009506812493782466,0.06176875415258104,0.0104792518977774,unsigned,1.0
motif_cnn33_hiranniramol_sequence_cnn_ig_019,596,hiranniramol,single,sequence,cnn,cnn33,cnn_ig,20,23,GAGG,0.009506812493782466,0.06176875415258104,0.0104792518977774,unsigned,1.0
motif_cnn33_hiranniramol_sequence_cnn_ig_019,599,hiranniramol,single,sequence,cnn,cnn33,cnn_ig,20,23,GAGG,0.009506812493782466,0.06176875415258104,0.0104792518977774,unsigned,1.0
motif_cnn33_hiranniramol_sequence_cnn_ig_019,603,hiranniramol,single,sequence,cnn,cnn33,cnn_ig,20,23,GAGG,0.009506812493782466,0.06176875415258104,0.0104792518977774,unsigned,1.0
motif_cnn33_hiranniramol_sequence_cnn_ig_019,607,hiranniramol,single,sequence,cnn,cnn33,cnn_ig,20,23,GAGG,0.009506812493782466,0.06176875415258104,0.0104792518977774,unsigned,1.0
motif_cnn33_hiranniramol_sequence_cnn_ig_019,610,hiranniramol,single,sequence,cnn,cnn33,cnn_ig,20,23,GAGG,0.009506812493782466,0.06176875415258104,0.0104792518977774,unsigned,1.0
motif_cnn33_hiranniramol_sequence_cnn_ig_019,625,hiranniramol,single,sequence,cnn,cnn33,cnn_ig,20,23,GAGG,0.009506812493782466,0.06176875415258104,0.0104792518977774,unsigned,1.0
motif_cnn33_hiranniramol_sequence_cnn_ig_019,635,hiranniramol,single,sequence,cnn,cnn33,cnn_ig,20,23,GAGG,0.009506812493782466,0.06176875415258104,0.0104792518977774,unsigned,1.0
motif_cnn33_hiranniramol_sequence_cnn_ig_019,646,hiranniramol,single,sequence,cnn,cnn33,cnn_ig,20,23,GAGG,0.009506812493782466,0.06176875415258104,0.0104792518977774,unsigned,1.0
motif_cnn33_hiranniramol_sequence_cnn_ig_019,677,hiranniramol,single,sequence,cnn,cnn33,cnn_ig,20,23,GAGG,0.009506812493782466,0.06176875415258104,0.0104792518977774,unsigned,1.0
motif_cnn33_hiranniramol_sequence_cnn_ig_019,681,hiranniramol,single,sequence,cnn,cnn33,cnn_ig,20,23,GAGG,0.009506812493782466,0.06176875415258104,0.0104792518977774,unsigned,1.0
motif_cnn33_hiranniramol_sequence_cnn_ig_019,683,hiranniramol,single,sequence,cnn,cnn33,cnn_ig,20,23,GAGG,0.009506812493782466,0.06176875415258104,0.0104792518977774,unsigned,1.0
motif_cnn33_hiranniramol_sequence_cnn_ig_019,689,hiranniramol,single,sequence,cnn,cnn33,cnn_ig,20,23,GAGG,0.009506812493782466,0.06176875415258104,0.0104792518977774,unsigned,1.0
motif_cnn33_hiranniramol_sequence_cnn_ig_019,716,hiranniramol,single,sequence,cnn,cnn33,cnn_ig,20,23,GAGG,0.009506812493782466,0.06176875415258104,0.0104792518977774,unsigned,1.0
motif_cnn33_hiranniramol_sequence_cnn_ig_019,721,hiranniramol,single,sequence,cnn,cnn33,cnn_ig,20,23,GAGG,0.009506812493782466,0.06176875415258104,0.0104792518977774,unsigned,1.0
motif_cnn33_hiranniramol_sequence_cnn_ig_019,739,hiranniramol,single,sequence,cnn,cnn33,cnn_ig,20,23,GAGG,0.009506812493782466,0.06176875415258104,0.0104792518977774,unsigned,1.0
motif_cnn33_hiranniramol_sequence_cnn_ig_019,843,hiranniramol,single,sequence,cnn,cnn33,cnn_ig,20,23,GAGG,0.009506812493782466,0.06176875415258104,0.0104792518977774,unsigned,0.4090999999999999
motif_cnn33_hiranniramol_sequence_cnn_ig_019,851,hiranniramol,single,sequence,cnn,cnn33,cnn_ig,20,23,GAGG,0.009506812493782466,0.06176875415258104,0.0104792518977774,unsigned,0.3043
motif_cnn33_hiranniramol_sequence_cnn_ig_019,875,hiranniramol,single,sequence,cnn,cnn33,cnn_ig,20,23,GAGG,0.009506812493782466,0.06176875415258104,0.0104792518977774,unsigned,0.1473
motif_cnn33_hiranniramol_sequence_cnn_ig_019,882,hiranniramol,single,sequence,cnn,cnn33,cnn_ig,20,23,GAGG,0.009506812493782466,0.06176875415258104,0.0104792518977774,unsigned,0.5
motif_cnn33_hiranniramol_sequence_cnn_ig_019,915,hiranniramol,single,sequence,cnn,cnn33,cnn_ig,20,23,GAGG,0.009506812493782466,0.06176875415258104,0.0104792518977774,unsigned,0.1389
motif_cnn33_hiranniramol_sequence_cnn_ig_019,929,hiranniramol,single,sequence,cnn,cnn33,cnn_ig,20,23,GAGG,0.009506812493782466,0.06176875415258104,0.0104792518977774,unsigned,0.325
motif_cnn33_hiranniramol_sequence_cnn_ig_019,1053,hiranniramol,single,sequence,cnn,cnn33,cnn_ig,20,23,GAGG,0.009506812493782466,0.06176875415258104,0.0104792518977774,unsigned,0.0909
motif_cnn33_hiranniramol_sequence_cnn_ig_019,1065,hiranniramol,single,sequence,cnn,cnn33,cnn_ig,20,23,GAGG,0.009506812493782466,0.06176875415258104,0.0104792518977774,unsigned,0.2619
motif_cnn33_hiranniramol_sequence_cnn_ig_019,1129,hiranniramol,single,sequence,cnn,cnn33,cnn_ig,20,23,GAGG,0.009506812493782466,0.06176875415258104,0.0104792518977774,unsigned,0.0
motif_cnn53_hiranniramol_sequence_cnn_ig_020,27,hiranniramol,single,sequence,cnn,cnn53,cnn_ig,20,23,AGGG,0.008474231542398507,0.0617845593951642,0.01587977947201577,unsigned,1.0
motif_cnn53_hiranniramol_sequence_cnn_ig_020,28,hiranniramol,single,sequence,cnn,cnn53,cnn_ig,20,23,AGGG,0.008474231542398507,0.0617845593951642,0.01587977947201577,unsigned,1.0
motif_cnn53_hiranniramol_sequence_cnn_ig_020,32,hiranniramol,single,sequence,cnn,cnn53,cnn_ig,20,23,AGGG,0.008474231542398507,0.0617845593951642,0.01587977947201577,unsigned,1.0
motif_cnn53_hiranniramol_sequence_cnn_ig_020,36,hiranniramol,single,sequence,cnn,cnn53,cnn_ig,20,23,AGGG,0.008474231542398507,0.0617845593951642,0.01587977947201577,unsigned,1.0
motif_cnn53_hiranniramol_sequence_cnn_ig_020,43,hiranniramol,single,sequence,cnn,cnn53,cnn_ig,20,23,AGGG,0.008474231542398507,0.0617845593951642,0.01587977947201577,unsigned,1.0
motif_cnn53_hiranniramol_sequence_cnn_ig_020,46,hiranniramol,single,sequence,cnn,cnn53,cnn_ig,20,23,AGGG,0.008474231542398507,0.0617845593951642,0.01587977947201577,unsigned,1.0
motif_cnn53_hiranniramol_sequence_cnn_ig_020,48,hiranniramol,single,sequence,cnn,cnn53,cnn_ig,20,23,AGGG,0.008474231542398507,0.0617845593951642,0.01587977947201577,unsigned,1.0
motif_cnn53_hiranniramol_sequence_cnn_ig_020,62,hiranniramol,single,sequence,cnn,cnn53,cnn_ig,20,23,AGGG,0.008474231542398507,0.0617845593951642,0.01587977947201577,unsigned,1.0
motif_cnn53_hiranniramol_sequence_cnn_ig_020,78,hiranniramol,single,sequence,cnn,cnn53,cnn_ig,20,23,AGGG,0.008474231542398507,0.0617845593951642,0.01587977947201577,unsigned,1.0
motif_cnn53_hiranniramol_sequence_cnn_ig_020,85,hiranniramol,single,sequence,cnn,cnn53,cnn_ig,20,23,AGGG,0.008474231542398507,0.0617845593951642,0.01587977947201577,unsigned,1.0
motif_cnn53_hiranniramol_sequence_cnn_ig_020,86,hiranniramol,single,sequence,cnn,cnn53,cnn_ig,20,23,AGGG,0.008474231542398507,0.0617845593951642,0.01587977947201577,unsigned,1.0
motif_cnn53_hiranniramol_sequence_cnn_ig_020,91,hiranniramol,single,sequence,cnn,cnn53,cnn_ig,20,23,AGGG,0.008474231542398507,0.0617845593951642,0.01587977947201577,unsigned,1.0
motif_cnn53_hiranniramol_sequence_cnn_ig_020,92,hiranniramol,single,sequence,cnn,cnn53,cnn_ig,20,23,AGGG,0.008474231542398507,0.0617845593951642,0.01587977947201577,unsigned,1.0
motif_cnn53_hiranniramol_sequence_cnn_ig_020,100,hiranniramol,single,sequence,cnn,cnn53,cnn_ig,20,23,AGGG,0.008474231542398507,0.0617845593951642,0.01587977947201577,unsigned,1.0
motif_cnn53_hiranniramol_sequence_cnn_ig_020,102,hiranniramol,single,sequence,cnn,cnn53,cnn_ig,20,23,AGGG,0.008474231542398507,0.0617845593951642,0.01587977947201577,unsigned,1.0
motif_cnn53_hiranniramol_sequence_cnn_ig_020,114,hiranniramol,single,sequence,cnn,cnn53,cnn_ig,20,23,AGGG,0.008474231542398507,0.0617845593951642,0.01587977947201577,unsigned,1.0
motif_cnn53_hiranniramol_sequence_cnn_ig_020,136,hiranniramol,single,sequence,cnn,cnn53,cnn_ig,20,23,AGGG,0.008474231542398507,0.0617845593951642,0.01587977947201577,unsigned,1.0
motif_cnn53_hiranniramol_sequence_cnn_ig_020,140,hiranniramol,single,sequence,cnn,cnn53,cnn_ig,20,23,AGGG,0.008474231542398507,0.0617845593951642,0.01587977947201577,unsigned,1.0
motif_cnn53_hiranniramol_sequence_cnn_ig_020,147,hiranniramol,single,sequence,cnn,cnn53,cnn_ig,20,23,AGGG,0.008474231542398507,0.0617845593951642,0.01587977947201577,unsigned,1.0
motif_cnn53_hiranniramol_sequence_cnn_ig_020,176,hiranniramol,single,sequence,cnn,cnn53,cnn_ig,20,23,AGGG,0.008474231542398507,0.0617845593951642,0.01587977947201577,unsigned,1.0
motif_cnn53_hiranniramol_sequence_cnn_ig_020,219,hiranniramol,single,sequence,cnn,cnn53,cnn_ig,20,23,AGGG,0.008474231542398507,0.0617845593951642,0.01587977947201577,unsigned,1.0
motif_cnn53_hiranniramol_sequence_cnn_ig_020,223,hiranniramol,single,sequence,cnn,cnn53,cnn_ig,20,23,AGGG,0.008474231542398507,0.0617845593951642,0.01587977947201577,unsigned,1.0
motif_cnn53_hiranniramol_sequence_cnn_ig_020,234,hiranniramol,single,sequence,cnn,cnn53,cnn_ig,20,23,AGGG,0.008474231542398507,0.0617845593951642,0.01587977947201577,unsigned,1.0
motif_cnn53_hiranniramol_sequence_cnn_ig_020,242,hiranniramol,single,sequence,cnn,cnn53,cnn_ig,20,23,AGGG,0.008474231542398507,0.0617845593951642,0.01587977947201577,unsigned,1.0
motif_cnn53_hiranniramol_sequence_cnn_ig_020,264,hiranniramol,single,sequence,cnn,cnn53,cnn_ig,20,23,AGGG,0.008474231542398507,0.0617845593951642,0.01587977947201577,unsigned,1.0
motif_cnn53_hiranniramol_sequence_cnn_ig_020,269,hiranniramol,single,sequence,cnn,cnn53,cnn_ig,20,23,AGGG,0.008474231542398507,0.0617845593951642,0.01587977947201577,unsigned,1.0
motif_cnn53_hiranniramol_sequence_cnn_ig_020,273,hiranniramol,single,sequence,cnn,cnn53,cnn_ig,20,23,AGGG,0.008474231542398507,0.0617845593951642,0.01587977947201577,unsigned,1.0
motif_cnn53_hiranniramol_sequence_cnn_ig_020,287,hiranniramol,single,sequence,cnn,cnn53,cnn_ig,20,23,AGGG,0.008474231542398507,0.0617845593951642,0.01587977947201577,unsigned,1.0
motif_cnn53_hiranniramol_sequence_cnn_ig_020,289,hiranniramol,single,sequence,cnn,cnn53,cnn_ig,20,23,AGGG,0.008474231542398507,0.0617845593951642,0.01587977947201577,unsigned,1.0
motif_cnn53_hiranniramol_sequence_cnn_ig_020,296,hiranniramol,single,sequence,cnn,cnn53,cnn_ig,20,23,AGGG,0.008474231542398507,0.0617845593951642,0.01587977947201577,unsigned,1.0
motif_cnn53_hiranniramol_sequence_cnn_ig_020,297,hiranniramol,single,sequence,cnn,cnn53,cnn_ig,20,23,AGGG,0.008474231542398507,0.0617845593951642,0.01587977947201577,unsigned,1.0
motif_cnn53_hiranniramol_sequence_cnn_ig_020,298,hiranniramol,single,sequence,cnn,cnn53,cnn_ig,20,23,AGGG,0.008474231542398507,0.0617845593951642,0.01587977947201577,unsigned,1.0
motif_cnn53_hiranniramol_sequence_cnn_ig_020,315,hiranniramol,single,sequence,cnn,cnn53,cnn_ig,20,23,AGGG,0.008474231542398507,0.0617845593951642,0.01587977947201577,unsigned,1.0
motif_cnn53_hiranniramol_sequence_cnn_ig_020,321,hiranniramol,single,sequence,cnn,cnn53,cnn_ig,20,23,AGGG,0.008474231542398507,0.0617845593951642,0.01587977947201577,unsigned,1.0
motif_cnn53_hiranniramol_sequence_cnn_ig_020,330,hiranniramol,single,sequence,cnn,cnn53,cnn_ig,20,23,AGGG,0.008474231542398507,0.0617845593951642,0.01587977947201577,unsigned,1.0
motif_cnn53_hiranniramol_sequence_cnn_ig_020,333,hiranniramol,single,sequence,cnn,cnn53,cnn_ig,20,23,AGGG,0.008474231542398507,0.0617845593951642,0.01587977947201577,unsigned,1.0
motif_cnn53_hiranniramol_sequence_cnn_ig_020,341,hiranniramol,single,sequence,cnn,cnn53,cnn_ig,20,23,AGGG,0.008474231542398507,0.0617845593951642,0.01587977947201577,unsigned,1.0
motif_cnn53_hiranniramol_sequence_cnn_ig_020,345,hiranniramol,single,sequence,cnn,cnn53,cnn_ig,20,23,AGGG,0.008474231542398507,0.0617845593951642,0.01587977947201577,unsigned,1.0
motif_cnn53_hiranniramol_sequence_cnn_ig_020,374,hiranniramol,single,sequence,cnn,cnn53,cnn_ig,20,23,AGGG,0.008474231542398507,0.0617845593951642,0.01587977947201577,unsigned,1.0
motif_cnn53_hiranniramol_sequence_cnn_ig_020,386,hiranniramol,single,sequence,cnn,cnn53,cnn_ig,20,23,AGGG,0.008474231542398507,0.0617845593951642,0.01587977947201577,unsigned,1.0
motif_cnn53_hiranniramol_sequence_cnn_ig_020,395,hiranniramol,single,sequence,cnn,cnn53,cnn_ig,20,23,AGGG,0.008474231542398507,0.0617845593951642,0.01587977947201577,unsigned,1.0
motif_cnn53_hiranniramol_sequence_cnn_ig_020,407,hiranniramol,single,sequence,cnn,cnn53,cnn_ig,20,23,AGGG,0.008474231542398507,0.0617845593951642,0.01587977947201577,unsigned,1.0
motif_cnn53_hiranniramol_sequence_cnn_ig_020,414,hiranniramol,single,sequence,cnn,cnn53,cnn_ig,20,23,AGGG,0.008474231542398507,0.0617845593951642,0.01587977947201577,unsigned,1.0
motif_cnn53_hiranniramol_sequence_cnn_ig_020,425,hiranniramol,single,sequence,cnn,cnn53,cnn_ig,20,23,AGGG,0.008474231542398507,0.0617845593951642,0.01587977947201577,unsigned,1.0
motif_cnn53_hiranniramol_sequence_cnn_ig_020,444,hiranniramol,single,sequence,cnn,cnn53,cnn_ig,20,23,AGGG,0.008474231542398507,0.0617845593951642,0.01587977947201577,unsigned,1.0
motif_cnn53_hiranniramol_sequence_cnn_ig_020,453,hiranniramol,single,sequence,cnn,cnn53,cnn_ig,20,23,AGGG,0.008474231542398507,0.0617845593951642,0.01587977947201577,unsigned,1.0
motif_cnn53_hiranniramol_sequence_cnn_ig_020,454,hiranniramol,single,sequence,cnn,cnn53,cnn_ig,20,23,AGGG,0.008474231542398507,0.0617845593951642,0.01587977947201577,unsigned,1.0
motif_cnn53_hiranniramol_sequence_cnn_ig_020,459,hiranniramol,single,sequence,cnn,cnn53,cnn_ig,20,23,AGGG,0.008474231542398507,0.0617845593951642,0.01587977947201577,unsigned,1.0
motif_cnn53_hiranniramol_sequence_cnn_ig_020,460,hiranniramol,single,sequence,cnn,cnn53,cnn_ig,20,23,AGGG,0.008474231542398507,0.0617845593951642,0.01587977947201577,unsigned,1.0
motif_cnn53_hiranniramol_sequence_cnn_ig_020,474,hiranniramol,single,sequence,cnn,cnn53,cnn_ig,20,23,AGGG,0.008474231542398507,0.0617845593951642,0.01587977947201577,unsigned,1.0
motif_cnn53_hiranniramol_sequence_cnn_ig_020,490,hiranniramol,single,sequence,cnn,cnn53,cnn_ig,20,23,AGGG,0.008474231542398507,0.0617845593951642,0.01587977947201577,unsigned,1.0
motif_cnn53_hiranniramol_sequence_cnn_ig_020,501,hiranniramol,single,sequence,cnn,cnn53,cnn_ig,20,23,AGGG,0.008474231542398507,0.0617845593951642,0.01587977947201577,unsigned,1.0
motif_cnn53_hiranniramol_sequence_cnn_ig_020,504,hiranniramol,single,sequence,cnn,cnn53,cnn_ig,20,23,AGGG,0.008474231542398507,0.0617845593951642,0.01587977947201577,unsigned,1.0
motif_cnn53_hiranniramol_sequence_cnn_ig_020,509,hiranniramol,single,sequence,cnn,cnn53,cnn_ig,20,23,AGGG,0.008474231542398507,0.0617845593951642,0.01587977947201577,unsigned,1.0
motif_cnn53_hiranniramol_sequence_cnn_ig_020,513,hiranniramol,single,sequence,cnn,cnn53,cnn_ig,20,23,AGGG,0.008474231542398507,0.0617845593951642,0.01587977947201577,unsigned,1.0
motif_cnn53_hiranniramol_sequence_cnn_ig_020,562,hiranniramol,single,sequence,cnn,cnn53,cnn_ig,20,23,AGGG,0.008474231542398507,0.0617845593951642,0.01587977947201577,unsigned,1.0
motif_cnn53_hiranniramol_sequence_cnn_ig_020,564,hiranniramol,single,sequence,cnn,cnn53,cnn_ig,20,23,AGGG,0.008474231542398507,0.0617845593951642,0.01587977947201577,unsigned,1.0
motif_cnn53_hiranniramol_sequence_cnn_ig_020,574,hiranniramol,single,sequence,cnn,cnn53,cnn_ig,20,23,AGGG,0.008474231542398507,0.0617845593951642,0.01587977947201577,unsigned,1.0
motif_cnn53_hiranniramol_sequence_cnn_ig_020,580,hiranniramol,single,sequence,cnn,cnn53,cnn_ig,20,23,AGGG,0.008474231542398507,0.0617845593951642,0.01587977947201577,unsigned,1.0
motif_cnn53_hiranniramol_sequence_cnn_ig_020,582,hiranniramol,single,sequence,cnn,cnn53,cnn_ig,20,23,AGGG,0.008474231542398507,0.0617845593951642,0.01587977947201577,unsigned,1.0
motif_cnn53_hiranniramol_sequence_cnn_ig_020,597,hiranniramol,single,sequence,cnn,cnn53,cnn_ig,20,23,AGGG,0.008474231542398507,0.0617845593951642,0.01587977947201577,unsigned,1.0
motif_cnn53_hiranniramol_sequence_cnn_ig_020,605,hiranniramol,single,sequence,cnn,cnn53,cnn_ig,20,23,AGGG,0.008474231542398507,0.0617845593951642,0.01587977947201577,unsigned,1.0
motif_cnn53_hiranniramol_sequence_cnn_ig_020,616,hiranniramol,single,sequence,cnn,cnn53,cnn_ig,20,23,AGGG,0.008474231542398507,0.0617845593951642,0.01587977947201577,unsigned,1.0
motif_cnn53_hiranniramol_sequence_cnn_ig_020,645,hiranniramol,single,sequence,cnn,cnn53,cnn_ig,20,23,AGGG,0.008474231542398507,0.0617845593951642,0.01587977947201577,unsigned,1.0
motif_cnn53_hiranniramol_sequence_cnn_ig_020,663,hiranniramol,single,sequence,cnn,cnn53,cnn_ig,20,23,AGGG,0.008474231542398507,0.0617845593951642,0.01587977947201577,unsigned,1.0
motif_cnn53_hiranniramol_sequence_cnn_ig_020,675,hiranniramol,single,sequence,cnn,cnn53,cnn_ig,20,23,AGGG,0.008474231542398507,0.0617845593951642,0.01587977947201577,unsigned,1.0
motif_cnn53_hiranniramol_sequence_cnn_ig_020,687,hiranniramol,single,sequence,cnn,cnn53,cnn_ig,20,23,AGGG,0.008474231542398507,0.0617845593951642,0.01587977947201577,unsigned,1.0
motif_cnn53_hiranniramol_sequence_cnn_ig_020,692,hiranniramol,single,sequence,cnn,cnn53,cnn_ig,20,23,AGGG,0.008474231542398507,0.0617845593951642,0.01587977947201577,unsigned,1.0
motif_cnn53_hiranniramol_sequence_cnn_ig_020,693,hiranniramol,single,sequence,cnn,cnn53,cnn_ig,20,23,AGGG,0.008474231542398507,0.0617845593951642,0.01587977947201577,unsigned,1.0
motif_cnn53_hiranniramol_sequence_cnn_ig_020,709,hiranniramol,single,sequence,cnn,cnn53,cnn_ig,20,23,AGGG,0.008474231542398507,0.0617845593951642,0.01587977947201577,unsigned,1.0
motif_cnn53_hiranniramol_sequence_cnn_ig_020,722,hiranniramol,single,sequence,cnn,cnn53,cnn_ig,20,23,AGGG,0.008474231542398507,0.0617845593951642,0.01587977947201577,unsigned,1.0
motif_cnn53_hiranniramol_sequence_cnn_ig_020,798,hiranniramol,single,sequence,cnn,cnn53,cnn_ig,20,23,AGGG,0.008474231542398507,0.0617845593951642,0.01587977947201577,unsigned,0.4667
motif_cnn53_hiranniramol_sequence_cnn_ig_020,824,hiranniramol,single,sequence,cnn,cnn53,cnn_ig,20,23,AGGG,0.008474231542398507,0.0617845593951642,0.01587977947201577,unsigned,0.2055
motif_cnn53_hiranniramol_sequence_cnn_ig_020,890,hiranniramol,single,sequence,cnn,cnn53,cnn_ig,20,23,AGGG,0.008474231542398507,0.0617845593951642,0.01587977947201577,unsigned,0.2917
motif_cnn53_hiranniramol_sequence_cnn_ig_020,903,hiranniramol,single,sequence,cnn,cnn53,cnn_ig,20,23,AGGG,0.008474231542398507,0.0617845593951642,0.01587977947201577,unsigned,0.1458
motif_cnn53_hiranniramol_sequence_cnn_ig_020,949,hiranniramol,single,sequence,cnn,cnn53,cnn_ig,20,23,AGGG,0.008474231542398507,0.0617845593951642,0.01587977947201577,unsigned,0.0
motif_cnn53_hiranniramol_sequence_cnn_ig_020,990,hiranniramol,single,sequence,cnn,cnn53,cnn_ig,20,23,AGGG,0.008474231542398507,0.0617845593951642,0.01587977947201577,unsigned,0.5
motif_cnn53_hiranniramol_sequence_cnn_ig_020,1047,hiranniramol,single,sequence,cnn,cnn53,cnn_ig,20,23,AGGG,0.008474231542398507,0.0617845593951642,0.01587977947201577,unsigned,0.1017
motif_cnn53_hiranniramol_sequence_cnn_ig_020,1050,hiranniramol,single,sequence,cnn,cnn53,cnn_ig,20,23,AGGG,0.008474231542398507,0.0617845593951642,0.01587977947201577,unsigned,0.4328
motif_cnn53_hiranniramol_sequence_cnn_ig_020,1080,hiranniramol,single,sequence,cnn,cnn53,cnn_ig,20,23,AGGG,0.008474231542398507,0.0617845593951642,0.01587977947201577,unsigned,0.2941
motif_cnn53_hiranniramol_sequence_cnn_ig_020,1100,hiranniramol,single,sequence,cnn,cnn53,cnn_ig,20,23,AGGG,0.008474231542398507,0.0617845593951642,0.01587977947201577,unsigned,0.1379
motif_cnn53_hiranniramol_sequence_cnn_ig_020,1161,hiranniramol,single,sequence,cnn,cnn53,cnn_ig,20,23,AGGG,0.008474231542398507,0.0617845593951642,0.01587977947201577,unsigned,0.2
motif_cnn53_hiranniramol_sequence_cnn_ig_020,1166,hiranniramol,single,sequence,cnn,cnn53,cnn_ig,20,23,AGGG,0.008474231542398507,0.0617845593951642,0.01587977947201577,unsigned,0.5
motif_cnn53_hiranniramol_sequence_cnn_ig_020,1294,hiranniramol,single,sequence,cnn,cnn53,cnn_ig,20,23,AGGG,0.008474231542398507,0.0617845593951642,0.01587977947201577,unsigned,0.427
motif_cnn53_hiranniramol_sequence_cnn_ig_020,1299,hiranniramol,single,sequence,cnn,cnn53,cnn_ig,20,23,AGGG,0.008474231542398507,0.0617845593951642,0.01587977947201577,unsigned,0.0
motif_cnn53_hiranniramol_sequence_cnn_ig_021,22,hiranniramol,single,sequence,cnn,cnn53,cnn_ig,20,23,GAGG,0.012444696233918242,0.0617845593951642,0.01587977947201577,unsigned,1.0
motif_cnn53_hiranniramol_sequence_cnn_ig_021,38,hiranniramol,single,sequence,cnn,cnn53,cnn_ig,20,23,GAGG,0.012444696233918242,0.0617845593951642,0.01587977947201577,unsigned,1.0
motif_cnn53_hiranniramol_sequence_cnn_ig_021,66,hiranniramol,single,sequence,cnn,cnn53,cnn_ig,20,23,GAGG,0.012444696233918242,0.0617845593951642,0.01587977947201577,unsigned,1.0
motif_cnn53_hiranniramol_sequence_cnn_ig_021,67,hiranniramol,single,sequence,cnn,cnn53,cnn_ig,20,23,GAGG,0.012444696233918242,0.0617845593951642,0.01587977947201577,unsigned,1.0
motif_cnn53_hiranniramol_sequence_cnn_ig_021,89,hiranniramol,single,sequence,cnn,cnn53,cnn_ig,20,23,GAGG,0.012444696233918242,0.0617845593951642,0.01587977947201577,unsigned,1.0
motif_cnn53_hiranniramol_sequence_cnn_ig_021,104,hiranniramol,single,sequence,cnn,cnn53,cnn_ig,20,23,GAGG,0.012444696233918242,0.0617845593951642,0.01587977947201577,unsigned,1.0
motif_cnn53_hiranniramol_sequence_cnn_ig_021,122,hiranniramol,single,sequence,cnn,cnn53,cnn_ig,20,23,GAGG,0.012444696233918242,0.0617845593951642,0.01587977947201577,unsigned,1.0
motif_cnn53_hiranniramol_sequence_cnn_ig_021,125,hiranniramol,single,sequence,cnn,cnn53,cnn_ig,20,23,GAGG,0.012444696233918242,0.0617845593951642,0.01587977947201577,unsigned,1.0
motif_cnn53_hiranniramol_sequence_cnn_ig_021,129,hiranniramol,single,sequence,cnn,cnn53,cnn_ig,20,23,GAGG,0.012444696233918242,0.0617845593951642,0.01587977947201577,unsigned,1.0
motif_cnn53_hiranniramol_sequence_cnn_ig_021,131,hiranniramol,single,sequence,cnn,cnn53,cnn_ig,20,23,GAGG,0.012444696233918242,0.0617845593951642,0.01587977947201577,unsigned,1.0
motif_cnn53_hiranniramol_sequence_cnn_ig_021,137,hiranniramol,single,sequence,cnn,cnn53,cnn_ig,20,23,GAGG,0.012444696233918242,0.0617845593951642,0.01587977947201577,unsigned,1.0
motif_cnn53_hiranniramol_sequence_cnn_ig_021,142,hiranniramol,single,sequence,cnn,cnn53,cnn_ig,20,23,GAGG,0.012444696233918242,0.0617845593951642,0.01587977947201577,unsigned,1.0
motif_cnn53_hiranniramol_sequence_cnn_ig_021,149,hiranniramol,single,sequence,cnn,cnn53,cnn_ig,20,23,GAGG,0.012444696233918242,0.0617845593951642,0.01587977947201577,unsigned,1.0
motif_cnn53_hiranniramol_sequence_cnn_ig_021,151,hiranniramol,single,sequence,cnn,cnn53,cnn_ig,20,23,GAGG,0.012444696233918242,0.0617845593951642,0.01587977947201577,unsigned,1.0
motif_cnn53_hiranniramol_sequence_cnn_ig_021,193,hiranniramol,single,sequence,cnn,cnn53,cnn_ig,20,23,GAGG,0.012444696233918242,0.0617845593951642,0.01587977947201577,unsigned,1.0
motif_cnn53_hiranniramol_sequence_cnn_ig_021,201,hiranniramol,single,sequence,cnn,cnn53,cnn_ig,20,23,GAGG,0.012444696233918242,0.0617845593951642,0.01587977947201577,unsigned,1.0
motif_cnn53_hiranniramol_sequence_cnn_ig_021,226,hiranniramol,single,sequence,cnn,cnn53,cnn_ig,20,23,GAGG,0.012444696233918242,0.0617845593951642,0.01587977947201577,unsigned,1.0
motif_cnn53_hiranniramol_sequence_cnn_ig_021,231,hiranniramol,single,sequence,cnn,cnn53,cnn_ig,20,23,GAGG,0.012444696233918242,0.0617845593951642,0.01587977947201577,unsigned,1.0
motif_cnn53_hiranniramol_sequence_cnn_ig_021,243,hiranniramol,single,sequence,cnn,cnn53,cnn_ig,20,23,GAGG,0.012444696233918242,0.0617845593951642,0.01587977947201577,unsigned,1.0
motif_cnn53_hiranniramol_sequence_cnn_ig_021,260,hiranniramol,single,sequence,cnn,cnn53,cnn_ig,20,23,GAGG,0.012444696233918242,0.0617845593951642,0.01587977947201577,unsigned,1.0
motif_cnn53_hiranniramol_sequence_cnn_ig_021,266,hiranniramol,single,sequence,cnn,cnn53,cnn_ig,20,23,GAGG,0.012444696233918242,0.0617845593951642,0.01587977947201577,unsigned,1.0
motif_cnn53_hiranniramol_sequence_cnn_ig_021,279,hiranniramol,single,sequence,cnn,cnn53,cnn_ig,20,23,GAGG,0.012444696233918242,0.0617845593951642,0.01587977947201577,unsigned,1.0
motif_cnn53_hiranniramol_sequence_cnn_ig_021,285,hiranniramol,single,sequence,cnn,cnn53,cnn_ig,20,23,GAGG,0.012444696233918242,0.0617845593951642,0.01587977947201577,unsigned,1.0
motif_cnn53_hiranniramol_sequence_cnn_ig_021,292,hiranniramol,single,sequence,cnn,cnn53,cnn_ig,20,23,GAGG,0.012444696233918242,0.0617845593951642,0.01587977947201577,unsigned,1.0
motif_cnn53_hiranniramol_sequence_cnn_ig_021,306,hiranniramol,single,sequence,cnn,cnn53,cnn_ig,20,23,GAGG,0.012444696233918242,0.0617845593951642,0.01587977947201577,unsigned,1.0
motif_cnn53_hiranniramol_sequence_cnn_ig_021,307,hiranniramol,single,sequence,cnn,cnn53,cnn_ig,20,23,GAGG,0.012444696233918242,0.0617845593951642,0.01587977947201577,unsigned,1.0
motif_cnn53_hiranniramol_sequence_cnn_ig_021,310,hiranniramol,single,sequence,cnn,cnn53,cnn_ig,20,23,GAGG,0.012444696233918242,0.0617845593951642,0.01587977947201577,unsigned,1.0
motif_cnn53_hiranniramol_sequence_cnn_ig_021,317,hiranniramol,single,sequence,cnn,cnn53,cnn_ig,20,23,GAGG,0.012444696233918242,0.0617845593951642,0.01587977947201577,unsigned,1.0
motif_cnn53_hiranniramol_sequence_cnn_ig_021,318,hiranniramol,single,sequence,cnn,cnn53,cnn_ig,20,23,GAGG,0.012444696233918242,0.0617845593951642,0.01587977947201577,unsigned,1.0
motif_cnn53_hiranniramol_sequence_cnn_ig_021,320,hiranniramol,single,sequence,cnn,cnn53,cnn_ig,20,23,GAGG,0.012444696233918242,0.0617845593951642,0.01587977947201577,unsigned,1.0
motif_cnn53_hiranniramol_sequence_cnn_ig_021,340,hiranniramol,single,sequence,cnn,cnn53,cnn_ig,20,23,GAGG,0.012444696233918242,0.0617845593951642,0.01587977947201577,unsigned,1.0
motif_cnn53_hiranniramol_sequence_cnn_ig_021,350,hiranniramol,single,sequence,cnn,cnn53,cnn_ig,20,23,GAGG,0.012444696233918242,0.0617845593951642,0.01587977947201577,unsigned,1.0
motif_cnn53_hiranniramol_sequence_cnn_ig_021,363,hiranniramol,single,sequence,cnn,cnn53,cnn_ig,20,23,GAGG,0.012444696233918242,0.0617845593951642,0.01587977947201577,unsigned,1.0
motif_cnn53_hiranniramol_sequence_cnn_ig_021,364,hiranniramol,single,sequence,cnn,cnn53,cnn_ig,20,23,GAGG,0.012444696233918242,0.0617845593951642,0.01587977947201577,unsigned,1.0
motif_cnn53_hiranniramol_sequence_cnn_ig_021,371,hiranniramol,single,sequence,cnn,cnn53,cnn_ig,20,23,GAGG,0.012444696233918242,0.0617845593951642,0.01587977947201577,unsigned,1.0
motif_cnn53_hiranniramol_sequence_cnn_ig_021,403,hiranniramol,single,sequence,cnn,cnn53,cnn_ig,20,23,GAGG,0.012444696233918242,0.0617845593951642,0.01587977947201577,unsigned,1.0
motif_cnn53_hiranniramol_sequence_cnn_ig_021,406,hiranniramol,single,sequence,cnn,cnn53,cnn_ig,20,23,GAGG,0.012444696233918242,0.0617845593951642,0.01587977947201577,unsigned,1.0
motif_cnn53_hiranniramol_sequence_cnn_ig_021,415,hiranniramol,single,sequence,cnn,cnn53,cnn_ig,20,23,GAGG,0.012444696233918242,0.0617845593951642,0.01587977947201577,unsigned,1.0
motif_cnn53_hiranniramol_sequence_cnn_ig_021,416,hiranniramol,single,sequence,cnn,cnn53,cnn_ig,20,23,GAGG,0.012444696233918242,0.0617845593951642,0.01587977947201577,unsigned,1.0
motif_cnn53_hiranniramol_sequence_cnn_ig_021,431,hiranniramol,single,sequence,cnn,cnn53,cnn_ig,20,23,GAGG,0.012444696233918242,0.0617845593951642,0.01587977947201577,unsigned,1.0
motif_cnn53_hiranniramol_sequence_cnn_ig_021,434,hiranniramol,single,sequence,cnn,cnn53,cnn_ig,20,23,GAGG,0.012444696233918242,0.0617845593951642,0.01587977947201577,unsigned,1.0
motif_cnn53_hiranniramol_sequence_cnn_ig_021,440,hiranniramol,single,sequence,cnn,cnn53,cnn_ig,20,23,GAGG,0.012444696233918242,0.0617845593951642,0.01587977947201577,unsigned,1.0
motif_cnn53_hiranniramol_sequence_cnn_ig_021,452,hiranniramol,single,sequence,cnn,cnn53,cnn_ig,20,23,GAGG,0.012444696233918242,0.0617845593951642,0.01587977947201577,unsigned,1.0
motif_cnn53_hiranniramol_sequence_cnn_ig_021,456,hiranniramol,single,sequence,cnn,cnn53,cnn_ig,20,23,GAGG,0.012444696233918242,0.0617845593951642,0.01587977947201577,unsigned,1.0
motif_cnn53_hiranniramol_sequence_cnn_ig_021,476,hiranniramol,single,sequence,cnn,cnn53,cnn_ig,20,23,GAGG,0.012444696233918242,0.0617845593951642,0.01587977947201577,unsigned,1.0
motif_cnn53_hiranniramol_sequence_cnn_ig_021,477,hiranniramol,single,sequence,cnn,cnn53,cnn_ig,20,23,GAGG,0.012444696233918242,0.0617845593951642,0.01587977947201577,unsigned,1.0
motif_cnn53_hiranniramol_sequence_cnn_ig_021,479,hiranniramol,single,sequence,cnn,cnn53,cnn_ig,20,23,GAGG,0.012444696233918242,0.0617845593951642,0.01587977947201577,unsigned,1.0
motif_cnn53_hiranniramol_sequence_cnn_ig_021,483,hiranniramol,single,sequence,cnn,cnn53,cnn_ig,20,23,GAGG,0.012444696233918242,0.0617845593951642,0.01587977947201577,unsigned,1.0
motif_cnn53_hiranniramol_sequence_cnn_ig_021,492,hiranniramol,single,sequence,cnn,cnn53,cnn_ig,20,23,GAGG,0.012444696233918242,0.0617845593951642,0.01587977947201577,unsigned,1.0
motif_cnn53_hiranniramol_sequence_cnn_ig_021,494,hiranniramol,single,sequence,cnn,cnn53,cnn_ig,20,23,GAGG,0.012444696233918242,0.0617845593951642,0.01587977947201577,unsigned,1.0
motif_cnn53_hiranniramol_sequence_cnn_ig_021,500,hiranniramol,single,sequence,cnn,cnn53,cnn_ig,20,23,GAGG,0.012444696233918242,0.0617845593951642,0.01587977947201577,unsigned,1.0
motif_cnn53_hiranniramol_sequence_cnn_ig_021,510,hiranniramol,single,sequence,cnn,cnn53,cnn_ig,20,23,GAGG,0.012444696233918242,0.0617845593951642,0.01587977947201577,unsigned,1.0
motif_cnn53_hiranniramol_sequence_cnn_ig_021,512,hiranniramol,single,sequence,cnn,cnn53,cnn_ig,20,23,GAGG,0.012444696233918242,0.0617845593951642,0.01587977947201577,unsigned,1.0
motif_cnn53_hiranniramol_sequence_cnn_ig_021,530,hiranniramol,single,sequence,cnn,cnn53,cnn_ig,20,23,GAGG,0.012444696233918242,0.0617845593951642,0.01587977947201577,unsigned,1.0
motif_cnn53_hiranniramol_sequence_cnn_ig_021,532,hiranniramol,single,sequence,cnn,cnn53,cnn_ig,20,23,GAGG,0.012444696233918242,0.0617845593951642,0.01587977947201577,unsigned,1.0
motif_cnn53_hiranniramol_sequence_cnn_ig_021,538,hiranniramol,single,sequence,cnn,cnn53,cnn_ig,20,23,GAGG,0.012444696233918242,0.0617845593951642,0.01587977947201577,unsigned,1.0
motif_cnn53_hiranniramol_sequence_cnn_ig_021,544,hiranniramol,single,sequence,cnn,cnn53,cnn_ig,20,23,GAGG,0.012444696233918242,0.0617845593951642,0.01587977947201577,unsigned,1.0
motif_cnn53_hiranniramol_sequence_cnn_ig_021,547,hiranniramol,single,sequence,cnn,cnn53,cnn_ig,20,23,GAGG,0.012444696233918242,0.0617845593951642,0.01587977947201577,unsigned,1.0
motif_cnn53_hiranniramol_sequence_cnn_ig_021,548,hiranniramol,single,sequence,cnn,cnn53,cnn_ig,20,23,GAGG,0.012444696233918242,0.0617845593951642,0.01587977947201577,unsigned,1.0
motif_cnn53_hiranniramol_sequence_cnn_ig_021,550,hiranniramol,single,sequence,cnn,cnn53,cnn_ig,20,23,GAGG,0.012444696233918242,0.0617845593951642,0.01587977947201577,unsigned,1.0
motif_cnn53_hiranniramol_sequence_cnn_ig_021,596,hiranniramol,single,sequence,cnn,cnn53,cnn_ig,20,23,GAGG,0.012444696233918242,0.0617845593951642,0.01587977947201577,unsigned,1.0
motif_cnn53_hiranniramol_sequence_cnn_ig_021,599,hiranniramol,single,sequence,cnn,cnn53,cnn_ig,20,23,GAGG,0.012444696233918242,0.0617845593951642,0.01587977947201577,unsigned,1.0
motif_cnn53_hiranniramol_sequence_cnn_ig_021,603,hiranniramol,single,sequence,cnn,cnn53,cnn_ig,20,23,GAGG,0.012444696233918242,0.0617845593951642,0.01587977947201577,unsigned,1.0
motif_cnn53_hiranniramol_sequence_cnn_ig_021,607,hiranniramol,single,sequence,cnn,cnn53,cnn_ig,20,23,GAGG,0.012444696233918242,0.0617845593951642,0.01587977947201577,unsigned,1.0
motif_cnn53_hiranniramol_sequence_cnn_ig_021,610,hiranniramol,single,sequence,cnn,cnn53,cnn_ig,20,23,GAGG,0.012444696233918242,0.0617845593951642,0.01587977947201577,unsigned,1.0
motif_cnn53_hiranniramol_sequence_cnn_ig_021,625,hiranniramol,single,sequence,cnn,cnn53,cnn_ig,20,23,GAGG,0.012444696233918242,0.0617845593951642,0.01587977947201577,unsigned,1.0
motif_cnn53_hiranniramol_sequence_cnn_ig_021,635,hiranniramol,single,sequence,cnn,cnn53,cnn_ig,20,23,GAGG,0.012444696233918242,0.0617845593951642,0.01587977947201577,unsigned,1.0
motif_cnn53_hiranniramol_sequence_cnn_ig_021,646,hiranniramol,single,sequence,cnn,cnn53,cnn_ig,20,23,GAGG,0.012444696233918242,0.0617845593951642,0.01587977947201577,unsigned,1.0
motif_cnn53_hiranniramol_sequence_cnn_ig_021,677,hiranniramol,single,sequence,cnn,cnn53,cnn_ig,20,23,GAGG,0.012444696233918242,0.0617845593951642,0.01587977947201577,unsigned,1.0
motif_cnn53_hiranniramol_sequence_cnn_ig_021,681,hiranniramol,single,sequence,cnn,cnn53,cnn_ig,20,23,GAGG,0.012444696233918242,0.0617845593951642,0.01587977947201577,unsigned,1.0
motif_cnn53_hiranniramol_sequence_cnn_ig_021,683,hiranniramol,single,sequence,cnn,cnn53,cnn_ig,20,23,GAGG,0.012444696233918242,0.0617845593951642,0.01587977947201577,unsigned,1.0
motif_cnn53_hiranniramol_sequence_cnn_ig_021,689,hiranniramol,single,sequence,cnn,cnn53,cnn_ig,20,23,GAGG,0.012444696233918242,0.0617845593951642,0.01587977947201577,unsigned,1.0
motif_cnn53_hiranniramol_sequence_cnn_ig_021,716,hiranniramol,single,sequence,cnn,cnn53,cnn_ig,20,23,GAGG,0.012444696233918242,0.0617845593951642,0.01587977947201577,unsigned,1.0
motif_cnn53_hiranniramol_sequence_cnn_ig_021,721,hiranniramol,single,sequence,cnn,cnn53,cnn_ig,20,23,GAGG,0.012444696233918242,0.0617845593951642,0.01587977947201577,unsigned,1.0
motif_cnn53_hiranniramol_sequence_cnn_ig_021,739,hiranniramol,single,sequence,cnn,cnn53,cnn_ig,20,23,GAGG,0.012444696233918242,0.0617845593951642,0.01587977947201577,unsigned,1.0
motif_cnn53_hiranniramol_sequence_cnn_ig_021,843,hiranniramol,single,sequence,cnn,cnn53,cnn_ig,20,23,GAGG,0.012444696233918242,0.0617845593951642,0.01587977947201577,unsigned,0.4090999999999999
motif_cnn53_hiranniramol_sequence_cnn_ig_021,851,hiranniramol,single,sequence,cnn,cnn53,cnn_ig,20,23,GAGG,0.012444696233918242,0.0617845593951642,0.01587977947201577,unsigned,0.3043
motif_cnn53_hiranniramol_sequence_cnn_ig_021,875,hiranniramol,single,sequence,cnn,cnn53,cnn_ig,20,23,GAGG,0.012444696233918242,0.0617845593951642,0.01587977947201577,unsigned,0.1473
motif_cnn53_hiranniramol_sequence_cnn_ig_021,882,hiranniramol,single,sequence,cnn,cnn53,cnn_ig,20,23,GAGG,0.012444696233918242,0.0617845593951642,0.01587977947201577,unsigned,0.5
motif_cnn53_hiranniramol_sequence_cnn_ig_021,915,hiranniramol,single,sequence,cnn,cnn53,cnn_ig,20,23,GAGG,0.012444696233918242,0.0617845593951642,0.01587977947201577,unsigned,0.1389
motif_cnn53_hiranniramol_sequence_cnn_ig_021,929,hiranniramol,single,sequence,cnn,cnn53,cnn_ig,20,23,GAGG,0.012444696233918242,0.0617845593951642,0.01587977947201577,unsigned,0.325
motif_cnn53_hiranniramol_sequence_cnn_ig_021,1053,hiranniramol,single,sequence,cnn,cnn53,cnn_ig,20,23,GAGG,0.012444696233918242,0.0617845593951642,0.01587977947201577,unsigned,0.0909
motif_cnn53_hiranniramol_sequence_cnn_ig_021,1065,hiranniramol,single,sequence,cnn,cnn53,cnn_ig,20,23,GAGG,0.012444696233918242,0.0617845593951642,0.01587977947201577,unsigned,0.2619
motif_cnn53_hiranniramol_sequence_cnn_ig_021,1129,hiranniramol,single,sequence,cnn,cnn53,cnn_ig,20,23,GAGG,0.012444696233918242,0.0617845593951642,0.01587977947201577,unsigned,0.0
motif_cnn53_hiranniramol_sequence_cnn_ig_022,2,hiranniramol,single,sequence,cnn,cnn53,cnn_ig,20,23,CAGG,0.011708472079286943,0.0617845593951642,0.01587977947201577,unsigned,1.0
motif_cnn53_hiranniramol_sequence_cnn_ig_022,9,hiranniramol,single,sequence,cnn,cnn53,cnn_ig,20,23,CAGG,0.011708472079286943,0.0617845593951642,0.01587977947201577,unsigned,1.0
motif_cnn53_hiranniramol_sequence_cnn_ig_022,23,hiranniramol,single,sequence,cnn,cnn53,cnn_ig,20,23,CAGG,0.011708472079286943,0.0617845593951642,0.01587977947201577,unsigned,1.0
motif_cnn53_hiranniramol_sequence_cnn_ig_022,24,hiranniramol,single,sequence,cnn,cnn53,cnn_ig,20,23,CAGG,0.011708472079286943,0.0617845593951642,0.01587977947201577,unsigned,1.0
motif_cnn53_hiranniramol_sequence_cnn_ig_022,29,hiranniramol,single,sequence,cnn,cnn53,cnn_ig,20,23,CAGG,0.011708472079286943,0.0617845593951642,0.01587977947201577,unsigned,1.0
motif_cnn53_hiranniramol_sequence_cnn_ig_022,57,hiranniramol,single,sequence,cnn,cnn53,cnn_ig,20,23,CAGG,0.011708472079286943,0.0617845593951642,0.01587977947201577,unsigned,1.0
motif_cnn53_hiranniramol_sequence_cnn_ig_022,60,hiranniramol,single,sequence,cnn,cnn53,cnn_ig,20,23,CAGG,0.011708472079286943,0.0617845593951642,0.01587977947201577,unsigned,1.0
motif_cnn53_hiranniramol_sequence_cnn_ig_022,68,hiranniramol,single,sequence,cnn,cnn53,cnn_ig,20,23,CAGG,0.011708472079286943,0.0617845593951642,0.01587977947201577,unsigned,1.0
motif_cnn53_hiranniramol_sequence_cnn_ig_022,69,hiranniramol,single,sequence,cnn,cnn53,cnn_ig,20,23,CAGG,0.011708472079286943,0.0617845593951642,0.01587977947201577,unsigned,1.0
motif_cnn53_hiranniramol_sequence_cnn_ig_022,94,hiranniramol,single,sequence,cnn,cnn53,cnn_ig,20,23,CAGG,0.011708472079286943,0.0617845593951642,0.01587977947201577,unsigned,1.0
motif_cnn53_hiranniramol_sequence_cnn_ig_022,97,hiranniramol,single,sequence,cnn,cnn53,cnn_ig,20,23,CAGG,0.011708472079286943,0.0617845593951642,0.01587977947201577,unsigned,1.0
motif_cnn53_hiranniramol_sequence_cnn_ig_022,105,hiranniramol,single,sequence,cnn,cnn53,cnn_ig,20,23,CAGG,0.011708472079286943,0.0617845593951642,0.01587977947201577,unsigned,1.0
motif_cnn53_hiranniramol_sequence_cnn_ig_022,127,hiranniramol,single,sequence,cnn,cnn53,cnn_ig,20,23,CAGG,0.011708472079286943,0.0617845593951642,0.01587977947201577,unsigned,1.0
motif_cnn53_hiranniramol_sequence_cnn_ig_022,170,hiranniramol,single,sequence,cnn,cnn53,cnn_ig,20,23,CAGG,0.011708472079286943,0.0617845593951642,0.01587977947201577,unsigned,1.0
motif_cnn53_hiranniramol_sequence_cnn_ig_022,171,hiranniramol,single,sequence,cnn,cnn53,cnn_ig,20,23,CAGG,0.011708472079286943,0.0617845593951642,0.01587977947201577,unsigned,1.0
motif_cnn53_hiranniramol_sequence_cnn_ig_022,174,hiranniramol,single,sequence,cnn,cnn53,cnn_ig,20,23,CAGG,0.011708472079286943,0.0617845593951642,0.01587977947201577,unsigned,1.0
motif_cnn53_hiranniramol_sequence_cnn_ig_022,195,hiranniramol,single,sequence,cnn,cnn53,cnn_ig,20,23,CAGG,0.011708472079286943,0.0617845593951642,0.01587977947201577,unsigned,1.0
motif_cnn53_hiranniramol_sequence_cnn_ig_022,215,hiranniramol,single,sequence,cnn,cnn53,cnn_ig,20,23,CAGG,0.011708472079286943,0.0617845593951642,0.01587977947201577,unsigned,1.0
motif_cnn53_hiranniramol_sequence_cnn_ig_022,218,hiranniramol,single,sequence,cnn,cnn53,cnn_ig,20,23,CAGG,0.011708472079286943,0.0617845593951642,0.01587977947201577,unsigned,1.0
motif_cnn53_hiranniramol_sequence_cnn_ig_022,225,hiranniramol,single,sequence,cnn,cnn53,cnn_ig,20,23,CAGG,0.011708472079286943,0.0617845593951642,0.01587977947201577,unsigned,1.0
motif_cnn53_hiranniramol_sequence_cnn_ig_022,274,hiranniramol,single,sequence,cnn,cnn53,cnn_ig,20,23,CAGG,0.011708472079286943,0.0617845593951642,0.01587977947201577,unsigned,1.0
motif_cnn53_hiranniramol_sequence_cnn_ig_022,288,hiranniramol,single,sequence,cnn,cnn53,cnn_ig,20,23,CAGG,0.011708472079286943,0.0617845593951642,0.01587977947201577,unsigned,1.0
motif_cnn53_hiranniramol_sequence_cnn_ig_022,354,hiranniramol,single,sequence,cnn,cnn53,cnn_ig,20,23,CAGG,0.011708472079286943,0.0617845593951642,0.01587977947201577,unsigned,1.0
motif_cnn53_hiranniramol_sequence_cnn_ig_022,367,hiranniramol,single,sequence,cnn,cnn53,cnn_ig,20,23,CAGG,0.011708472079286943,0.0617845593951642,0.01587977947201577,unsigned,1.0
motif_cnn53_hiranniramol_sequence_cnn_ig_022,372,hiranniramol,single,sequence,cnn,cnn53,cnn_ig,20,23,CAGG,0.011708472079286943,0.0617845593951642,0.01587977947201577,unsigned,1.0
motif_cnn53_hiranniramol_sequence_cnn_ig_022,393,hiranniramol,single,sequence,cnn,cnn53,cnn_ig,20,23,CAGG,0.011708472079286943,0.0617845593951642,0.01587977947201577,unsigned,1.0
motif_cnn53_hiranniramol_sequence_cnn_ig_022,428,hiranniramol,single,sequence,cnn,cnn53,cnn_ig,20,23,CAGG,0.011708472079286943,0.0617845593951642,0.01587977947201577,unsigned,1.0
motif_cnn53_hiranniramol_sequence_cnn_ig_022,475,hiranniramol,single,sequence,cnn,cnn53,cnn_ig,20,23,CAGG,0.011708472079286943,0.0617845593951642,0.01587977947201577,unsigned,1.0
motif_cnn53_hiranniramol_sequence_cnn_ig_022,484,hiranniramol,single,sequence,cnn,cnn53,cnn_ig,20,23,CAGG,0.011708472079286943,0.0617845593951642,0.01587977947201577,unsigned,1.0
motif_cnn53_hiranniramol_sequence_cnn_ig_022,515,hiranniramol,single,sequence,cnn,cnn53,cnn_ig,20,23,CAGG,0.011708472079286943,0.0617845593951642,0.01587977947201577,unsigned,1.0
motif_cnn53_hiranniramol_sequence_cnn_ig_022,555,hiranniramol,single,sequence,cnn,cnn53,cnn_ig,20,23,CAGG,0.011708472079286943,0.0617845593951642,0.01587977947201577,unsigned,1.0
motif_cnn53_hiranniramol_sequence_cnn_ig_022,621,hiranniramol,single,sequence,cnn,cnn53,cnn_ig,20,23,CAGG,0.011708472079286943,0.0617845593951642,0.01587977947201577,unsigned,1.0
motif_cnn53_hiranniramol_sequence_cnn_ig_022,647,hiranniramol,single,sequence,cnn,cnn53,cnn_ig,20,23,CAGG,0.011708472079286943,0.0617845593951642,0.01587977947201577,unsigned,1.0
motif_cnn53_hiranniramol_sequence_cnn_ig_022,655,hiranniramol,single,sequence,cnn,cnn53,cnn_ig,20,23,CAGG,0.011708472079286943,0.0617845593951642,0.01587977947201577,unsigned,1.0
motif_cnn53_hiranniramol_sequence_cnn_ig_022,690,hiranniramol,single,sequence,cnn,cnn53,cnn_ig,20,23,CAGG,0.011708472079286943,0.0617845593951642,0.01587977947201577,unsigned,1.0
motif_cnn53_hiranniramol_sequence_cnn_ig_022,697,hiranniramol,single,sequence,cnn,cnn53,cnn_ig,20,23,CAGG,0.011708472079286943,0.0617845593951642,0.01587977947201577,unsigned,1.0
motif_cnn53_hiranniramol_sequence_cnn_ig_022,738,hiranniramol,single,sequence,cnn,cnn53,cnn_ig,20,23,CAGG,0.011708472079286943,0.0617845593951642,0.01587977947201577,unsigned,1.0
motif_cnn53_hiranniramol_sequence_cnn_ig_022,747,hiranniramol,single,sequence,cnn,cnn53,cnn_ig,20,23,CAGG,0.011708472079286943,0.0617845593951642,0.01587977947201577,unsigned,0.1846
motif_cnn53_hiranniramol_sequence_cnn_ig_022,750,hiranniramol,single,sequence,cnn,cnn53,cnn_ig,20,23,CAGG,0.011708472079286943,0.0617845593951642,0.01587977947201577,unsigned,0.0833
motif_cnn53_hiranniramol_sequence_cnn_ig_022,753,hiranniramol,single,sequence,cnn,cnn53,cnn_ig,20,23,CAGG,0.011708472079286943,0.0617845593951642,0.01587977947201577,unsigned,0.25
motif_cnn53_hiranniramol_sequence_cnn_ig_022,768,hiranniramol,single,sequence,cnn,cnn53,cnn_ig,20,23,CAGG,0.011708472079286943,0.0617845593951642,0.01587977947201577,unsigned,0.4
motif_cnn53_hiranniramol_sequence_cnn_ig_022,779,hiranniramol,single,sequence,cnn,cnn53,cnn_ig,20,23,CAGG,0.011708472079286943,0.0617845593951642,0.01587977947201577,unsigned,0.4167
motif_cnn53_hiranniramol_sequence_cnn_ig_022,784,hiranniramol,single,sequence,cnn,cnn53,cnn_ig,20,23,CAGG,0.011708472079286943,0.0617845593951642,0.01587977947201577,unsigned,0.3519
motif_cnn53_hiranniramol_sequence_cnn_ig_022,802,hiranniramol,single,sequence,cnn,cnn53,cnn_ig,20,23,CAGG,0.011708472079286943,0.0617845593951642,0.01587977947201577,unsigned,0.0713999999999999
motif_cnn53_hiranniramol_sequence_cnn_ig_022,809,hiranniramol,single,sequence,cnn,cnn53,cnn_ig,20,23,CAGG,0.011708472079286943,0.0617845593951642,0.01587977947201577,unsigned,0.0
motif_cnn53_hiranniramol_sequence_cnn_ig_022,829,hiranniramol,single,sequence,cnn,cnn53,cnn_ig,20,23,CAGG,0.011708472079286943,0.0617845593951642,0.01587977947201577,unsigned,0.4576
motif_cnn53_hiranniramol_sequence_cnn_ig_022,831,hiranniramol,single,sequence,cnn,cnn53,cnn_ig,20,23,CAGG,0.011708472079286943,0.0617845593951642,0.01587977947201577,unsigned,0.1404
motif_cnn53_hiranniramol_sequence_cnn_ig_022,832,hiranniramol,single,sequence,cnn,cnn53,cnn_ig,20,23,CAGG,0.011708472079286943,0.0617845593951642,0.01587977947201577,unsigned,0.4706
motif_cnn53_hiranniramol_sequence_cnn_ig_022,833,hiranniramol,single,sequence,cnn,cnn53,cnn_ig,20,23,CAGG,0.011708472079286943,0.0617845593951642,0.01587977947201577,unsigned,0.0909
motif_cnn53_hiranniramol_sequence_cnn_ig_022,873,hiranniramol,single,sequence,cnn,cnn53,cnn_ig,20,23,CAGG,0.011708472079286943,0.0617845593951642,0.01587977947201577,unsigned,0.4595
motif_cnn53_hiranniramol_sequence_cnn_ig_022,891,hiranniramol,single,sequence,cnn,cnn53,cnn_ig,20,23,CAGG,0.011708472079286943,0.0617845593951642,0.01587977947201577,unsigned,0.3333
motif_cnn53_hiranniramol_sequence_cnn_ig_022,925,hiranniramol,single,sequence,cnn,cnn53,cnn_ig,20,23,CAGG,0.011708472079286943,0.0617845593951642,0.01587977947201577,unsigned,0.2458
motif_cnn53_hiranniramol_sequence_cnn_ig_022,978,hiranniramol,single,sequence,cnn,cnn53,cnn_ig,20,23,CAGG,0.011708472079286943,0.0617845593951642,0.01587977947201577,unsigned,0.314
motif_cnn53_hiranniramol_sequence_cnn_ig_022,993,hiranniramol,single,sequence,cnn,cnn53,cnn_ig,20,23,CAGG,0.011708472079286943,0.0617845593951642,0.01587977947201577,unsigned,0.1773999999999999
motif_cnn53_hiranniramol_sequence_cnn_ig_022,996,hiranniramol,single,sequence,cnn,cnn53,cnn_ig,20,23,CAGG,0.011708472079286943,0.0617845593951642,0.01587977947201577,unsigned,0.125
motif_cnn53_hiranniramol_sequence_cnn_ig_022,1004,hiranniramol,single,sequence,cnn,cnn53,cnn_ig,20,23,CAGG,0.011708472079286943,0.0617845593951642,0.01587977947201577,unsigned,0.4667
motif_cnn53_hiranniramol_sequence_cnn_ig_022,1009,hiranniramol,single,sequence,cnn,cnn53,cnn_ig,20,23,CAGG,0.011708472079286943,0.0617845593951642,0.01587977947201577,unsigned,0.5
motif_cnn53_hiranniramol_sequence_cnn_ig_022,1030,hiranniramol,single,sequence,cnn,cnn53,cnn_ig,20,23,CAGG,0.011708472079286943,0.0617845593951642,0.01587977947201577,unsigned,0.4717
motif_cnn53_hiranniramol_sequence_cnn_ig_022,1035,hiranniramol,single,sequence,cnn,cnn53,cnn_ig,20,23,CAGG,0.011708472079286943,0.0617845593951642,0.01587977947201577,unsigned,0.4347999999999999
motif_cnn53_hiranniramol_sequence_cnn_ig_022,1049,hiranniramol,single,sequence,cnn,cnn53,cnn_ig,20,23,CAGG,0.011708472079286943,0.0617845593951642,0.01587977947201577,unsigned,0.4545
motif_cnn53_hiranniramol_sequence_cnn_ig_022,1064,hiranniramol,single,sequence,cnn,cnn53,cnn_ig,20,23,CAGG,0.011708472079286943,0.0617845593951642,0.01587977947201577,unsigned,0.0833
motif_cnn53_hiranniramol_sequence_cnn_ig_022,1087,hiranniramol,single,sequence,cnn,cnn53,cnn_ig,20,23,CAGG,0.011708472079286943,0.0617845593951642,0.01587977947201577,unsigned,0.4
motif_cnn53_hiranniramol_sequence_cnn_ig_022,1095,hiranniramol,single,sequence,cnn,cnn53,cnn_ig,20,23,CAGG,0.011708472079286943,0.0617845593951642,0.01587977947201577,unsigned,0.3333
motif_cnn53_hiranniramol_sequence_cnn_ig_022,1101,hiranniramol,single,sequence,cnn,cnn53,cnn_ig,20,23,CAGG,0.011708472079286943,0.0617845593951642,0.01587977947201577,unsigned,0.0
motif_cnn53_hiranniramol_sequence_cnn_ig_022,1110,hiranniramol,single,sequence,cnn,cnn53,cnn_ig,20,23,CAGG,0.011708472079286943,0.0617845593951642,0.01587977947201577,unsigned,0.0833
motif_cnn53_hiranniramol_sequence_cnn_ig_022,1124,hiranniramol,single,sequence,cnn,cnn53,cnn_ig,20,23,CAGG,0.011708472079286943,0.0617845593951642,0.01587977947201577,unsigned,0.1686
motif_cnn53_hiranniramol_sequence_cnn_ig_022,1134,hiranniramol,single,sequence,cnn,cnn53,cnn_ig,20,23,CAGG,0.011708472079286943,0.0617845593951642,0.01587977947201577,unsigned,0.3846
motif_cnn53_hiranniramol_sequence_cnn_ig_022,1137,hiranniramol,single,sequence,cnn,cnn53,cnn_ig,20,23,CAGG,0.011708472079286943,0.0617845593951642,0.01587977947201577,unsigned,0.2312999999999999
motif_cnn53_hiranniramol_sequence_cnn_ig_022,1154,hiranniramol,single,sequence,cnn,cnn53,cnn_ig,20,23,CAGG,0.011708472079286943,0.0617845593951642,0.01587977947201577,unsigned,0.3571
motif_cnn53_hiranniramol_sequence_cnn_ig_022,1162,hiranniramol,single,sequence,cnn,cnn53,cnn_ig,20,23,CAGG,0.011708472079286943,0.0617845593951642,0.01587977947201577,unsigned,0.1667
motif_cnn53_hiranniramol_sequence_cnn_ig_022,1173,hiranniramol,single,sequence,cnn,cnn53,cnn_ig,20,23,CAGG,0.011708472079286943,0.0617845593951642,0.01587977947201577,unsigned,0.3182
motif_cnn53_hiranniramol_sequence_cnn_ig_022,1197,hiranniramol,single,sequence,cnn,cnn53,cnn_ig,20,23,CAGG,0.011708472079286943,0.0617845593951642,0.01587977947201577,unsigned,0.1967
motif_cnn53_hiranniramol_sequence_cnn_ig_022,1222,hiranniramol,single,sequence,cnn,cnn53,cnn_ig,20,23,CAGG,0.011708472079286943,0.0617845593951642,0.01587977947201577,unsigned,0.5
motif_cnn53_hiranniramol_sequence_cnn_ig_022,1223,hiranniramol,single,sequence,cnn,cnn53,cnn_ig,20,23,CAGG,0.011708472079286943,0.0617845593951642,0.01587977947201577,unsigned,0.4217
motif_cnn53_hiranniramol_sequence_cnn_ig_022,1226,hiranniramol,single,sequence,cnn,cnn53,cnn_ig,20,23,CAGG,0.011708472079286943,0.0617845593951642,0.01587977947201577,unsigned,0.4557
motif_cnn53_hiranniramol_sequence_cnn_ig_022,1239,hiranniramol,single,sequence,cnn,cnn53,cnn_ig,20,23,CAGG,0.011708472079286943,0.0617845593951642,0.01587977947201577,unsigned,0.4706
motif_cnn53_hiranniramol_sequence_cnn_ig_022,1240,hiranniramol,single,sequence,cnn,cnn53,cnn_ig,20,23,CAGG,0.011708472079286943,0.0617845593951642,0.01587977947201577,unsigned,0.2
motif_cnn53_hiranniramol_sequence_cnn_ig_022,1242,hiranniramol,single,sequence,cnn,cnn53,cnn_ig,20,23,CAGG,0.011708472079286943,0.0617845593951642,0.01587977947201577,unsigned,0.0
motif_cnn53_hiranniramol_sequence_cnn_ig_022,1273,hiranniramol,single,sequence,cnn,cnn53,cnn_ig,20,23,CAGG,0.011708472079286943,0.0617845593951642,0.01587977947201577,unsigned,0.4761999999999999
motif_cnn53_hiranniramol_sequence_cnn_ig_022,1275,hiranniramol,single,sequence,cnn,cnn53,cnn_ig,20,23,CAGG,0.011708472079286943,0.0617845593951642,0.01587977947201577,unsigned,0.2332999999999999
motif_cnn53_hiranniramol_sequence_cnn_ig_022,1283,hiranniramol,single,sequence,cnn,cnn53,cnn_ig,20,23,CAGG,0.011708472079286943,0.0617845593951642,0.01587977947201577,unsigned,0.0475999999999999
motif_cnn53_hiranniramol_sequence_cnn_ig_022,1307,hiranniramol,single,sequence,cnn,cnn53,cnn_ig,20,23,CAGG,0.011708472079286943,0.0617845593951642,0.01587977947201577,unsigned,0.4
motif_cnn73_hiranniramol_sequence_cnn_ism_023,6,hiranniramol,single,sequence,cnn,cnn73,cnn_ism,20,23,TGGG,0.018946828941504158,0.05756670329719778,0.018474802607670385,unsigned,1.0
motif_cnn73_hiranniramol_sequence_cnn_ism_023,39,hiranniramol,single,sequence,cnn,cnn73,cnn_ism,20,23,TGGG,0.018946828941504158,0.05756670329719778,0.018474802607670385,unsigned,1.0
motif_cnn73_hiranniramol_sequence_cnn_ism_023,40,hiranniramol,single,sequence,cnn,cnn73,cnn_ism,20,23,TGGG,0.018946828941504158,0.05756670329719778,0.018474802607670385,unsigned,1.0
motif_cnn73_hiranniramol_sequence_cnn_ism_023,41,hiranniramol,single,sequence,cnn,cnn73,cnn_ism,20,23,TGGG,0.018946828941504158,0.05756670329719778,0.018474802607670385,unsigned,1.0
motif_cnn73_hiranniramol_sequence_cnn_ism_023,42,hiranniramol,single,sequence,cnn,cnn73,cnn_ism,20,23,TGGG,0.018946828941504158,0.05756670329719778,0.018474802607670385,unsigned,1.0
motif_cnn73_hiranniramol_sequence_cnn_ism_023,50,hiranniramol,single,sequence,cnn,cnn73,cnn_ism,20,23,TGGG,0.018946828941504158,0.05756670329719778,0.018474802607670385,unsigned,1.0
motif_cnn73_hiranniramol_sequence_cnn_ism_023,84,hiranniramol,single,sequence,cnn,cnn73,cnn_ism,20,23,TGGG,0.018946828941504158,0.05756670329719778,0.018474802607670385,unsigned,1.0
motif_cnn73_hiranniramol_sequence_cnn_ism_023,96,hiranniramol,single,sequence,cnn,cnn73,cnn_ism,20,23,TGGG,0.018946828941504158,0.05756670329719778,0.018474802607670385,unsigned,1.0
motif_cnn73_hiranniramol_sequence_cnn_ism_023,117,hiranniramol,single,sequence,cnn,cnn73,cnn_ism,20,23,TGGG,0.018946828941504158,0.05756670329719778,0.018474802607670385,unsigned,1.0
motif_cnn73_hiranniramol_sequence_cnn_ism_023,144,hiranniramol,single,sequence,cnn,cnn73,cnn_ism,20,23,TGGG,0.018946828941504158,0.05756670329719778,0.018474802607670385,unsigned,1.0
motif_cnn73_hiranniramol_sequence_cnn_ism_023,150,hiranniramol,single,sequence,cnn,cnn73,cnn_ism,20,23,TGGG,0.018946828941504158,0.05756670329719778,0.018474802607670385,unsigned,1.0
motif_cnn73_hiranniramol_sequence_cnn_ism_023,152,hiranniramol,single,sequence,cnn,cnn73,cnn_ism,20,23,TGGG,0.018946828941504158,0.05756670329719778,0.018474802607670385,unsigned,1.0
motif_cnn73_hiranniramol_sequence_cnn_ism_023,173,hiranniramol,single,sequence,cnn,cnn73,cnn_ism,20,23,TGGG,0.018946828941504158,0.05756670329719778,0.018474802607670385,unsigned,1.0
motif_cnn73_hiranniramol_sequence_cnn_ism_023,192,hiranniramol,single,sequence,cnn,cnn73,cnn_ism,20,23,TGGG,0.018946828941504158,0.05756670329719778,0.018474802607670385,unsigned,1.0
motif_cnn73_hiranniramol_sequence_cnn_ism_023,217,hiranniramol,single,sequence,cnn,cnn73,cnn_ism,20,23,TGGG,0.018946828941504158,0.05756670329719778,0.018474802607670385,unsigned,1.0
motif_cnn73_hiranniramol_sequence_cnn_ism_023,262,hiranniramol,single,sequence,cnn,cnn73,cnn_ism,20,23,TGGG,0.018946828941504158,0.05756670329719778,0.018474802607670385,unsigned,1.0
motif_cnn73_hiranniramol_sequence_cnn_ism_023,263,hiranniramol,single,sequence,cnn,cnn73,cnn_ism,20,23,TGGG,0.018946828941504158,0.05756670329719778,0.018474802607670385,unsigned,1.0
motif_cnn73_hiranniramol_sequence_cnn_ism_023,267,hiranniramol,single,sequence,cnn,cnn73,cnn_ism,20,23,TGGG,0.018946828941504158,0.05756670329719778,0.018474802607670385,unsigned,1.0
motif_cnn73_hiranniramol_sequence_cnn_ism_023,280,hiranniramol,single,sequence,cnn,cnn73,cnn_ism,20,23,TGGG,0.018946828941504158,0.05756670329719778,0.018474802607670385,unsigned,1.0
motif_cnn73_hiranniramol_sequence_cnn_ism_023,281,hiranniramol,single,sequence,cnn,cnn73,cnn_ism,20,23,TGGG,0.018946828941504158,0.05756670329719778,0.018474802607670385,unsigned,1.0
motif_cnn73_hiranniramol_sequence_cnn_ism_023,294,hiranniramol,single,sequence,cnn,cnn73,cnn_ism,20,23,TGGG,0.018946828941504158,0.05756670329719778,0.018474802607670385,unsigned,1.0
motif_cnn73_hiranniramol_sequence_cnn_ism_023,355,hiranniramol,single,sequence,cnn,cnn73,cnn_ism,20,23,TGGG,0.018946828941504158,0.05756670329719778,0.018474802607670385,unsigned,1.0
motif_cnn73_hiranniramol_sequence_cnn_ism_023,377,hiranniramol,single,sequence,cnn,cnn73,cnn_ism,20,23,TGGG,0.018946828941504158,0.05756670329719778,0.018474802607670385,unsigned,1.0
motif_cnn73_hiranniramol_sequence_cnn_ism_023,389,hiranniramol,single,sequence,cnn,cnn73,cnn_ism,20,23,TGGG,0.018946828941504158,0.05756670329719778,0.018474802607670385,unsigned,1.0
motif_cnn73_hiranniramol_sequence_cnn_ism_023,396,hiranniramol,single,sequence,cnn,cnn73,cnn_ism,20,23,TGGG,0.018946828941504158,0.05756670329719778,0.018474802607670385,unsigned,1.0
motif_cnn73_hiranniramol_sequence_cnn_ism_023,402,hiranniramol,single,sequence,cnn,cnn73,cnn_ism,20,23,TGGG,0.018946828941504158,0.05756670329719778,0.018474802607670385,unsigned,1.0
motif_cnn73_hiranniramol_sequence_cnn_ism_023,412,hiranniramol,single,sequence,cnn,cnn73,cnn_ism,20,23,TGGG,0.018946828941504158,0.05756670329719778,0.018474802607670385,unsigned,1.0
motif_cnn73_hiranniramol_sequence_cnn_ism_023,429,hiranniramol,single,sequence,cnn,cnn73,cnn_ism,20,23,TGGG,0.018946828941504158,0.05756670329719778,0.018474802607670385,unsigned,1.0
motif_cnn73_hiranniramol_sequence_cnn_ism_023,458,hiranniramol,single,sequence,cnn,cnn73,cnn_ism,20,23,TGGG,0.018946828941504158,0.05756670329719778,0.018474802607670385,unsigned,1.0
motif_cnn73_hiranniramol_sequence_cnn_ism_023,464,hiranniramol,single,sequence,cnn,cnn73,cnn_ism,20,23,TGGG,0.018946828941504158,0.05756670329719778,0.018474802607670385,unsigned,1.0
motif_cnn73_hiranniramol_sequence_cnn_ism_023,495,hiranniramol,single,sequence,cnn,cnn73,cnn_ism,20,23,TGGG,0.018946828941504158,0.05756670329719778,0.018474802607670385,unsigned,1.0
motif_cnn73_hiranniramol_sequence_cnn_ism_023,498,hiranniramol,single,sequence,cnn,cnn73,cnn_ism,20,23,TGGG,0.018946828941504158,0.05756670329719778,0.018474802607670385,unsigned,1.0
motif_cnn73_hiranniramol_sequence_cnn_ism_023,520,hiranniramol,single,sequence,cnn,cnn73,cnn_ism,20,23,TGGG,0.018946828941504158,0.05756670329719778,0.018474802607670385,unsigned,1.0
motif_cnn73_hiranniramol_sequence_cnn_ism_023,536,hiranniramol,single,sequence,cnn,cnn73,cnn_ism,20,23,TGGG,0.018946828941504158,0.05756670329719778,0.018474802607670385,unsigned,1.0
motif_cnn73_hiranniramol_sequence_cnn_ism_023,556,hiranniramol,single,sequence,cnn,cnn73,cnn_ism,20,23,TGGG,0.018946828941504158,0.05756670329719778,0.018474802607670385,unsigned,1.0
motif_cnn73_hiranniramol_sequence_cnn_ism_023,581,hiranniramol,single,sequence,cnn,cnn73,cnn_ism,20,23,TGGG,0.018946828941504158,0.05756670329719778,0.018474802607670385,unsigned,1.0
motif_cnn73_hiranniramol_sequence_cnn_ism_023,590,hiranniramol,single,sequence,cnn,cnn73,cnn_ism,20,23,TGGG,0.018946828941504158,0.05756670329719778,0.018474802607670385,unsigned,1.0
motif_cnn73_hiranniramol_sequence_cnn_ism_023,641,hiranniramol,single,sequence,cnn,cnn73,cnn_ism,20,23,TGGG,0.018946828941504158,0.05756670329719778,0.018474802607670385,unsigned,1.0
motif_cnn73_hiranniramol_sequence_cnn_ism_023,661,hiranniramol,single,sequence,cnn,cnn73,cnn_ism,20,23,TGGG,0.018946828941504158,0.05756670329719778,0.018474802607670385,unsigned,1.0
motif_cnn73_hiranniramol_sequence_cnn_ism_023,670,hiranniramol,single,sequence,cnn,cnn73,cnn_ism,20,23,TGGG,0.018946828941504158,0.05756670329719778,0.018474802607670385,unsigned,1.0
motif_cnn73_hiranniramol_sequence_cnn_ism_023,671,hiranniramol,single,sequence,cnn,cnn73,cnn_ism,20,23,TGGG,0.018946828941504158,0.05756670329719778,0.018474802607670385,unsigned,1.0
motif_cnn73_hiranniramol_sequence_cnn_ism_023,700,hiranniramol,single,sequence,cnn,cnn73,cnn_ism,20,23,TGGG,0.018946828941504158,0.05756670329719778,0.018474802607670385,unsigned,1.0
motif_cnn73_hiranniramol_sequence_cnn_ism_023,731,hiranniramol,single,sequence,cnn,cnn73,cnn_ism,20,23,TGGG,0.018946828941504158,0.05756670329719778,0.018474802607670385,unsigned,1.0
motif_cnn73_hiranniramol_sequence_cnn_ism_023,763,hiranniramol,single,sequence,cnn,cnn73,cnn_ism,20,23,TGGG,0.018946828941504158,0.05756670329719778,0.018474802607670385,unsigned,0.3571
motif_cnn73_hiranniramol_sequence_cnn_ism_023,767,hiranniramol,single,sequence,cnn,cnn73,cnn_ism,20,23,TGGG,0.018946828941504158,0.05756670329719778,0.018474802607670385,unsigned,0.3846
motif_cnn73_hiranniramol_sequence_cnn_ism_023,770,hiranniramol,single,sequence,cnn,cnn73,cnn_ism,20,23,TGGG,0.018946828941504158,0.05756670329719778,0.018474802607670385,unsigned,0.4090999999999999
motif_cnn73_hiranniramol_sequence_cnn_ism_023,776,hiranniramol,single,sequence,cnn,cnn73,cnn_ism,20,23,TGGG,0.018946828941504158,0.05756670329719778,0.018474802607670385,unsigned,0.4847999999999999
motif_cnn73_hiranniramol_sequence_cnn_ism_023,778,hiranniramol,single,sequence,cnn,cnn73,cnn_ism,20,23,TGGG,0.018946828941504158,0.05756670329719778,0.018474802607670385,unsigned,0.4
motif_cnn73_hiranniramol_sequence_cnn_ism_023,793,hiranniramol,single,sequence,cnn,cnn73,cnn_ism,20,23,TGGG,0.018946828941504158,0.05756670329719778,0.018474802607670385,unsigned,0.4100999999999999
motif_cnn73_hiranniramol_sequence_cnn_ism_023,794,hiranniramol,single,sequence,cnn,cnn73,cnn_ism,20,23,TGGG,0.018946828941504158,0.05756670329719778,0.018474802607670385,unsigned,0.5
motif_cnn73_hiranniramol_sequence_cnn_ism_023,839,hiranniramol,single,sequence,cnn,cnn73,cnn_ism,20,23,TGGG,0.018946828941504158,0.05756670329719778,0.018474802607670385,unsigned,0.4
motif_cnn73_hiranniramol_sequence_cnn_ism_023,842,hiranniramol,single,sequence,cnn,cnn73,cnn_ism,20,23,TGGG,0.018946828941504158,0.05756670329719778,0.018474802607670385,unsigned,0.5
motif_cnn73_hiranniramol_sequence_cnn_ism_023,863,hiranniramol,single,sequence,cnn,cnn73,cnn_ism,20,23,TGGG,0.018946828941504158,0.05756670329719778,0.018474802607670385,unsigned,0.5
motif_cnn73_hiranniramol_sequence_cnn_ism_023,893,hiranniramol,single,sequence,cnn,cnn73,cnn_ism,20,23,TGGG,0.018946828941504158,0.05756670329719778,0.018474802607670385,unsigned,0.5
motif_cnn73_hiranniramol_sequence_cnn_ism_023,918,hiranniramol,single,sequence,cnn,cnn73,cnn_ism,20,23,TGGG,0.018946828941504158,0.05756670329719778,0.018474802607670385,unsigned,0.0
motif_cnn73_hiranniramol_sequence_cnn_ism_023,923,hiranniramol,single,sequence,cnn,cnn73,cnn_ism,20,23,TGGG,0.018946828941504158,0.05756670329719778,0.018474802607670385,unsigned,0.4
motif_cnn73_hiranniramol_sequence_cnn_ism_023,932,hiranniramol,single,sequence,cnn,cnn73,cnn_ism,20,23,TGGG,0.018946828941504158,0.05756670329719778,0.018474802607670385,unsigned,0.2754
motif_cnn73_hiranniramol_sequence_cnn_ism_023,934,hiranniramol,single,sequence,cnn,cnn73,cnn_ism,20,23,TGGG,0.018946828941504158,0.05756670329719778,0.018474802607670385,unsigned,0.0795
motif_cnn73_hiranniramol_sequence_cnn_ism_023,977,hiranniramol,single,sequence,cnn,cnn73,cnn_ism,20,23,TGGG,0.018946828941504158,0.05756670329719778,0.018474802607670385,unsigned,0.2041
motif_cnn73_hiranniramol_sequence_cnn_ism_023,1007,hiranniramol,single,sequence,cnn,cnn73,cnn_ism,20,23,TGGG,0.018946828941504158,0.05756670329719778,0.018474802607670385,unsigned,0.4545
motif_cnn73_hiranniramol_sequence_cnn_ism_023,1041,hiranniramol,single,sequence,cnn,cnn73,cnn_ism,20,23,TGGG,0.018946828941504158,0.05756670329719778,0.018474802607670385,unsigned,0.36
motif_cnn73_hiranniramol_sequence_cnn_ism_023,1103,hiranniramol,single,sequence,cnn,cnn73,cnn_ism,20,23,TGGG,0.018946828941504158,0.05756670329719778,0.018474802607670385,unsigned,0.3333
motif_cnn73_hiranniramol_sequence_cnn_ism_023,1106,hiranniramol,single,sequence,cnn,cnn73,cnn_ism,20,23,TGGG,0.018946828941504158,0.05756670329719778,0.018474802607670385,unsigned,0.0
motif_cnn73_hiranniramol_sequence_cnn_ism_023,1113,hiranniramol,single,sequence,cnn,cnn73,cnn_ism,20,23,TGGG,0.018946828941504158,0.05756670329719778,0.018474802607670385,unsigned,0.2254
motif_cnn73_hiranniramol_sequence_cnn_ism_023,1114,hiranniramol,single,sequence,cnn,cnn73,cnn_ism,20,23,TGGG,0.018946828941504158,0.05756670329719778,0.018474802607670385,unsigned,0.4754
motif_cnn73_hiranniramol_sequence_cnn_ism_023,1132,hiranniramol,single,sequence,cnn,cnn73,cnn_ism,20,23,TGGG,0.018946828941504158,0.05756670329719778,0.018474802607670385,unsigned,0.2667
motif_cnn73_hiranniramol_sequence_cnn_ism_023,1140,hiranniramol,single,sequence,cnn,cnn73,cnn_ism,20,23,TGGG,0.018946828941504158,0.05756670329719778,0.018474802607670385,unsigned,0.4736999999999999
motif_cnn73_hiranniramol_sequence_cnn_ism_023,1151,hiranniramol,single,sequence,cnn,cnn73,cnn_ism,20,23,TGGG,0.018946828941504158,0.05756670329719778,0.018474802607670385,unsigned,0.4498
motif_cnn73_hiranniramol_sequence_cnn_ism_023,1158,hiranniramol,single,sequence,cnn,cnn73,cnn_ism,20,23,TGGG,0.018946828941504158,0.05756670329719778,0.018474802607670385,unsigned,0.4943999999999999
motif_cnn73_hiranniramol_sequence_cnn_ism_023,1167,hiranniramol,single,sequence,cnn,cnn73,cnn_ism,20,23,TGGG,0.018946828941504158,0.05756670329719778,0.018474802607670385,unsigned,0.2778
motif_cnn73_hiranniramol_sequence_cnn_ism_023,1169,hiranniramol,single,sequence,cnn,cnn73,cnn_ism,20,23,TGGG,0.018946828941504158,0.05756670329719778,0.018474802607670385,unsigned,0.2593
motif_cnn73_hiranniramol_sequence_cnn_ism_023,1172,hiranniramol,single,sequence,cnn,cnn73,cnn_ism,20,23,TGGG,0.018946828941504158,0.05756670329719778,0.018474802607670385,unsigned,0.2973
motif_cnn73_hiranniramol_sequence_cnn_ism_023,1177,hiranniramol,single,sequence,cnn,cnn73,cnn_ism,20,23,TGGG,0.018946828941504158,0.05756670329719778,0.018474802607670385,unsigned,0.4650999999999999
motif_cnn73_hiranniramol_sequence_cnn_ism_023,1188,hiranniramol,single,sequence,cnn,cnn73,cnn_ism,20,23,TGGG,0.018946828941504158,0.05756670329719778,0.018474802607670385,unsigned,0.0
motif_cnn73_hiranniramol_sequence_cnn_ism_023,1199,hiranniramol,single,sequence,cnn,cnn73,cnn_ism,20,23,TGGG,0.018946828941504158,0.05756670329719778,0.018474802607670385,unsigned,0.4138
motif_cnn73_hiranniramol_sequence_cnn_ism_023,1207,hiranniramol,single,sequence,cnn,cnn73,cnn_ism,20,23,TGGG,0.018946828941504158,0.05756670329719778,0.018474802607670385,unsigned,0.4443999999999999
motif_cnn73_hiranniramol_sequence_cnn_ism_023,1218,hiranniramol,single,sequence,cnn,cnn73,cnn_ism,20,23,TGGG,0.018946828941504158,0.05756670329719778,0.018474802607670385,unsigned,0.0713999999999999
motif_cnn73_hiranniramol_sequence_cnn_ism_023,1231,hiranniramol,single,sequence,cnn,cnn73,cnn_ism,20,23,TGGG,0.018946828941504158,0.05756670329719778,0.018474802607670385,unsigned,0.011
motif_cnn73_hiranniramol_sequence_cnn_ism_023,1264,hiranniramol,single,sequence,cnn,cnn73,cnn_ism,20,23,TGGG,0.018946828941504158,0.05756670329719778,0.018474802607670385,unsigned,0.4302
motif_cnn73_hiranniramol_sequence_cnn_ism_023,1276,hiranniramol,single,sequence,cnn,cnn73,cnn_ism,20,23,TGGG,0.018946828941504158,0.05756670329719778,0.018474802607670385,unsigned,0.4286
motif_cnn73_hiranniramol_sequence_cnn_ism_023,1296,hiranniramol,single,sequence,cnn,cnn73,cnn_ism,20,23,TGGG,0.018946828941504158,0.05756670329719778,0.018474802607670385,unsigned,0.5
motif_cnn53_hiranniramol_sequence_cnn_ig_024,19,hiranniramol,single,sequence,cnn,cnn53,cnn_ig,20,23,GCGG,0.01622368535026908,0.0617845593951642,0.01587977947201577,unsigned,1.0
motif_cnn53_hiranniramol_sequence_cnn_ig_024,34,hiranniramol,single,sequence,cnn,cnn53,cnn_ig,20,23,GCGG,0.01622368535026908,0.0617845593951642,0.01587977947201577,unsigned,1.0
motif_cnn53_hiranniramol_sequence_cnn_ig_024,35,hiranniramol,single,sequence,cnn,cnn53,cnn_ig,20,23,GCGG,0.01622368535026908,0.0617845593951642,0.01587977947201577,unsigned,1.0
motif_cnn53_hiranniramol_sequence_cnn_ig_024,63,hiranniramol,single,sequence,cnn,cnn53,cnn_ig,20,23,GCGG,0.01622368535026908,0.0617845593951642,0.01587977947201577,unsigned,1.0
motif_cnn53_hiranniramol_sequence_cnn_ig_024,64,hiranniramol,single,sequence,cnn,cnn53,cnn_ig,20,23,GCGG,0.01622368535026908,0.0617845593951642,0.01587977947201577,unsigned,1.0
motif_cnn53_hiranniramol_sequence_cnn_ig_024,70,hiranniramol,single,sequence,cnn,cnn53,cnn_ig,20,23,GCGG,0.01622368535026908,0.0617845593951642,0.01587977947201577,unsigned,1.0
motif_cnn53_hiranniramol_sequence_cnn_ig_024,74,hiranniramol,single,sequence,cnn,cnn53,cnn_ig,20,23,GCGG,0.01622368535026908,0.0617845593951642,0.01587977947201577,unsigned,1.0
motif_cnn53_hiranniramol_sequence_cnn_ig_024,77,hiranniramol,single,sequence,cnn,cnn53,cnn_ig,20,23,GCGG,0.01622368535026908,0.0617845593951642,0.01587977947201577,unsigned,1.0
motif_cnn53_hiranniramol_sequence_cnn_ig_024,80,hiranniramol,single,sequence,cnn,cnn53,cnn_ig,20,23,GCGG,0.01622368535026908,0.0617845593951642,0.01587977947201577,unsigned,1.0
motif_cnn53_hiranniramol_sequence_cnn_ig_024,82,hiranniramol,single,sequence,cnn,cnn53,cnn_ig,20,23,GCGG,0.01622368535026908,0.0617845593951642,0.01587977947201577,unsigned,1.0
motif_cnn53_hiranniramol_sequence_cnn_ig_024,83,hiranniramol,single,sequence,cnn,cnn53,cnn_ig,20,23,GCGG,0.01622368535026908,0.0617845593951642,0.01587977947201577,unsigned,1.0
motif_cnn53_hiranniramol_sequence_cnn_ig_024,93,hiranniramol,single,sequence,cnn,cnn53,cnn_ig,20,23,GCGG,0.01622368535026908,0.0617845593951642,0.01587977947201577,unsigned,1.0
motif_cnn53_hiranniramol_sequence_cnn_ig_024,101,hiranniramol,single,sequence,cnn,cnn53,cnn_ig,20,23,GCGG,0.01622368535026908,0.0617845593951642,0.01587977947201577,unsigned,1.0
motif_cnn53_hiranniramol_sequence_cnn_ig_024,103,hiranniramol,single,sequence,cnn,cnn53,cnn_ig,20,23,GCGG,0.01622368535026908,0.0617845593951642,0.01587977947201577,unsigned,1.0
motif_cnn53_hiranniramol_sequence_cnn_ig_024,134,hiranniramol,single,sequence,cnn,cnn53,cnn_ig,20,23,GCGG,0.01622368535026908,0.0617845593951642,0.01587977947201577,unsigned,1.0
motif_cnn53_hiranniramol_sequence_cnn_ig_024,138,hiranniramol,single,sequence,cnn,cnn53,cnn_ig,20,23,GCGG,0.01622368535026908,0.0617845593951642,0.01587977947201577,unsigned,1.0
motif_cnn53_hiranniramol_sequence_cnn_ig_024,153,hiranniramol,single,sequence,cnn,cnn53,cnn_ig,20,23,GCGG,0.01622368535026908,0.0617845593951642,0.01587977947201577,unsigned,1.0
motif_cnn53_hiranniramol_sequence_cnn_ig_024,156,hiranniramol,single,sequence,cnn,cnn53,cnn_ig,20,23,GCGG,0.01622368535026908,0.0617845593951642,0.01587977947201577,unsigned,1.0
motif_cnn53_hiranniramol_sequence_cnn_ig_024,157,hiranniramol,single,sequence,cnn,cnn53,cnn_ig,20,23,GCGG,0.01622368535026908,0.0617845593951642,0.01587977947201577,unsigned,1.0
motif_cnn53_hiranniramol_sequence_cnn_ig_024,164,hiranniramol,single,sequence,cnn,cnn53,cnn_ig,20,23,GCGG,0.01622368535026908,0.0617845593951642,0.01587977947201577,unsigned,1.0
motif_cnn53_hiranniramol_sequence_cnn_ig_024,178,hiranniramol,single,sequence,cnn,cnn53,cnn_ig,20,23,GCGG,0.01622368535026908,0.0617845593951642,0.01587977947201577,unsigned,1.0
motif_cnn53_hiranniramol_sequence_cnn_ig_024,179,hiranniramol,single,sequence,cnn,cnn53,cnn_ig,20,23,GCGG,0.01622368535026908,0.0617845593951642,0.01587977947201577,unsigned,1.0
motif_cnn53_hiranniramol_sequence_cnn_ig_024,185,hiranniramol,single,sequence,cnn,cnn53,cnn_ig,20,23,GCGG,0.01622368535026908,0.0617845593951642,0.01587977947201577,unsigned,1.0
motif_cnn53_hiranniramol_sequence_cnn_ig_024,205,hiranniramol,single,sequence,cnn,cnn53,cnn_ig,20,23,GCGG,0.01622368535026908,0.0617845593951642,0.01587977947201577,unsigned,1.0
motif_cnn53_hiranniramol_sequence_cnn_ig_024,220,hiranniramol,single,sequence,cnn,cnn53,cnn_ig,20,23,GCGG,0.01622368535026908,0.0617845593951642,0.01587977947201577,unsigned,1.0
motif_cnn53_hiranniramol_sequence_cnn_ig_024,302,hiranniramol,single,sequence,cnn,cnn53,cnn_ig,20,23,GCGG,0.01622368535026908,0.0617845593951642,0.01587977947201577,unsigned,1.0
motif_cnn53_hiranniramol_sequence_cnn_ig_024,305,hiranniramol,single,sequence,cnn,cnn53,cnn_ig,20,23,GCGG,0.01622368535026908,0.0617845593951642,0.01587977947201577,unsigned,1.0
motif_cnn53_hiranniramol_sequence_cnn_ig_024,308,hiranniramol,single,sequence,cnn,cnn53,cnn_ig,20,23,GCGG,0.01622368535026908,0.0617845593951642,0.01587977947201577,unsigned,1.0
motif_cnn53_hiranniramol_sequence_cnn_ig_024,335,hiranniramol,single,sequence,cnn,cnn53,cnn_ig,20,23,GCGG,0.01622368535026908,0.0617845593951642,0.01587977947201577,unsigned,1.0
motif_cnn53_hiranniramol_sequence_cnn_ig_024,338,hiranniramol,single,sequence,cnn,cnn53,cnn_ig,20,23,GCGG,0.01622368535026908,0.0617845593951642,0.01587977947201577,unsigned,1.0
motif_cnn53_hiranniramol_sequence_cnn_ig_024,358,hiranniramol,single,sequence,cnn,cnn53,cnn_ig,20,23,GCGG,0.01622368535026908,0.0617845593951642,0.01587977947201577,unsigned,1.0
motif_cnn53_hiranniramol_sequence_cnn_ig_024,360,hiranniramol,single,sequence,cnn,cnn53,cnn_ig,20,23,GCGG,0.01622368535026908,0.0617845593951642,0.01587977947201577,unsigned,1.0
motif_cnn53_hiranniramol_sequence_cnn_ig_024,361,hiranniramol,single,sequence,cnn,cnn53,cnn_ig,20,23,GCGG,0.01622368535026908,0.0617845593951642,0.01587977947201577,unsigned,1.0
motif_cnn53_hiranniramol_sequence_cnn_ig_024,362,hiranniramol,single,sequence,cnn,cnn53,cnn_ig,20,23,GCGG,0.01622368535026908,0.0617845593951642,0.01587977947201577,unsigned,1.0
motif_cnn53_hiranniramol_sequence_cnn_ig_024,365,hiranniramol,single,sequence,cnn,cnn53,cnn_ig,20,23,GCGG,0.01622368535026908,0.0617845593951642,0.01587977947201577,unsigned,1.0
motif_cnn53_hiranniramol_sequence_cnn_ig_024,369,hiranniramol,single,sequence,cnn,cnn53,cnn_ig,20,23,GCGG,0.01622368535026908,0.0617845593951642,0.01587977947201577,unsigned,1.0
motif_cnn53_hiranniramol_sequence_cnn_ig_024,373,hiranniramol,single,sequence,cnn,cnn53,cnn_ig,20,23,GCGG,0.01622368535026908,0.0617845593951642,0.01587977947201577,unsigned,1.0
motif_cnn53_hiranniramol_sequence_cnn_ig_024,423,hiranniramol,single,sequence,cnn,cnn53,cnn_ig,20,23,GCGG,0.01622368535026908,0.0617845593951642,0.01587977947201577,unsigned,1.0
motif_cnn53_hiranniramol_sequence_cnn_ig_024,432,hiranniramol,single,sequence,cnn,cnn53,cnn_ig,20,23,GCGG,0.01622368535026908,0.0617845593951642,0.01587977947201577,unsigned,1.0
motif_cnn53_hiranniramol_sequence_cnn_ig_024,443,hiranniramol,single,sequence,cnn,cnn53,cnn_ig,20,23,GCGG,0.01622368535026908,0.0617845593951642,0.01587977947201577,unsigned,1.0
motif_cnn53_hiranniramol_sequence_cnn_ig_024,448,hiranniramol,single,sequence,cnn,cnn53,cnn_ig,20,23,GCGG,0.01622368535026908,0.0617845593951642,0.01587977947201577,unsigned,1.0
motif_cnn53_hiranniramol_sequence_cnn_ig_024,461,hiranniramol,single,sequence,cnn,cnn53,cnn_ig,20,23,GCGG,0.01622368535026908,0.0617845593951642,0.01587977947201577,unsigned,1.0
motif_cnn53_hiranniramol_sequence_cnn_ig_024,468,hiranniramol,single,sequence,cnn,cnn53,cnn_ig,20,23,GCGG,0.01622368535026908,0.0617845593951642,0.01587977947201577,unsigned,1.0
motif_cnn53_hiranniramol_sequence_cnn_ig_024,478,hiranniramol,single,sequence,cnn,cnn53,cnn_ig,20,23,GCGG,0.01622368535026908,0.0617845593951642,0.01587977947201577,unsigned,1.0
motif_cnn53_hiranniramol_sequence_cnn_ig_024,489,hiranniramol,single,sequence,cnn,cnn53,cnn_ig,20,23,GCGG,0.01622368535026908,0.0617845593951642,0.01587977947201577,unsigned,1.0
motif_cnn53_hiranniramol_sequence_cnn_ig_024,505,hiranniramol,single,sequence,cnn,cnn53,cnn_ig,20,23,GCGG,0.01622368535026908,0.0617845593951642,0.01587977947201577,unsigned,1.0
motif_cnn53_hiranniramol_sequence_cnn_ig_024,524,hiranniramol,single,sequence,cnn,cnn53,cnn_ig,20,23,GCGG,0.01622368535026908,0.0617845593951642,0.01587977947201577,unsigned,1.0
motif_cnn53_hiranniramol_sequence_cnn_ig_024,529,hiranniramol,single,sequence,cnn,cnn53,cnn_ig,20,23,GCGG,0.01622368535026908,0.0617845593951642,0.01587977947201577,unsigned,1.0
motif_cnn53_hiranniramol_sequence_cnn_ig_024,537,hiranniramol,single,sequence,cnn,cnn53,cnn_ig,20,23,GCGG,0.01622368535026908,0.0617845593951642,0.01587977947201577,unsigned,1.0
motif_cnn53_hiranniramol_sequence_cnn_ig_024,541,hiranniramol,single,sequence,cnn,cnn53,cnn_ig,20,23,GCGG,0.01622368535026908,0.0617845593951642,0.01587977947201577,unsigned,1.0
motif_cnn53_hiranniramol_sequence_cnn_ig_024,553,hiranniramol,single,sequence,cnn,cnn53,cnn_ig,20,23,GCGG,0.01622368535026908,0.0617845593951642,0.01587977947201577,unsigned,1.0
motif_cnn53_hiranniramol_sequence_cnn_ig_024,554,hiranniramol,single,sequence,cnn,cnn53,cnn_ig,20,23,GCGG,0.01622368535026908,0.0617845593951642,0.01587977947201577,unsigned,1.0
motif_cnn53_hiranniramol_sequence_cnn_ig_024,558,hiranniramol,single,sequence,cnn,cnn53,cnn_ig,20,23,GCGG,0.01622368535026908,0.0617845593951642,0.01587977947201577,unsigned,1.0
motif_cnn53_hiranniramol_sequence_cnn_ig_024,565,hiranniramol,single,sequence,cnn,cnn53,cnn_ig,20,23,GCGG,0.01622368535026908,0.0617845593951642,0.01587977947201577,unsigned,1.0
motif_cnn53_hiranniramol_sequence_cnn_ig_024,572,hiranniramol,single,sequence,cnn,cnn53,cnn_ig,20,23,GCGG,0.01622368535026908,0.0617845593951642,0.01587977947201577,unsigned,1.0
motif_cnn53_hiranniramol_sequence_cnn_ig_024,585,hiranniramol,single,sequence,cnn,cnn53,cnn_ig,20,23,GCGG,0.01622368535026908,0.0617845593951642,0.01587977947201577,unsigned,1.0
motif_cnn53_hiranniramol_sequence_cnn_ig_024,587,hiranniramol,single,sequence,cnn,cnn53,cnn_ig,20,23,GCGG,0.01622368535026908,0.0617845593951642,0.01587977947201577,unsigned,1.0
motif_cnn53_hiranniramol_sequence_cnn_ig_024,591,hiranniramol,single,sequence,cnn,cnn53,cnn_ig,20,23,GCGG,0.01622368535026908,0.0617845593951642,0.01587977947201577,unsigned,1.0
motif_cnn53_hiranniramol_sequence_cnn_ig_024,619,hiranniramol,single,sequence,cnn,cnn53,cnn_ig,20,23,GCGG,0.01622368535026908,0.0617845593951642,0.01587977947201577,unsigned,1.0
motif_cnn53_hiranniramol_sequence_cnn_ig_024,628,hiranniramol,single,sequence,cnn,cnn53,cnn_ig,20,23,GCGG,0.01622368535026908,0.0617845593951642,0.01587977947201577,unsigned,1.0
motif_cnn53_hiranniramol_sequence_cnn_ig_024,632,hiranniramol,single,sequence,cnn,cnn53,cnn_ig,20,23,GCGG,0.01622368535026908,0.0617845593951642,0.01587977947201577,unsigned,1.0
motif_cnn53_hiranniramol_sequence_cnn_ig_024,637,hiranniramol,single,sequence,cnn,cnn53,cnn_ig,20,23,GCGG,0.01622368535026908,0.0617845593951642,0.01587977947201577,unsigned,1.0
motif_cnn53_hiranniramol_sequence_cnn_ig_024,650,hiranniramol,single,sequence,cnn,cnn53,cnn_ig,20,23,GCGG,0.01622368535026908,0.0617845593951642,0.01587977947201577,unsigned,1.0
motif_cnn53_hiranniramol_sequence_cnn_ig_024,682,hiranniramol,single,sequence,cnn,cnn53,cnn_ig,20,23,GCGG,0.01622368535026908,0.0617845593951642,0.01587977947201577,unsigned,1.0
motif_cnn53_hiranniramol_sequence_cnn_ig_024,695,hiranniramol,single,sequence,cnn,cnn53,cnn_ig,20,23,GCGG,0.01622368535026908,0.0617845593951642,0.01587977947201577,unsigned,1.0
motif_cnn53_hiranniramol_sequence_cnn_ig_024,704,hiranniramol,single,sequence,cnn,cnn53,cnn_ig,20,23,GCGG,0.01622368535026908,0.0617845593951642,0.01587977947201577,unsigned,1.0
motif_cnn53_hiranniramol_sequence_cnn_ig_024,720,hiranniramol,single,sequence,cnn,cnn53,cnn_ig,20,23,GCGG,0.01622368535026908,0.0617845593951642,0.01587977947201577,unsigned,1.0
motif_cnn53_hiranniramol_sequence_cnn_ig_024,727,hiranniramol,single,sequence,cnn,cnn53,cnn_ig,20,23,GCGG,0.01622368535026908,0.0617845593951642,0.01587977947201577,unsigned,1.0
motif_cnn53_hiranniramol_sequence_cnn_ig_024,728,hiranniramol,single,sequence,cnn,cnn53,cnn_ig,20,23,GCGG,0.01622368535026908,0.0617845593951642,0.01587977947201577,unsigned,1.0
motif_cnn53_hiranniramol_sequence_cnn_ig_024,730,hiranniramol,single,sequence,cnn,cnn53,cnn_ig,20,23,GCGG,0.01622368535026908,0.0617845593951642,0.01587977947201577,unsigned,1.0
motif_cnn53_hiranniramol_sequence_cnn_ig_024,736,hiranniramol,single,sequence,cnn,cnn53,cnn_ig,20,23,GCGG,0.01622368535026908,0.0617845593951642,0.01587977947201577,unsigned,1.0
motif_cnn53_hiranniramol_sequence_cnn_ig_024,745,hiranniramol,single,sequence,cnn,cnn53,cnn_ig,20,23,GCGG,0.01622368535026908,0.0617845593951642,0.01587977947201577,unsigned,1.0
motif_cnn53_hiranniramol_sequence_cnn_ig_024,948,hiranniramol,single,sequence,cnn,cnn53,cnn_ig,20,23,GCGG,0.01622368535026908,0.0617845593951642,0.01587977947201577,unsigned,0.22
motif_cnn53_hiranniramol_sequence_cnn_ig_024,997,hiranniramol,single,sequence,cnn,cnn53,cnn_ig,20,23,GCGG,0.01622368535026908,0.0617845593951642,0.01587977947201577,unsigned,0.0833
motif_cnn53_hiranniramol_sequence_cnn_ig_024,1086,hiranniramol,single,sequence,cnn,cnn53,cnn_ig,20,23,GCGG,0.01622368535026908,0.0617845593951642,0.01587977947201577,unsigned,0.3846
motif_cnn53_hiranniramol_sequence_cnn_ig_024,1155,hiranniramol,single,sequence,cnn,cnn53,cnn_ig,20,23,GCGG,0.01622368535026908,0.0617845593951642,0.01587977947201577,unsigned,0.3333
motif_cnn53_hiranniramol_sequence_cnn_ig_024,1210,hiranniramol,single,sequence,cnn,cnn53,cnn_ig,20,23,GCGG,0.01622368535026908,0.0617845593951642,0.01587977947201577,unsigned,0.4
motif_cnn53_hiranniramol_sequence_cnn_ig_024,1271,hiranniramol,single,sequence,cnn,cnn53,cnn_ig,20,23,GCGG,0.01622368535026908,0.0617845593951642,0.01587977947201577,unsigned,0.2307999999999999
motif_cnn53_hiranniramol_sequence_cnn_ig_024,1277,hiranniramol,single,sequence,cnn,cnn53,cnn_ig,20,23,GCGG,0.01622368535026908,0.0617845593951642,0.01587977947201577,unsigned,0.5
motif_cnn73_hiranniramol_sequence_cnn_ig_025,8,hiranniramol,single,sequence,cnn,cnn73,cnn_ig,20,23,ATGG,0.03137668315321206,0.05756670329719778,0.018474802607670385,unsigned,1.0
motif_cnn73_hiranniramol_sequence_cnn_ig_025,37,hiranniramol,single,sequence,cnn,cnn73,cnn_ig,20,23,ATGG,0.03137668315321206,0.05756670329719778,0.018474802607670385,unsigned,1.0
motif_cnn73_hiranniramol_sequence_cnn_ig_025,59,hiranniramol,single,sequence,cnn,cnn73,cnn_ig,20,23,ATGG,0.03137668315321206,0.05756670329719778,0.018474802607670385,unsigned,1.0
motif_cnn73_hiranniramol_sequence_cnn_ig_025,75,hiranniramol,single,sequence,cnn,cnn73,cnn_ig,20,23,ATGG,0.03137668315321206,0.05756670329719778,0.018474802607670385,unsigned,1.0
motif_cnn73_hiranniramol_sequence_cnn_ig_025,88,hiranniramol,single,sequence,cnn,cnn73,cnn_ig,20,23,ATGG,0.03137668315321206,0.05756670329719778,0.018474802607670385,unsigned,1.0
motif_cnn73_hiranniramol_sequence_cnn_ig_025,90,hiranniramol,single,sequence,cnn,cnn73,cnn_ig,20,23,ATGG,0.03137668315321206,0.05756670329719778,0.018474802607670385,unsigned,1.0
motif_cnn73_hiranniramol_sequence_cnn_ig_025,110,hiranniramol,single,sequence,cnn,cnn73,cnn_ig,20,23,ATGG,0.03137668315321206,0.05756670329719778,0.018474802607670385,unsigned,1.0
motif_cnn73_hiranniramol_sequence_cnn_ig_025,120,hiranniramol,single,sequence,cnn,cnn73,cnn_ig,20,23,ATGG,0.03137668315321206,0.05756670329719778,0.018474802607670385,unsigned,1.0
motif_cnn73_hiranniramol_sequence_cnn_ig_025,133,hiranniramol,single,sequence,cnn,cnn73,cnn_ig,20,23,ATGG,0.03137668315321206,0.05756670329719778,0.018474802607670385,unsigned,1.0
motif_cnn73_hiranniramol_sequence_cnn_ig_025,169,hiranniramol,single,sequence,cnn,cnn73,cnn_ig,20,23,ATGG,0.03137668315321206,0.05756670329719778,0.018474802607670385,unsigned,1.0
motif_cnn73_hiranniramol_sequence_cnn_ig_025,214,hiranniramol,single,sequence,cnn,cnn73,cnn_ig,20,23,ATGG,0.03137668315321206,0.05756670329719778,0.018474802607670385,unsigned,1.0
motif_cnn73_hiranniramol_sequence_cnn_ig_025,241,hiranniramol,single,sequence,cnn,cnn73,cnn_ig,20,23,ATGG,0.03137668315321206,0.05756670329719778,0.018474802607670385,unsigned,1.0
motif_cnn73_hiranniramol_sequence_cnn_ig_025,251,hiranniramol,single,sequence,cnn,cnn73,cnn_ig,20,23,ATGG,0.03137668315321206,0.05756670329719778,0.018474802607670385,unsigned,1.0
motif_cnn73_hiranniramol_sequence_cnn_ig_025,252,hiranniramol,single,sequence,cnn,cnn73,cnn_ig,20,23,ATGG,0.03137668315321206,0.05756670329719778,0.018474802607670385,unsigned,1.0
motif_cnn73_hiranniramol_sequence_cnn_ig_025,276,hiranniramol,single,sequence,cnn,cnn73,cnn_ig,20,23,ATGG,0.03137668315321206,0.05756670329719778,0.018474802607670385,unsigned,1.0
motif_cnn73_hiranniramol_sequence_cnn_ig_025,278,hiranniramol,single,sequence,cnn,cnn73,cnn_ig,20,23,ATGG,0.03137668315321206,0.05756670329719778,0.018474802607670385,unsigned,1.0
motif_cnn73_hiranniramol_sequence_cnn_ig_025,293,hiranniramol,single,sequence,cnn,cnn73,cnn_ig,20,23,ATGG,0.03137668315321206,0.05756670329719778,0.018474802607670385,unsigned,1.0
motif_cnn73_hiranniramol_sequence_cnn_ig_025,326,hiranniramol,single,sequence,cnn,cnn73,cnn_ig,20,23,ATGG,0.03137668315321206,0.05756670329719778,0.018474802607670385,unsigned,1.0
motif_cnn73_hiranniramol_sequence_cnn_ig_025,357,hiranniramol,single,sequence,cnn,cnn73,cnn_ig,20,23,ATGG,0.03137668315321206,0.05756670329719778,0.018474802607670385,unsigned,1.0
motif_cnn73_hiranniramol_sequence_cnn_ig_025,381,hiranniramol,single,sequence,cnn,cnn73,cnn_ig,20,23,ATGG,0.03137668315321206,0.05756670329719778,0.018474802607670385,unsigned,1.0
motif_cnn73_hiranniramol_sequence_cnn_ig_025,384,hiranniramol,single,sequence,cnn,cnn73,cnn_ig,20,23,ATGG,0.03137668315321206,0.05756670329719778,0.018474802607670385,unsigned,1.0
motif_cnn73_hiranniramol_sequence_cnn_ig_025,394,hiranniramol,single,sequence,cnn,cnn73,cnn_ig,20,23,ATGG,0.03137668315321206,0.05756670329719778,0.018474802607670385,unsigned,1.0
motif_cnn73_hiranniramol_sequence_cnn_ig_025,399,hiranniramol,single,sequence,cnn,cnn73,cnn_ig,20,23,ATGG,0.03137668315321206,0.05756670329719778,0.018474802607670385,unsigned,1.0
motif_cnn73_hiranniramol_sequence_cnn_ig_025,401,hiranniramol,single,sequence,cnn,cnn73,cnn_ig,20,23,ATGG,0.03137668315321206,0.05756670329719778,0.018474802607670385,unsigned,1.0
motif_cnn73_hiranniramol_sequence_cnn_ig_025,418,hiranniramol,single,sequence,cnn,cnn73,cnn_ig,20,23,ATGG,0.03137668315321206,0.05756670329719778,0.018474802607670385,unsigned,1.0
motif_cnn73_hiranniramol_sequence_cnn_ig_025,424,hiranniramol,single,sequence,cnn,cnn73,cnn_ig,20,23,ATGG,0.03137668315321206,0.05756670329719778,0.018474802607670385,unsigned,1.0
motif_cnn73_hiranniramol_sequence_cnn_ig_025,435,hiranniramol,single,sequence,cnn,cnn73,cnn_ig,20,23,ATGG,0.03137668315321206,0.05756670329719778,0.018474802607670385,unsigned,1.0
motif_cnn73_hiranniramol_sequence_cnn_ig_025,445,hiranniramol,single,sequence,cnn,cnn73,cnn_ig,20,23,ATGG,0.03137668315321206,0.05756670329719778,0.018474802607670385,unsigned,1.0
motif_cnn73_hiranniramol_sequence_cnn_ig_025,595,hiranniramol,single,sequence,cnn,cnn73,cnn_ig,20,23,ATGG,0.03137668315321206,0.05756670329719778,0.018474802607670385,unsigned,1.0
motif_cnn73_hiranniramol_sequence_cnn_ig_025,638,hiranniramol,single,sequence,cnn,cnn73,cnn_ig,20,23,ATGG,0.03137668315321206,0.05756670329719778,0.018474802607670385,unsigned,1.0
motif_cnn73_hiranniramol_sequence_cnn_ig_025,664,hiranniramol,single,sequence,cnn,cnn73,cnn_ig,20,23,ATGG,0.03137668315321206,0.05756670329719778,0.018474802607670385,unsigned,1.0
motif_cnn73_hiranniramol_sequence_cnn_ig_025,672,hiranniramol,single,sequence,cnn,cnn73,cnn_ig,20,23,ATGG,0.03137668315321206,0.05756670329719778,0.018474802607670385,unsigned,1.0
motif_cnn73_hiranniramol_sequence_cnn_ig_025,698,hiranniramol,single,sequence,cnn,cnn73,cnn_ig,20,23,ATGG,0.03137668315321206,0.05756670329719778,0.018474802607670385,unsigned,1.0
motif_cnn73_hiranniramol_sequence_cnn_ig_025,708,hiranniramol,single,sequence,cnn,cnn73,cnn_ig,20,23,ATGG,0.03137668315321206,0.05756670329719778,0.018474802607670385,unsigned,1.0
motif_cnn73_hiranniramol_sequence_cnn_ig_025,711,hiranniramol,single,sequence,cnn,cnn73,cnn_ig,20,23,ATGG,0.03137668315321206,0.05756670329719778,0.018474802607670385,unsigned,1.0
motif_cnn73_hiranniramol_sequence_cnn_ig_025,712,hiranniramol,single,sequence,cnn,cnn73,cnn_ig,20,23,ATGG,0.03137668315321206,0.05756670329719778,0.018474802607670385,unsigned,1.0
motif_cnn73_hiranniramol_sequence_cnn_ig_025,713,hiranniramol,single,sequence,cnn,cnn73,cnn_ig,20,23,ATGG,0.03137668315321206,0.05756670329719778,0.018474802607670385,unsigned,1.0
motif_cnn73_hiranniramol_sequence_cnn_ig_025,718,hiranniramol,single,sequence,cnn,cnn73,cnn_ig,20,23,ATGG,0.03137668315321206,0.05756670329719778,0.018474802607670385,unsigned,1.0
motif_cnn73_hiranniramol_sequence_cnn_ig_025,723,hiranniramol,single,sequence,cnn,cnn73,cnn_ig,20,23,ATGG,0.03137668315321206,0.05756670329719778,0.018474802607670385,unsigned,1.0
motif_cnn73_hiranniramol_sequence_cnn_ig_025,744,hiranniramol,single,sequence,cnn,cnn73,cnn_ig,20,23,ATGG,0.03137668315321206,0.05756670329719778,0.018474802607670385,unsigned,1.0
motif_cnn73_hiranniramol_sequence_cnn_ig_025,752,hiranniramol,single,sequence,cnn,cnn73,cnn_ig,20,23,ATGG,0.03137668315321206,0.05756670329719778,0.018474802607670385,unsigned,0.2236
motif_cnn73_hiranniramol_sequence_cnn_ig_025,757,hiranniramol,single,sequence,cnn,cnn73,cnn_ig,20,23,ATGG,0.03137668315321206,0.05756670329719778,0.018474802607670385,unsigned,0.3019
motif_cnn73_hiranniramol_sequence_cnn_ig_025,785,hiranniramol,single,sequence,cnn,cnn73,cnn_ig,20,23,ATGG,0.03137668315321206,0.05756670329719778,0.018474802607670385,unsigned,0.45
motif_cnn73_hiranniramol_sequence_cnn_ig_025,791,hiranniramol,single,sequence,cnn,cnn73,cnn_ig,20,23,ATGG,0.03137668315321206,0.05756670329719778,0.018474802607670385,unsigned,0.2651
motif_cnn73_hiranniramol_sequence_cnn_ig_025,800,hiranniramol,single,sequence,cnn,cnn73,cnn_ig,20,23,ATGG,0.03137668315321206,0.05756670329719778,0.018474802607670385,unsigned,0.125
motif_cnn73_hiranniramol_sequence_cnn_ig_025,812,hiranniramol,single,sequence,cnn,cnn73,cnn_ig,20,23,ATGG,0.03137668315321206,0.05756670329719778,0.018474802607670385,unsigned,0.2596
motif_cnn73_hiranniramol_sequence_cnn_ig_025,817,hiranniramol,single,sequence,cnn,cnn73,cnn_ig,20,23,ATGG,0.03137668315321206,0.05756670329719778,0.018474802607670385,unsigned,0.3239
motif_cnn73_hiranniramol_sequence_cnn_ig_025,823,hiranniramol,single,sequence,cnn,cnn73,cnn_ig,20,23,ATGG,0.03137668315321206,0.05756670329719778,0.018474802607670385,unsigned,0.0
motif_cnn73_hiranniramol_sequence_cnn_ig_025,838,hiranniramol,single,sequence,cnn,cnn73,cnn_ig,20,23,ATGG,0.03137668315321206,0.05756670329719778,0.018474802607670385,unsigned,0.413
motif_cnn73_hiranniramol_sequence_cnn_ig_025,841,hiranniramol,single,sequence,cnn,cnn73,cnn_ig,20,23,ATGG,0.03137668315321206,0.05756670329719778,0.018474802607670385,unsigned,0.1110999999999999
motif_cnn73_hiranniramol_sequence_cnn_ig_025,852,hiranniramol,single,sequence,cnn,cnn73,cnn_ig,20,23,ATGG,0.03137668315321206,0.05756670329719778,0.018474802607670385,unsigned,0.2929
motif_cnn73_hiranniramol_sequence_cnn_ig_025,861,hiranniramol,single,sequence,cnn,cnn73,cnn_ig,20,23,ATGG,0.03137668315321206,0.05756670329719778,0.018474802607670385,unsigned,0.4054
motif_cnn73_hiranniramol_sequence_cnn_ig_025,888,hiranniramol,single,sequence,cnn,cnn73,cnn_ig,20,23,ATGG,0.03137668315321206,0.05756670329719778,0.018474802607670385,unsigned,0.1333
motif_cnn73_hiranniramol_sequence_cnn_ig_025,902,hiranniramol,single,sequence,cnn,cnn73,cnn_ig,20,23,ATGG,0.03137668315321206,0.05756670329719778,0.018474802607670385,unsigned,0.0
motif_cnn73_hiranniramol_sequence_cnn_ig_025,905,hiranniramol,single,sequence,cnn,cnn73,cnn_ig,20,23,ATGG,0.03137668315321206,0.05756670329719778,0.018474802607670385,unsigned,0.2332999999999999
motif_cnn73_hiranniramol_sequence_cnn_ig_025,922,hiranniramol,single,sequence,cnn,cnn73,cnn_ig,20,23,ATGG,0.03137668315321206,0.05756670329719778,0.018474802607670385,unsigned,0.0769
motif_cnn73_hiranniramol_sequence_cnn_ig_025,930,hiranniramol,single,sequence,cnn,cnn73,cnn_ig,20,23,ATGG,0.03137668315321206,0.05756670329719778,0.018474802607670385,unsigned,0.0
motif_cnn73_hiranniramol_sequence_cnn_ig_025,931,hiranniramol,single,sequence,cnn,cnn73,cnn_ig,20,23,ATGG,0.03137668315321206,0.05756670329719778,0.018474802607670385,unsigned,0.2857
motif_cnn73_hiranniramol_sequence_cnn_ig_025,938,hiranniramol,single,sequence,cnn,cnn73,cnn_ig,20,23,ATGG,0.03137668315321206,0.05756670329719778,0.018474802607670385,unsigned,0.4
motif_cnn73_hiranniramol_sequence_cnn_ig_025,973,hiranniramol,single,sequence,cnn,cnn73,cnn_ig,20,23,ATGG,0.03137668315321206,0.05756670329719778,0.018474802607670385,unsigned,0.5
motif_cnn73_hiranniramol_sequence_cnn_ig_025,975,hiranniramol,single,sequence,cnn,cnn73,cnn_ig,20,23,ATGG,0.03137668315321206,0.05756670329719778,0.018474802607670385,unsigned,0.36
motif_cnn73_hiranniramol_sequence_cnn_ig_025,976,hiranniramol,single,sequence,cnn,cnn73,cnn_ig,20,23,ATGG,0.03137668315321206,0.05756670329719778,0.018474802607670385,unsigned,0.1474
motif_cnn73_hiranniramol_sequence_cnn_ig_025,1025,hiranniramol,single,sequence,cnn,cnn73,cnn_ig,20,23,ATGG,0.03137668315321206,0.05756670329719778,0.018474802607670385,unsigned,0.0
motif_cnn73_hiranniramol_sequence_cnn_ig_025,1026,hiranniramol,single,sequence,cnn,cnn73,cnn_ig,20,23,ATGG,0.03137668315321206,0.05756670329719778,0.018474802607670385,unsigned,0.3556
motif_cnn73_hiranniramol_sequence_cnn_ig_025,1062,hiranniramol,single,sequence,cnn,cnn73,cnn_ig,20,23,ATGG,0.03137668315321206,0.05756670329719778,0.018474802607670385,unsigned,0.4614999999999999
motif_cnn73_hiranniramol_sequence_cnn_ig_025,1063,hiranniramol,single,sequence,cnn,cnn73,cnn_ig,20,23,ATGG,0.03137668315321206,0.05756670329719778,0.018474802607670385,unsigned,0.5
motif_cnn73_hiranniramol_sequence_cnn_ig_025,1066,hiranniramol,single,sequence,cnn,cnn73,cnn_ig,20,23,ATGG,0.03137668315321206,0.05756670329719778,0.018474802607670385,unsigned,0.1667
motif_cnn73_hiranniramol_sequence_cnn_ig_025,1075,hiranniramol,single,sequence,cnn,cnn73,cnn_ig,20,23,ATGG,0.03137668315321206,0.05756670329719778,0.018474802607670385,unsigned,0.0
motif_cnn73_hiranniramol_sequence_cnn_ig_025,1107,hiranniramol,single,sequence,cnn,cnn73,cnn_ig,20,23,ATGG,0.03137668315321206,0.05756670329719778,0.018474802607670385,unsigned,0.4614999999999999
motif_cnn73_hiranniramol_sequence_cnn_ig_025,1117,hiranniramol,single,sequence,cnn,cnn73,cnn_ig,20,23,ATGG,0.03137668315321206,0.05756670329719778,0.018474802607670385,unsigned,0.0
motif_cnn73_hiranniramol_sequence_cnn_ig_025,1165,hiranniramol,single,sequence,cnn,cnn73,cnn_ig,20,23,ATGG,0.03137668315321206,0.05756670329719778,0.018474802607670385,unsigned,0.4364
motif_cnn73_hiranniramol_sequence_cnn_ig_025,1194,hiranniramol,single,sequence,cnn,cnn73,cnn_ig,20,23,ATGG,0.03137668315321206,0.05756670329719778,0.018474802607670385,unsigned,0.4286
motif_cnn73_hiranniramol_sequence_cnn_ig_025,1205,hiranniramol,single,sequence,cnn,cnn73,cnn_ig,20,23,ATGG,0.03137668315321206,0.05756670329719778,0.018474802607670385,unsigned,0.1304
motif_cnn73_hiranniramol_sequence_cnn_ig_025,1206,hiranniramol,single,sequence,cnn,cnn73,cnn_ig,20,23,ATGG,0.03137668315321206,0.05756670329719778,0.018474802607670385,unsigned,0.4579999999999999
motif_cnn73_hiranniramol_sequence_cnn_ig_025,1224,hiranniramol,single,sequence,cnn,cnn73,cnn_ig,20,23,ATGG,0.03137668315321206,0.05756670329719778,0.018474802607670385,unsigned,0.4468
motif_cnn73_hiranniramol_sequence_cnn_ig_025,1229,hiranniramol,single,sequence,cnn,cnn73,cnn_ig,20,23,ATGG,0.03137668315321206,0.05756670329719778,0.018474802607670385,unsigned,0.4828
motif_cnn73_hiranniramol_sequence_cnn_ig_025,1286,hiranniramol,single,sequence,cnn,cnn73,cnn_ig,20,23,ATGG,0.03137668315321206,0.05756670329719778,0.018474802607670385,unsigned,0.0
motif_cnn73_hiranniramol_sequence_cnn_ig_025,1289,hiranniramol,single,sequence,cnn,cnn73,cnn_ig,20,23,ATGG,0.03137668315321206,0.05756670329719778,0.018474802607670385,unsigned,0.0556
motif_cnn73_hiranniramol_sequence_cnn_ig_025,1306,hiranniramol,single,sequence,cnn,cnn73,cnn_ig,20,23,ATGG,0.03137668315321206,0.05756670329719778,0.018474802607670385,unsigned,0.4347999999999999
motif_cnn73_hiranniramol_sequence_cnn_ism_026,22,hiranniramol,single,sequence,cnn,cnn73,cnn_ism,20,23,GAGG,0.0256846199433009,0.05756670329719778,0.018474802607670385,unsigned,1.0
motif_cnn73_hiranniramol_sequence_cnn_ism_026,38,hiranniramol,single,sequence,cnn,cnn73,cnn_ism,20,23,GAGG,0.0256846199433009,0.05756670329719778,0.018474802607670385,unsigned,1.0
motif_cnn73_hiranniramol_sequence_cnn_ism_026,66,hiranniramol,single,sequence,cnn,cnn73,cnn_ism,20,23,GAGG,0.0256846199433009,0.05756670329719778,0.018474802607670385,unsigned,1.0
motif_cnn73_hiranniramol_sequence_cnn_ism_026,89,hiranniramol,single,sequence,cnn,cnn73,cnn_ism,20,23,GAGG,0.0256846199433009,0.05756670329719778,0.018474802607670385,unsigned,1.0
motif_cnn73_hiranniramol_sequence_cnn_ism_026,104,hiranniramol,single,sequence,cnn,cnn73,cnn_ism,20,23,GAGG,0.0256846199433009,0.05756670329719778,0.018474802607670385,unsigned,1.0
motif_cnn73_hiranniramol_sequence_cnn_ism_026,122,hiranniramol,single,sequence,cnn,cnn73,cnn_ism,20,23,GAGG,0.0256846199433009,0.05756670329719778,0.018474802607670385,unsigned,1.0
motif_cnn73_hiranniramol_sequence_cnn_ism_026,125,hiranniramol,single,sequence,cnn,cnn73,cnn_ism,20,23,GAGG,0.0256846199433009,0.05756670329719778,0.018474802607670385,unsigned,1.0
motif_cnn73_hiranniramol_sequence_cnn_ism_026,129,hiranniramol,single,sequence,cnn,cnn73,cnn_ism,20,23,GAGG,0.0256846199433009,0.05756670329719778,0.018474802607670385,unsigned,1.0
motif_cnn73_hiranniramol_sequence_cnn_ism_026,131,hiranniramol,single,sequence,cnn,cnn73,cnn_ism,20,23,GAGG,0.0256846199433009,0.05756670329719778,0.018474802607670385,unsigned,1.0
motif_cnn73_hiranniramol_sequence_cnn_ism_026,137,hiranniramol,single,sequence,cnn,cnn73,cnn_ism,20,23,GAGG,0.0256846199433009,0.05756670329719778,0.018474802607670385,unsigned,1.0
motif_cnn73_hiranniramol_sequence_cnn_ism_026,142,hiranniramol,single,sequence,cnn,cnn73,cnn_ism,20,23,GAGG,0.0256846199433009,0.05756670329719778,0.018474802607670385,unsigned,1.0
motif_cnn73_hiranniramol_sequence_cnn_ism_026,149,hiranniramol,single,sequence,cnn,cnn73,cnn_ism,20,23,GAGG,0.0256846199433009,0.05756670329719778,0.018474802607670385,unsigned,1.0
motif_cnn73_hiranniramol_sequence_cnn_ism_026,193,hiranniramol,single,sequence,cnn,cnn73,cnn_ism,20,23,GAGG,0.0256846199433009,0.05756670329719778,0.018474802607670385,unsigned,1.0
motif_cnn73_hiranniramol_sequence_cnn_ism_026,201,hiranniramol,single,sequence,cnn,cnn73,cnn_ism,20,23,GAGG,0.0256846199433009,0.05756670329719778,0.018474802607670385,unsigned,1.0
motif_cnn73_hiranniramol_sequence_cnn_ism_026,226,hiranniramol,single,sequence,cnn,cnn73,cnn_ism,20,23,GAGG,0.0256846199433009,0.05756670329719778,0.018474802607670385,unsigned,1.0
motif_cnn73_hiranniramol_sequence_cnn_ism_026,231,hiranniramol,single,sequence,cnn,cnn73,cnn_ism,20,23,GAGG,0.0256846199433009,0.05756670329719778,0.018474802607670385,unsigned,1.0
motif_cnn73_hiranniramol_sequence_cnn_ism_026,260,hiranniramol,single,sequence,cnn,cnn73,cnn_ism,20,23,GAGG,0.0256846199433009,0.05756670329719778,0.018474802607670385,unsigned,1.0
motif_cnn73_hiranniramol_sequence_cnn_ism_026,279,hiranniramol,single,sequence,cnn,cnn73,cnn_ism,20,23,GAGG,0.0256846199433009,0.05756670329719778,0.018474802607670385,unsigned,1.0
motif_cnn73_hiranniramol_sequence_cnn_ism_026,285,hiranniramol,single,sequence,cnn,cnn73,cnn_ism,20,23,GAGG,0.0256846199433009,0.05756670329719778,0.018474802607670385,unsigned,1.0
motif_cnn73_hiranniramol_sequence_cnn_ism_026,292,hiranniramol,single,sequence,cnn,cnn73,cnn_ism,20,23,GAGG,0.0256846199433009,0.05756670329719778,0.018474802607670385,unsigned,1.0
motif_cnn73_hiranniramol_sequence_cnn_ism_026,306,hiranniramol,single,sequence,cnn,cnn73,cnn_ism,20,23,GAGG,0.0256846199433009,0.05756670329719778,0.018474802607670385,unsigned,1.0
motif_cnn73_hiranniramol_sequence_cnn_ism_026,310,hiranniramol,single,sequence,cnn,cnn73,cnn_ism,20,23,GAGG,0.0256846199433009,0.05756670329719778,0.018474802607670385,unsigned,1.0
motif_cnn73_hiranniramol_sequence_cnn_ism_026,318,hiranniramol,single,sequence,cnn,cnn73,cnn_ism,20,23,GAGG,0.0256846199433009,0.05756670329719778,0.018474802607670385,unsigned,1.0
motif_cnn73_hiranniramol_sequence_cnn_ism_026,320,hiranniramol,single,sequence,cnn,cnn73,cnn_ism,20,23,GAGG,0.0256846199433009,0.05756670329719778,0.018474802607670385,unsigned,1.0
motif_cnn73_hiranniramol_sequence_cnn_ism_026,340,hiranniramol,single,sequence,cnn,cnn73,cnn_ism,20,23,GAGG,0.0256846199433009,0.05756670329719778,0.018474802607670385,unsigned,1.0
motif_cnn73_hiranniramol_sequence_cnn_ism_026,350,hiranniramol,single,sequence,cnn,cnn73,cnn_ism,20,23,GAGG,0.0256846199433009,0.05756670329719778,0.018474802607670385,unsigned,1.0
motif_cnn73_hiranniramol_sequence_cnn_ism_026,363,hiranniramol,single,sequence,cnn,cnn73,cnn_ism,20,23,GAGG,0.0256846199433009,0.05756670329719778,0.018474802607670385,unsigned,1.0
motif_cnn73_hiranniramol_sequence_cnn_ism_026,364,hiranniramol,single,sequence,cnn,cnn73,cnn_ism,20,23,GAGG,0.0256846199433009,0.05756670329719778,0.018474802607670385,unsigned,1.0
motif_cnn73_hiranniramol_sequence_cnn_ism_026,371,hiranniramol,single,sequence,cnn,cnn73,cnn_ism,20,23,GAGG,0.0256846199433009,0.05756670329719778,0.018474802607670385,unsigned,1.0
motif_cnn73_hiranniramol_sequence_cnn_ism_026,403,hiranniramol,single,sequence,cnn,cnn73,cnn_ism,20,23,GAGG,0.0256846199433009,0.05756670329719778,0.018474802607670385,unsigned,1.0
motif_cnn73_hiranniramol_sequence_cnn_ism_026,406,hiranniramol,single,sequence,cnn,cnn73,cnn_ism,20,23,GAGG,0.0256846199433009,0.05756670329719778,0.018474802607670385,unsigned,1.0
motif_cnn73_hiranniramol_sequence_cnn_ism_026,416,hiranniramol,single,sequence,cnn,cnn73,cnn_ism,20,23,GAGG,0.0256846199433009,0.05756670329719778,0.018474802607670385,unsigned,1.0
motif_cnn73_hiranniramol_sequence_cnn_ism_026,420,hiranniramol,single,sequence,cnn,cnn73,cnn_ism,20,23,GAGG,0.0256846199433009,0.05756670329719778,0.018474802607670385,unsigned,1.0
motif_cnn73_hiranniramol_sequence_cnn_ism_026,431,hiranniramol,single,sequence,cnn,cnn73,cnn_ism,20,23,GAGG,0.0256846199433009,0.05756670329719778,0.018474802607670385,unsigned,1.0
motif_cnn73_hiranniramol_sequence_cnn_ism_026,434,hiranniramol,single,sequence,cnn,cnn73,cnn_ism,20,23,GAGG,0.0256846199433009,0.05756670329719778,0.018474802607670385,unsigned,1.0
motif_cnn73_hiranniramol_sequence_cnn_ism_026,440,hiranniramol,single,sequence,cnn,cnn73,cnn_ism,20,23,GAGG,0.0256846199433009,0.05756670329719778,0.018474802607670385,unsigned,1.0
motif_cnn73_hiranniramol_sequence_cnn_ism_026,456,hiranniramol,single,sequence,cnn,cnn73,cnn_ism,20,23,GAGG,0.0256846199433009,0.05756670329719778,0.018474802607670385,unsigned,1.0
motif_cnn73_hiranniramol_sequence_cnn_ism_026,476,hiranniramol,single,sequence,cnn,cnn73,cnn_ism,20,23,GAGG,0.0256846199433009,0.05756670329719778,0.018474802607670385,unsigned,1.0
motif_cnn73_hiranniramol_sequence_cnn_ism_026,477,hiranniramol,single,sequence,cnn,cnn73,cnn_ism,20,23,GAGG,0.0256846199433009,0.05756670329719778,0.018474802607670385,unsigned,1.0
motif_cnn73_hiranniramol_sequence_cnn_ism_026,479,hiranniramol,single,sequence,cnn,cnn73,cnn_ism,20,23,GAGG,0.0256846199433009,0.05756670329719778,0.018474802607670385,unsigned,1.0
motif_cnn73_hiranniramol_sequence_cnn_ism_026,483,hiranniramol,single,sequence,cnn,cnn73,cnn_ism,20,23,GAGG,0.0256846199433009,0.05756670329719778,0.018474802607670385,unsigned,1.0
motif_cnn73_hiranniramol_sequence_cnn_ism_026,492,hiranniramol,single,sequence,cnn,cnn73,cnn_ism,20,23,GAGG,0.0256846199433009,0.05756670329719778,0.018474802607670385,unsigned,1.0
motif_cnn73_hiranniramol_sequence_cnn_ism_026,494,hiranniramol,single,sequence,cnn,cnn73,cnn_ism,20,23,GAGG,0.0256846199433009,0.05756670329719778,0.018474802607670385,unsigned,1.0
motif_cnn73_hiranniramol_sequence_cnn_ism_026,500,hiranniramol,single,sequence,cnn,cnn73,cnn_ism,20,23,GAGG,0.0256846199433009,0.05756670329719778,0.018474802607670385,unsigned,1.0
motif_cnn73_hiranniramol_sequence_cnn_ism_026,510,hiranniramol,single,sequence,cnn,cnn73,cnn_ism,20,23,GAGG,0.0256846199433009,0.05756670329719778,0.018474802607670385,unsigned,1.0
motif_cnn73_hiranniramol_sequence_cnn_ism_026,512,hiranniramol,single,sequence,cnn,cnn73,cnn_ism,20,23,GAGG,0.0256846199433009,0.05756670329719778,0.018474802607670385,unsigned,1.0
motif_cnn73_hiranniramol_sequence_cnn_ism_026,532,hiranniramol,single,sequence,cnn,cnn73,cnn_ism,20,23,GAGG,0.0256846199433009,0.05756670329719778,0.018474802607670385,unsigned,1.0
motif_cnn73_hiranniramol_sequence_cnn_ism_026,544,hiranniramol,single,sequence,cnn,cnn73,cnn_ism,20,23,GAGG,0.0256846199433009,0.05756670329719778,0.018474802607670385,unsigned,1.0
motif_cnn73_hiranniramol_sequence_cnn_ism_026,547,hiranniramol,single,sequence,cnn,cnn73,cnn_ism,20,23,GAGG,0.0256846199433009,0.05756670329719778,0.018474802607670385,unsigned,1.0
motif_cnn73_hiranniramol_sequence_cnn_ism_026,548,hiranniramol,single,sequence,cnn,cnn73,cnn_ism,20,23,GAGG,0.0256846199433009,0.05756670329719778,0.018474802607670385,unsigned,1.0
motif_cnn73_hiranniramol_sequence_cnn_ism_026,550,hiranniramol,single,sequence,cnn,cnn73,cnn_ism,20,23,GAGG,0.0256846199433009,0.05756670329719778,0.018474802607670385,unsigned,1.0
motif_cnn73_hiranniramol_sequence_cnn_ism_026,583,hiranniramol,single,sequence,cnn,cnn73,cnn_ism,20,23,GAGG,0.0256846199433009,0.05756670329719778,0.018474802607670385,unsigned,1.0
motif_cnn73_hiranniramol_sequence_cnn_ism_026,596,hiranniramol,single,sequence,cnn,cnn73,cnn_ism,20,23,GAGG,0.0256846199433009,0.05756670329719778,0.018474802607670385,unsigned,1.0
motif_cnn73_hiranniramol_sequence_cnn_ism_026,599,hiranniramol,single,sequence,cnn,cnn73,cnn_ism,20,23,GAGG,0.0256846199433009,0.05756670329719778,0.018474802607670385,unsigned,1.0
motif_cnn73_hiranniramol_sequence_cnn_ism_026,603,hiranniramol,single,sequence,cnn,cnn73,cnn_ism,20,23,GAGG,0.0256846199433009,0.05756670329719778,0.018474802607670385,unsigned,1.0
motif_cnn73_hiranniramol_sequence_cnn_ism_026,607,hiranniramol,single,sequence,cnn,cnn73,cnn_ism,20,23,GAGG,0.0256846199433009,0.05756670329719778,0.018474802607670385,unsigned,1.0
motif_cnn73_hiranniramol_sequence_cnn_ism_026,610,hiranniramol,single,sequence,cnn,cnn73,cnn_ism,20,23,GAGG,0.0256846199433009,0.05756670329719778,0.018474802607670385,unsigned,1.0
motif_cnn73_hiranniramol_sequence_cnn_ism_026,635,hiranniramol,single,sequence,cnn,cnn73,cnn_ism,20,23,GAGG,0.0256846199433009,0.05756670329719778,0.018474802607670385,unsigned,1.0
motif_cnn73_hiranniramol_sequence_cnn_ism_026,677,hiranniramol,single,sequence,cnn,cnn73,cnn_ism,20,23,GAGG,0.0256846199433009,0.05756670329719778,0.018474802607670385,unsigned,1.0
motif_cnn73_hiranniramol_sequence_cnn_ism_026,681,hiranniramol,single,sequence,cnn,cnn73,cnn_ism,20,23,GAGG,0.0256846199433009,0.05756670329719778,0.018474802607670385,unsigned,1.0
motif_cnn73_hiranniramol_sequence_cnn_ism_026,683,hiranniramol,single,sequence,cnn,cnn73,cnn_ism,20,23,GAGG,0.0256846199433009,0.05756670329719778,0.018474802607670385,unsigned,1.0
motif_cnn73_hiranniramol_sequence_cnn_ism_026,689,hiranniramol,single,sequence,cnn,cnn73,cnn_ism,20,23,GAGG,0.0256846199433009,0.05756670329719778,0.018474802607670385,unsigned,1.0
motif_cnn73_hiranniramol_sequence_cnn_ism_026,721,hiranniramol,single,sequence,cnn,cnn73,cnn_ism,20,23,GAGG,0.0256846199433009,0.05756670329719778,0.018474802607670385,unsigned,1.0
motif_cnn73_hiranniramol_sequence_cnn_ism_026,739,hiranniramol,single,sequence,cnn,cnn73,cnn_ism,20,23,GAGG,0.0256846199433009,0.05756670329719778,0.018474802607670385,unsigned,1.0
motif_cnn73_hiranniramol_sequence_cnn_ism_026,843,hiranniramol,single,sequence,cnn,cnn73,cnn_ism,20,23,GAGG,0.0256846199433009,0.05756670329719778,0.018474802607670385,unsigned,0.4090999999999999
motif_cnn73_hiranniramol_sequence_cnn_ism_026,851,hiranniramol,single,sequence,cnn,cnn73,cnn_ism,20,23,GAGG,0.0256846199433009,0.05756670329719778,0.018474802607670385,unsigned,0.3043
motif_cnn73_hiranniramol_sequence_cnn_ism_026,882,hiranniramol,single,sequence,cnn,cnn73,cnn_ism,20,23,GAGG,0.0256846199433009,0.05756670329719778,0.018474802607670385,unsigned,0.5
motif_cnn73_hiranniramol_sequence_cnn_ism_026,915,hiranniramol,single,sequence,cnn,cnn73,cnn_ism,20,23,GAGG,0.0256846199433009,0.05756670329719778,0.018474802607670385,unsigned,0.1389
motif_cnn73_hiranniramol_sequence_cnn_ism_026,929,hiranniramol,single,sequence,cnn,cnn73,cnn_ism,20,23,GAGG,0.0256846199433009,0.05756670329719778,0.018474802607670385,unsigned,0.325
motif_cnn73_hiranniramol_sequence_cnn_ism_026,1053,hiranniramol,single,sequence,cnn,cnn73,cnn_ism,20,23,GAGG,0.0256846199433009,0.05756670329719778,0.018474802607670385,unsigned,0.0909
motif_cnn73_hiranniramol_sequence_cnn_ism_026,1129,hiranniramol,single,sequence,cnn,cnn73,cnn_ism,20,23,GAGG,0.0256846199433009,0.05756670329719778,0.018474802607670385,unsigned,0.0
motif_cnn73_hiranniramol_sequence_cnn_ism_027,25,hiranniramol,single,sequence,cnn,cnn73,cnn_ism,20,23,GGGG,0.02251540621121726,0.05756670329719778,0.018474802607670385,unsigned,1.0
motif_cnn73_hiranniramol_sequence_cnn_ism_027,44,hiranniramol,single,sequence,cnn,cnn73,cnn_ism,20,23,GGGG,0.02251540621121726,0.05756670329719778,0.018474802607670385,unsigned,1.0
motif_cnn73_hiranniramol_sequence_cnn_ism_027,52,hiranniramol,single,sequence,cnn,cnn73,cnn_ism,20,23,GGGG,0.02251540621121726,0.05756670329719778,0.018474802607670385,unsigned,1.0
motif_cnn73_hiranniramol_sequence_cnn_ism_027,98,hiranniramol,single,sequence,cnn,cnn73,cnn_ism,20,23,GGGG,0.02251540621121726,0.05756670329719778,0.018474802607670385,unsigned,1.0
motif_cnn73_hiranniramol_sequence_cnn_ism_027,119,hiranniramol,single,sequence,cnn,cnn73,cnn_ism,20,23,GGGG,0.02251540621121726,0.05756670329719778,0.018474802607670385,unsigned,1.0
motif_cnn73_hiranniramol_sequence_cnn_ism_027,130,hiranniramol,single,sequence,cnn,cnn73,cnn_ism,20,23,GGGG,0.02251540621121726,0.05756670329719778,0.018474802607670385,unsigned,1.0
motif_cnn73_hiranniramol_sequence_cnn_ism_027,143,hiranniramol,single,sequence,cnn,cnn73,cnn_ism,20,23,GGGG,0.02251540621121726,0.05756670329719778,0.018474802607670385,unsigned,1.0
motif_cnn73_hiranniramol_sequence_cnn_ism_027,148,hiranniramol,single,sequence,cnn,cnn73,cnn_ism,20,23,GGGG,0.02251540621121726,0.05756670329719778,0.018474802607670385,unsigned,1.0
motif_cnn73_hiranniramol_sequence_cnn_ism_027,166,hiranniramol,single,sequence,cnn,cnn73,cnn_ism,20,23,GGGG,0.02251540621121726,0.05756670329719778,0.018474802607670385,unsigned,1.0
motif_cnn73_hiranniramol_sequence_cnn_ism_027,175,hiranniramol,single,sequence,cnn,cnn73,cnn_ism,20,23,GGGG,0.02251540621121726,0.05756670329719778,0.018474802607670385,unsigned,1.0
motif_cnn73_hiranniramol_sequence_cnn_ism_027,186,hiranniramol,single,sequence,cnn,cnn73,cnn_ism,20,23,GGGG,0.02251540621121726,0.05756670329719778,0.018474802607670385,unsigned,1.0
motif_cnn73_hiranniramol_sequence_cnn_ism_027,191,hiranniramol,single,sequence,cnn,cnn73,cnn_ism,20,23,GGGG,0.02251540621121726,0.05756670329719778,0.018474802607670385,unsigned,1.0
motif_cnn73_hiranniramol_sequence_cnn_ism_027,200,hiranniramol,single,sequence,cnn,cnn73,cnn_ism,20,23,GGGG,0.02251540621121726,0.05756670329719778,0.018474802607670385,unsigned,1.0
motif_cnn73_hiranniramol_sequence_cnn_ism_027,203,hiranniramol,single,sequence,cnn,cnn73,cnn_ism,20,23,GGGG,0.02251540621121726,0.05756670329719778,0.018474802607670385,unsigned,1.0
motif_cnn73_hiranniramol_sequence_cnn_ism_027,213,hiranniramol,single,sequence,cnn,cnn73,cnn_ism,20,23,GGGG,0.02251540621121726,0.05756670329719778,0.018474802607670385,unsigned,1.0
motif_cnn73_hiranniramol_sequence_cnn_ism_027,229,hiranniramol,single,sequence,cnn,cnn73,cnn_ism,20,23,GGGG,0.02251540621121726,0.05756670329719778,0.018474802607670385,unsigned,1.0
motif_cnn73_hiranniramol_sequence_cnn_ism_027,257,hiranniramol,single,sequence,cnn,cnn73,cnn_ism,20,23,GGGG,0.02251540621121726,0.05756670329719778,0.018474802607670385,unsigned,1.0
motif_cnn73_hiranniramol_sequence_cnn_ism_027,258,hiranniramol,single,sequence,cnn,cnn73,cnn_ism,20,23,GGGG,0.02251540621121726,0.05756670329719778,0.018474802607670385,unsigned,1.0
motif_cnn73_hiranniramol_sequence_cnn_ism_027,259,hiranniramol,single,sequence,cnn,cnn73,cnn_ism,20,23,GGGG,0.02251540621121726,0.05756670329719778,0.018474802607670385,unsigned,1.0
motif_cnn73_hiranniramol_sequence_cnn_ism_027,268,hiranniramol,single,sequence,cnn,cnn73,cnn_ism,20,23,GGGG,0.02251540621121726,0.05756670329719778,0.018474802607670385,unsigned,1.0
motif_cnn73_hiranniramol_sequence_cnn_ism_027,282,hiranniramol,single,sequence,cnn,cnn73,cnn_ism,20,23,GGGG,0.02251540621121726,0.05756670329719778,0.018474802607670385,unsigned,1.0
motif_cnn73_hiranniramol_sequence_cnn_ism_027,283,hiranniramol,single,sequence,cnn,cnn73,cnn_ism,20,23,GGGG,0.02251540621121726,0.05756670329719778,0.018474802607670385,unsigned,1.0
motif_cnn73_hiranniramol_sequence_cnn_ism_027,300,hiranniramol,single,sequence,cnn,cnn73,cnn_ism,20,23,GGGG,0.02251540621121726,0.05756670329719778,0.018474802607670385,unsigned,1.0
motif_cnn73_hiranniramol_sequence_cnn_ism_027,301,hiranniramol,single,sequence,cnn,cnn73,cnn_ism,20,23,GGGG,0.02251540621121726,0.05756670329719778,0.018474802607670385,unsigned,1.0
motif_cnn73_hiranniramol_sequence_cnn_ism_027,309,hiranniramol,single,sequence,cnn,cnn73,cnn_ism,20,23,GGGG,0.02251540621121726,0.05756670329719778,0.018474802607670385,unsigned,1.0
motif_cnn73_hiranniramol_sequence_cnn_ism_027,313,hiranniramol,single,sequence,cnn,cnn73,cnn_ism,20,23,GGGG,0.02251540621121726,0.05756670329719778,0.018474802607670385,unsigned,1.0
motif_cnn73_hiranniramol_sequence_cnn_ism_027,322,hiranniramol,single,sequence,cnn,cnn73,cnn_ism,20,23,GGGG,0.02251540621121726,0.05756670329719778,0.018474802607670385,unsigned,1.0
motif_cnn73_hiranniramol_sequence_cnn_ism_027,336,hiranniramol,single,sequence,cnn,cnn73,cnn_ism,20,23,GGGG,0.02251540621121726,0.05756670329719778,0.018474802607670385,unsigned,1.0
motif_cnn73_hiranniramol_sequence_cnn_ism_027,351,hiranniramol,single,sequence,cnn,cnn73,cnn_ism,20,23,GGGG,0.02251540621121726,0.05756670329719778,0.018474802607670385,unsigned,1.0
motif_cnn73_hiranniramol_sequence_cnn_ism_027,353,hiranniramol,single,sequence,cnn,cnn73,cnn_ism,20,23,GGGG,0.02251540621121726,0.05756670329719778,0.018474802607670385,unsigned,1.0
motif_cnn73_hiranniramol_sequence_cnn_ism_027,366,hiranniramol,single,sequence,cnn,cnn73,cnn_ism,20,23,GGGG,0.02251540621121726,0.05756670329719778,0.018474802607670385,unsigned,1.0
motif_cnn73_hiranniramol_sequence_cnn_ism_027,375,hiranniramol,single,sequence,cnn,cnn73,cnn_ism,20,23,GGGG,0.02251540621121726,0.05756670329719778,0.018474802607670385,unsigned,1.0
motif_cnn73_hiranniramol_sequence_cnn_ism_027,383,hiranniramol,single,sequence,cnn,cnn73,cnn_ism,20,23,GGGG,0.02251540621121726,0.05756670329719778,0.018474802607670385,unsigned,1.0
motif_cnn73_hiranniramol_sequence_cnn_ism_027,390,hiranniramol,single,sequence,cnn,cnn73,cnn_ism,20,23,GGGG,0.02251540621121726,0.05756670329719778,0.018474802607670385,unsigned,1.0
motif_cnn73_hiranniramol_sequence_cnn_ism_027,397,hiranniramol,single,sequence,cnn,cnn73,cnn_ism,20,23,GGGG,0.02251540621121726,0.05756670329719778,0.018474802607670385,unsigned,1.0
motif_cnn73_hiranniramol_sequence_cnn_ism_027,413,hiranniramol,single,sequence,cnn,cnn73,cnn_ism,20,23,GGGG,0.02251540621121726,0.05756670329719778,0.018474802607670385,unsigned,1.0
motif_cnn73_hiranniramol_sequence_cnn_ism_027,417,hiranniramol,single,sequence,cnn,cnn73,cnn_ism,20,23,GGGG,0.02251540621121726,0.05756670329719778,0.018474802607670385,unsigned,1.0
motif_cnn73_hiranniramol_sequence_cnn_ism_027,436,hiranniramol,single,sequence,cnn,cnn73,cnn_ism,20,23,GGGG,0.02251540621121726,0.05756670329719778,0.018474802607670385,unsigned,1.0
motif_cnn73_hiranniramol_sequence_cnn_ism_027,446,hiranniramol,single,sequence,cnn,cnn73,cnn_ism,20,23,GGGG,0.02251540621121726,0.05756670329719778,0.018474802607670385,unsigned,1.0
motif_cnn73_hiranniramol_sequence_cnn_ism_027,449,hiranniramol,single,sequence,cnn,cnn73,cnn_ism,20,23,GGGG,0.02251540621121726,0.05756670329719778,0.018474802607670385,unsigned,1.0
motif_cnn73_hiranniramol_sequence_cnn_ism_027,462,hiranniramol,single,sequence,cnn,cnn73,cnn_ism,20,23,GGGG,0.02251540621121726,0.05756670329719778,0.018474802607670385,unsigned,1.0
motif_cnn73_hiranniramol_sequence_cnn_ism_027,471,hiranniramol,single,sequence,cnn,cnn73,cnn_ism,20,23,GGGG,0.02251540621121726,0.05756670329719778,0.018474802607670385,unsigned,1.0
motif_cnn73_hiranniramol_sequence_cnn_ism_027,473,hiranniramol,single,sequence,cnn,cnn73,cnn_ism,20,23,GGGG,0.02251540621121726,0.05756670329719778,0.018474802607670385,unsigned,1.0
motif_cnn73_hiranniramol_sequence_cnn_ism_027,480,hiranniramol,single,sequence,cnn,cnn73,cnn_ism,20,23,GGGG,0.02251540621121726,0.05756670329719778,0.018474802607670385,unsigned,1.0
motif_cnn73_hiranniramol_sequence_cnn_ism_027,485,hiranniramol,single,sequence,cnn,cnn73,cnn_ism,20,23,GGGG,0.02251540621121726,0.05756670329719778,0.018474802607670385,unsigned,1.0
motif_cnn73_hiranniramol_sequence_cnn_ism_027,488,hiranniramol,single,sequence,cnn,cnn73,cnn_ism,20,23,GGGG,0.02251540621121726,0.05756670329719778,0.018474802607670385,unsigned,1.0
motif_cnn73_hiranniramol_sequence_cnn_ism_027,503,hiranniramol,single,sequence,cnn,cnn73,cnn_ism,20,23,GGGG,0.02251540621121726,0.05756670329719778,0.018474802607670385,unsigned,1.0
motif_cnn73_hiranniramol_sequence_cnn_ism_027,534,hiranniramol,single,sequence,cnn,cnn73,cnn_ism,20,23,GGGG,0.02251540621121726,0.05756670329719778,0.018474802607670385,unsigned,1.0
motif_cnn73_hiranniramol_sequence_cnn_ism_027,577,hiranniramol,single,sequence,cnn,cnn73,cnn_ism,20,23,GGGG,0.02251540621121726,0.05756670329719778,0.018474802607670385,unsigned,1.0
motif_cnn73_hiranniramol_sequence_cnn_ism_027,604,hiranniramol,single,sequence,cnn,cnn73,cnn_ism,20,23,GGGG,0.02251540621121726,0.05756670329719778,0.018474802607670385,unsigned,1.0
motif_cnn73_hiranniramol_sequence_cnn_ism_027,608,hiranniramol,single,sequence,cnn,cnn73,cnn_ism,20,23,GGGG,0.02251540621121726,0.05756670329719778,0.018474802607670385,unsigned,1.0
motif_cnn73_hiranniramol_sequence_cnn_ism_027,609,hiranniramol,single,sequence,cnn,cnn73,cnn_ism,20,23,GGGG,0.02251540621121726,0.05756670329719778,0.018474802607670385,unsigned,1.0
motif_cnn73_hiranniramol_sequence_cnn_ism_027,633,hiranniramol,single,sequence,cnn,cnn73,cnn_ism,20,23,GGGG,0.02251540621121726,0.05756670329719778,0.018474802607670385,unsigned,1.0
motif_cnn73_hiranniramol_sequence_cnn_ism_027,648,hiranniramol,single,sequence,cnn,cnn73,cnn_ism,20,23,GGGG,0.02251540621121726,0.05756670329719778,0.018474802607670385,unsigned,1.0
motif_cnn73_hiranniramol_sequence_cnn_ism_027,656,hiranniramol,single,sequence,cnn,cnn73,cnn_ism,20,23,GGGG,0.02251540621121726,0.05756670329719778,0.018474802607670385,unsigned,1.0
motif_cnn73_hiranniramol_sequence_cnn_ism_027,666,hiranniramol,single,sequence,cnn,cnn73,cnn_ism,20,23,GGGG,0.02251540621121726,0.05756670329719778,0.018474802607670385,unsigned,1.0
motif_cnn73_hiranniramol_sequence_cnn_ism_027,673,hiranniramol,single,sequence,cnn,cnn73,cnn_ism,20,23,GGGG,0.02251540621121726,0.05756670329719778,0.018474802607670385,unsigned,1.0
motif_cnn73_hiranniramol_sequence_cnn_ism_027,686,hiranniramol,single,sequence,cnn,cnn73,cnn_ism,20,23,GGGG,0.02251540621121726,0.05756670329719778,0.018474802607670385,unsigned,1.0
motif_cnn73_hiranniramol_sequence_cnn_ism_027,706,hiranniramol,single,sequence,cnn,cnn73,cnn_ism,20,23,GGGG,0.02251540621121726,0.05756670329719778,0.018474802607670385,unsigned,1.0
motif_cnn73_hiranniramol_sequence_cnn_ism_027,724,hiranniramol,single,sequence,cnn,cnn73,cnn_ism,20,23,GGGG,0.02251540621121726,0.05756670329719778,0.018474802607670385,unsigned,1.0
motif_cnn73_hiranniramol_sequence_cnn_ism_027,853,hiranniramol,single,sequence,cnn,cnn73,cnn_ism,20,23,GGGG,0.02251540621121726,0.05756670329719778,0.018474802607670385,unsigned,0.5
motif_cnn73_hiranniramol_sequence_cnn_ism_027,963,hiranniramol,single,sequence,cnn,cnn73,cnn_ism,20,23,GGGG,0.02251540621121726,0.05756670329719778,0.018474802607670385,unsigned,0.4347999999999999
motif_cnn73_hiranniramol_sequence_cnn_ism_027,980,hiranniramol,single,sequence,cnn,cnn73,cnn_ism,20,23,GGGG,0.02251540621121726,0.05756670329719778,0.018474802607670385,unsigned,0.3571
motif_cnn73_hiranniramol_sequence_cnn_ism_027,982,hiranniramol,single,sequence,cnn,cnn73,cnn_ism,20,23,GGGG,0.02251540621121726,0.05756670329719778,0.018474802607670385,unsigned,0.0
motif_cnn73_hiranniramol_sequence_cnn_ism_027,1099,hiranniramol,single,sequence,cnn,cnn73,cnn_ism,20,23,GGGG,0.02251540621121726,0.05756670329719778,0.018474802607670385,unsigned,0.4
motif_cnn73_hiranniramol_sequence_cnn_ism_027,1180,hiranniramol,single,sequence,cnn,cnn73,cnn_ism,20,23,GGGG,0.02251540621121726,0.05756670329719778,0.018474802607670385,unsigned,0.5
motif_cnn73_hiranniramol_sequence_cnn_ism_027,1241,hiranniramol,single,sequence,cnn,cnn73,cnn_ism,20,23,GGGG,0.02251540621121726,0.05756670329719778,0.018474802607670385,unsigned,0.4515999999999999
motif_cnn73_hiranniramol_sequence_cnn_ism_028,19,hiranniramol,single,sequence,cnn,cnn73,cnn_ism,20,23,GCGG,0.019469400246938096,0.05756670329719778,0.018474802607670385,unsigned,1.0
motif_cnn73_hiranniramol_sequence_cnn_ism_028,34,hiranniramol,single,sequence,cnn,cnn73,cnn_ism,20,23,GCGG,0.019469400246938096,0.05756670329719778,0.018474802607670385,unsigned,1.0
motif_cnn73_hiranniramol_sequence_cnn_ism_028,63,hiranniramol,single,sequence,cnn,cnn73,cnn_ism,20,23,GCGG,0.019469400246938096,0.05756670329719778,0.018474802607670385,unsigned,1.0
motif_cnn73_hiranniramol_sequence_cnn_ism_028,64,hiranniramol,single,sequence,cnn,cnn73,cnn_ism,20,23,GCGG,0.019469400246938096,0.05756670329719778,0.018474802607670385,unsigned,1.0
motif_cnn73_hiranniramol_sequence_cnn_ism_028,70,hiranniramol,single,sequence,cnn,cnn73,cnn_ism,20,23,GCGG,0.019469400246938096,0.05756670329719778,0.018474802607670385,unsigned,1.0
motif_cnn73_hiranniramol_sequence_cnn_ism_028,74,hiranniramol,single,sequence,cnn,cnn73,cnn_ism,20,23,GCGG,0.019469400246938096,0.05756670329719778,0.018474802607670385,unsigned,1.0
motif_cnn73_hiranniramol_sequence_cnn_ism_028,77,hiranniramol,single,sequence,cnn,cnn73,cnn_ism,20,23,GCGG,0.019469400246938096,0.05756670329719778,0.018474802607670385,unsigned,1.0
motif_cnn73_hiranniramol_sequence_cnn_ism_028,80,hiranniramol,single,sequence,cnn,cnn73,cnn_ism,20,23,GCGG,0.019469400246938096,0.05756670329719778,0.018474802607670385,unsigned,1.0
motif_cnn73_hiranniramol_sequence_cnn_ism_028,83,hiranniramol,single,sequence,cnn,cnn73,cnn_ism,20,23,GCGG,0.019469400246938096,0.05756670329719778,0.018474802607670385,unsigned,1.0
motif_cnn73_hiranniramol_sequence_cnn_ism_028,93,hiranniramol,single,sequence,cnn,cnn73,cnn_ism,20,23,GCGG,0.019469400246938096,0.05756670329719778,0.018474802607670385,unsigned,1.0
motif_cnn73_hiranniramol_sequence_cnn_ism_028,101,hiranniramol,single,sequence,cnn,cnn73,cnn_ism,20,23,GCGG,0.019469400246938096,0.05756670329719778,0.018474802607670385,unsigned,1.0
motif_cnn73_hiranniramol_sequence_cnn_ism_028,103,hiranniramol,single,sequence,cnn,cnn73,cnn_ism,20,23,GCGG,0.019469400246938096,0.05756670329719778,0.018474802607670385,unsigned,1.0
motif_cnn73_hiranniramol_sequence_cnn_ism_028,134,hiranniramol,single,sequence,cnn,cnn73,cnn_ism,20,23,GCGG,0.019469400246938096,0.05756670329719778,0.018474802607670385,unsigned,1.0
motif_cnn73_hiranniramol_sequence_cnn_ism_028,138,hiranniramol,single,sequence,cnn,cnn73,cnn_ism,20,23,GCGG,0.019469400246938096,0.05756670329719778,0.018474802607670385,unsigned,1.0
motif_cnn73_hiranniramol_sequence_cnn_ism_028,153,hiranniramol,single,sequence,cnn,cnn73,cnn_ism,20,23,GCGG,0.019469400246938096,0.05756670329719778,0.018474802607670385,unsigned,1.0
motif_cnn73_hiranniramol_sequence_cnn_ism_028,156,hiranniramol,single,sequence,cnn,cnn73,cnn_ism,20,23,GCGG,0.019469400246938096,0.05756670329719778,0.018474802607670385,unsigned,1.0
motif_cnn73_hiranniramol_sequence_cnn_ism_028,157,hiranniramol,single,sequence,cnn,cnn73,cnn_ism,20,23,GCGG,0.019469400246938096,0.05756670329719778,0.018474802607670385,unsigned,1.0
motif_cnn73_hiranniramol_sequence_cnn_ism_028,178,hiranniramol,single,sequence,cnn,cnn73,cnn_ism,20,23,GCGG,0.019469400246938096,0.05756670329719778,0.018474802607670385,unsigned,1.0
motif_cnn73_hiranniramol_sequence_cnn_ism_028,179,hiranniramol,single,sequence,cnn,cnn73,cnn_ism,20,23,GCGG,0.019469400246938096,0.05756670329719778,0.018474802607670385,unsigned,1.0
motif_cnn73_hiranniramol_sequence_cnn_ism_028,185,hiranniramol,single,sequence,cnn,cnn73,cnn_ism,20,23,GCGG,0.019469400246938096,0.05756670329719778,0.018474802607670385,unsigned,1.0
motif_cnn73_hiranniramol_sequence_cnn_ism_028,205,hiranniramol,single,sequence,cnn,cnn73,cnn_ism,20,23,GCGG,0.019469400246938096,0.05756670329719778,0.018474802607670385,unsigned,1.0
motif_cnn73_hiranniramol_sequence_cnn_ism_028,305,hiranniramol,single,sequence,cnn,cnn73,cnn_ism,20,23,GCGG,0.019469400246938096,0.05756670329719778,0.018474802607670385,unsigned,1.0
motif_cnn73_hiranniramol_sequence_cnn_ism_028,335,hiranniramol,single,sequence,cnn,cnn73,cnn_ism,20,23,GCGG,0.019469400246938096,0.05756670329719778,0.018474802607670385,unsigned,1.0
motif_cnn73_hiranniramol_sequence_cnn_ism_028,338,hiranniramol,single,sequence,cnn,cnn73,cnn_ism,20,23,GCGG,0.019469400246938096,0.05756670329719778,0.018474802607670385,unsigned,1.0
motif_cnn73_hiranniramol_sequence_cnn_ism_028,358,hiranniramol,single,sequence,cnn,cnn73,cnn_ism,20,23,GCGG,0.019469400246938096,0.05756670329719778,0.018474802607670385,unsigned,1.0
motif_cnn73_hiranniramol_sequence_cnn_ism_028,360,hiranniramol,single,sequence,cnn,cnn73,cnn_ism,20,23,GCGG,0.019469400246938096,0.05756670329719778,0.018474802607670385,unsigned,1.0
motif_cnn73_hiranniramol_sequence_cnn_ism_028,361,hiranniramol,single,sequence,cnn,cnn73,cnn_ism,20,23,GCGG,0.019469400246938096,0.05756670329719778,0.018474802607670385,unsigned,1.0
motif_cnn73_hiranniramol_sequence_cnn_ism_028,362,hiranniramol,single,sequence,cnn,cnn73,cnn_ism,20,23,GCGG,0.019469400246938096,0.05756670329719778,0.018474802607670385,unsigned,1.0
motif_cnn73_hiranniramol_sequence_cnn_ism_028,369,hiranniramol,single,sequence,cnn,cnn73,cnn_ism,20,23,GCGG,0.019469400246938096,0.05756670329719778,0.018474802607670385,unsigned,1.0
motif_cnn73_hiranniramol_sequence_cnn_ism_028,373,hiranniramol,single,sequence,cnn,cnn73,cnn_ism,20,23,GCGG,0.019469400246938096,0.05756670329719778,0.018474802607670385,unsigned,1.0
motif_cnn73_hiranniramol_sequence_cnn_ism_028,423,hiranniramol,single,sequence,cnn,cnn73,cnn_ism,20,23,GCGG,0.019469400246938096,0.05756670329719778,0.018474802607670385,unsigned,1.0
motif_cnn73_hiranniramol_sequence_cnn_ism_028,432,hiranniramol,single,sequence,cnn,cnn73,cnn_ism,20,23,GCGG,0.019469400246938096,0.05756670329719778,0.018474802607670385,unsigned,1.0
motif_cnn73_hiranniramol_sequence_cnn_ism_028,443,hiranniramol,single,sequence,cnn,cnn73,cnn_ism,20,23,GCGG,0.019469400246938096,0.05756670329719778,0.018474802607670385,unsigned,1.0
motif_cnn73_hiranniramol_sequence_cnn_ism_028,468,hiranniramol,single,sequence,cnn,cnn73,cnn_ism,20,23,GCGG,0.019469400246938096,0.05756670329719778,0.018474802607670385,unsigned,1.0
motif_cnn73_hiranniramol_sequence_cnn_ism_028,505,hiranniramol,single,sequence,cnn,cnn73,cnn_ism,20,23,GCGG,0.019469400246938096,0.05756670329719778,0.018474802607670385,unsigned,1.0
motif_cnn73_hiranniramol_sequence_cnn_ism_028,524,hiranniramol,single,sequence,cnn,cnn73,cnn_ism,20,23,GCGG,0.019469400246938096,0.05756670329719778,0.018474802607670385,unsigned,1.0
motif_cnn73_hiranniramol_sequence_cnn_ism_028,529,hiranniramol,single,sequence,cnn,cnn73,cnn_ism,20,23,GCGG,0.019469400246938096,0.05756670329719778,0.018474802607670385,unsigned,1.0
motif_cnn73_hiranniramol_sequence_cnn_ism_028,537,hiranniramol,single,sequence,cnn,cnn73,cnn_ism,20,23,GCGG,0.019469400246938096,0.05756670329719778,0.018474802607670385,unsigned,1.0
motif_cnn73_hiranniramol_sequence_cnn_ism_028,541,hiranniramol,single,sequence,cnn,cnn73,cnn_ism,20,23,GCGG,0.019469400246938096,0.05756670329719778,0.018474802607670385,unsigned,1.0
motif_cnn73_hiranniramol_sequence_cnn_ism_028,553,hiranniramol,single,sequence,cnn,cnn73,cnn_ism,20,23,GCGG,0.019469400246938096,0.05756670329719778,0.018474802607670385,unsigned,1.0
motif_cnn73_hiranniramol_sequence_cnn_ism_028,558,hiranniramol,single,sequence,cnn,cnn73,cnn_ism,20,23,GCGG,0.019469400246938096,0.05756670329719778,0.018474802607670385,unsigned,1.0
motif_cnn73_hiranniramol_sequence_cnn_ism_028,565,hiranniramol,single,sequence,cnn,cnn73,cnn_ism,20,23,GCGG,0.019469400246938096,0.05756670329719778,0.018474802607670385,unsigned,1.0
motif_cnn73_hiranniramol_sequence_cnn_ism_028,572,hiranniramol,single,sequence,cnn,cnn73,cnn_ism,20,23,GCGG,0.019469400246938096,0.05756670329719778,0.018474802607670385,unsigned,1.0
motif_cnn73_hiranniramol_sequence_cnn_ism_028,585,hiranniramol,single,sequence,cnn,cnn73,cnn_ism,20,23,GCGG,0.019469400246938096,0.05756670329719778,0.018474802607670385,unsigned,1.0
motif_cnn73_hiranniramol_sequence_cnn_ism_028,587,hiranniramol,single,sequence,cnn,cnn73,cnn_ism,20,23,GCGG,0.019469400246938096,0.05756670329719778,0.018474802607670385,unsigned,1.0
motif_cnn73_hiranniramol_sequence_cnn_ism_028,591,hiranniramol,single,sequence,cnn,cnn73,cnn_ism,20,23,GCGG,0.019469400246938096,0.05756670329719778,0.018474802607670385,unsigned,1.0
motif_cnn73_hiranniramol_sequence_cnn_ism_028,619,hiranniramol,single,sequence,cnn,cnn73,cnn_ism,20,23,GCGG,0.019469400246938096,0.05756670329719778,0.018474802607670385,unsigned,1.0
motif_cnn73_hiranniramol_sequence_cnn_ism_028,628,hiranniramol,single,sequence,cnn,cnn73,cnn_ism,20,23,GCGG,0.019469400246938096,0.05756670329719778,0.018474802607670385,unsigned,1.0
motif_cnn73_hiranniramol_sequence_cnn_ism_028,637,hiranniramol,single,sequence,cnn,cnn73,cnn_ism,20,23,GCGG,0.019469400246938096,0.05756670329719778,0.018474802607670385,unsigned,1.0
motif_cnn73_hiranniramol_sequence_cnn_ism_028,650,hiranniramol,single,sequence,cnn,cnn73,cnn_ism,20,23,GCGG,0.019469400246938096,0.05756670329719778,0.018474802607670385,unsigned,1.0
motif_cnn73_hiranniramol_sequence_cnn_ism_028,695,hiranniramol,single,sequence,cnn,cnn73,cnn_ism,20,23,GCGG,0.019469400246938096,0.05756670329719778,0.018474802607670385,unsigned,1.0
motif_cnn73_hiranniramol_sequence_cnn_ism_028,727,hiranniramol,single,sequence,cnn,cnn73,cnn_ism,20,23,GCGG,0.019469400246938096,0.05756670329719778,0.018474802607670385,unsigned,1.0
motif_cnn73_hiranniramol_sequence_cnn_ism_028,728,hiranniramol,single,sequence,cnn,cnn73,cnn_ism,20,23,GCGG,0.019469400246938096,0.05756670329719778,0.018474802607670385,unsigned,1.0
motif_cnn73_hiranniramol_sequence_cnn_ism_028,730,hiranniramol,single,sequence,cnn,cnn73,cnn_ism,20,23,GCGG,0.019469400246938096,0.05756670329719778,0.018474802607670385,unsigned,1.0
motif_cnn73_hiranniramol_sequence_cnn_ism_028,736,hiranniramol,single,sequence,cnn,cnn73,cnn_ism,20,23,GCGG,0.019469400246938096,0.05756670329719778,0.018474802607670385,unsigned,1.0
motif_cnn73_hiranniramol_sequence_cnn_ism_028,745,hiranniramol,single,sequence,cnn,cnn73,cnn_ism,20,23,GCGG,0.019469400246938096,0.05756670329719778,0.018474802607670385,unsigned,1.0
motif_cnn73_hiranniramol_sequence_cnn_ism_028,948,hiranniramol,single,sequence,cnn,cnn73,cnn_ism,20,23,GCGG,0.019469400246938096,0.05756670329719778,0.018474802607670385,unsigned,0.22
motif_cnn73_hiranniramol_sequence_cnn_ism_028,1155,hiranniramol,single,sequence,cnn,cnn73,cnn_ism,20,23,GCGG,0.019469400246938096,0.05756670329719778,0.018474802607670385,unsigned,0.3333
motif_cnn73_hiranniramol_sequence_cnn_ism_028,1210,hiranniramol,single,sequence,cnn,cnn73,cnn_ism,20,23,GCGG,0.019469400246938096,0.05756670329719778,0.018474802607670385,unsigned,0.4
motif_cnn73_hiranniramol_sequence_cnn_ism_028,1271,hiranniramol,single,sequence,cnn,cnn73,cnn_ism,20,23,GCGG,0.019469400246938096,0.05756670329719778,0.018474802607670385,unsigned,0.2307999999999999
motif_cnn73_hiranniramol_sequence_cnn_ism_028,1277,hiranniramol,single,sequence,cnn,cnn73,cnn_ism,20,23,GCGG,0.019469400246938096,0.05756670329719778,0.018474802607670385,unsigned,0.5
motif_cnn73_hiranniramol_sequence_cnn_ism_029,71,hiranniramol,single,sequence,cnn,cnn73,cnn_ism,20,23,TCGG,0.015900822977224994,0.05756670329719778,0.018474802607670385,unsigned,1.0
motif_cnn73_hiranniramol_sequence_cnn_ism_029,123,hiranniramol,single,sequence,cnn,cnn73,cnn_ism,20,23,TCGG,0.015900822977224994,0.05756670329719778,0.018474802607670385,unsigned,1.0
motif_cnn73_hiranniramol_sequence_cnn_ism_029,208,hiranniramol,single,sequence,cnn,cnn73,cnn_ism,20,23,TCGG,0.015900822977224994,0.05756670329719778,0.018474802607670385,unsigned,1.0
motif_cnn73_hiranniramol_sequence_cnn_ism_029,233,hiranniramol,single,sequence,cnn,cnn73,cnn_ism,20,23,TCGG,0.015900822977224994,0.05756670329719778,0.018474802607670385,unsigned,1.0
motif_cnn73_hiranniramol_sequence_cnn_ism_029,245,hiranniramol,single,sequence,cnn,cnn73,cnn_ism,20,23,TCGG,0.015900822977224994,0.05756670329719778,0.018474802607670385,unsigned,1.0
motif_cnn73_hiranniramol_sequence_cnn_ism_029,303,hiranniramol,single,sequence,cnn,cnn73,cnn_ism,20,23,TCGG,0.015900822977224994,0.05756670329719778,0.018474802607670385,unsigned,1.0
motif_cnn73_hiranniramol_sequence_cnn_ism_029,328,hiranniramol,single,sequence,cnn,cnn73,cnn_ism,20,23,TCGG,0.015900822977224994,0.05756670329719778,0.018474802607670385,unsigned,1.0
motif_cnn73_hiranniramol_sequence_cnn_ism_029,346,hiranniramol,single,sequence,cnn,cnn73,cnn_ism,20,23,TCGG,0.015900822977224994,0.05756670329719778,0.018474802607670385,unsigned,1.0
motif_cnn73_hiranniramol_sequence_cnn_ism_029,437,hiranniramol,single,sequence,cnn,cnn73,cnn_ism,20,23,TCGG,0.015900822977224994,0.05756670329719778,0.018474802607670385,unsigned,1.0
motif_cnn73_hiranniramol_sequence_cnn_ism_029,486,hiranniramol,single,sequence,cnn,cnn73,cnn_ism,20,23,TCGG,0.015900822977224994,0.05756670329719778,0.018474802607670385,unsigned,1.0
motif_cnn73_hiranniramol_sequence_cnn_ism_029,539,hiranniramol,single,sequence,cnn,cnn73,cnn_ism,20,23,TCGG,0.015900822977224994,0.05756670329719778,0.018474802607670385,unsigned,1.0
motif_cnn73_hiranniramol_sequence_cnn_ism_029,584,hiranniramol,single,sequence,cnn,cnn73,cnn_ism,20,23,TCGG,0.015900822977224994,0.05756670329719778,0.018474802607670385,unsigned,1.0
motif_cnn73_hiranniramol_sequence_cnn_ism_029,644,hiranniramol,single,sequence,cnn,cnn73,cnn_ism,20,23,TCGG,0.015900822977224994,0.05756670329719778,0.018474802607670385,unsigned,1.0
motif_cnn73_hiranniramol_sequence_cnn_ism_029,649,hiranniramol,single,sequence,cnn,cnn73,cnn_ism,20,23,TCGG,0.015900822977224994,0.05756670329719778,0.018474802607670385,unsigned,1.0
motif_cnn73_hiranniramol_sequence_cnn_ism_029,659,hiranniramol,single,sequence,cnn,cnn73,cnn_ism,20,23,TCGG,0.015900822977224994,0.05756670329719778,0.018474802607670385,unsigned,1.0
motif_cnn73_hiranniramol_sequence_cnn_ism_029,691,hiranniramol,single,sequence,cnn,cnn73,cnn_ism,20,23,TCGG,0.015900822977224994,0.05756670329719778,0.018474802607670385,unsigned,1.0
motif_cnn73_hiranniramol_sequence_cnn_ism_029,694,hiranniramol,single,sequence,cnn,cnn73,cnn_ism,20,23,TCGG,0.015900822977224994,0.05756670329719778,0.018474802607670385,unsigned,1.0
motif_cnn73_hiranniramol_sequence_cnn_ism_029,696,hiranniramol,single,sequence,cnn,cnn73,cnn_ism,20,23,TCGG,0.015900822977224994,0.05756670329719778,0.018474802607670385,unsigned,1.0
motif_cnn73_hiranniramol_sequence_cnn_ism_029,714,hiranniramol,single,sequence,cnn,cnn73,cnn_ism,20,23,TCGG,0.015900822977224994,0.05756670329719778,0.018474802607670385,unsigned,1.0
motif_cnn73_hiranniramol_sequence_cnn_ism_029,749,hiranniramol,single,sequence,cnn,cnn73,cnn_ism,20,23,TCGG,0.015900822977224994,0.05756670329719778,0.018474802607670385,unsigned,0.4733
motif_cnn73_hiranniramol_sequence_cnn_ism_029,760,hiranniramol,single,sequence,cnn,cnn73,cnn_ism,20,23,TCGG,0.015900822977224994,0.05756670329719778,0.018474802607670385,unsigned,0.4673
motif_cnn73_hiranniramol_sequence_cnn_ism_029,804,hiranniramol,single,sequence,cnn,cnn73,cnn_ism,20,23,TCGG,0.015900822977224994,0.05756670329719778,0.018474802607670385,unsigned,0.5
motif_cnn73_hiranniramol_sequence_cnn_ism_029,820,hiranniramol,single,sequence,cnn,cnn73,cnn_ism,20,23,TCGG,0.015900822977224994,0.05756670329719778,0.018474802607670385,unsigned,0.1598
motif_cnn73_hiranniramol_sequence_cnn_ism_029,834,hiranniramol,single,sequence,cnn,cnn73,cnn_ism,20,23,TCGG,0.015900822977224994,0.05756670329719778,0.018474802607670385,unsigned,0.3461999999999999
motif_cnn73_hiranniramol_sequence_cnn_ism_029,840,hiranniramol,single,sequence,cnn,cnn73,cnn_ism,20,23,TCGG,0.015900822977224994,0.05756670329719778,0.018474802607670385,unsigned,0.4783
motif_cnn73_hiranniramol_sequence_cnn_ism_029,855,hiranniramol,single,sequence,cnn,cnn73,cnn_ism,20,23,TCGG,0.015900822977224994,0.05756670329719778,0.018474802607670385,unsigned,0.3704
motif_cnn73_hiranniramol_sequence_cnn_ism_029,864,hiranniramol,single,sequence,cnn,cnn73,cnn_ism,20,23,TCGG,0.015900822977224994,0.05756670329719778,0.018474802607670385,unsigned,0.2857
motif_cnn73_hiranniramol_sequence_cnn_ism_029,869,hiranniramol,single,sequence,cnn,cnn73,cnn_ism,20,23,TCGG,0.015900822977224994,0.05756670329719778,0.018474802607670385,unsigned,0.4545
motif_cnn73_hiranniramol_sequence_cnn_ism_029,886,hiranniramol,single,sequence,cnn,cnn73,cnn_ism,20,23,TCGG,0.015900822977224994,0.05756670329719778,0.018474802607670385,unsigned,0.35
motif_cnn73_hiranniramol_sequence_cnn_ism_029,895,hiranniramol,single,sequence,cnn,cnn73,cnn_ism,20,23,TCGG,0.015900822977224994,0.05756670329719778,0.018474802607670385,unsigned,0.496
motif_cnn73_hiranniramol_sequence_cnn_ism_029,946,hiranniramol,single,sequence,cnn,cnn73,cnn_ism,20,23,TCGG,0.015900822977224994,0.05756670329719778,0.018474802607670385,unsigned,0.4825
motif_cnn73_hiranniramol_sequence_cnn_ism_029,968,hiranniramol,single,sequence,cnn,cnn73,cnn_ism,20,23,TCGG,0.015900822977224994,0.05756670329719778,0.018474802607670385,unsigned,0.0222
motif_cnn73_hiranniramol_sequence_cnn_ism_029,1001,hiranniramol,single,sequence,cnn,cnn73,cnn_ism,20,23,TCGG,0.015900822977224994,0.05756670329719778,0.018474802607670385,unsigned,0.0
motif_cnn73_hiranniramol_sequence_cnn_ism_029,1013,hiranniramol,single,sequence,cnn,cnn73,cnn_ism,20,23,TCGG,0.015900822977224994,0.05756670329719778,0.018474802607670385,unsigned,0.2347
motif_cnn73_hiranniramol_sequence_cnn_ism_029,1023,hiranniramol,single,sequence,cnn,cnn73,cnn_ism,20,23,TCGG,0.015900822977224994,0.05756670329719778,0.018474802607670385,unsigned,0.2
motif_cnn73_hiranniramol_sequence_cnn_ism_029,1042,hiranniramol,single,sequence,cnn,cnn73,cnn_ism,20,23,TCGG,0.015900822977224994,0.05756670329719778,0.018474802607670385,unsigned,0.2885
motif_cnn73_hiranniramol_sequence_cnn_ism_029,1068,hiranniramol,single,sequence,cnn,cnn73,cnn_ism,20,23,TCGG,0.015900822977224994,0.05756670329719778,0.018474802607670385,unsigned,0.1321
motif_cnn73_hiranniramol_sequence_cnn_ism_029,1077,hiranniramol,single,sequence,cnn,cnn73,cnn_ism,20,23,TCGG,0.015900822977224994,0.05756670329719778,0.018474802607670385,unsigned,0.2817
motif_cnn73_hiranniramol_sequence_cnn_ism_029,1091,hiranniramol,single,sequence,cnn,cnn73,cnn_ism,20,23,TCGG,0.015900822977224994,0.05756670329719778,0.018474802607670385,unsigned,0.4583
motif_cnn73_hiranniramol_sequence_cnn_ism_029,1138,hiranniramol,single,sequence,cnn,cnn73,cnn_ism,20,23,TCGG,0.015900822977224994,0.05756670329719778,0.018474802607670385,unsigned,0.3333
motif_cnn73_hiranniramol_sequence_cnn_ism_029,1152,hiranniramol,single,sequence,cnn,cnn73,cnn_ism,20,23,TCGG,0.015900822977224994,0.05756670329719778,0.018474802607670385,unsigned,0.0909
motif_cnn73_hiranniramol_sequence_cnn_ism_029,1157,hiranniramol,single,sequence,cnn,cnn73,cnn_ism,20,23,TCGG,0.015900822977224994,0.05756670329719778,0.018474802607670385,unsigned,0.4761999999999999
motif_cnn73_hiranniramol_sequence_cnn_ism_029,1187,hiranniramol,single,sequence,cnn,cnn73,cnn_ism,20,23,TCGG,0.015900822977224994,0.05756670329719778,0.018474802607670385,unsigned,0.3889
motif_cnn73_hiranniramol_sequence_cnn_ism_029,1212,hiranniramol,single,sequence,cnn,cnn73,cnn_ism,20,23,TCGG,0.015900822977224994,0.05756670329719778,0.018474802607670385,unsigned,0.46
motif_cnn73_hiranniramol_sequence_cnn_ism_029,1213,hiranniramol,single,sequence,cnn,cnn73,cnn_ism,20,23,TCGG,0.015900822977224994,0.05756670329719778,0.018474802607670385,unsigned,0.494
motif_cnn73_hiranniramol_sequence_cnn_ism_029,1215,hiranniramol,single,sequence,cnn,cnn73,cnn_ism,20,23,TCGG,0.015900822977224994,0.05756670329719778,0.018474802607670385,unsigned,0.4578
motif_cnn73_hiranniramol_sequence_cnn_ism_029,1249,hiranniramol,single,sequence,cnn,cnn73,cnn_ism,20,23,TCGG,0.015900822977224994,0.05756670329719778,0.018474802607670385,unsigned,0.2966
motif_cnn73_hiranniramol_sequence_cnn_ism_029,1257,hiranniramol,single,sequence,cnn,cnn73,cnn_ism,20,23,TCGG,0.015900822977224994,0.05756670329719778,0.018474802607670385,unsigned,0.3714
motif_cnn73_hiranniramol_sequence_cnn_ism_029,1278,hiranniramol,single,sequence,cnn,cnn73,cnn_ism,20,23,TCGG,0.015900822977224994,0.05756670329719778,0.018474802607670385,unsigned,0.0
motif_cnn73_hiranniramol_sequence_cnn_ism_029,1280,hiranniramol,single,sequence,cnn,cnn73,cnn_ism,20,23,TCGG,0.015900822977224994,0.05756670329719778,0.018474802607670385,unsigned,0.0541
motif_cnn73_hiranniramol_sequence_cnn_ism_029,1300,hiranniramol,single,sequence,cnn,cnn73,cnn_ism,20,23,TCGG,0.015900822977224994,0.05756670329719778,0.018474802607670385,unsigned,0.5
motif_cnn33_hiranniramol_sequence_cnn_ism_030,235,hiranniramol,single,sequence,cnn,cnn33,cnn_ism,17,20,TTTG,0.030038929854830112,0.06038324395194644,0.013134044100297568,unsigned,1.0
motif_cnn33_hiranniramol_sequence_cnn_ism_030,359,hiranniramol,single,sequence,cnn,cnn33,cnn_ism,17,20,TTTG,0.030038929854830112,0.06038324395194644,0.013134044100297568,unsigned,1.0
motif_cnn33_hiranniramol_sequence_cnn_ism_030,771,hiranniramol,single,sequence,cnn,cnn33,cnn_ism,17,20,TTTG,0.030038929854830112,0.06038324395194644,0.013134044100297568,unsigned,0.4677
motif_cnn33_hiranniramol_sequence_cnn_ism_030,969,hiranniramol,single,sequence,cnn,cnn33,cnn_ism,17,20,TTTG,0.030038929854830112,0.06038324395194644,0.013134044100297568,unsigned,0.0
motif_cnn33_hiranniramol_sequence_cnn_ism_030,1135,hiranniramol,single,sequence,cnn,cnn33,cnn_ism,17,20,TTTG,0.030038929854830112,0.06038324395194644,0.013134044100297568,unsigned,0.4322999999999999
motif_cnn33_hiranniramol_sequence_cnn_ism_030,1178,hiranniramol,single,sequence,cnn,cnn33,cnn_ism,17,20,TTTG,0.030038929854830112,0.06038324395194644,0.013134044100297568,unsigned,0.0951999999999999
motif_cnn33_hiranniramol_sequence_cnn_ism_030,1193,hiranniramol,single,sequence,cnn,cnn33,cnn_ism,17,20,TTTG,0.030038929854830112,0.06038324395194644,0.013134044100297568,unsigned,0.3
motif_cnn33_hiranniramol_sequence_cnn_ism_030,1259,hiranniramol,single,sequence,cnn,cnn33,cnn_ism,17,20,TTTG,0.030038929854830112,0.06038324395194644,0.013134044100297568,unsigned,0.2208999999999999
motif_cnn33_hiranniramol_sequence_cnn_ism_030,13,hiranniramol,single,sequence,cnn,cnn33,cnn_ism,19,22,TTTG,0.029029261941711133,0.06150124175474042,0.011746476971893531,unsigned,1.0
motif_cnn33_hiranniramol_sequence_cnn_ism_030,404,hiranniramol,single,sequence,cnn,cnn33,cnn_ism,19,22,TTTG,0.029029261941711133,0.06150124175474042,0.011746476971893531,unsigned,1.0
motif_cnn33_hiranniramol_sequence_cnn_ism_030,527,hiranniramol,single,sequence,cnn,cnn33,cnn_ism,19,22,TTTG,0.029029261941711133,0.06150124175474042,0.011746476971893531,unsigned,1.0
motif_cnn33_hiranniramol_sequence_cnn_ism_030,639,hiranniramol,single,sequence,cnn,cnn33,cnn_ism,19,22,TTTG,0.029029261941711133,0.06150124175474042,0.011746476971893531,unsigned,1.0
motif_cnn33_hiranniramol_sequence_cnn_ism_030,777,hiranniramol,single,sequence,cnn,cnn33,cnn_ism,19,22,TTTG,0.029029261941711133,0.06150124175474042,0.011746476971893531,unsigned,0.0
motif_cnn33_hiranniramol_sequence_cnn_ism_030,806,hiranniramol,single,sequence,cnn,cnn33,cnn_ism,19,22,TTTG,0.029029261941711133,0.06150124175474042,0.011746476971893531,unsigned,0.0556
motif_cnn33_hiranniramol_sequence_cnn_ism_030,811,hiranniramol,single,sequence,cnn,cnn33,cnn_ism,19,22,TTTG,0.029029261941711133,0.06150124175474042,0.011746476971893531,unsigned,0.16
motif_cnn33_hiranniramol_sequence_cnn_ism_030,813,hiranniramol,single,sequence,cnn,cnn33,cnn_ism,19,22,TTTG,0.029029261941711133,0.06150124175474042,0.011746476971893531,unsigned,0.3284
motif_cnn33_hiranniramol_sequence_cnn_ism_030,844,hiranniramol,single,sequence,cnn,cnn33,cnn_ism,19,22,TTTG,0.029029261941711133,0.06150124175474042,0.011746476971893531,unsigned,0.2353
motif_cnn33_hiranniramol_sequence_cnn_ism_030,866,hiranniramol,single,sequence,cnn,cnn33,cnn_ism,19,22,TTTG,0.029029261941711133,0.06150124175474042,0.011746476971893531,unsigned,0.4675
motif_cnn33_hiranniramol_sequence_cnn_ism_030,885,hiranniramol,single,sequence,cnn,cnn33,cnn_ism,19,22,TTTG,0.029029261941711133,0.06150124175474042,0.011746476971893531,unsigned,0.042
motif_cnn33_hiranniramol_sequence_cnn_ism_030,904,hiranniramol,single,sequence,cnn,cnn33,cnn_ism,19,22,TTTG,0.029029261941711133,0.06150124175474042,0.011746476971893531,unsigned,0.125
motif_cnn33_hiranniramol_sequence_cnn_ism_030,909,hiranniramol,single,sequence,cnn,cnn33,cnn_ism,19,22,TTTG,0.029029261941711133,0.06150124175474042,0.011746476971893531,unsigned,0.35
motif_cnn33_hiranniramol_sequence_cnn_ism_030,911,hiranniramol,single,sequence,cnn,cnn33,cnn_ism,19,22,TTTG,0.029029261941711133,0.06150124175474042,0.011746476971893531,unsigned,0.3571
motif_cnn33_hiranniramol_sequence_cnn_ism_030,920,hiranniramol,single,sequence,cnn,cnn33,cnn_ism,19,22,TTTG,0.029029261941711133,0.06150124175474042,0.011746476971893531,unsigned,0.0
motif_cnn33_hiranniramol_sequence_cnn_ism_030,928,hiranniramol,single,sequence,cnn,cnn33,cnn_ism,19,22,TTTG,0.029029261941711133,0.06150124175474042,0.011746476971893531,unsigned,0.2778
motif_cnn33_hiranniramol_sequence_cnn_ism_030,933,hiranniramol,single,sequence,cnn,cnn33,cnn_ism,19,22,TTTG,0.029029261941711133,0.06150124175474042,0.011746476971893531,unsigned,0.0
motif_cnn33_hiranniramol_sequence_cnn_ism_030,971,hiranniramol,single,sequence,cnn,cnn33,cnn_ism,19,22,TTTG,0.029029261941711133,0.06150124175474042,0.011746476971893531,unsigned,0.5
motif_cnn33_hiranniramol_sequence_cnn_ism_030,1008,hiranniramol,single,sequence,cnn,cnn33,cnn_ism,19,22,TTTG,0.029029261941711133,0.06150124175474042,0.011746476971893531,unsigned,0.1481
motif_cnn33_hiranniramol_sequence_cnn_ism_030,1014,hiranniramol,single,sequence,cnn,cnn33,cnn_ism,19,22,TTTG,0.029029261941711133,0.06150124175474042,0.011746476971893531,unsigned,0.0
motif_cnn33_hiranniramol_sequence_cnn_ism_030,1039,hiranniramol,single,sequence,cnn,cnn33,cnn_ism,19,22,TTTG,0.029029261941711133,0.06150124175474042,0.011746476971893531,unsigned,0.0312
motif_cnn33_hiranniramol_sequence_cnn_ism_030,1088,hiranniramol,single,sequence,cnn,cnn33,cnn_ism,19,22,TTTG,0.029029261941711133,0.06150124175474042,0.011746476971893531,unsigned,0.25
motif_cnn33_hiranniramol_sequence_cnn_ism_030,1142,hiranniramol,single,sequence,cnn,cnn33,cnn_ism,19,22,TTTG,0.029029261941711133,0.06150124175474042,0.011746476971893531,unsigned,0.4966
motif_cnn33_hiranniramol_sequence_cnn_ism_030,1164,hiranniramol,single,sequence,cnn,cnn33,cnn_ism,19,22,TTTG,0.029029261941711133,0.06150124175474042,0.011746476971893531,unsigned,0.3011
motif_cnn33_hiranniramol_sequence_cnn_ism_030,1179,hiranniramol,single,sequence,cnn,cnn33,cnn_ism,19,22,TTTG,0.029029261941711133,0.06150124175474042,0.011746476971893531,unsigned,0.4412
motif_cnn33_hiranniramol_sequence_cnn_ism_030,1182,hiranniramol,single,sequence,cnn,cnn33,cnn_ism,19,22,TTTG,0.029029261941711133,0.06150124175474042,0.011746476971893531,unsigned,0.3182
motif_cnn33_hiranniramol_sequence_cnn_ism_030,1243,hiranniramol,single,sequence,cnn,cnn33,cnn_ism,19,22,TTTG,0.029029261941711133,0.06150124175474042,0.011746476971893531,unsigned,0.5
motif_cnn33_hiranniramol_sequence_cnn_ism_030,1282,hiranniramol,single,sequence,cnn,cnn33,cnn_ism,19,22,TTTG,0.029029261941711133,0.06150124175474042,0.011746476971893531,unsigned,0.0098
motif_cnn33_hiranniramol_sequence_cnn_ism_030,1298,hiranniramol,single,sequence,cnn,cnn33,cnn_ism,19,22,TTTG,0.029029261941711133,0.06150124175474042,0.011746476971893531,unsigned,0.05
motif_cnn73_hiranniramol_sequence_cnn_ism_031,189,hiranniramol,single,sequence,cnn,cnn73,cnn_ism,17,20,TCTG,0.03596243603775898,0.06528198462910945,0.021028921677498084,unsigned,1.0
motif_cnn73_hiranniramol_sequence_cnn_ism_031,202,hiranniramol,single,sequence,cnn,cnn73,cnn_ism,17,20,TCTG,0.03596243603775898,0.06528198462910945,0.021028921677498084,unsigned,1.0
motif_cnn73_hiranniramol_sequence_cnn_ism_031,207,hiranniramol,single,sequence,cnn,cnn73,cnn_ism,17,20,TCTG,0.03596243603775898,0.06528198462910945,0.021028921677498084,unsigned,1.0
motif_cnn73_hiranniramol_sequence_cnn_ism_031,247,hiranniramol,single,sequence,cnn,cnn73,cnn_ism,17,20,TCTG,0.03596243603775898,0.06528198462910945,0.021028921677498084,unsigned,1.0
motif_cnn73_hiranniramol_sequence_cnn_ism_031,422,hiranniramol,single,sequence,cnn,cnn73,cnn_ism,17,20,TCTG,0.03596243603775898,0.06528198462910945,0.021028921677498084,unsigned,1.0
motif_cnn73_hiranniramol_sequence_cnn_ism_031,441,hiranniramol,single,sequence,cnn,cnn73,cnn_ism,17,20,TCTG,0.03596243603775898,0.06528198462910945,0.021028921677498084,unsigned,1.0
motif_cnn73_hiranniramol_sequence_cnn_ism_031,875,hiranniramol,single,sequence,cnn,cnn73,cnn_ism,17,20,TCTG,0.03596243603775898,0.06528198462910945,0.021028921677498084,unsigned,0.1473
motif_cnn73_hiranniramol_sequence_cnn_ism_031,295,hiranniramol,single,sequence,cnn,cnn73,cnn_ism,19,22,TCTG,0.02838852598021426,0.06478605349548155,0.021724977239500683,unsigned,1.0
motif_cnn73_hiranniramol_sequence_cnn_ism_031,332,hiranniramol,single,sequence,cnn,cnn73,cnn_ism,19,22,TCTG,0.02838852598021426,0.06478605349548155,0.021724977239500683,unsigned,1.0
motif_cnn73_hiranniramol_sequence_cnn_ism_031,334,hiranniramol,single,sequence,cnn,cnn73,cnn_ism,19,22,TCTG,0.02838852598021426,0.06478605349548155,0.021724977239500683,unsigned,1.0
motif_cnn73_hiranniramol_sequence_cnn_ism_031,410,hiranniramol,single,sequence,cnn,cnn73,cnn_ism,19,22,TCTG,0.02838852598021426,0.06478605349548155,0.021724977239500683,unsigned,1.0
motif_cnn73_hiranniramol_sequence_cnn_ism_031,427,hiranniramol,single,sequence,cnn,cnn73,cnn_ism,19,22,TCTG,0.02838852598021426,0.06478605349548155,0.021724977239500683,unsigned,1.0
motif_cnn73_hiranniramol_sequence_cnn_ism_031,496,hiranniramol,single,sequence,cnn,cnn73,cnn_ism,19,22,TCTG,0.02838852598021426,0.06478605349548155,0.021724977239500683,unsigned,1.0
motif_cnn73_hiranniramol_sequence_cnn_ism_031,665,hiranniramol,single,sequence,cnn,cnn73,cnn_ism,19,22,TCTG,0.02838852598021426,0.06478605349548155,0.021724977239500683,unsigned,1.0
motif_cnn73_hiranniramol_sequence_cnn_ism_031,781,hiranniramol,single,sequence,cnn,cnn73,cnn_ism,19,22,TCTG,0.02838852598021426,0.06478605349548155,0.021724977239500683,unsigned,0.3554
motif_cnn73_hiranniramol_sequence_cnn_ism_031,808,hiranniramol,single,sequence,cnn,cnn73,cnn_ism,19,22,TCTG,0.02838852598021426,0.06478605349548155,0.021724977239500683,unsigned,0.3557
motif_cnn73_hiranniramol_sequence_cnn_ism_031,814,hiranniramol,single,sequence,cnn,cnn73,cnn_ism,19,22,TCTG,0.02838852598021426,0.06478605349548155,0.021724977239500683,unsigned,0.3333
motif_cnn73_hiranniramol_sequence_cnn_ism_031,859,hiranniramol,single,sequence,cnn,cnn73,cnn_ism,19,22,TCTG,0.02838852598021426,0.06478605349548155,0.021724977239500683,unsigned,0.4706
motif_cnn73_hiranniramol_sequence_cnn_ism_031,917,hiranniramol,single,sequence,cnn,cnn73,cnn_ism,19,22,TCTG,0.02838852598021426,0.06478605349548155,0.021724977239500683,unsigned,0.5
motif_cnn73_hiranniramol_sequence_cnn_ism_031,939,hiranniramol,single,sequence,cnn,cnn73,cnn_ism,19,22,TCTG,0.02838852598021426,0.06478605349548155,0.021724977239500683,unsigned,0.2341
motif_cnn73_hiranniramol_sequence_cnn_ism_031,950,hiranniramol,single,sequence,cnn,cnn73,cnn_ism,19,22,TCTG,0.02838852598021426,0.06478605349548155,0.021724977239500683,unsigned,0.5
motif_cnn73_hiranniramol_sequence_cnn_ism_031,958,hiranniramol,single,sequence,cnn,cnn73,cnn_ism,19,22,TCTG,0.02838852598021426,0.06478605349548155,0.021724977239500683,unsigned,0.3529
motif_cnn73_hiranniramol_sequence_cnn_ism_031,959,hiranniramol,single,sequence,cnn,cnn73,cnn_ism,19,22,TCTG,0.02838852598021426,0.06478605349548155,0.021724977239500683,unsigned,0.0
motif_cnn73_hiranniramol_sequence_cnn_ism_031,984,hiranniramol,single,sequence,cnn,cnn73,cnn_ism,19,22,TCTG,0.02838852598021426,0.06478605349548155,0.021724977239500683,unsigned,0.0
motif_cnn73_hiranniramol_sequence_cnn_ism_031,1019,hiranniramol,single,sequence,cnn,cnn73,cnn_ism,19,22,TCTG,0.02838852598021426,0.06478605349548155,0.021724977239500683,unsigned,0.3514
motif_cnn73_hiranniramol_sequence_cnn_ism_031,1034,hiranniramol,single,sequence,cnn,cnn73,cnn_ism,19,22,TCTG,0.02838852598021426,0.06478605349548155,0.021724977239500683,unsigned,0.4515999999999999
motif_cnn73_hiranniramol_sequence_cnn_ism_031,1051,hiranniramol,single,sequence,cnn,cnn73,cnn_ism,19,22,TCTG,0.02838852598021426,0.06478605349548155,0.021724977239500683,unsigned,0.25
motif_cnn73_hiranniramol_sequence_cnn_ism_031,1052,hiranniramol,single,sequence,cnn,cnn73,cnn_ism,19,22,TCTG,0.02838852598021426,0.06478605349548155,0.021724977239500683,unsigned,0.1875
motif_cnn73_hiranniramol_sequence_cnn_ism_031,1067,hiranniramol,single,sequence,cnn,cnn73,cnn_ism,19,22,TCTG,0.02838852598021426,0.06478605349548155,0.021724977239500683,unsigned,0.0
motif_cnn73_hiranniramol_sequence_cnn_ism_031,1116,hiranniramol,single,sequence,cnn,cnn73,cnn_ism,19,22,TCTG,0.02838852598021426,0.06478605349548155,0.021724977239500683,unsigned,0.0279999999999999
motif_cnn73_hiranniramol_sequence_cnn_ism_031,1120,hiranniramol,single,sequence,cnn,cnn73,cnn_ism,19,22,TCTG,0.02838852598021426,0.06478605349548155,0.021724977239500683,unsigned,0.2307999999999999
motif_cnn73_hiranniramol_sequence_cnn_ism_031,1175,hiranniramol,single,sequence,cnn,cnn73,cnn_ism,19,22,TCTG,0.02838852598021426,0.06478605349548155,0.021724977239500683,unsigned,0.0769
motif_cnn73_hiranniramol_sequence_cnn_ism_031,1220,hiranniramol,single,sequence,cnn,cnn73,cnn_ism,19,22,TCTG,0.02838852598021426,0.06478605349548155,0.021724977239500683,unsigned,0.3922
motif_cnn73_hiranniramol_sequence_cnn_ism_031,1230,hiranniramol,single,sequence,cnn,cnn73,cnn_ism,19,22,TCTG,0.02838852598021426,0.06478605349548155,0.021724977239500683,unsigned,0.4808
motif_cnn73_hiranniramol_sequence_cnn_ism_031,1261,hiranniramol,single,sequence,cnn,cnn73,cnn_ism,19,22,TCTG,0.02838852598021426,0.06478605349548155,0.021724977239500683,unsigned,0.48
motif_cnn73_hiranniramol_sequence_cnn_ism_032,35,hiranniramol,single,sequence,cnn,cnn73,cnn_ism,17,20,GCTG,0.030555706160763915,0.06528198462910945,0.021028921677498084,unsigned,1.0
motif_cnn73_hiranniramol_sequence_cnn_ism_032,82,hiranniramol,single,sequence,cnn,cnn73,cnn_ism,17,20,GCTG,0.030555706160763915,0.06528198462910945,0.021028921677498084,unsigned,1.0
motif_cnn73_hiranniramol_sequence_cnn_ism_032,87,hiranniramol,single,sequence,cnn,cnn73,cnn_ism,17,20,GCTG,0.030555706160763915,0.06528198462910945,0.021028921677498084,unsigned,1.0
motif_cnn73_hiranniramol_sequence_cnn_ism_032,118,hiranniramol,single,sequence,cnn,cnn73,cnn_ism,17,20,GCTG,0.030555706160763915,0.06528198462910945,0.021028921677498084,unsigned,1.0
motif_cnn73_hiranniramol_sequence_cnn_ism_032,164,hiranniramol,single,sequence,cnn,cnn73,cnn_ism,17,20,GCTG,0.030555706160763915,0.06528198462910945,0.021028921677498084,unsigned,1.0
motif_cnn73_hiranniramol_sequence_cnn_ism_032,311,hiranniramol,single,sequence,cnn,cnn73,cnn_ism,17,20,GCTG,0.030555706160763915,0.06528198462910945,0.021028921677498084,unsigned,1.0
motif_cnn73_hiranniramol_sequence_cnn_ism_032,314,hiranniramol,single,sequence,cnn,cnn73,cnn_ism,17,20,GCTG,0.030555706160763915,0.06528198462910945,0.021028921677498084,unsigned,1.0
motif_cnn73_hiranniramol_sequence_cnn_ism_032,415,hiranniramol,single,sequence,cnn,cnn73,cnn_ism,17,20,GCTG,0.030555706160763915,0.06528198462910945,0.021028921677498084,unsigned,1.0
motif_cnn73_hiranniramol_sequence_cnn_ism_032,448,hiranniramol,single,sequence,cnn,cnn73,cnn_ism,17,20,GCTG,0.030555706160763915,0.06528198462910945,0.021028921677498084,unsigned,1.0
motif_cnn73_hiranniramol_sequence_cnn_ism_032,466,hiranniramol,single,sequence,cnn,cnn73,cnn_ism,17,20,GCTG,0.030555706160763915,0.06528198462910945,0.021028921677498084,unsigned,1.0
motif_cnn73_hiranniramol_sequence_cnn_ism_032,478,hiranniramol,single,sequence,cnn,cnn73,cnn_ism,17,20,GCTG,0.030555706160763915,0.06528198462910945,0.021028921677498084,unsigned,1.0
motif_cnn73_hiranniramol_sequence_cnn_ism_032,554,hiranniramol,single,sequence,cnn,cnn73,cnn_ism,17,20,GCTG,0.030555706160763915,0.06528198462910945,0.021028921677498084,unsigned,1.0
motif_cnn73_hiranniramol_sequence_cnn_ism_032,1086,hiranniramol,single,sequence,cnn,cnn73,cnn_ism,17,20,GCTG,0.030555706160763915,0.06528198462910945,0.021028921677498084,unsigned,0.3846
motif_cnn73_hiranniramol_sequence_cnn_ism_032,15,hiranniramol,single,sequence,cnn,cnn73,cnn_ism,19,22,GCTG,0.014611317155261825,0.06478605349548155,0.021724977239500683,unsigned,1.0
motif_cnn73_hiranniramol_sequence_cnn_ism_032,108,hiranniramol,single,sequence,cnn,cnn73,cnn_ism,19,22,GCTG,0.014611317155261825,0.06478605349548155,0.021724977239500683,unsigned,1.0
motif_cnn73_hiranniramol_sequence_cnn_ism_032,221,hiranniramol,single,sequence,cnn,cnn73,cnn_ism,19,22,GCTG,0.014611317155261825,0.06478605349548155,0.021724977239500683,unsigned,1.0
motif_cnn73_hiranniramol_sequence_cnn_ism_032,253,hiranniramol,single,sequence,cnn,cnn73,cnn_ism,19,22,GCTG,0.014611317155261825,0.06478605349548155,0.021724977239500683,unsigned,1.0
motif_cnn73_hiranniramol_sequence_cnn_ism_032,344,hiranniramol,single,sequence,cnn,cnn73,cnn_ism,19,22,GCTG,0.014611317155261825,0.06478605349548155,0.021724977239500683,unsigned,1.0
motif_cnn73_hiranniramol_sequence_cnn_ism_032,528,hiranniramol,single,sequence,cnn,cnn73,cnn_ism,19,22,GCTG,0.014611317155261825,0.06478605349548155,0.021724977239500683,unsigned,1.0
motif_cnn73_hiranniramol_sequence_cnn_ism_032,576,hiranniramol,single,sequence,cnn,cnn73,cnn_ism,19,22,GCTG,0.014611317155261825,0.06478605349548155,0.021724977239500683,unsigned,1.0
motif_cnn73_hiranniramol_sequence_cnn_ism_032,702,hiranniramol,single,sequence,cnn,cnn73,cnn_ism,19,22,GCTG,0.014611317155261825,0.06478605349548155,0.021724977239500683,unsigned,1.0
motif_cnn73_hiranniramol_sequence_cnn_ism_032,892,hiranniramol,single,sequence,cnn,cnn73,cnn_ism,19,22,GCTG,0.014611317155261825,0.06478605349548155,0.021724977239500683,unsigned,0.25
motif_cnn73_hiranniramol_sequence_cnn_ism_032,898,hiranniramol,single,sequence,cnn,cnn73,cnn_ism,19,22,GCTG,0.014611317155261825,0.06478605349548155,0.021724977239500683,unsigned,0.3846
motif_cnn73_hiranniramol_sequence_cnn_ism_032,987,hiranniramol,single,sequence,cnn,cnn73,cnn_ism,19,22,GCTG,0.014611317155261825,0.06478605349548155,0.021724977239500683,unsigned,0.0588
motif_cnn73_hiranniramol_sequence_cnn_ism_032,988,hiranniramol,single,sequence,cnn,cnn73,cnn_ism,19,22,GCTG,0.014611317155261825,0.06478605349548155,0.021724977239500683,unsigned,0.4603
motif_cnn73_hiranniramol_sequence_cnn_ism_032,1060,hiranniramol,single,sequence,cnn,cnn73,cnn_ism,19,22,GCTG,0.014611317155261825,0.06478605349548155,0.021724977239500683,unsigned,0.1333
motif_cnn73_hiranniramol_sequence_cnn_ism_032,1069,hiranniramol,single,sequence,cnn,cnn73,cnn_ism,19,22,GCTG,0.014611317155261825,0.06478605349548155,0.021724977239500683,unsigned,0.1081
motif_cnn73_hiranniramol_sequence_cnn_ism_032,1128,hiranniramol,single,sequence,cnn,cnn73,cnn_ism,19,22,GCTG,0.014611317155261825,0.06478605349548155,0.021724977239500683,unsigned,0.3077
motif_cnn73_hiranniramol_sequence_cnn_ism_032,1146,hiranniramol,single,sequence,cnn,cnn73,cnn_ism,19,22,GCTG,0.014611317155261825,0.06478605349548155,0.021724977239500683,unsigned,0.0798
motif_cnn73_hiranniramol_sequence_cnn_ism_032,1186,hiranniramol,single,sequence,cnn,cnn73,cnn_ism,19,22,GCTG,0.014611317155261825,0.06478605349548155,0.021724977239500683,unsigned,0.48
motif_cnn73_hiranniramol_sequence_cnn_ism_032,1204,hiranniramol,single,sequence,cnn,cnn73,cnn_ism,19,22,GCTG,0.014611317155261825,0.06478605349548155,0.021724977239500683,unsigned,0.25
motif_cnn73_hiranniramol_sequence_cnn_ism_032,1227,hiranniramol,single,sequence,cnn,cnn73,cnn_ism,19,22,GCTG,0.014611317155261825,0.06478605349548155,0.021724977239500683,unsigned,0.3333
motif_cnn73_hiranniramol_sequence_cnn_ism_032,1238,hiranniramol,single,sequence,cnn,cnn73,cnn_ism,19,22,GCTG,0.014611317155261825,0.06478605349548155,0.021724977239500683,unsigned,0.3214
motif_cnn73_hiranniramol_sequence_cnn_ism_032,1251,hiranniramol,single,sequence,cnn,cnn73,cnn_ism,19,22,GCTG,0.014611317155261825,0.06478605349548155,0.021724977239500683,unsigned,0.1923
