y_true,y_pred,error
0.10753051191568375,0.23377704620361328,-0.12624653428792953
0.15470680594444275,0.22611773014068604,-0.07141092419624329
0.17939570546150208,0.2682373523712158,-0.08884164690971375
0.07438526302576065,0.2010040283203125,-0.12661876529455185
0.18277369439601898,0.25957876443862915,-0.07680507004261017
0.1833484023809433,0.18082666397094727,0.0025217384099960327
0.12606415152549744,0.24452853202819824,-0.1184643805027008
0.11611462384462357,0.22736144065856934,-0.11124681681394577
0.1611488163471222,0.2017686367034912,-0.04061982035636902
0.13443513214588165,0.21253901720046997,-0.07810388505458832
0.12364858388900757,0.22562158107757568,-0.10197299718856812
0.13128988444805145,0.23079299926757812,-0.09950311481952667
0.09020553529262543,0.29054224491119385,-0.20033670961856842
0.12011148780584335,0.2006019949913025,-0.08049050718545914
0.16512371599674225,0.2773454189300537,-0.11222170293331146
0.21269947290420532,0.18615305423736572,0.0265464186668396
0.11902131140232086,0.22881031036376953,-0.10978899896144867
0.18698368966579437,0.18778860569000244,-0.0008049160242080688
0.13712623715400696,0.21557968854904175,-0.07845345139503479
0.08658287674188614,0.19867432117462158,-0.11209144443273544
0.1147385686635971,0.17460966110229492,-0.059871092438697815
0.0907469317317009,0.2639055848121643,-0.1731586530804634
0.11509384214878082,0.21545541286468506,-0.10036157071590424
0.11087754368782043,0.2259683609008789,-0.11509081721305847
0.23661960661411285,0.27080655097961426,-0.034186944365501404
0.5979249477386475,0.326327383518219,0.27159756422042847
0.221977099776268,0.17790508270263672,0.04407201707363129
0.21937739849090576,0.3395639657974243,-0.12018656730651855
0.14946100115776062,0.25820231437683105,-0.10874131321907043
0.21852360665798187,0.3363668918609619,-0.11784328520298004
0.29021334648132324,0.27761805057525635,0.012595295906066895
0.14556121826171875,0.1680593490600586,-0.022498130798339844
0.32984021306037903,0.29371416568756104,0.03612604737281799
0.5768569111824036,0.27929824590682983,0.29755866527557373
0.32817572355270386,0.3512052297592163,-0.02302950620651245
0.12117773294448853,0.22654712200164795,-0.10536938905715942
0.16946403682231903,0.331071138381958,-0.16160710155963898
0.1579541116952896,0.16328716278076172,-0.005333051085472107
0.2838161885738373,0.23320043087005615,0.05061575770378113
0.15895943343639374,0.23806875944137573,-0.079109326004982
0.23450802266597748,0.2235395908355713,0.010968431830406189
0.07700540870428085,0.1915593147277832,-0.11455390602350235
0.06949538737535477,0.18457388877868652,-0.11507850140333176
0.22462600469589233,0.16239416599273682,0.06223183870315552
0.27000218629837036,0.23565804958343506,0.0343441367149353
0.18752047419548035,0.2643406391143799,-0.07682016491889954
0.5929645895957947,0.3242567181587219,0.26870787143707275
0.40404605865478516,0.19965124130249023,0.20439481735229492
0.35834595561027527,0.28542113304138184,0.07292482256889343
0.5023480653762817,0.22666865587234497,0.27567940950393677
0.24958942830562592,0.31243228912353516,-0.06284286081790924
0.13350488245487213,0.25224190950393677,-0.11873702704906464
0.2278391718864441,0.25489211082458496,-0.02705293893814087
0.6068465113639832,0.3152742385864258,0.2915722727775574
0.2248319536447525,0.2706652879714966,-0.04583333432674408
0.09234500676393509,0.20327258110046387,-0.11092757433652878
0.12970437109470367,0.2723861336708069,-0.1426817625761032
0.27453938126564026,0.35781389474868774,-0.08327451348304749
0.01661878265440464,0.23107141256332397,-0.21445262990891933
0.41072317957878113,0.3036024570465088,0.10712072253227234
0.4807044565677643,0.22045648097991943,0.26024797558784485
0.19392286241054535,0.2543189525604248,-0.060396090149879456
0.21063132584095,0.28729379177093506,-0.07666246592998505
0.15317051112651825,0.24808049201965332,-0.09490998089313507
0.3701745867729187,0.2773021459579468,0.09287244081497192
0.27152255177497864,0.27726149559020996,-0.005738943815231323
0.2992415726184845,0.2177600860595703,0.08148148655891418
0.6059374213218689,0.3186763525009155,0.28726106882095337
0.4940513074398041,0.31818854808807373,0.17586275935173035
0.5402424931526184,0.19694554805755615,0.34329694509506226
0.47380051016807556,0.3959643840789795,0.07783612608909607
0.0333690419793129,0.22292935848236084,-0.18956031650304794
0.22682777047157288,0.19058620929718018,0.0362415611743927
0.16221743822097778,0.253506064414978,-0.09128862619400024
0.3402216136455536,0.3173196315765381,0.022901982069015503
0.15567615628242493,0.34100890159606934,-0.1853327453136444
0.3975801169872284,0.23147010803222656,0.16611000895500183
0.24023424088954926,0.18487966060638428,0.05535458028316498
0.3796573579311371,0.3015066981315613,0.0781506597995758
0.2737116813659668,0.26270365715026855,0.011008024215698242
0.23674418032169342,0.3144502639770508,-0.07770608365535736
0.6620398163795471,0.3107380270957947,0.35130178928375244
0.38156434893608093,0.21720623970031738,0.16435810923576355
0.17696142196655273,0.22985237836837769,-0.05289095640182495
0.6116322875022888,0.2755657434463501,0.3360665440559387
0.2217681109905243,0.22057181596755981,0.0011962950229644775
0.1438109576702118,0.2365128993988037,-0.09270194172859192
0.3331160843372345,0.2805609703063965,0.05255511403083801
0.02056862600147724,0.30629903078079224,-0.285730404779315
0.25605452060699463,0.16721338033676147,0.08884114027023315
0.3484974801540375,0.2929791212081909,0.05551835894584656
0.12035223096609116,0.2210935354232788,-0.10074130445718765
0.14012235403060913,0.18970179557800293,-0.0495794415473938
0.11498650908470154,0.25423872470855713,-0.1392522156238556
0.6758037209510803,0.3583202362060547,0.31748348474502563
0.2996312379837036,0.2784212827682495,0.0212099552154541
0.40691137313842773,0.2200106382369995,0.18690073490142822
0.03547980636358261,0.2142702341079712,-0.17879042774438858
0.22043582797050476,0.3661189675331116,-0.1456831395626068
0.19817572832107544,0.28759777545928955,-0.08942204713821411
0.36963123083114624,0.3062424659729004,0.06338876485824585
0.1999625712633133,0.2303028106689453,-0.03034023940563202
0.180788055062294,0.37239253520965576,-0.19160448014736176
0.05601054057478905,0.2521507143974304,-0.19614017382264137
0.05547240003943443,0.24870449304580688,-0.19323209300637245
0.20078806579113007,0.2689627408981323,-0.06817467510700226
0.13416101038455963,0.22926390171051025,-0.09510289132595062
0.5063762664794922,0.3036421537399292,0.202734112739563
0.11184344440698624,0.28422778844833374,-0.1723843440413475
0.002345010172575712,0.22091788053512573,-0.21857287036255002
0.33925506472587585,0.34364789724349976,-0.004392832517623901
0.12046413123607635,0.2685573101043701,-0.14809317886829376
0.08208159357309341,0.22953522205352783,-0.14745362848043442
0.030033528804779053,0.1497858762741089,-0.11975234746932983
0.5381526350975037,0.3032418489456177,0.234910786151886
0.07102839648723602,0.22691452503204346,-0.15588612854480743
0.24390195310115814,0.25445252656936646,-0.010550573468208313
0.2704567313194275,0.2541428804397583,0.01631385087966919
0.24513497948646545,0.19995331764221191,0.04518166184425354
0.045427560806274414,0.24438703060150146,-0.19895946979522705
0.011676253750920296,0.25168514251708984,-0.24000888876616955
0.3408590257167816,0.24228185415267944,0.09857717156410217
0.14642050862312317,0.18997907638549805,-0.04355856776237488
0.0629328042268753,0.19399678707122803,-0.13106398284435272
0.16908401250839233,0.19462668895721436,-0.02554267644882202
0.1353745013475418,0.24363219738006592,-0.10825769603252411
0.16676770150661469,0.18646633625030518,-0.01969863474369049
0.16499832272529602,0.2068701982498169,-0.041871875524520874
0.11641942709684372,0.26644933223724365,-0.15002990514039993
0.09263500571250916,0.2618492841720581,-0.16921427845954895
0.16702371835708618,0.2621772885322571,-0.0951535701751709
0.13510911166667938,0.17337578535079956,-0.03826667368412018
0.13448214530944824,0.1767558455467224,-0.04227370023727417
0.13156917691230774,0.28062814474105835,-0.1490589678287506
0.11231107264757156,0.17920708656311035,-0.06689601391553879
0.1376848667860031,0.16810238361358643,-0.030417516827583313
0.1866893321275711,0.1895427703857422,-0.0028534382581710815
0.1239934116601944,0.17232519388198853,-0.04833178222179413
0.10531525313854218,0.19057387113571167,-0.0852586179971695
0.15461169183254242,0.19295501708984375,-0.03834332525730133
0.18650124967098236,0.21490085124969482,-0.028399601578712463
0.19063051044940948,0.1907057762145996,-7.526576519012451e-05
0.11014284193515778,0.24858897924423218,-0.1384461373090744
0.2443254142999649,0.21084749698638916,0.033477917313575745
0.12470396608114243,0.20359909534454346,-0.07889512926340103
0.11863468587398529,0.23156142234802246,-0.11292673647403717
0.13537034392356873,0.1607028841972351,-0.025332540273666382
0.12411119788885117,0.19930356740951538,-0.07519236952066422
0.21324282884597778,0.214585542678833,-0.0013427138328552246
0.19981545209884644,0.1919499635696411,0.007865488529205322
0.144684836268425,0.23624014854431152,-0.09155531227588654
0.13836300373077393,0.18960148096084595,-0.05123847723007202
0.1660432517528534,0.2508702278137207,-0.08482697606086731
0.1844862997531891,0.21223944425582886,-0.02775314450263977
0.13682694733142853,0.35751593112945557,-0.22068898379802704
0.13731807470321655,0.19150298833847046,-0.054184913635253906
0.15425749123096466,0.25580644607543945,-0.10154895484447479
0.12227972596883774,0.3575012683868408,-0.23522154241800308
0.07991817593574524,0.15176475048065186,-0.07184657454490662
0.17800772190093994,0.35472917556762695,-0.176721453666687
0.14299550652503967,0.30715304613113403,-0.16415753960609436
0.12878204882144928,0.17375695705413818,-0.044974908232688904
0.13183040916919708,0.3230884075164795,-0.1912579983472824
0.20900040864944458,0.23463040590286255,-0.02562999725341797
0.3874225616455078,0.23269259929656982,0.154729962348938
0.1594664752483368,0.30307114124298096,-0.14360466599464417
0.15152914822101593,0.19850897789001465,-0.04697982966899872
0.24655526876449585,0.30764931440353394,-0.061094045639038086
0.13635258376598358,0.27329230308532715,-0.13693971931934357
0.13536404073238373,0.2848203182220459,-0.14945627748966217
0.062384217977523804,0.2245158553123474,-0.1621316373348236
0.19724076986312866,0.21475529670715332,-0.017514526844024658
0.14215610921382904,0.2744019031524658,-0.13224579393863678
0.11272381991147995,0.29278552532196045,-0.1800617054104805
0.19231285154819489,0.1920343041419983,0.00027854740619659424
0.22442467510700226,0.2710001468658447,-0.04657547175884247
0.14368516206741333,0.16732025146484375,-0.02363508939743042
0.10826896131038666,0.1938852071762085,-0.08561624586582184
0.19398295879364014,0.288191020488739,-0.09420806169509888
0.15233375132083893,0.19165170192718506,-0.03931795060634613
0.1508917361497879,0.1769881248474121,-0.026096388697624207
0.1304928958415985,0.1750248670578003,-0.04453197121620178
0.09767679870128632,0.24915552139282227,-0.15147872269153595
0.09162142127752304,0.17081093788146973,-0.07918951660394669
0.2408081442117691,0.25863945484161377,-0.017831310629844666
0.1858823597431183,0.23594236373901367,-0.050060003995895386
0.1331365704536438,0.20590227842330933,-0.07276570796966553
0.13255424797534943,0.2371090054512024,-0.10455475747585297
0.14773604273796082,0.14960289001464844,-0.001866847276687622
0.09411358088254929,0.23673999309539795,-0.14262641221284866
0.1584814041852951,0.28170251846313477,-0.12322111427783966
0.20873501896858215,0.28799867630004883,-0.07926365733146667
0.10765589773654938,0.19858300685882568,-0.0909271091222763
0.11400563269853592,0.211761474609375,-0.09775584191083908
0.12448630481958389,0.21846812963485718,-0.09398182481527328
0.27691054344177246,0.2664187550544739,0.010491788387298584
0.19952288269996643,0.23819124698638916,-0.03866836428642273
0.10131316632032394,0.3025221824645996,-0.20120901614427567
0.07851796597242355,0.17273247241973877,-0.09421450644731522
0.14770469069480896,0.1799299716949463,-0.03222528100013733
0.3218217194080353,0.20850735902786255,0.11331436038017273
0.06994755566120148,0.11984741687774658,-0.049899861216545105
0.11481171101331711,0.19662821292877197,-0.08181650191545486
0.21316072344779968,0.1718616485595703,0.04129907488822937
0.16491620242595673,0.22482335567474365,-0.059907153248786926
0.1357417106628418,0.20661020278930664,-0.07086849212646484
0.08271662890911102,0.25839877128601074,-0.17568214237689972
0.09232477843761444,0.18028581142425537,-0.08796103298664093
0.0992683470249176,0.1793358325958252,-0.08006748557090759
0.14196427166461945,0.2359699010848999,-0.09400562942028046
0.06394442170858383,0.2139514684677124,-0.15000704675912857
0.1900363713502884,0.18603843450546265,0.003997936844825745
0.1416560262441635,0.26909852027893066,-0.12744249403476715
0.1563686579465866,0.19873404502868652,-0.042365387082099915
0.09627462178468704,0.20730316638946533,-0.11102854460477829
0.2102871537208557,0.26815712451934814,-0.05786997079849243
0.1201983392238617,0.25171828269958496,-0.13151994347572327
0.2028733640909195,0.2704606056213379,-0.0675872415304184
0.1559297889471054,0.2185603380203247,-0.0626305490732193
0.10707399249076843,0.15614652633666992,-0.04907253384590149
0.12060586363077164,0.3236948251724243,-0.20308896154165268
0.1298796385526657,0.2272079586982727,-0.097328320145607
0.09598203748464584,0.22095155715942383,-0.12496951967477798
0.08164557069540024,0.20663028955459595,-0.12498471885919571
0.08941464126110077,0.16983306407928467,-0.0804184228181839
0.1577688753604889,0.25933265686035156,-0.10156378149986267
0.11103428155183792,0.253900945186615,-0.14286666363477707
0.09074170142412186,0.23691612482070923,-0.14617442339658737
0.3550173044204712,0.24884283542633057,0.10617446899414062
0.3290327787399292,0.2940368056297302,0.034995973110198975
0.3235373795032501,0.17767786979675293,0.1458595097064972
0.4353187680244446,0.23277366161346436,0.20254510641098022
0.5344473123550415,0.24855494499206543,0.2858923673629761
0.26093655824661255,0.2732740640640259,-0.01233750581741333
0.5763340592384338,0.23430049419403076,0.3420335650444031
0.30901995301246643,0.21727240085601807,0.09174755215644836
0.049887239933013916,0.20209527015686035,-0.15220803022384644
0.28282350301742554,0.2420569658279419,0.04076653718948364
0.15454982221126556,0.23849403858184814,-0.08394421637058258
0.24830111861228943,0.2924725413322449,-0.044171422719955444
0.246721088886261,0.18623602390289307,0.06048506498336792
0.09027386456727982,0.30175626277923584,-0.21148239821195602
0.4884191155433655,0.28940796852111816,0.19901114702224731
0.2799812853336334,0.27213209867477417,0.007849186658859253
0.5368360280990601,0.2512650489807129,0.28557097911834717
0.3019479215145111,0.23255574703216553,0.06939217448234558
0.0702425166964531,0.1747521162033081,-0.10450959950685501
0.47740551829338074,0.28826141357421875,0.189144104719162
0.346232146024704,0.3394746780395508,0.006757467985153198
0.1627190113067627,0.31501632928848267,-0.15229731798171997
0.06548807770013809,0.20945298671722412,-0.14396490901708603
0.37359675765037537,0.2143455147743225,0.15925124287605286
0.08541711419820786,0.2380448579788208,-0.15262774378061295
0.09009840339422226,0.20235466957092285,-0.11225626617670059
0.209443137049675,0.2224811315536499,-0.013037994503974915
0.18073581159114838,0.37989550828933716,-0.19915969669818878
0.11026863753795624,0.19677090644836426,-0.08650226891040802
0.042648039758205414,0.195831298828125,-0.1531832590699196
0.21420498192310333,0.1807764768600464,0.033428505063056946
0.31017154455184937,0.4809674024581909,-0.17079585790634155
0.2667890191078186,0.25607407093048096,0.010714948177337646
0.25714126229286194,0.29695677757263184,-0.0398155152797699
0.06473572552204132,0.24691307544708252,-0.1821773499250412
0.5985832810401917,0.23804855346679688,0.3605347275733948
0.18447448313236237,0.18546247482299805,-0.0009879916906356812
0.1255037486553192,0.23739886283874512,-0.1118951141834259
0.23213383555412292,0.26801764965057373,-0.035883814096450806
0.06406174600124359,0.24210107326507568,-0.1780393272638321
0.6741662621498108,0.2441500425338745,0.4300162196159363
0.4853835701942444,0.20178520679473877,0.2835983633995056
0.17150165140628815,0.2629661560058594,-0.09146450459957123
0.06631575524806976,0.25511038303375244,-0.18879462778568268
0.19002307951450348,0.2183070182800293,-0.028283938765525818
0.34159570932388306,0.29076993465423584,0.05082577466964722
0.4045393764972687,0.19250249862670898,0.2120368778705597
0.2110418826341629,0.22329896688461304,-0.012257084250450134
0.2365456372499466,0.22863000631332397,0.00791563093662262
0.35613593459129333,0.3102900981903076,0.04584583640098572
0.593706488609314,0.2891806364059448,0.30452585220336914
0.2053753137588501,0.24456948041915894,-0.03919416666030884
0.4020397961139679,0.2232496738433838,0.1787901222705841
0.06735850125551224,0.2118687629699707,-0.14451026171445847
0.12144418805837631,0.29102444648742676,-0.16958025842905045
0.15996256470680237,0.2003437876701355,-0.04038122296333313
0.8043334484100342,0.37221550941467285,0.43211793899536133
0.09473790228366852,0.2973344326019287,-0.2025965303182602
0.4822300672531128,0.3035680055618286,0.17866206169128418
0.4347722828388214,0.3222651481628418,0.11250713467597961
0.06534178555011749,0.20864474773406982,-0.14330296218395233
0.23502308130264282,0.28108876943588257,-0.046065688133239746
0.22231365740299225,0.2420094609260559,-0.01969580352306366
0.48480886220932007,0.21655845642089844,0.26825040578842163
0.31317049264907837,0.21323132514953613,0.09993916749954224
0.1984504610300064,0.2904045581817627,-0.09195409715175629
0.31269288063049316,0.298714280128479,0.01397860050201416
0.09151210635900497,0.2825213074684143,-0.19100920110940933
0.03542537987232208,0.19257420301437378,-0.1571488231420517
0.17386843264102936,0.2465425729751587,-0.07267414033412933
0.700296938419342,0.24391108751296997,0.45638585090637207
0.06271900236606598,0.2812228202819824,-0.21850381791591644
0.4130115807056427,0.19192898273468018,0.22108259797096252
0.314372181892395,0.26055270433425903,0.053819477558135986
0.3799499273300171,0.31279051303863525,0.06715941429138184
0.04677552357316017,0.2002657651901245,-0.15349024161696434
0.07980886846780777,0.26361751556396484,-0.18380864709615707
0.5364202260971069,0.31189221143722534,0.2245280146598816
0.2898998558521271,0.3235161304473877,-0.03361627459526062
0.3504880666732788,0.2458808422088623,0.1046072244644165
0.5133512020111084,0.294627845287323,0.2187233567237854
0.42261451482772827,0.27385902404785156,0.1487554907798767
0.17166362702846527,0.2948719263076782,-0.12320829927921295
0.14065003395080566,0.24848175048828125,-0.10783171653747559
0.46807950735092163,0.20984411239624023,0.2582353949546814
0.07005660980939865,0.21353936195373535,-0.1434827521443367
0.283598929643631,0.22772765159606934,0.055871278047561646
0.1252843141555786,0.3235687017440796,-0.19828438758850098
0.1739124059677124,0.23611199855804443,-0.06219959259033203
0.09903562068939209,0.22587227821350098,-0.1268366575241089
0.32004398107528687,0.21553003787994385,0.10451394319534302
0.2288266271352768,0.2398374080657959,-0.011010780930519104
0.0954066589474678,0.19554424285888672,-0.10013758391141891
0.2962874472141266,0.2749420404434204,0.021345406770706177
0.2487504482269287,0.2558809518814087,-0.0071305036544799805
0.3835862874984741,0.1960076093673706,0.18757867813110352
0.5267859697341919,0.28921788930892944,0.23756808042526245
0.2440064549446106,0.2530321478843689,-0.0090256929397583
0.7073502540588379,0.2938588857650757,0.4134913682937622
0.21746300160884857,0.2762470245361328,-0.05878402292728424
0.32765108346939087,0.2336176633834839,0.09403342008590698
0.06972222775220871,0.2937854528427124,-0.2240632250905037
0.18286007642745972,0.284904420375824,-0.10204434394836426
0.2077055126428604,0.2806347608566284,-0.072929248213768
0.18969915807247162,0.30258142948150635,-0.11288227140903473
0.1236124187707901,0.22820544242858887,-0.10459302365779877
0.252031534910202,0.26607781648635864,-0.014046281576156616
0.24892589449882507,0.3502300977706909,-0.10130420327186584
0.048645950853824615,0.34734320640563965,-0.29869725555181503
0.06341911107301712,0.22628319263458252,-0.1628640815615654
0.3562321662902832,0.2268754243850708,0.1293567419052124
0.08584553003311157,0.1866898536682129,-0.10084432363510132
0.45913708209991455,0.2742030620574951,0.18493402004241943
0.1405581831932068,0.3290896415710449,-0.18853145837783813
0.19453196227550507,0.20458543300628662,-0.010053470730781555
0.10090604424476624,0.2693413496017456,-0.16843530535697937
0.013055563904345036,0.1932482123374939,-0.18019264843314886
0.22590604424476624,0.21641874313354492,0.009487301111221313
0.42724573612213135,0.3122340440750122,0.11501169204711914
0.37975138425827026,0.1918199062347412,0.18793147802352905
0.15699495375156403,0.2574641704559326,-0.10046921670436859
0.48551419377326965,0.22757315635681152,0.25794103741645813
0.22422589361667633,0.2695293426513672,-0.04530344903469086
0.3013000786304474,0.19185364246368408,0.1094464361667633
0.07173895090818405,0.2572723627090454,-0.18553341180086136
0.0037765672896057367,0.23795056343078613,-0.2341739961411804
0.030171550810337067,0.24027448892593384,-0.21010293811559677
0.05821752920746803,0.04984176158905029,0.00837576761841774
0.43100008368492126,0.2606002688407898,0.17039981484413147
0.252836138010025,0.27008169889450073,-0.017245560884475708
0.23979319632053375,0.29629552364349365,-0.0565023273229599
0.3157075047492981,0.27553462982177734,0.04017287492752075
0.667151689529419,0.3036445379257202,0.36350715160369873
0.2786772847175598,0.24954873323440552,0.029128551483154297
0.04414229467511177,0.2522839903831482,-0.20814169570803642
0.026493391022086143,0.18981903791427612,-0.16332564689218998
0.3154515027999878,0.2588610053062439,0.056590497493743896
0.04482150077819824,0.21505498886108398,-0.17023348808288574
0.045082733035087585,0.2619267702102661,-0.21684403717517853
0.09676288813352585,0.21383941173553467,-0.11707652360200882
0.5682832598686218,0.2804912328720093,0.28779202699661255
0.44380050897598267,0.28853416442871094,0.15526634454727173
0.11819444596767426,0.2706276774406433,-0.15243323147296906
0.5252372622489929,0.270926296710968,0.2543109655380249
0.2763606011867523,0.2935909032821655,-0.017230302095413208
0.13066571950912476,0.2250291109085083,-0.09436339139938354
0.05653518810868263,0.2185279130935669,-0.16199272498488426
0.17249956727027893,0.19772744178771973,-0.025227874517440796
0.0363679975271225,0.24258995056152344,-0.20622195303440094
0.3875715434551239,0.2500762939453125,0.1374952495098114
0.34610676765441895,0.21792501211166382,0.12818175554275513
0.3235466778278351,0.28329944610595703,0.04024723172187805
0.08756966888904572,0.3056490421295166,-0.2180793732404709
0.39160093665122986,0.302558958530426,0.08904197812080383
0.1578100025653839,0.2778019905090332,-0.11999198794364929
0.4755529463291168,0.260239839553833,0.2153131067752838
0.3231705129146576,0.25358688831329346,0.06958362460136414
0.08229276537895203,0.24244749546051025,-0.16015473008155823
0.04822579771280289,0.18745213747024536,-0.13922633975744247
0.5833145976066589,0.25675833225250244,0.3265562653541565
0.459973007440567,0.32024919986724854,0.13972380757331848
0.2516762614250183,0.29387056827545166,-0.04219430685043335
0.47632619738578796,0.24923914670944214,0.22708705067634583
0.3101506531238556,0.28227072954177856,0.027879923582077026
0.01754659041762352,0.25169217586517334,-0.23414558544754982
0.3735183775424957,0.28220152854919434,0.09131684899330139
0.35463646054267883,0.22602832317352295,0.12860813736915588
0.4257284104824066,0.258811891078949,0.16691651940345764
0.6277055144309998,0.3069803714752197,0.32072514295578003
0.14396464824676514,0.20794332027435303,-0.06397867202758789
0.6633407473564148,0.29069018363952637,0.3726505637168884
0.08378483355045319,0.2799187898635864,-0.19613395631313324
0.15641283988952637,0.2505902051925659,-0.09417736530303955
0.03371691331267357,0.20541918277740479,-0.17170226946473122
0.35261669754981995,0.2798105478286743,0.07280614972114563
0.09967302531003952,0.22553467750549316,-0.12586165219545364
0.27475881576538086,0.191511332988739,0.08324748277664185
0.6244766712188721,0.23551154136657715,0.3889651298522949
0.6718360185623169,0.22985392808914185,0.44198209047317505
0.19193530082702637,0.24198603630065918,-0.05005073547363281
0.17514324188232422,0.2861182689666748,-0.11097502708435059
0.5468382239341736,0.2493131160736084,0.2975251078605652
0.08974312990903854,0.22794246673583984,-0.1381993368268013
0.20358629524707794,0.2186601161956787,-0.015073820948600769
0.14703676104545593,0.20168828964233398,-0.05465152859687805
0.2538079023361206,0.23489463329315186,0.01891326904296875
0.4460941255092621,0.305545449256897,0.1405486762523651
0.22428858280181885,0.30932068824768066,-0.08503210544586182
0.5215069055557251,0.2727586030960083,0.2487483024597168
0.38366466760635376,0.22591406106948853,0.15775060653686523
0.5617054104804993,0.3295571208000183,0.23214828968048096
0.2979145050048828,0.256600558757782,0.04131394624710083
0.23819966614246368,0.32341986894607544,-0.08522020280361176
0.756203830242157,0.32843196392059326,0.4277718663215637
0.07945359498262405,0.2513740658760071,-0.17192047089338303
0.033345963805913925,0.33220863342285156,-0.29886266961693764
0.3560680150985718,0.21355092525482178,0.14251708984375
0.2378966361284256,0.3483254909515381,-0.11042885482311249
0.0376846119761467,0.24900376796722412,-0.21131915599107742
0.31956854462623596,0.1878567337989807,0.13171181082725525
0.27409830689430237,0.17280107736587524,0.10129722952842712
0.1037534847855568,0.23674213886260986,-0.13298865407705307
0.04866466671228409,0.16952121257781982,-0.12085654586553574
0.17434082925319672,0.2953464984893799,-0.12100566923618317
0.4690983295440674,0.270662784576416,0.19843554496765137
0.3851066827774048,0.32543718814849854,0.05966949462890625
0.4001275599002838,0.23176229000091553,0.1683652698993683
0.17554032802581787,0.22179913520812988,-0.04625880718231201
0.42622169852256775,0.3354083299636841,0.09081336855888367
0.36958420276641846,0.2574359178543091,0.11214828491210938
0.008290673606097698,0.17702138423919678,-0.16873071063309908
0.3327398896217346,0.3940160274505615,-0.061276137828826904
0.4258328974246979,0.2954963445663452,0.13033655285835266
0.4223763644695282,0.3370532989501953,0.08532306551933289
0.30300331115722656,0.2737451195716858,0.02925819158554077
0.21887584030628204,0.2642970085144043,-0.04542116820812225
0.07552160322666168,0.2720649242401123,-0.19654332101345062
0.08516936749219894,0.2664296627044678,-0.18126029521226883
0.2708612084388733,0.27898234128952026,-0.008121132850646973
0.21783916652202606,0.2229251265525818,-0.005085960030555725
0.2986668348312378,0.2527416944503784,0.045925140380859375
0.06638889759778976,0.3199511766433716,-0.2535622790455818
0.15973268449306488,0.23678100109100342,-0.07704831659793854
0.29572317004203796,0.29610878229141235,-0.00038561224937438965
0.37474095821380615,0.30368876457214355,0.0710521936416626
0.30155912041664124,0.29477548599243164,0.006783634424209595
0.17546717822551727,0.20791476964950562,-0.03244759142398834
0.03294062241911888,0.2190825343132019,-0.18614191189408302
0.5153126120567322,0.333210825920105,0.1821017861366272
0.06528431177139282,0.30571603775024414,-0.24043172597885132
0.19733759760856628,0.23793357610702515,-0.04059597849845886
0.08327804505825043,0.27769899368286133,-0.1944209486246109
0.2068099081516266,0.245538592338562,-0.038728684186935425
0.039850667119026184,0.23420977592468262,-0.19435910880565643
0.568722128868103,0.23013275861740112,0.3385893702507019
0.11898337304592133,0.2830551862716675,-0.16407181322574615
0.2101536989212036,0.21219629049301147,-0.0020425915718078613
0.6374525427818298,0.2423519492149353,0.39510059356689453
0.5846678018569946,0.22154772281646729,0.36312007904052734
0.16460205614566803,0.2621345520019531,-0.0975324958562851
0.42541491985321045,0.23514944314956665,0.1902654767036438
0.16842955350875854,0.2681851387023926,-0.09975558519363403
0.383450448513031,0.37466514110565186,0.00878530740737915
0.2630324959754944,0.2817615866661072,-0.018729090690612793
0.18965953588485718,0.23900187015533447,-0.049342334270477295
0.5027033090591431,0.2750646471977234,0.22763866186141968
0.23405128717422485,0.2674788236618042,-0.033427536487579346
0.13108891248703003,0.21614611148834229,-0.08505719900131226
0.5085445046424866,0.34496009349823,0.1635844111442566
0.2355925738811493,0.24970078468322754,-0.014108210802078247
0.46771901845932007,0.20234453678131104,0.26537448167800903
0.3039102256298065,0.28412020206451416,0.01979002356529236
0.2836594581604004,0.19999945163726807,0.08366000652313232
0.6232959032058716,0.3217657804489136,0.301530122756958
0.2451767772436142,0.2823152542114258,-0.037138476967811584
0.13479015231132507,0.2121371030807495,-0.07734695076942444
0.1704253852367401,0.26576101779937744,-0.09533563256263733
0.0787273645401001,0.24315911531448364,-0.16443175077438354
0.6025100350379944,0.2183530330657959,0.3841570019721985
0.2785288393497467,0.29344987869262695,-0.014921039342880249
0.5536929965019226,0.22271853685379028,0.3309744596481323
0.3890460729598999,0.3296469449996948,0.05939912796020508
0.03308473154902458,0.2440255880355835,-0.21094085648655891
0.054746173322200775,0.19820892810821533,-0.14346275478601456
0.12327499687671661,0.22938203811645508,-0.10610704123973846
0.1684609055519104,0.2558624744415283,-0.08740156888961792
0.08160310983657837,0.20327544212341309,-0.12167233228683472
0.2388758361339569,0.27327847480773926,-0.03440263867378235
0.2658851444721222,0.2348918914794922,0.030993252992630005
0.4107440710067749,0.2339092493057251,0.1768348217010498
0.148604154586792,0.2470608353614807,-0.09845668077468872
0.6804723739624023,0.3794907331466675,0.30098164081573486
0.18200844526290894,0.19761723279953003,-0.015608787536621094
0.21774731576442719,0.22411346435546875,-0.006366148591041565
0.2876637279987335,0.25417226552963257,0.03349146246910095
0.02921021357178688,0.23527002334594727,-0.20605980977416039
0.08241815865039825,0.1731271743774414,-0.09070901572704315
0.24098441004753113,0.21488678455352783,0.026097625494003296
0.3329227566719055,0.31383728981018066,0.019085466861724854
0.40781304240226746,0.25763773918151855,0.1501753032207489
0.12706592679023743,0.18508052825927734,-0.05801460146903992
0.6142467856407166,0.28751474618911743,0.3267320394515991
0.13130007684230804,0.18330037593841553,-0.05200029909610748
0.3314463794231415,0.22003412246704102,0.11141225695610046
0.09681513905525208,0.2243638038635254,-0.12754866480827332
0.19745254516601562,0.21407532691955566,-0.01662278175354004
0.19731147587299347,0.21896344423294067,-0.021651968359947205
0.2540169060230255,0.2967182397842407,-0.04270133376121521
0.2561568319797516,0.3581176996231079,-0.10196086764335632
0.5593251585960388,0.3101379871368408,0.249187171459198
0.4162038564682007,0.22260922193527222,0.19359463453292847
0.5644065737724304,0.3023393750190735,0.26206719875335693
0.17021334171295166,0.2620980143547058,-0.09188467264175415
0.2976532578468323,0.19033336639404297,0.1073198914527893
0.16579632461071014,0.1677817702293396,-0.0019854456186294556
0.10033133625984192,0.2519944906234741,-0.1516631543636322
0.14527909457683563,0.22072184085845947,-0.07544274628162384
0.4647274613380432,0.1435699462890625,0.3211575150489807
0.2793595492839813,0.1855231523513794,0.09383639693260193
0.31163445115089417,0.26187753677368164,0.049756914377212524
0.10193748772144318,0.34389519691467285,-0.24195770919322968
0.0392916277050972,0.2362571358680725,-0.1969655081629753
0.2735079228878021,0.2357158660888672,0.037792056798934937
0.3396490812301636,0.27419769763946533,0.06545138359069824
0.7077264189720154,0.36170458793640137,0.346021831035614
0.023513153195381165,0.1769910454750061,-0.15347789227962494
0.5583324432373047,0.2632879614830017,0.295044481754303
0.22468870878219604,0.2772172689437866,-0.052528560161590576
0.334615558385849,0.28643810749053955,0.04817745089530945
0.44606801867485046,0.3391455411911011,0.10692247748374939
0.042083777487277985,0.20636427402496338,-0.1642804965376854
0.1462530493736267,0.21850109100341797,-0.07224804162979126
0.18304511904716492,0.271883487701416,-0.0888383686542511
0.10477970540523529,0.2436511516571045,-0.1388714462518692
0.09054772555828094,0.19681107997894287,-0.10626335442066193
0.17553205788135529,0.2695128917694092,-0.0939808338880539
0.30104711651802063,0.22512871026992798,0.07591840624809265
0.18271073698997498,0.30067670345306396,-0.11796596646308899
0.07081200182437897,0.201654314994812,-0.13084231317043304
0.5484504699707031,0.2480553388595581,0.300395131111145
0.34426549077033997,0.3339230418205261,0.010342448949813843
0.19189873337745667,0.26745128631591797,-0.0755525529384613
0.5101611018180847,0.27081799507141113,0.23934310674667358
0.3421233892440796,0.2807707190513611,0.061352670192718506
0.2248402237892151,0.2563847303390503,-0.031544506549835205
0.05201367661356926,0.2680635452270508,-0.21604986861348152
0.5389280915260315,0.33221960067749023,0.20670849084854126
0.32653823494911194,0.21694886684417725,0.10958936810493469
0.4323868155479431,0.2990446090698242,0.1333422064781189
0.33726969361305237,0.23010104894638062,0.10716864466667175
0.4273114800453186,0.40361857414245605,0.02369290590286255
0.3415508568286896,0.3283449411392212,0.013205915689468384
0.15952369570732117,0.27214646339416504,-0.11262276768684387
0.27371692657470703,0.3009970188140869,-0.027280092239379883
0.02533351629972458,0.19458305835723877,-0.1692495420575142
0.06575453281402588,0.20096737146377563,-0.13521283864974976
0.06810258328914642,0.24704790115356445,-0.17894531786441803
0.6294431686401367,0.28975629806518555,0.33968687057495117
0.5563240051269531,0.31473052501678467,0.24159348011016846
0.2215747982263565,0.24223577976226807,-0.02066098153591156
0.06510145217180252,0.3174282908439636,-0.2523268386721611
0.49424460530281067,0.33189260959625244,0.16235199570655823
0.1533459573984146,0.2891045808792114,-0.13575862348079681
0.10406915098428726,0.20634400844573975,-0.10227485746145248
0.43119558691978455,0.1711869239807129,0.26000866293907166
0.2798580825328827,0.24900144338607788,0.03085663914680481
0.2835131585597992,0.29427170753479004,-0.010758548974990845
0.4097304940223694,0.2806047797203064,0.129125714302063
0.5589938163757324,0.3333432674407959,0.22565054893493652
0.215467169880867,0.2645043730735779,-0.049037203192710876
0.21805338561534882,0.21671026945114136,0.0013431161642074585
0.5152185559272766,0.34441065788269043,0.17080789804458618
0.1480921357870102,0.2531942129135132,-0.10510207712650299
0.03266894072294235,55184995732.74609,-55184995732.713425
0.17176289856433868,0.3609122633934021,-0.18914936482906342
0.1718643456697464,0.21801018714904785,-0.04614584147930145
0.3948841989040375,0.2475244402885437,0.14735975861549377
0.21083290874958038,0.2135601043701172,-0.002727195620536804
0.12059256434440613,0.3098487854003906,-0.1892562210559845
0.26964908838272095,0.3232380151748657,-0.053588926792144775
0.02849225513637066,0.17062175273895264,-0.14212949760258198
0.04633446782827377,0.3198108673095703,-0.27347639948129654
0.18502308428287506,0.3519810438156128,-0.16695795953273773
0.32104188203811646,0.2083374261856079,0.11270445585250854
0.027130799368023872,0.1622239351272583,-0.13509313575923443
0.6050752997398376,0.3393251895904541,0.26575011014938354
0.4196782410144806,0.3348637819290161,0.08481445908546448
0.577687680721283,0.31997621059417725,0.2577114701271057
0.23629485070705414,0.29306650161743164,-0.0567716509103775
0.09381836652755737,0.20691055059432983,-0.11309218406677246
0.6050618290901184,0.2674139738082886,0.33764785528182983
0.24855190515518188,0.29219961166381836,-0.043647706508636475
0.15330635011196136,0.23617738485336304,-0.08287103474140167
0.22787269949913025,0.24764299392700195,-0.019770294427871704
0.30515891313552856,0.2370690107345581,0.06808990240097046
0.17715473473072052,0.3088889718055725,-0.131734237074852
0.1107776090502739,0.26960790157318115,-0.15883029252290726
0.46205243468284607,0.30960941314697266,0.1524430215358734
0.2282070815563202,0.20028150081634521,0.027925580739974976
0.6625988483428955,0.35672903060913086,0.30586981773376465
0.5900805592536926,0.3488926291465759,0.2411879301071167
0.3588632047176361,0.26743245124816895,0.09143075346946716
0.10217782109975815,0.27531909942626953,-0.17314127832651138
0.08259883522987366,0.2985681891441345,-0.21596935391426086
0.4123898446559906,0.2202765941619873,0.1921132504940033
0.2342781275510788,0.2857699990272522,-0.0514918714761734
0.07410354167222977,0.22488510608673096,-0.1507815644145012
0.06405869871377945,0.20802170038223267,-0.14396300166845322
0.1229197233915329,0.23117965459823608,-0.10825993120670319
0.4049394726753235,0.275901198387146,0.1290382742881775
0.630861222743988,0.2403491735458374,0.39051204919815063
0.3676428198814392,0.2676684856414795,0.09997433423995972
0.2977398931980133,0.22518742084503174,0.07255247235298157
0.3319374918937683,0.2611156702041626,0.07082182168960571
0.09941179305315018,0.2953155040740967,-0.1959037110209465
0.4209112823009491,0.20938557386398315,0.21152570843696594
0.2511851489543915,0.28837788105010986,-0.037192732095718384
0.41262713074684143,0.28431153297424316,0.12831559777259827
0.23031044006347656,0.25257742404937744,-0.02226698398590088
0.25819966197013855,0.27509403228759766,-0.016894370317459106
0.048753488808870316,0.2702275514602661,-0.2214740626513958
0.28347134590148926,0.25060760974884033,0.032863736152648926
0.4324682354927063,0.32397329807281494,0.10849493741989136
0.2946573495864868,0.2736259698867798,0.02103137969970703
0.1600043624639511,0.25658345222473145,-0.09657908976078033
0.5369217991828918,0.24907183647155762,0.28784996271133423
0.5149677991867065,0.2410210371017456,0.27394676208496094
0.5946020483970642,0.2776296138763428,0.31697243452072144
0.013504885137081146,0.17954963445663452,-0.16604474931955338
0.7459604740142822,0.32054418325424194,0.4254162907600403
0.41978493332862854,0.2670302391052246,0.15275469422340393
0.3431391716003418,0.21393179893493652,0.12920737266540527
0.42921021580696106,0.3438252806663513,0.08538493514060974
0.5321050882339478,0.22019410133361816,0.3119109869003296
0.4348195195198059,0.25129956007003784,0.18351995944976807
0.43617069721221924,0.22073674201965332,0.21543395519256592
0.45434829592704773,0.2403419017791748,0.21400639414787292
0.3229745626449585,0.3248140811920166,-0.0018395185470581055
0.27531376481056213,0.3250761032104492,-0.049762338399887085
0.20849816501140594,0.28881704807281494,-0.080318883061409
0.2761688828468323,0.24923890829086304,0.02692997455596924
0.2582780122756958,0.26607000827789307,-0.007791996002197266
0.2590477764606476,0.32255756855010986,-0.06350979208946228
0.42904776334762573,0.21329450607299805,0.21575325727462769
0.13558952510356903,0.2844727039337158,-0.1488831788301468
0.06704004108905792,0.19034630060195923,-0.1233062595129013
0.38809579610824585,0.19737863540649414,0.1907171607017517
0.06906769424676895,0.24451076984405518,-0.17544307559728622
0.0981854498386383,0.24657446146011353,-0.14838901162147522
0.3448922336101532,0.2571789026260376,0.0877133309841156
0.19728286564350128,0.16895806789398193,0.028324797749519348
0.07611510157585144,0.27065813541412354,-0.1945430338382721
0.05836302414536476,0.3635951280593872,-0.30523210391402245
0.4903244376182556,0.2004716992378235,0.28985273838043213
0.08663668483495712,0.28778254985809326,-0.20114586502313614
0.15851327776908875,0.21865743398666382,-0.06014415621757507
0.08175406605005264,0.18526142835617065,-0.10350736230611801
0.07746940851211548,0.1936212182044983,-0.11615180969238281
0.12420948594808578,0.3619006872177124,-0.23769120126962662
0.22562512755393982,0.19449615478515625,0.03112897276878357
0.11918742954730988,0.2796359062194824,-0.16044847667217255
0.12752088904380798,0.15143585205078125,-0.023914963006973267
0.3348729610443115,0.22907400131225586,0.10579895973205566
0.14019249379634857,0.29536473751068115,-0.15517224371433258
0.08155328035354614,0.3007317781448364,-0.21917849779129028
0.153616264462471,0.30547505617141724,-0.15185879170894623
0.1500781625509262,0.21649599075317383,-0.06641782820224762
0.3406795859336853,0.2031002640724182,0.1375793218612671
0.06610157340765,0.27587151527404785,-0.20976994186639786
0.1273258775472641,0.21409910917282104,-0.08677323162555695
0.20457352697849274,0.2700788974761963,-0.06550537049770355
0.21297287940979004,0.19659829139709473,0.016374588012695312
0.15566129982471466,0.27978742122650146,-0.1241261214017868
0.14391610026359558,0.3118601441383362,-0.1679440438747406
0.13898047804832458,0.23099017143249512,-0.09200969338417053
0.10467711836099625,0.25772279500961304,-0.1530456766486168
0.10454735159873962,0.31837648153305054,-0.2138291299343109
0.3365698456764221,0.26196908950805664,0.07460075616836548
0.3600824177265167,0.353229284286499,0.0068531334400177
0.21715104579925537,0.2976442575454712,-0.08049321174621582
0.1799926608800888,0.19295215606689453,-0.012959495186805725
0.12128030508756638,0.31796228885650635,-0.19668198376893997
0.11516455560922623,0.1962507963180542,-0.08108624070882797
0.19879774749279022,0.20270979404449463,-0.003912046551704407
0.3923512399196625,0.1465167999267578,0.24583443999290466
0.16691558063030243,0.3430442810058594,-0.17612870037555695
0.1101604551076889,0.2582084536552429,-0.14804799854755402
0.4858737587928772,0.23804843425750732,0.24782532453536987
0.24998688697814941,0.17833048105239868,0.07165640592575073
0.22402475774288177,0.28099000453948975,-0.05696524679660797
0.28069987893104553,0.2287231683731079,0.05197671055793762
0.327036052942276,0.1827709674835205,0.1442650854587555
0.18536201119422913,0.2744864225387573,-0.0891244113445282
0.49089232087135315,0.17935925722122192,0.3115330636501312
0.2188611626625061,0.13891494274139404,0.07994621992111206
0.37745556235313416,0.20357930660247803,0.17387625575065613
0.5005176067352295,0.15834444761276245,0.34217315912246704
0.29953718185424805,0.1510378122329712,0.14849936962127686
0.33072468638420105,0.18435251712799072,0.14637216925621033
0.11445216834545135,0.1952667236328125,-0.08081455528736115
0.25527244806289673,0.2101486325263977,0.04512381553649902
0.1350385844707489,0.21479356288909912,-0.07975497841835022
0.11628124862909317,0.1977742314338684,-0.08149298280477524
0.2523724436759949,0.22373223304748535,0.02864021062850952
0.06302139908075333,0.15646779537200928,-0.09344639629125595
0.1448521614074707,0.19983547925949097,-0.054983317852020264
0.21190927922725677,0.1924228072166443,0.019486472010612488
0.10739373415708542,0.2037351131439209,-0.09634137898683548
0.5289607644081116,0.24368685483932495,0.2852739095687866
0.29410621523857117,0.1950286626815796,0.09907755255699158
0.16959086060523987,0.2540700435638428,-0.0844791829586029
0.14492866396903992,0.3091897964477539,-0.164261132478714
0.15461815893650055,0.16862499713897705,-0.014006838202476501
0.14545805752277374,0.17497122287750244,-0.0295131653547287
0.18543115258216858,0.2685973644256592,-0.0831662118434906
0.128003790974617,0.2832784652709961,-0.1552746742963791
0.056658871471881866,0.3379858136177063,-0.28132694214582443
0.17052394151687622,0.24076950550079346,-0.07024556398391724
0.2802475392818451,0.2692660689353943,0.010981470346450806
0.4871470332145691,0.21149969100952148,0.2756473422050476
0.24341754615306854,0.27014344930648804,-0.026725903153419495
0.27345073223114014,0.2203788161277771,0.05307191610336304
0.4609324634075165,0.30170154571533203,0.15923091769218445
0.2945985496044159,0.16148066520690918,0.1331178843975067
0.1424863487482071,0.25715070962905884,-0.11466436088085175
0.1587747186422348,0.25640326738357544,-0.09762854874134064
0.07190873473882675,0.24138939380645752,-0.16948065906763077
0.2174195796251297,0.2450556755065918,-0.027636095881462097
0.12029458582401276,0.28542858362197876,-0.165133997797966
0.09906625747680664,0.21749764680862427,-0.11843138933181763
0.16694222390651703,0.27782487869262695,-0.11088265478610992
0.23908154666423798,0.17917084693908691,0.05991069972515106
0.1897488236427307,0.20153570175170898,-0.011786878108978271
0.22930285334587097,0.23925155401229858,-0.009948700666427612
0.16553591191768646,0.22621667385101318,-0.06068076193332672
0.2916179597377777,0.33070623874664307,-0.039088279008865356
0.19438520073890686,0.246321439743042,-0.05193623900413513
0.15985839068889618,0.2698420286178589,-0.10998363792896271
0.33574050664901733,0.2853654623031616,0.05037504434585571
0.21727553009986877,0.23344504833221436,-0.01616951823234558
0.31575247645378113,0.17013442516326904,0.14561805129051208
0.3257041573524475,0.337313175201416,-0.011609017848968506
0.35515186190605164,0.2138727307319641,0.14127913117408752
0.29135093092918396,0.28115302324295044,0.01019790768623352
0.22476379573345184,0.31178271770477295,-0.0870189219713211
0.19662131369113922,0.2578999996185303,-0.06127868592739105
0.1486663669347763,0.1906973123550415,-0.0420309454202652
0.344836562871933,0.3470848798751831,-0.002248317003250122
0.3537799119949341,0.3144792318344116,0.03930068016052246
0.2998848259449005,0.40154457092285156,-0.10165974497795105
0.4080480635166168,0.20555633306503296,0.20249173045158386
0.20975357294082642,0.2420285940170288,-0.03227502107620239
0.32707157731056213,0.20561623573303223,0.12145534157752991
0.29552096128463745,0.2185359001159668,0.07698506116867065
0.20640549063682556,0.18015438318252563,0.026251107454299927
0.19575205445289612,0.308160662651062,-0.1124086081981659
0.2656961977481842,0.2676757574081421,-0.0019795596599578857
0.44541043043136597,0.24378257989883423,0.20162785053253174
0.28839758038520813,0.27189135551452637,0.016506224870681763
0.1676829606294632,0.25186687707901,-0.08418391644954681
0.32213205099105835,0.25721824169158936,0.064913809299469
0.29707807302474976,0.2932177782058716,0.003860294818878174
0.15569494664669037,0.31415629386901855,-0.15846134722232819
0.25152477622032166,0.23139196634292603,0.02013280987739563
0.18584135174751282,0.34442198276519775,-0.15858063101768494
0.24067062139511108,0.1892169713973999,0.05145364999771118
0.1988840103149414,0.2012559175491333,-0.0023719072341918945
0.14862436056137085,0.3033459782600403,-0.15472161769866943
0.4330183267593384,0.30278730392456055,0.13023102283477783
0.24072962999343872,0.1851484775543213,0.05558115243911743
0.5236981511116028,0.2737029790878296,0.2499951720237732
0.16063809394836426,0.23289191722869873,-0.07225382328033447
0.14806032180786133,0.2709435224533081,-0.12288320064544678
0.17814300954341888,0.3234175443649292,-0.14527453482151031
0.21864566206932068,0.28766417503356934,-0.06901851296424866
0.48435744643211365,0.19945120811462402,0.2849062383174896
0.14156605303287506,0.18006330728530884,-0.03849725425243378
0.3099322021007538,0.1935907006263733,0.1163415014743805
0.48047515749931335,0.16643387079238892,0.31404128670692444
0.27421483397483826,0.24592435359954834,0.028290480375289917
0.4602142870426178,0.2603178024291992,0.19989648461341858
0.44847649335861206,0.25951409339904785,0.1889623999595642
0.4581218361854553,0.2076815366744995,0.2504402995109558
0.16563266515731812,0.2189558744430542,-0.053323209285736084
0.16857722401618958,0.22538495063781738,-0.05680772662162781
0.23140715062618256,0.18501567840576172,0.04639147222042084
0.1416017860174179,0.23822152614593506,-0.09661974012851715
0.1581336110830307,0.24440890550613403,-0.08627529442310333
0.2395026683807373,0.23520886898040771,0.00429379940032959
0.4456648528575897,0.26383984088897705,0.18182501196861267
0.4431150257587433,0.17476069927215576,0.2683543264865875
0.5031903386116028,0.26077449321746826,0.24241584539413452
0.4422844648361206,0.19705331325531006,0.24523115158081055
0.5234626531600952,0.20303559303283691,0.3204270601272583
0.08048319071531296,0.17927277088165283,-0.09878958016633987
0.48036277294158936,0.2066463828086853,0.27371639013290405
0.1297098845243454,0.31967175006866455,-0.18996186554431915
0.4676100015640259,0.2507418394088745,0.21686816215515137
0.4017603397369385,0.16793251037597656,0.23382782936096191
0.3599172830581665,0.2476181983947754,0.11229908466339111
0.2324042171239853,0.2415754795074463,-0.009171262383460999
0.10325261205434799,0.19157838821411133,-0.08832577615976334
0.3298896551132202,0.22020864486694336,0.10968101024627686
0.1577063500881195,0.27047574520111084,-0.11276939511299133
0.2240416407585144,0.1878151297569275,0.036226511001586914
0.505437970161438,0.24245470762252808,0.2629832625389099
0.41756823658943176,0.21807396411895752,0.19949427247047424
0.47202759981155396,0.1755208969116211,0.29650670289993286
0.047806285321712494,0.2582625150680542,-0.2104562297463417
0.058388322591781616,0.32381659746170044,-0.2654282748699188
0.07866775989532471,0.25185346603393555,-0.17318570613861084
0.23020093142986298,0.1836562156677246,0.04654471576213837
0.17405231297016144,0.19056636095046997,-0.016514047980308533
0.4865724742412567,0.16350531578063965,0.32306715846061707
0.18051104247570038,0.2792271375656128,-0.09871609508991241
0.26601436734199524,0.24054819345474243,0.025466173887252808
0.417183518409729,0.16566038131713867,0.25152313709259033
0.0726172998547554,0.2951817512512207,-0.2225644513964653
0.09230393171310425,0.22552800178527832,-0.13322407007217407
0.27841657400131226,0.24529916048049927,0.03311741352081299
0.48934730887413025,0.2499297857284546,0.23941752314567566
0.2953876554965973,0.201238751411438,0.0941489040851593
0.0660896971821785,0.17468279600143433,-0.10859309881925583
0.44137337803840637,0.17181718349456787,0.2695561945438385
0.19213004410266876,0.2331101894378662,-0.04098014533519745
0.5131813883781433,0.2633211016654968,0.24986028671264648
0.35610806941986084,0.26178866624832153,0.0943194031715393
0.4432428479194641,0.14581596851348877,0.29742687940597534
0.3052818179130554,0.16982942819595337,0.13545238971710205
0.11088380962610245,0.23511123657226562,-0.12422742694616318
0.43607592582702637,0.1944061517715454,0.24166977405548096
0.5223489999771118,0.24873781204223633,0.2736111879348755
0.16369789838790894,0.23189771175384521,-0.06819981336593628
0.14658010005950928,0.18430650234222412,-0.037726402282714844
0.1575758457183838,0.2639904022216797,-0.1064145565032959
0.09684475511312485,0.3658599853515625,-0.26901523023843765
0.16186854243278503,0.3213735818862915,-0.15950503945350647
0.08431252092123032,0.20428013801574707,-0.11996761709451675
0.09072031080722809,0.26558470726013184,-0.17486439645290375
0.4390655755996704,0.18181288242340088,0.25725269317626953
0.4446443021297455,0.2081315517425537,0.23651275038719177
0.1880524605512619,0.27521812915802,-0.08716566860675812
0.09379297494888306,0.22063517570495605,-0.126842200756073
0.3305138051509857,0.21622920036315918,0.11428460478782654
0.1393725425004959,0.20365846157073975,-0.06428591907024384
0.1553080976009369,0.2629280090332031,-0.10761991143226624
0.5113717317581177,0.18751800060272217,0.3238537311553955
0.09551583975553513,0.2142782211303711,-0.11876238137483597
0.10095666348934174,0.2542240619659424,-0.15326739847660065
0.4050433337688446,0.18739688396453857,0.21764644980430603
0.17806069552898407,0.18131637573242188,-0.003255680203437805
0.11738792061805725,0.1963115930557251,-0.07892367243766785
0.4084603786468506,0.1527024507522583,0.2557579278945923
0.10811076313257217,0.2549586296081543,-0.14684786647558212
0.2828074097633362,0.20802199840545654,0.07478541135787964
0.4645336866378784,0.28494733572006226,0.17958635091781616
0.12325147539377213,0.21754395961761475,-0.09429248422384262
0.12194883823394775,0.32744455337524414,-0.2054957151412964
0.45657920837402344,0.30040282011032104,0.1561763882637024
0.5421575307846069,0.28634464740753174,0.2558128833770752
0.34837183356285095,0.19257497787475586,0.1557968556880951
0.3878350257873535,0.24958783388137817,0.13824719190597534
0.24360540509223938,0.31551194190979004,-0.07190653681755066
0.20674070715904236,0.30480289459228516,-0.0980621874332428
0.3736976385116577,0.30256378650665283,0.07113385200500488
0.18529625236988068,0.3096708655357361,-0.12437461316585541
0.2514362037181854,0.19094163179397583,0.060494571924209595
0.1790347844362259,0.24278241395950317,-0.06374762952327728
0.22542151808738708,0.3171536922454834,-0.09173217415809631
0.21227040886878967,0.2222963571548462,-0.010025948286056519
0.3082324266433716,0.24130630493164062,0.06692612171173096
0.25739651918411255,0.2463112473487854,0.011085271835327148
0.23889708518981934,0.19703936576843262,0.04185771942138672
0.21712161600589752,0.2955533266067505,-0.07843171060085297
0.24303777515888214,0.2791332006454468,-0.036095425486564636
0.2584850490093231,0.26105737686157227,-0.0025723278522491455
0.2621951103210449,0.23573172092437744,0.02646338939666748
0.20836418867111206,0.2645537853240967,-0.05618959665298462
0.19186685979366302,0.2304391860961914,-0.03857232630252838
0.4673587679862976,0.13202595710754395,0.33533281087875366
0.46320196986198425,0.2529088258743286,0.21029314398765564
0.21641385555267334,0.23248600959777832,-0.01607215404510498
0.1508357673883438,0.2745414972305298,-0.12370572984218597
0.08866017311811447,0.13651180267333984,-0.04785162955522537
0.3445891737937927,0.19532150030136108,0.14926767349243164
0.15014667809009552,0.2402399778366089,-0.09009329974651337
0.14996884763240814,0.19956672191619873,-0.04959787428379059
0.14234574139118195,0.2291724681854248,-0.08682672679424286
0.42108285427093506,0.16262423992156982,0.25845861434936523
0.438037633895874,0.16762179136276245,0.2704158425331116
0.14006517827510834,0.25394320487976074,-0.1138780266046524
0.47133776545524597,0.1932307481765747,0.27810701727867126
0.22387807071208954,0.21788108348846436,0.005996987223625183
0.1395772397518158,0.16148710250854492,-0.021909862756729126
0.15435589849948883,0.24795007705688477,-0.09359417855739594
0.1522877961397171,0.2394006848335266,-0.08711288869380951
0.46335065364837646,0.24077272415161133,0.22257792949676514
0.11161712557077408,0.21105992794036865,-0.09944280236959457
0.14499202370643616,0.26216018199920654,-0.11716815829277039
0.10906695574522018,0.2291175127029419,-0.12005055695772171
0.24351078271865845,0.2086045742034912,0.034906208515167236
0.14764483273029327,0.27596938610076904,-0.12832455337047577
0.15352420508861542,0.18856430053710938,-0.03504009544849396
0.4897216558456421,0.21750271320343018,0.2722189426422119
0.17333272099494934,0.24703055620193481,-0.07369783520698547
0.14984484016895294,0.2115975022315979,-0.06175266206264496
0.14890162646770477,0.2436540126800537,-0.09475238621234894
0.1381906419992447,0.30655330419540405,-0.16836266219615936
0.16286693513393402,0.23967242240905762,-0.0768054872751236
0.1600991040468216,0.1602773666381836,-0.0001782625913619995
0.2806263864040375,0.2656519412994385,0.014974445104598999
0.09022350609302521,0.27086567878723145,-0.18064217269420624
0.15145976841449738,0.31184548139572144,-0.16038571298122406
0.3295998275279999,0.22128665447235107,0.1083131730556488
0.16614696383476257,0.28103703260421753,-0.11489006876945496
0.3461360037326813,0.23940348625183105,0.10673251748085022
0.43967318534851074,0.29548585414886475,0.144187331199646
0.21111945807933807,0.17461806535720825,0.03650139272212982
0.22260664403438568,0.21466678380966187,0.007939860224723816
0.2533271908760071,0.2088230848312378,0.04450410604476929
0.17898587882518768,0.20661413669586182,-0.027628257870674133
0.1478407233953476,0.25661593675613403,-0.10877521336078644
0.14916671812534332,0.27236175537109375,-0.12319503724575043
0.1976097673177719,0.1950588822364807,0.0025508850812911987
0.15642835199832916,0.33830785751342773,-0.18187950551509857
0.3730525076389313,0.20198148488998413,0.17107102274894714
0.16309362649917603,0.1447659134864807,0.018327713012695312
0.09987359493970871,0.22913646697998047,-0.12926287204027176
0.20221491158008575,0.21766841411590576,-0.015453502535820007
0.2411547154188156,0.2930922508239746,-0.051937535405159
0.09832802414894104,0.2519991397857666,-0.15367111563682556
0.10322397202253342,0.2643159031867981,-0.16109193116426468
0.19929239153862,0.28018271923065186,-0.08089032769203186
0.13963943719863892,0.2434532642364502,-0.10381382703781128
0.2294146865606308,0.25375014543533325,-0.024335458874702454
0.13843362033367157,0.1803305745124817,-0.04189695417881012
0.15621140599250793,0.3079826831817627,-0.15177127718925476
0.07559077441692352,0.2075982689857483,-0.13200749456882477
0.15596960484981537,0.23510634899139404,-0.07913674414157867
0.12239508330821991,0.24508166313171387,-0.12268657982349396
0.16164883971214294,0.1585773229598999,0.003071516752243042
0.08463729172945023,0.20192819833755493,-0.1172909066081047
0.13314034044742584,0.26448261737823486,-0.13134227693080902
0.2560296356678009,0.22738754749298096,0.028642088174819946
0.1482870727777481,0.22268074750900269,-0.07439367473125458
0.07882297784090042,0.16334038972854614,-0.08451741188764572
0.21641364693641663,0.2797694206237793,-0.06335577368736267
0.27959519624710083,0.26284003257751465,0.01675516366958618
0.14017803966999054,0.2114872932434082,-0.07130925357341766
0.1994267702102661,0.19223976135253906,0.007187008857727051
0.13200192153453827,0.3455768823623657,-0.21357496082782745
0.18401749432086945,0.18444985151290894,-0.00043235719203948975
0.3284186124801636,0.19897425174713135,0.12944436073303223
0.18171456456184387,0.288665771484375,-0.10695120692253113
0.1359739452600479,0.18862438201904297,-0.052650436758995056
0.17685852944850922,0.26751840114593506,-0.09065987169742584
0.23609068989753723,0.25076615810394287,-0.01467546820640564
0.3170934319496155,0.18910884857177734,0.12798458337783813
0.19916701316833496,0.3166273832321167,-0.11746037006378174
0.21983177959918976,0.22924113273620605,-0.009409353137016296
0.41746658086776733,0.30202972888946533,0.115436851978302
0.1774134337902069,0.28098809719085693,-0.10357466340065002
0.3853510916233063,0.2025933861732483,0.18275770545005798
0.3348985016345978,0.3348344564437866,6.404519081115723e-05
0.4004824459552765,0.3035876750946045,0.096894770860672
0.2695342004299164,0.16393917798995972,0.10559502243995667
0.4163322150707245,0.23255538940429688,0.1837768256664276
0.2673853039741516,0.2768077850341797,-0.009422481060028076
0.3312629759311676,0.2261826992034912,0.10508027672767639
0.24407462775707245,0.28993165493011475,-0.0458570271730423
0.40678131580352783,0.21153771877288818,0.19524359703063965
0.39606595039367676,0.24266201257705688,0.15340393781661987
0.21974360942840576,0.2398805022239685,-0.020136892795562744
0.283730149269104,0.3134714961051941,-0.029741346836090088
0.28944265842437744,0.30314743518829346,-0.013704776763916016
0.335814893245697,0.16879916191101074,0.16701573133468628
0.25252336263656616,0.27149534225463867,-0.01897197961807251
0.2765825688838959,0.22247904539108276,0.05410352349281311
0.31018537282943726,0.3738133907318115,-0.06362801790237427
0.2256363332271576,0.20629441738128662,0.01934191584587097
0.2789042890071869,0.2564612627029419,0.022443026304244995
0.15289908647537231,0.24568676948547363,-0.09278768301010132
0.40019679069519043,0.26688480377197266,0.13331198692321777
0.3703908622264862,0.33311378955841064,0.03727707266807556
0.18911902606487274,0.22745168209075928,-0.038332656025886536
0.39835450053215027,0.28226667642593384,0.11608782410621643
0.32793372869491577,0.29127514362335205,0.03665858507156372
0.30152755975723267,0.24949079751968384,0.05203676223754883
0.2876511812210083,0.3337341547012329,-0.04608297348022461
0.18485794961452484,0.2254011631011963,-0.04054321348667145
0.3175627589225769,0.2692989110946655,0.04826384782791138
0.260826051235199,0.28666508197784424,-0.025839030742645264
0.19729866087436676,0.2526068687438965,-0.055308207869529724
0.20528706908226013,0.22875696420669556,-0.023469895124435425
0.14642050862312317,0.18997907638549805,-0.04355856776237488
0.0629328042268753,0.19399678707122803,-0.13106398284435272
0.16676770150661469,0.18646633625030518,-0.01969863474369049
0.09263500571250916,0.2618492841720581,-0.16921427845954895
0.13448214530944824,0.1767558455467224,-0.04227370023727417
0.1866893321275711,0.1895427703857422,-0.0028534382581710815
0.1833484023809433,0.18082666397094727,0.0025217384099960327
0.11611462384462357,0.22736144065856934,-0.11124681681394577
0.12470396608114243,0.20359909534454346,-0.07889512926340103
0.1611488163471222,0.2017686367034912,-0.04061982035636902
0.12364858388900757,0.22562158107757568,-0.10197299718856812
0.09020553529262543,0.29054224491119385,-0.20033670961856842
0.062384217977523804,0.2245158553123474,-0.1621316373348236
0.19724076986312866,0.21475529670715332,-0.017514526844024658
0.22442467510700226,0.2710001468658447,-0.04657547175884247
0.09767679870128632,0.24915552139282227,-0.15147872269153595
0.20873501896858215,0.28799867630004883,-0.07926365733146667
0.10630662739276886,0.17224645614624023,-0.06593982875347137
0.13745605945587158,0.23476791381835938,-0.09731185436248779
0.1180516704916954,0.25275719165802,-0.13470552116632462
0.18238814175128937,0.24033010005950928,-0.05794195830821991
0.20674550533294678,0.19183123111724854,0.014914274215698242
0.110737144947052,0.21048063039779663,-0.09974348545074463
0.19550202786922455,0.21598339080810547,-0.02048136293888092
0.11919064074754715,0.17816245555877686,-0.058971814811229706
0.11896076053380966,0.23907208442687988,-0.12011132389307022
0.08271662890911102,0.25839877128601074,-0.17568214237689972
0.11891896277666092,0.14372992515563965,-0.02481096237897873
0.17253442108631134,0.22104889154434204,-0.0485144704580307
0.11655741184949875,0.1866898536682129,-0.07013244181871414
0.11756055057048798,0.18489480018615723,-0.06733424961566925
0.453380823135376,0.23795056343078613,0.21543025970458984
0.1647392362356186,0.20327258110046387,-0.038533344864845276
0.12884581089019775,0.18981903791427612,-0.06097322702407837
0.2341018170118332,0.21505498886108398,0.019046828150749207
0.14347486197948456,0.18708109855651855,-0.043606236577034
0.1824299395084381,0.18960148096084595,-0.007171541452407837
0.29061174392700195,0.19150298833847046,0.0991087555885315
0.17297330498695374,0.22015511989593506,-0.04718181490898132
0.1900363713502884,0.18603843450546265,0.003997936844825745
0.17829200625419617,0.24900376796722412,-0.07071176171302795
0.11526169627904892,0.24925333261489868,-0.13399163633584976
0.1563686579465866,0.19873404502868652,-0.042365387082099915
0.11509384214878082,0.21545541286468506,-0.10036157071590424
0.2028733640909195,0.2704606056213379,-0.0675872415304184
0.12386149168014526,0.17166197299957275,-0.04780048131942749
0.12060586363077164,0.3236948251724243,-0.20308896154165268
0.13089388608932495,0.18288195133209229,-0.051988065242767334
0.10617078840732574,0.2647077441215515,-0.15853695571422577
0.14888761937618256,0.24249982833862305,-0.09361220896244049
0.09598203748464584,0.22095155715942383,-0.12496951967477798
0.12332857400178909,0.19681107997894287,-0.07348250597715378
0.36004748940467834,0.20431625843048096,0.1557312309741974
0.1728583574295044,0.20595204830169678,-0.03309369087219238
0.14511540532112122,0.1928180456161499,-0.047702640295028687
0.15688134729862213,0.2203086018562317,-0.06342725455760956
0.29851144552230835,0.22091788053512573,0.07759356498718262
0.2339555323123932,0.17051208019256592,0.06344345211982727
0.1591697484254837,0.24898642301559448,-0.08981667459011078
0.13892941176891327,0.25705355405807495,-0.11812414228916168
0.26093655824661255,0.2732740640640259,-0.01233750581741333
0.30901995301246643,0.21727240085601807,0.09174755215644836
0.4884191155433655,0.28940796852111816,0.19901114702224731
0.47740551829338074,0.28826141357421875,0.189144104719162
0.06473572552204132,0.24691307544708252,-0.1821773499250412
0.16946403682231903,0.331071138381958,-0.16160710155963898
0.4020397961139679,0.2232496738433838,0.1787901222705841
0.06271900236606598,0.2812228202819824,-0.21850381791591644
0.4130115807056427,0.19192898273468018,0.22108259797096252
0.18752047419548035,0.2643406391143799,-0.07682016491889954
0.1252843141555786,0.3235687017440796,-0.19828438758850098
0.40404605865478516,0.19965124130249023,0.20439481735229492
0.5023480653762817,0.22666865587234497,0.27567940950393677
0.18969915807247162,0.30258142948150635,-0.11288227140903473
0.06341911107301712,0.22628319263458252,-0.1628640815615654
0.6068465113639832,0.3152742385864258,0.2915722727775574
0.3157075047492981,0.27553462982177734,0.04017287492752075
0.5682832598686218,0.2804912328720093,0.28779202699661255
0.17249956727027893,0.19772744178771973,-0.025227874517440796
0.39160093665122986,0.302558958530426,0.08904197812080383
0.04822579771280289,0.18745213747024536,-0.13922633975744247
0.4257284104824066,0.258811891078949,0.16691651940345764
0.08378483355045319,0.2799187898635864,-0.19613395631313324
0.17514324188232422,0.2861182689666748,-0.11097502708435059
0.5402424931526184,0.19694554805755615,0.34329694509506226
0.23819966614246368,0.32341986894607544,-0.08522020280361176
0.07945359498262405,0.2513740658760071,-0.17192047089338303
0.4258328974246979,0.2954963445663452,0.13033655285835266
0.06528431177139282,0.30571603775024414,-0.24043172597885132
0.2068099081516266,0.245538592338562,-0.038728684186935425
0.6374525427818298,0.2423519492149353,0.39510059356689453
0.5846678018569946,0.22154772281646729,0.36312007904052734
0.5085445046424866,0.34496009349823,0.1635844111442566
0.38156434893608093,0.21720623970031738,0.16435810923576355
0.2658851444721222,0.2348918914794922,0.030993252992630005
0.24098441004753113,0.21488678455352783,0.026097625494003296
0.3329227566719055,0.31383728981018066,0.019085466861724854
0.12706592679023743,0.18508052825927734,-0.05801460146903992
0.19731147587299347,0.21896344423294067,-0.021651968359947205
0.10033133625984192,0.2519944906234741,-0.1516631543636322
0.023513153195381165,0.1769910454750061,-0.15347789227962494
0.3484974801540375,0.2929791212081909,0.05551835894584656
0.14012235403060913,0.18970179557800293,-0.0495794415473938
0.5484504699707031,0.2480553388595581,0.300395131111145
0.05201367661356926,0.2680635452270508,-0.21604986861348152
0.33726969361305237,0.23010104894638062,0.10716864466667175
0.4273114800453186,0.40361857414245605,0.02369290590286255
0.6294431686401367,0.28975629806518555,0.33968687057495117
0.06510145217180252,0.3174282908439636,-0.2523268386721611
0.49424460530281067,0.33189260959625244,0.16235199570655823
0.1533459573984146,0.2891045808792114,-0.13575862348079681
0.4097304940223694,0.2806047797203064,0.129125714302063
0.21805338561534882,0.21671026945114136,0.0013431161642074585
0.32104188203811646,0.2083374261856079,0.11270445585250854
0.4196782410144806,0.3348637819290161,0.08481445908546448
0.08259883522987366,0.2985681891441345,-0.21596935391426086
0.23031044006347656,0.25257742404937744,-0.02226698398590088
0.048753488808870316,0.2702275514602661,-0.2214740626513958
0.28347134590148926,0.25060760974884033,0.032863736152648926
0.2704567313194275,0.2541428804397583,0.01631385087966919
0.1237931028008461,0.23849403858184814,-0.11470093578100204
0.031421106308698654,0.21268951892852783,-0.18126841261982918
0.07669801265001297,0.23255574703216553,-0.15585773438215256
0.03415882959961891,0.2468612790107727,-0.2127024494111538
0.07383490353822708,0.2199033498764038,-0.14606844633817673
0.2698954939842224,0.2649639844894409,0.004931509494781494
0.01929989643394947,0.19037985801696777,-0.1710799615830183
0.09760710597038269,0.2460416555404663,-0.14843454957008362
0.22496342658996582,0.2420094609260559,-0.017046034336090088
0.22386625409126282,0.2924116849899292,-0.06854543089866638
0.1208672970533371,0.2886723279953003,-0.1678050309419632
0.8043991923332214,0.22333872318267822,0.5810604691505432
0.15403343737125397,0.2547796368598938,-0.10074619948863983
0.22281086444854736,0.25635385513305664,-0.03354299068450928
0.25646811723709106,0.2844993472099304,-0.028031229972839355
0.40572622418403625,0.23866164684295654,0.1670645773410797
0.0422152541577816,0.2966369390487671,-0.2544216848909855
0.42891326546669006,0.2542163133621216,0.17469695210456848
0.7039393782615662,0.28921788930892944,0.4147214889526367
0.018192267045378685,0.2499384880065918,-0.2317462209612131
0.1515256017446518,0.20698320865631104,-0.05545760691165924
0.0853814035654068,0.2367703914642334,-0.1513889878988266
0.8432183861732483,0.2938588857650757,0.5493595004081726
0.7912852764129639,0.273584246635437,0.5177010297775269
0.03997910022735596,0.30715489387512207,-0.2671757936477661
0.17454545199871063,0.2329360842704773,-0.05839063227176666
0.06974921375513077,0.2572723627090454,-0.18752314895391464
0.03839080408215523,0.2402825951576233,-0.20189179107546806
0.2867293655872345,0.2619267702102661,0.024802595376968384
0.08832810819149017,0.26602351665496826,-0.1776954084634781
0.2651306092739105,0.35616642236709595,-0.09103581309318542
0.05866248533129692,0.24258995056152344,-0.18392746523022652
0.025120167061686516,0.22543388605117798,-0.20031371898949146
0.24850574135780334,0.2543189525604248,-0.00581321120262146
0.14006268978118896,0.2035079002380371,-0.06344521045684814
0.03998954966664314,0.23297077417373657,-0.19298122450709343
0.12508882582187653,0.22266346216201782,-0.0975746363401413
0.3196342885494232,0.3057255744934082,0.013908714056015015
0.33820271492004395,0.29671168327331543,0.041491031646728516
0.028349006548523903,0.23624014854431152,-0.20789114199578762
0.3876906931400299,0.2616421580314636,0.12604853510856628
0.08540230244398117,0.2492274045944214,-0.16382510215044022
0.6134691834449768,0.28357964754104614,0.32988953590393066
0.015600835904479027,0.21071577072143555,-0.19511493481695652
0.1725182831287384,0.20794332027435303,-0.035425037145614624
0.149258092045784,0.2798105478286743,-0.13055245578289032
0.03894461691379547,0.191511332988739,-0.15256671607494354
0.020553814247250557,0.19440966844558716,-0.1738558541983366
0.45386624336242676,0.23065274953842163,0.22321349382400513
0.7462382316589355,0.21408402919769287,0.5321542024612427
0.027711598202586174,0.28060877323150635,-0.2528971750289202
0.07006269693374634,0.18792575597763062,-0.11786305904388428
0.30000001192092896,0.30444908142089844,-0.004449069499969482
0.1505015641450882,0.19058620929718018,-0.04008464515209198
0.5741170048713684,0.23139268159866333,0.3427243232727051
0.14192266762256622,0.3004685044288635,-0.1585458368062973
0.4613688588142395,0.3370532989501953,0.12431555986404419
0.8015882968902588,0.2368152141571045,0.5647730827331543
0.23847439885139465,0.25376367568969727,-0.015289276838302612
0.2679101228713989,0.2527416944503784,0.015168428421020508
0.0008150470093823969,0.21317684650421143,-0.21236179949482903
0.1625705361366272,0.20359665155410767,-0.04102611541748047
0.08415883034467697,0.20609450340270996,-0.12193567305803299
0.16108672320842743,0.2621345520019531,-0.1010478287935257
0.07438871264457703,0.23900187015533447,-0.16461315751075745
0.2985788881778717,0.22450923919677734,0.07406964898109436
0.15962383151054382,0.23527002334594727,-0.07564619183540344
0.8701881170272827,0.24172866344451904,0.6284594535827637
0.2318495362997055,0.28751474618911743,-0.055665209889411926
0.06257053464651108,0.22600626945495605,-0.16343573480844498
0.5463322997093201,0.2717171907424927,0.2746151089668274
0.47327062487602234,0.29020559787750244,0.1830650269985199
0.44055381417274475,0.2967182397842407,0.14383557438850403
0.07588297128677368,0.2726181745529175,-0.1967352032661438
0.3625287413597107,0.241999089717865,0.1205296516418457
0.12495297938585281,0.238555908203125,-0.11360292881727219
0.1819644719362259,0.2579922676086426,-0.07602779567241669
0.12786833941936493,0.34389519691467285,-0.21602685749530792
0.7728840112686157,0.33522748947143555,0.4376565217971802
0.7167606949806213,0.16164731979370117,0.5551133751869202
0.2880355417728424,0.16677641868591309,0.12125912308692932
0.28719958662986755,0.2200106382369995,0.06718894839286804
0.4493521451950073,0.32734644412994385,0.12200570106506348
0.6083594560623169,0.2849773168563843,0.3233821392059326
0.7947440147399902,0.26179516315460205,0.5329488515853882
0.5413166284561157,0.2486424446105957,0.29267418384552
0.17952978610992432,0.2980862855911255,-0.11855649948120117
0.10961337387561798,0.16852068901062012,-0.058907315135002136
0.03655172511935234,0.19641363620758057,-0.15986191108822823
0.019676070660352707,0.25686323642730713,-0.23718716576695442
0.44529780745506287,0.20563006401062012,0.23966774344444275
0.12281087040901184,0.279064416885376,-0.15625354647636414
0.06293626129627228,0.21801018714904785,-0.15507392585277557
0.1862800419330597,0.24706828594207764,-0.060788244009017944
0.42073145508766174,0.2959580421447754,0.12477341294288635
0.6429989337921143,0.3232380151748657,0.31976091861724854
0.17160919308662415,0.2242472767829895,-0.052638083696365356
0.2316405475139618,0.26960790157318115,-0.03796735405921936
0.19405433535575867,0.1907029151916504,0.0033514201641082764
0.26503658294677734,0.27744537591934204,-0.012408792972564697
0.3761964440345764,0.2808973789215088,0.09529906511306763
0.3298223614692688,0.2611156702041626,0.0687066912651062
0.5377534031867981,0.28837788105010986,0.24937552213668823
0.08967607468366623,0.21846812963485718,-0.12879205495119095
0.5720062851905823,0.28431153297424316,0.2876947522163391
0.18498432636260986,0.215651273727417,-0.03066694736480713
0.35187041759490967,0.29490602016448975,0.05696439743041992
0.06371995806694031,0.234338641166687,-0.1706186830997467
0.7589654922485352,0.3294246792793274,0.42954081296920776
0.24989551305770874,0.2740880250930786,-0.024192512035369873
0.036907002329826355,0.22776925563812256,-0.1908622533082962
0.21035528182983398,0.2618800401687622,-0.05152475833892822
0.08105538040399551,0.20850735902786255,-0.12745197862386703
0.14365726709365845,0.3438252806663513,-0.20016801357269287
0.10753051191568375,0.23377704620361328,-0.12624653428792953
0.16702371835708618,0.2621772885322571,-0.0951535701751709
0.13510911166667938,0.17337578535079956,-0.03826667368412018
0.13156917691230774,0.28062814474105835,-0.1490589678287506
0.11231107264757156,0.17920708656311035,-0.06689601391553879
0.1376848667860031,0.16810238361358643,-0.030417516827583313
0.15470680594444275,0.22611773014068604,-0.07141092419624329
0.17939570546150208,0.2682373523712158,-0.08884164690971375
0.07438526302576065,0.2010040283203125,-0.12661876529455185
0.1239934116601944,0.17232519388198853,-0.04833178222179413
0.10531525313854218,0.19057387113571167,-0.0852586179971695
0.18650124967098236,0.21490085124969482,-0.028399601578712463
0.11014284193515778,0.24858897924423218,-0.1384461373090744
0.18277369439601898,0.25957876443862915,-0.07680507004261017
0.2443254142999649,0.21084749698638916,0.033477917313575745
0.13537034392356873,0.1607028841972351,-0.025332540273666382
0.12411119788885117,0.19930356740951538,-0.07519236952066422
0.13443513214588165,0.21253901720046997,-0.07810388505458832
0.15425749123096466,0.25580644607543945,-0.10154895484447479
0.12227972596883774,0.3575012683868408,-0.23522154241800308
0.07991817593574524,0.15176475048065186,-0.07184657454490662
0.14299550652503967,0.30715304613113403,-0.16415753960609436
0.12878204882144928,0.17375695705413818,-0.044974908232688904
0.13183040916919708,0.3230884075164795,-0.1912579983472824
0.1594664752483368,0.30307114124298096,-0.14360466599464417
0.13128988444805145,0.23079299926757812,-0.09950311481952667
0.13635258376598358,0.27329230308532715,-0.13693971931934357
0.11272381991147995,0.29278552532196045,-0.1800617054104805
0.14368516206741333,0.16732025146484375,-0.02363508939743042
0.12011148780584335,0.2006019949913025,-0.08049050718545914
0.19398295879364014,0.288191020488739,-0.09420806169509888
0.1304928958415985,0.1750248670578003,-0.04453197121620178
0.09162142127752304,0.17081093788146973,-0.07918951660394669
0.1858823597431183,0.23594236373901367,-0.050060003995895386
0.1331365704536438,0.20590227842330933,-0.07276570796966553
0.13255424797534943,0.2371090054512024,-0.10455475747585297
0.09411358088254929,0.23673999309539795,-0.14262641221284866
0.1584814041852951,0.28170251846313477,-0.12322111427783966
0.10765589773654938,0.19858300685882568,-0.0909271091222763
0.10131316632032394,0.3025221824645996,-0.20120901614427567
0.07851796597242355,0.17273247241973877,-0.09421450644731522
0.06994755566120148,0.11984741687774658,-0.049899861216545105
0.14938917756080627,0.19462668895721436,-0.04523751139640808
0.2539868950843811,0.24147439002990723,0.012512505054473877
0.10860548168420792,0.24363219738006592,-0.135026715695858
0.1115417405962944,0.2326260209083557,-0.12108428031206131
0.23479147255420685,0.21395480632781982,0.020836666226387024
0.13149994611740112,0.16334402561187744,-0.03184407949447632
0.13390327990055084,0.23233544826507568,-0.09843216836452484
0.26588866114616394,0.2380448579788208,0.02784380316734314
0.20385104417800903,0.2697659730911255,-0.06591492891311646
0.1826493740081787,0.2837311029434204,-0.1010817289352417
0.11481171101331711,0.19662821292877197,-0.08181650191545486
0.17868907749652863,0.26644933223724365,-0.08776025474071503
0.1263902187347412,0.1700817346572876,-0.04369151592254639
0.21316072344779968,0.1718616485595703,0.04129907488822937
0.15276430547237396,0.1976199746131897,-0.044855669140815735
0.16491620242595673,0.22482335567474365,-0.059907153248786926
0.2372470647096634,0.188055157661438,0.0491919070482254
0.241123765707016,0.19252723455429077,0.04859653115272522
0.2313118577003479,0.22263473272323608,0.008677124977111816
0.1357417106628418,0.20661020278930664,-0.07086849212646484
0.37994298338890076,0.2003437876701355,0.17959919571876526
0.15550203621387482,0.17674678564071655,-0.021244749426841736
0.4559095501899719,0.16707193851470947,0.28883761167526245
0.10460339486598969,0.2002657651901245,-0.09566237032413483
0.10955636948347092,0.19295501708984375,-0.08339864760637283
0.1206848993897438,0.18592619895935059,-0.06524129956960678
0.13712623715400696,0.21557968854904175,-0.07845345139503479
0.13974446058273315,0.20866572856903076,-0.06892126798629761
0.08658287674188614,0.19867432117462158,-0.11209144443273544
0.09232477843761444,0.18028581142425537,-0.08796103298664093
0.2351154088973999,0.21642589569091797,0.018689513206481934
0.15846964716911316,0.1907057762145996,-0.03223612904548645
0.0992683470249176,0.1793358325958252,-0.08006748557090759
0.1525866687297821,0.19012486934661865,-0.03753820061683655
0.13106107711791992,0.2423919439315796,-0.11133086681365967
0.13733066618442535,0.2271137237548828,-0.08978305757045746
0.17053860425949097,0.1570119857788086,0.013526618480682373
0.10736200958490372,0.20546531677246094,-0.09810330718755722
0.1925344318151474,0.24452853202819824,-0.05199410021305084
0.2945198118686676,0.18892979621887207,0.10559001564979553
0.15630662441253662,0.17856919765472412,-0.0222625732421875
0.14196427166461945,0.2359699010848999,-0.09400562942028046
0.16043411195278168,0.2574641704559326,-0.09703005850315094
0.1594623327255249,0.19590723514556885,-0.036444902420043945
0.17389284074306488,0.23804724216461182,-0.06415440142154694
0.1367036998271942,0.21287095546722412,-0.07616725564002991
0.13015198707580566,0.21414244174957275,-0.08399045467376709
0.1388980597257614,0.2926884889602661,-0.1537904292345047
0.17756055295467377,0.20648348331451416,-0.028922930359840393
0.13676640391349792,0.2335829734802246,-0.09681656956672668
0.21538709104061127,0.16696399450302124,0.04842309653759003
0.2100265920162201,0.18281978368759155,0.02720680832862854
0.18029826879501343,0.2145940065383911,-0.034295737743377686
0.2596295177936554,0.23156142234802246,0.028068095445632935
0.1147385686635971,0.17460966110229492,-0.059871092438697815
0.11920109391212463,0.23107141256332397,-0.11187031865119934
0.16272251307964325,0.2185279130935669,-0.055805400013923645
0.11633797734975815,0.24320703744888306,-0.1268690600991249
0.12044455856084824,0.2470957636833191,-0.12665120512247086
0.0907469317317009,0.2639055848121643,-0.1731586530804634
0.13160443305969238,0.237900972366333,-0.10629653930664062
0.2046033889055252,0.1715739369392395,0.033029451966285706
0.2764424681663513,0.2508702278137207,0.025572240352630615
0.29660966992378235,0.18889641761779785,0.1077132523059845
0.16953547298908234,0.22116029262542725,-0.05162481963634491
0.10513630509376526,0.23444616794586182,-0.12930986285209656
0.19453024864196777,0.23192185163497925,-0.037391602993011475
0.11918019503355026,0.2472691535949707,-0.12808895856142044
0.10639022290706635,0.22794246673583984,-0.1215522438287735
0.06394442170858383,0.2139514684677124,-0.15000704675912857
0.12249262630939484,0.17527616024017334,-0.0527835339307785
0.190193772315979,0.22469592094421387,-0.03450214862823486
0.1416560262441635,0.26909852027893066,-0.12744249403476715
0.23920109868049622,0.20854008197784424,0.030661016702651978
0.11657831072807312,0.24180418252944946,-0.12522587180137634
0.13091477751731873,0.17843997478485107,-0.04752519726753235
0.15517809987068176,0.21539020538330078,-0.06021210551261902
0.1500370353460312,0.2975180745124817,-0.1474810391664505
0.25499001145362854,0.21192634105682373,0.04306367039680481
0.2362961769104004,0.27411210536956787,-0.03781592845916748
0.11386148631572723,0.19850897789001465,-0.08464749157428741
0.12344351410865784,0.1935015320777893,-0.07005801796913147
0.21693359315395355,0.17584466934204102,0.04108892381191254
0.09627462178468704,0.20730316638946533,-0.11102854460477829
0.2102871537208557,0.26815712451934814,-0.05786997079849243
0.20981760323047638,0.24524646997451782,-0.03542886674404144
0.1201983392238617,0.25171828269958496,-0.13151994347572327
0.14663055539131165,0.16631561517715454,-0.019685059785842896
0.1877172887325287,0.16827142238616943,0.019445866346359253
0.13577371835708618,0.24268066883087158,-0.1069069504737854
0.1559297889471054,0.2185603380203247,-0.0626305490732193
0.20326587557792664,0.16144448518753052,0.04182139039039612
0.10707399249076843,0.15614652633666992,-0.04907253384590149
0.2346033900976181,0.1515141725540161,0.08308921754360199
0.1429315060377121,0.1731271743774414,-0.03019566833972931
0.10787402838468552,0.1784290075302124,-0.07055497914552689
0.30999523401260376,0.21240997314453125,0.09758526086807251
0.26396599411964417,0.2620980143547058,0.0018679797649383545
0.1814790517091751,0.17405831813812256,0.007420733571052551
0.12643201649188995,0.18715953826904297,-0.060727521777153015
0.1298796385526657,0.2272079586982727,-0.097328320145607
0.10719482600688934,0.2045670747756958,-0.09737224876880646
0.2458050698041916,0.2132648229598999,0.03254024684429169
0.17890851199626923,0.2826805114746094,-0.10377199947834015
0.28087297081947327,0.20636427402496338,0.07450869679450989
0.19629618525505066,0.21167594194412231,-0.015379756689071655
0.15099836885929108,0.2773454189300537,-0.12634705007076263
0.10807256400585175,0.2664867639541626,-0.15841419994831085
0.1716044396162033,0.19165170192718506,-0.02004726231098175
0.19482283294200897,0.2142702341079712,-0.01944740116596222
0.21049681305885315,0.27214646339416504,-0.06164965033531189
0.21489597856998444,0.18971329927444458,0.025182679295539856
0.21912795305252075,0.282143235206604,-0.06301528215408325
0.10632752627134323,0.18778860569000244,-0.08146107941865921
0.169274240732193,0.1653531789779663,0.003921061754226685
0.1124926283955574,0.20634400844573975,-0.09385138005018234
0.15379878878593445,0.20477735996246338,-0.05097857117652893
0.14148949086666107,0.14960289001464844,-0.008113399147987366
0.08164557069540024,0.20663028955459595,-0.12498471885919571
0.08941464126110077,0.16983306407928467,-0.0804184228181839
0.23004749417304993,0.28422778844833374,-0.054180294275283813
0.17931602895259857,0.20691055059432983,-0.027594521641731262
0.1577688753604889,0.25933265686035156,-0.10156378149986267
0.1847705841064453,0.21972835063934326,-0.03495776653289795
0.11087754368782043,0.2259683609008789,-0.11509081721305847
0.13704852759838104,0.1729578971862793,-0.035909369587898254
0.1931195855140686,0.2674124240875244,-0.07429283857345581
0.12093567848205566,0.19508016109466553,-0.07414448261260986
0.1296922117471695,0.2116408348083496,-0.08194862306118011
0.10489597171545029,0.23662233352661133,-0.13172636181116104
0.20633797347545624,0.25693535804748535,-0.050597384572029114
0.11103428155183792,0.253900945186615,-0.14286666363477707
0.2403087168931961,0.20654714107513428,0.03376157581806183
0.36004748940467834,0.26283562183380127,0.09721186757087708
0.09074170142412186,0.23691612482070923,-0.14617442339658737
0.134363055229187,0.2033902406692505,-0.06902718544006348
0.16551248729228973,0.25658345222473145,-0.09107096493244171
0.1452825963497162,0.23453927040100098,-0.08925667405128479
0.12188656628131866,0.28525757789611816,-0.1633710116147995
0.1046660840511322,0.272849977016449,-0.16818389296531677
0.17882491648197174,0.17556965351104736,0.0032552629709243774
0.22252397239208221,0.210668683052063,0.011855289340019226
0.2539137303829193,0.25953078269958496,-0.005617052316665649
0.20659920573234558,0.2395157814025879,-0.03291657567024231
0.11543934047222137,0.15299153327941895,-0.03755219280719757
0.1235375627875328,0.2599843740463257,-0.13644681125879288
0.1550004631280899,0.24681484699249268,-0.09181438386440277
0.17671415209770203,0.2409353256225586,-0.06422117352485657
0.20749785006046295,0.3118777275085449,-0.10437987744808197
0.19874131679534912,0.22979199886322021,-0.031050682067871094
0.3550173044204712,0.24884283542633057,0.10617446899414062
0.3290327787399292,0.2940368056297302,0.034995973110198975
0.23661960661411285,0.27080655097961426,-0.034186944365501404
0.4353187680244446,0.23277366161346436,0.20254510641098022
0.5344473123550415,0.24855494499206543,0.2858923673629761
0.5763340592384338,0.23430049419403076,0.3420335650444031
0.049887239933013916,0.20209527015686035,-0.15220803022384644
0.28282350301742554,0.2420569658279419,0.04076653718948364
0.246721088886261,0.18623602390289307,0.06048506498336792
0.09027386456727982,0.30175626277923584,-0.21148239821195602
0.2799812853336334,0.27213209867477417,0.007849186658859253
0.5368360280990601,0.2512650489807129,0.28557097911834717
0.0702425166964531,0.1747521162033081,-0.10450959950685501
0.221977099776268,0.17790508270263672,0.04407201707363129
0.21852360665798187,0.3363668918609619,-0.11784328520298004
0.14556121826171875,0.1680593490600586,-0.022498130798339844
0.1627190113067627,0.31501632928848267,-0.15229731798171997
0.06548807770013809,0.20945298671722412,-0.14396490901708603
0.37359675765037537,0.2143455147743225,0.15925124287605286
0.209443137049675,0.2224811315536499,-0.013037994503974915
0.11026863753795624,0.19677090644836426,-0.08650226891040802
0.2667890191078186,0.25607407093048096,0.010714948177337646
0.32984021306037903,0.29371416568756104,0.03612604737281799
0.18447448313236237,0.18546247482299805,-0.0009879916906356812
0.1255037486553192,0.23739886283874512,-0.1118951141834259
0.23213383555412292,0.26801764965057373,-0.035883814096450806
0.06406174600124359,0.24210107326507568,-0.1780393272638321
0.6741662621498108,0.2441500425338745,0.4300162196159363
0.5768569111824036,0.27929824590682983,0.29755866527557373
0.4853835701942444,0.20178520679473877,0.2835983633995056
0.17150165140628815,0.2629661560058594,-0.09146450459957123
0.19002307951450348,0.2183070182800293,-0.028283938765525818
0.34159570932388306,0.29076993465423584,0.05082577466964722
0.12117773294448853,0.22654712200164795,-0.10536938905715942
0.2110418826341629,0.22329896688461304,-0.012257084250450134
0.35613593459129333,0.3102900981903076,0.04584583640098572
0.593706488609314,0.2891806364059448,0.30452585220336914
0.06735850125551224,0.2118687629699707,-0.14451026171445847
0.1579541116952896,0.16328716278076172,-0.005333051085472107
0.12144418805837631,0.29102444648742676,-0.16958025842905045
0.8043334484100342,0.37221550941467285,0.43211793899536133
0.2838161885738373,0.23320043087005615,0.05061575770378113
0.4347722828388214,0.3222651481628418,0.11250713467597961
0.06534178555011749,0.20864474773406982,-0.14330296218395233
0.23502308130264282,0.28108876943588257,-0.046065688133239746
0.48480886220932007,0.21655845642089844,0.26825040578842163
0.1984504610300064,0.2904045581817627,-0.09195409715175629
0.31269288063049316,0.298714280128479,0.01397860050201416
0.09151210635900497,0.2825213074684143,-0.19100920110940933
0.06949538737535477,0.18457388877868652,-0.11507850140333176
0.03542537987232208,0.19257420301437378,-0.1571488231420517
0.17386843264102936,0.2465425729751587,-0.07267414033412933
0.22462600469589233,0.16239416599273682,0.06223183870315552
0.3799499273300171,0.31279051303863525,0.06715941429138184
0.07980886846780777,0.26361751556396484,-0.18380864709615707
0.3504880666732788,0.2458808422088623,0.1046072244644165
0.5133512020111084,0.294627845287323,0.2187233567237854
0.42261451482772827,0.27385902404785156,0.1487554907798767
0.17166362702846527,0.2948719263076782,-0.12320829927921295
0.27000218629837036,0.23565804958343506,0.0343441367149353
0.14065003395080566,0.24848175048828125,-0.10783171653747559
0.46807950735092163,0.20984411239624023,0.2582353949546814
0.09903562068939209,0.22587227821350098,-0.1268366575241089
0.32004398107528687,0.21553003787994385,0.10451394319534302
0.2288266271352768,0.2398374080657959,-0.011010780930519104
0.5929645895957947,0.3242567181587219,0.26870787143707275
0.2962874472141266,0.2749420404434204,0.021345406770706177
0.3835862874984741,0.1960076093673706,0.18757867813110352
0.35834595561027527,0.28542113304138184,0.07292482256889343
0.21746300160884857,0.2762470245361328,-0.05878402292728424
0.32765108346939087,0.2336176633834839,0.09403342008590698
0.18286007642745972,0.284904420375824,-0.10204434394836426
0.24958942830562592,0.31243228912353516,-0.06284286081790924
0.1236124187707901,0.22820544242858887,-0.10459302365779877
0.24892589449882507,0.3502300977706909,-0.10130420327186584
0.19453196227550507,0.20458543300628662,-0.010053470730781555
0.10090604424476624,0.2693413496017456,-0.16843530535697937
0.2278391718864441,0.25489211082458496,-0.02705293893814087
0.22590604424476624,0.21641874313354492,0.009487301111221313
0.37975138425827026,0.1918199062347412,0.18793147802352905
0.48551419377326965,0.22757315635681152,0.25794103741645813
0.43100008368492126,0.2606002688407898,0.17039981484413147
0.12970437109470367,0.2723861336708069,-0.1426817625761032
0.23979319632053375,0.29629552364349365,-0.0565023273229599
0.3154515027999878,0.2588610053062439,0.056590497493743896
0.09676288813352585,0.21383941173553467,-0.11707652360200882
0.44380050897598267,0.28853416442871094,0.15526634454727173
0.11819444596767426,0.2706276774406433,-0.15243323147296906
0.5252372622489929,0.270926296710968,0.2543109655380249
0.2763606011867523,0.2935909032821655,-0.017230302095413208
0.41072317957878113,0.3036024570465088,0.10712072253227234
0.13066571950912476,0.2250291109085083,-0.09436339139938354
0.3875715434551239,0.2500762939453125,0.1374952495098114
0.3701745867729187,0.2773021459579468,0.09287244081497192
0.27152255177497864,0.27726149559020996,-0.005738943815231323
0.5833145976066589,0.25675833225250244,0.3265562653541565
0.01754659041762352,0.25169217586517334,-0.23414558544754982
0.3735183775424957,0.28220152854919434,0.09131684899330139
0.35463646054267883,0.22602832317352295,0.12860813736915588
0.6059374213218689,0.3186763525009155,0.28726106882095337
0.6633407473564148,0.29069018363952637,0.3726505637168884
0.15641283988952637,0.2505902051925659,-0.09417736530303955
0.03371691331267357,0.20541918277740479,-0.17170226946473122
0.4940513074398041,0.31818854808807373,0.17586275935173035
0.09967302531003952,0.22553467750549316,-0.12586165219545364
0.6718360185623169,0.22985392808914185,0.44198209047317505
0.19193530082702637,0.24198603630065918,-0.05005073547363281
0.20358629524707794,0.2186601161956787,-0.015073820948600769
0.47380051016807556,0.3959643840789795,0.07783612608909607
0.4460941255092621,0.305545449256897,0.1405486762523651
0.5215069055557251,0.2727586030960083,0.2487483024597168
0.38366466760635376,0.22591406106948853,0.15775060653686523
0.5617054104804993,0.3295571208000183,0.23214828968048096
0.756203830242157,0.32843196392059326,0.4277718663215637
0.033345963805913925,0.33220863342285156,-0.29886266961693764
0.3560680150985718,0.21355092525482178,0.14251708984375
0.2378966361284256,0.3483254909515381,-0.11042885482311249
0.31956854462623596,0.1878567337989807,0.13171181082725525
0.27409830689430237,0.17280107736587524,0.10129722952842712
0.1037534847855568,0.23674213886260986,-0.13298865407705307
0.04866466671228409,0.16952121257781982,-0.12085654586553574
0.4690983295440674,0.270662784576416,0.19843554496765137
0.16221743822097778,0.253506064414978,-0.09128862619400024
0.3851066827774048,0.32543718814849854,0.05966949462890625
0.4001275599002838,0.23176229000091553,0.1683652698993683
0.3402216136455536,0.3173196315765381,0.022901982069015503
0.17554032802581787,0.22179913520812988,-0.04625880718231201
0.36958420276641846,0.2574359178543091,0.11214828491210938
0.3327398896217346,0.3940160274505615,-0.061276137828826904
0.08516936749219894,0.2664296627044678,-0.18126029521226883
0.15567615628242493,0.34100890159606934,-0.1853327453136444
0.21783916652202606,0.2229251265525818,-0.005085960030555725
0.29572317004203796,0.29610878229141235,-0.00038561224937438965
0.37474095821380615,0.30368876457214355,0.0710521936416626
0.30155912041664124,0.29477548599243164,0.006783634424209595
0.17546717822551727,0.20791476964950562,-0.03244759142398834
0.19733759760856628,0.23793357610702515,-0.04059597849845886
0.08327804505825043,0.27769899368286133,-0.1944209486246109
0.039850667119026184,0.23420977592468262,-0.19435910880565643
0.568722128868103,0.23013275861740112,0.3385893702507019
0.11898337304592133,0.2830551862716675,-0.16407181322574615
0.2101536989212036,0.21219629049301147,-0.0020425915718078613
0.42541491985321045,0.23514944314956665,0.1902654767036438
0.16842955350875854,0.2681851387023926,-0.09975558519363403
0.383450448513031,0.37466514110565186,0.00878530740737915
0.2630324959754944,0.2817615866661072,-0.018729090690612793
0.5027033090591431,0.2750646471977234,0.22763866186141968
0.3796573579311371,0.3015066981315613,0.0781506597995758
0.23405128717422485,0.2674788236618042,-0.033427536487579346
0.2737116813659668,0.26270365715026855,0.011008024215698242
0.13108891248703003,0.21614611148834229,-0.08505719900131226
0.2355925738811493,0.24970078468322754,-0.014108210802078247
0.46771901845932007,0.20234453678131104,0.26537448167800903
0.3039102256298065,0.28412020206451416,0.01979002356529236
0.2836594581604004,0.19999945163726807,0.08366000652313232
0.1704253852367401,0.26576101779937744,-0.09533563256263733
0.0787273645401001,0.24315911531448364,-0.16443175077438354
0.6025100350379944,0.2183530330657959,0.3841570019721985
0.2785288393497467,0.29344987869262695,-0.014921039342880249
0.6620398163795471,0.3107380270957947,0.35130178928375244
0.3890460729598999,0.3296469449996948,0.05939912796020508
0.03308473154902458,0.2440255880355835,-0.21094085648655891
0.17696142196655273,0.22985237836837769,-0.05289095640182495
0.054746173322200775,0.19820892810821533,-0.14346275478601456
0.1684609055519104,0.2558624744415283,-0.08740156888961792
0.4107440710067749,0.2339092493057251,0.1768348217010498
0.6804723739624023,0.3794907331466675,0.30098164081573486
0.18200844526290894,0.19761723279953003,-0.015608787536621094
0.6116322875022888,0.2755657434463501,0.3360665440559387
0.40781304240226746,0.25763773918151855,0.1501753032207489
0.2217681109905243,0.22057181596755981,0.0011962950229644775
0.09681513905525208,0.2243638038635254,-0.12754866480827332
0.19745254516601562,0.21407532691955566,-0.01662278175354004
0.2561568319797516,0.3581176996231079,-0.10196086764335632
0.4162038564682007,0.22260922193527222,0.19359463453292847
0.1438109576702118,0.2365128993988037,-0.09270194172859192
0.5644065737724304,0.3023393750190735,0.26206719875335693
0.16579632461071014,0.1677817702293396,-0.0019854456186294556
0.3331160843372345,0.2805609703063965,0.05255511403083801
0.14527909457683563,0.22072184085845947,-0.07544274628162384
0.2793595492839813,0.1855231523513794,0.09383639693260193
0.0392916277050972,0.2362571358680725,-0.1969655081629753
0.2735079228878021,0.2357158660888672,0.037792056798934937
0.22468870878219604,0.2772172689437866,-0.052528560161590576
0.334615558385849,0.28643810749053955,0.04817745089530945
0.44606801867485046,0.3391455411911011,0.10692247748374939
0.12035223096609116,0.2210935354232788,-0.10074130445718765
0.30104711651802063,0.22512871026992798,0.07591840624809265
0.07081200182437897,0.201654314994812,-0.13084231317043304
0.11498650908470154,0.25423872470855713,-0.1392522156238556
0.34426549077033997,0.3339230418205261,0.010342448949813843
0.2996312379837036,0.2784212827682495,0.0212099552154541
0.19189873337745667,0.26745128631591797,-0.0755525529384613
0.3421233892440796,0.2807707190513611,0.061352670192718506
0.2248402237892151,0.2563847303390503,-0.031544506549835205
0.32653823494911194,0.21694886684417725,0.10958936810493469
0.22043582797050476,0.3661189675331116,-0.1456831395626068
0.36963123083114624,0.3062424659729004,0.06338876485824585
0.27371692657470703,0.3009970188140869,-0.027280092239379883
0.06575453281402588,0.20096737146377563,-0.13521283864974976
0.5563240051269531,0.31473052501678467,0.24159348011016846
0.2215747982263565,0.24223577976226807,-0.02066098153591156
0.2835131585597992,0.29427170753479004,-0.010758548974990845
0.5589938163757324,0.3333432674407959,0.22565054893493652
0.215467169880867,0.2645043730735779,-0.049037203192710876
0.05601054057478905,0.2521507143974304,-0.19614017382264137
0.05547240003943443,0.24870449304580688,-0.19323209300637245
0.17176289856433868,0.3609122633934021,-0.18914936482906342
0.21083290874958038,0.2135601043701172,-0.002727195620536804
0.12059256434440613,0.3098487854003906,-0.1892562210559845
0.02849225513637066,0.17062175273895264,-0.14212949760258198
0.04633446782827377,0.3198108673095703,-0.27347639948129654
0.18502308428287506,0.3519810438156128,-0.16695795953273773
0.13416101038455963,0.22926390171051025,-0.09510289132595062
0.5063762664794922,0.3036421537399292,0.202734112739563
0.6050752997398376,0.3393251895904541,0.26575011014938354
0.577687680721283,0.31997621059417725,0.2577114701271057
0.30515891313552856,0.2370690107345581,0.06808990240097046
0.17715473473072052,0.3088889718055725,-0.131734237074852
0.33925506472587585,0.34364789724349976,-0.004392832517623901
0.6625988483428955,0.35672903060913086,0.30586981773376465
0.5900805592536926,0.3488926291465759,0.2411879301071167
0.3588632047176361,0.26743245124816895,0.09143075346946716
0.08208159357309341,0.22953522205352783,-0.14745362848043442
0.4123898446559906,0.2202765941619873,0.1921132504940033
0.07410354167222977,0.22488510608673096,-0.1507815644145012
0.4049394726753235,0.275901198387146,0.1290382742881775
0.2977398931980133,0.22518742084503174,0.07255247235298157
0.09941179305315018,0.2953155040740967,-0.1959037110209465
0.4209112823009491,0.20938557386398315,0.21152570843696594
0.030033528804779053,0.1497858762741089,-0.11975234746932983
0.25819966197013855,0.27509403228759766,-0.016894370317459106
0.5381526350975037,0.3032418489456177,0.234910786151886
0.4324682354927063,0.32397329807281494,0.10849493741989136
0.2946573495864868,0.2736259698867798,0.02103137969970703
0.3408590257167816,0.24228185415267944,0.09857717156410217
0.3197910189628601,0.2207571268081665,0.0990338921546936
0.8610658049583435,0.24536311626434326,0.6157026886940002
0.2379205822944641,0.21308916807174683,0.024831414222717285
0.42607104778289795,0.326327383518219,0.09974366426467896
0.12827585637569427,0.2604612112045288,-0.13218535482883453
0.054284222424030304,0.3009408712387085,-0.2466566488146782
0.48256009817123413,0.28442245721817017,0.19813764095306396
0.25113898515701294,0.1982412338256836,0.052897751331329346
0.06828631460666656,0.2924725413322449,-0.2241862267255783
0.44705328345298767,0.26637303829193115,0.18068024516105652
0.3111598789691925,0.23712158203125,0.0740382969379425
0.08592476695775986,0.22229516506195068,-0.13637039810419083
0.09650992602109909,0.20574086904525757,-0.10923094302415848
0.5381922721862793,0.20068907737731934,0.33750319480895996
0.032445140182971954,0.2854151725769043,-0.25297003239393234
0.47620689868927,0.2998356819152832,0.17637121677398682
0.554858922958374,0.24957656860351562,0.3052823543548584
0.1555381417274475,0.3565835952758789,-0.2010454535484314
0.22016718983650208,0.3395639657974243,-0.11939677596092224
0.35357367992401123,0.25820231437683105,0.09537136554718018
0.3506792187690735,0.3394746780395508,0.011204540729522705
0.24526645243167877,0.2525477409362793,-0.007281288504600525
0.48153606057167053,0.27761805057525635,0.20391800999641418
0.013855799101293087,0.20200252532958984,-0.18814672622829676
0.25478577613830566,0.34530192613601685,-0.09051614999771118
0.5212225914001465,0.2289840579032898,0.2922385334968567
0.060386624187231064,0.18876862525939941,-0.12838200107216835
0.036029256880283356,0.20235466957092285,-0.1663254126906395
0.3785475492477417,0.2329249382019043,0.1456226110458374
0.07692790031433105,0.35262608528137207,-0.275698184967041
0.24138976633548737,0.19156062602996826,0.049829140305519104
0.1260501593351364,0.24006497859954834,-0.11401481926441193
0.17415882647037506,0.24799299240112305,-0.07383416593074799
0.2513270676136017,0.2447139024734497,0.0066131651401519775
0.24961337447166443,0.25971370935440063,-0.010100334882736206
0.1583176553249359,0.37989550828933716,-0.22157785296440125
0.02723092958331108,0.195831298828125,-0.16860036924481392
0.14386625587940216,0.22953999042510986,-0.0856737345457077
0.12959247827529907,0.28848063945770264,-0.15888816118240356
0.2720271646976471,0.1807764768600464,0.09125068783760071
0.4178265333175659,0.31945866346359253,0.09836786985397339
0.7721211910247803,0.18864941596984863,0.5834717750549316
0.0965726226568222,0.20586395263671875,-0.10929132997989655
0.17850574851036072,0.29030394554138184,-0.11179819703102112
0.08484848588705063,0.19552397727966309,-0.11067549139261246
0.49287354946136475,0.29208284616470337,0.20079070329666138
0.47301986813545227,0.23804855346679688,0.2349713146686554
0.03699059411883354,0.23551523685455322,-0.19852464273571968
0.17506791651248932,0.17490822076797485,0.00015969574451446533
0.462894469499588,0.2069963812828064,0.2558980882167816
0.1536468118429184,0.1921594738960266,-0.038512662053108215
0.11490073055028915,0.22317051887512207,-0.10826978832483292
0.08454545587301254,0.24433434009552002,-0.15978888422250748
0.06817136704921722,0.28269338607788086,-0.21452201902866364
0.2561546564102173,0.20395517349243164,0.052199482917785645
0.3887878656387329,0.26931214332580566,0.11947572231292725
0.27672937512397766,0.25511038303375244,0.02161899209022522
0.3705642521381378,0.3463311791419983,0.024233072996139526
0.4597596526145935,0.2509084939956665,0.208851158618927
0.5313270688056946,0.31767892837524414,0.21364814043045044
0.45752352476119995,0.19250249862670898,0.26502102613449097
0.5140438675880432,0.3373359441757202,0.176707923412323
0.08800417929887772,0.23801499605178833,-0.15001081675291061
0.29379311203956604,0.22863000631332397,0.06516310572624207
0.888505756855011,0.3293841481208801,0.5591216087341309
0.5807628035545349,0.25261998176574707,0.32814282178878784
0.20350052416324615,0.3240678906440735,-0.12056736648082733
0.25991639494895935,0.24073433876037598,0.019182056188583374
0.06246604025363922,0.20971649885177612,-0.1472504585981369
0.014294670894742012,0.18632066249847412,-0.1720259916037321
0.004179728217422962,0.17489349842071533,-0.17071377020329237
0.16341692209243774,0.26652711629867554,-0.10311019420623779
0.050114940851926804,0.29246044158935547,-0.24234550073742867
0.30169278383255005,0.3035680055618286,-0.0018752217292785645
0.13591431081295013,0.23806875944137573,-0.1021544486284256
0.4494566321372986,0.31599652767181396,0.13346010446548462
0.02020898647606373,0.19928252696990967,-0.17907354049384594
0.10746081173419952,0.24905431270599365,-0.14159350097179413
0.539864182472229,0.24993574619293213,0.2899284362792969
0.44434690475463867,0.2040116786956787,0.24033522605895996
0.6236363649368286,0.2454211711883545,0.3782151937484741
0.265381395816803,0.30688995122909546,-0.04150855541229248
0.6868129372596741,0.293895959854126,0.3929169774055481
0.5442319512367249,0.20260733366012573,0.3416246175765991
0.7403134703636169,0.2718525528907776,0.46846091747283936
0.63170325756073,0.25249719619750977,0.3792060613632202
0.04641588404774666,0.21163982152938843,-0.16522393748164177
0.2321525663137436,0.21323132514953613,0.01892124116420746
0.13643677532672882,0.25495457649230957,-0.11851780116558075
0.24218390882015228,0.2505824565887451,-0.008398547768592834
0.1355067938566208,0.2945232391357422,-0.1590164452791214
0.5489864349365234,0.3106403350830078,0.23834609985351562
0.43381398916244507,0.35201144218444824,0.08180254697799683
0.20653082430362701,0.2235395908355713,-0.017008766531944275
0.27821317315101624,0.29349642992019653,-0.015283256769180298
0.05160919576883316,0.1915593147277832,-0.13995011895895004
0.6707001328468323,0.2379697561264038,0.43273037672042847
0.018631139770150185,0.17806148529052734,-0.15943034552037716
0.4427899718284607,0.24391108751296997,0.19887888431549072
0.2651306092739105,0.23248052597045898,0.03265008330345154
0.540501594543457,0.24584537744522095,0.2946562170982361
0.3426332175731659,0.2668863534927368,0.07574686408042908
0.36489027738571167,0.26055270433425903,0.10433757305145264
0.08050156384706497,0.2225082516670227,-0.14200668781995773
0.0710449293255806,0.2489767074584961,-0.1779317781329155
0.0760188102722168,0.17127704620361328,-0.09525823593139648
0.5031765699386597,0.31189221143722534,0.19128435850143433
0.133092999458313,0.2852078676223755,-0.1521148681640625
0.7075026035308838,0.3235161304473877,0.3839864730834961
0.3121107518672943,0.21159595251083374,0.10051479935646057
0.49507835507392883,0.30268216133117676,0.19239619374275208
0.5967398285865784,0.3200761675834656,0.2766636610031128
0.08752351254224777,0.25795090198516846,-0.17042738944292068
0.1913897544145584,0.24485749006271362,-0.05346773564815521
0.058066874742507935,0.24738174676895142,-0.18931487202644348
0.12121212482452393,0.23611199855804443,-0.11489987373352051
0.21677115559577942,0.2659115791320801,-0.04914042353630066
0.056938350200653076,0.19554424285888672,-0.13860589265823364
0.3358098268508911,0.24105948209762573,0.09475034475326538
0.48804599046707153,0.35775887966156006,0.13028711080551147
0.772016704082489,0.3491321802139282,0.4228845238685608
0.19515150785446167,0.26148927211761475,-0.06633776426315308
0.1030825525522232,0.18463748693466187,-0.08155493438243866
0.6303343772888184,0.2558809518814087,0.37445342540740967
0.08982235938310623,0.20369315147399902,-0.11387079209089279
0.2735423147678375,0.33917105197906494,-0.06562873721122742
0.2268861085176468,0.2530321478843689,-0.026146039366722107
0.3196447193622589,0.32008200883865356,-0.0004372894763946533
0.352152556180954,0.33266329765319824,0.019489258527755737
0.027972832322120667,0.1904781460762024,-0.16250531375408173
0.36124345660209656,0.3393552899360657,0.021888166666030884
0.3040856719017029,0.21670281887054443,0.08738285303115845
0.138652041554451,0.2937854528427124,-0.1551334112882614
0.4317450225353241,0.2675299048423767,0.1642151176929474
0.44866248965263367,0.3134993314743042,0.13516315817832947
0.3524138033390045,0.33933770656585693,0.013076096773147583
0.26182863116264343,0.2806347608566284,-0.018806129693984985
0.4339916408061981,0.26607781648635864,0.16791382431983948
0.2657993733882904,0.23662519454956055,0.02917417883872986
0.1761128455400467,0.33375680446624756,-0.15764395892620087
0.41436782479286194,0.31003880500793457,0.10432901978492737
0.10318703949451447,0.25224190950393677,-0.1490548700094223
0.1327272653579712,0.34734320640563965,-0.21461594104766846
0.2800627052783966,0.2268754243850708,0.053187280893325806
0.5704492926597595,0.27656984329223633,0.2938794493675232
0.13838034868240356,0.2742030620574951,-0.13582271337509155
0.37792059779167175,0.26468318700790405,0.1132374107837677
0.6960919499397278,0.23081737756729126,0.4652745723724365
0.0014420063234865665,0.2244570255279541,-0.22301501920446754
0.31572622060775757,0.2481372356414795,0.06758898496627808
0.16668756306171417,0.28063952922821045,-0.11395196616649628
0.1251097172498703,0.36073410511016846,-0.23562438786029816
0.32525601983070374,0.2588125467300415,0.06644347310066223
0.13707418739795685,0.23862457275390625,-0.1015503853559494
0.18143156170845032,0.24671101570129395,-0.06527945399284363
0.39198535680770874,0.2564358711242676,0.13554948568344116
0.0787983313202858,0.1932482123374939,-0.1144498810172081
0.07152560353279114,0.25571656227111816,-0.18419095873832703
0.5617032647132874,0.18136608600616455,0.3803371787071228
0.47751307487487793,0.28246766328811646,0.19504541158676147
0.4780355393886566,0.3122340440750122,0.1658014953136444
0.7074817419052124,0.1628282070159912,0.5446535348892212
0.7345036864280701,0.2979273796081543,0.43657630681991577
0.2954963445663452,0.2923539876937866,0.0031423568725585938
0.40777429938316345,0.2408769130706787,0.16689738631248474
0.06942528486251831,0.21727418899536133,-0.14784890413284302
0.4853500425815582,0.2783675789833069,0.20698246359825134
0.21901775896549225,0.26465368270874023,-0.045635923743247986
0.5946186184883118,0.28377729654312134,0.31084132194519043
0.4071682393550873,0.2706652879714966,0.1365029513835907
0.5749843120574951,0.19185364246368408,0.38313066959381104
0.4670114815235138,0.20517361164093018,0.2618378698825836
0.08285266160964966,0.23776376247406006,-0.1549111008644104
0.13256008923053741,0.24027448892593384,-0.10771439969539642
0.015485893003642559,0.23992764949798584,-0.22444175649434328
0.21520376205444336,0.21877539157867432,-0.003571629524230957
0.18160919845104218,0.27008169889450073,-0.08847250044345856
0.6169697046279907,0.3177262544631958,0.2992434501647949
0.42695924639701843,0.3036445379257202,0.12331470847129822
0.0005538139957934618,0.20389878749847412,-0.20334497350268066
0.17938348650932312,0.24954873323440552,-0.0701652467250824
0.05660397186875343,0.25299155712127686,-0.19638758525252342
0.6082236170768738,0.24462288618087769,0.3636007308959961
0.374973863363266,0.35781389474868774,0.017159968614578247
0.1160397082567215,0.24682021141052246,-0.13078050315380096
0.33879831433296204,0.24314796924591064,0.09565034508705139
0.12318704277276993,0.19636881351470947,-0.07318177074193954
0.1334482729434967,0.32575154304504395,-0.19230327010154724
0.15673981606960297,0.20807170867919922,-0.05133189260959625
0.19862069189548492,0.2604334354400635,-0.06181274354457855
0.18223614990711212,0.25855910778045654,-0.07632295787334442
0.21187043190002441,0.24933892488479614,-0.03746849298477173
0.30870428681373596,0.28301507234573364,0.02568921446800232
0.39256009459495544,0.25178027153015137,0.14077982306480408
0.215109720826149,0.21792501211166382,-0.0028152912855148315
0.43300941586494446,0.22045648097991943,0.21255293488502502
0.2299477607011795,0.2492656707763672,-0.019317910075187683
0.011682340875267982,0.214585542678833,-0.20290320180356503
0.6411494016647339,0.3591195344924927,0.2820298671722412
0.09563218057155609,0.17965781688690186,-0.08402563631534576
0.15352141857147217,0.3056490421295166,-0.15212762355804443
0.21329154074192047,0.28729379177093506,-0.07400225102901459
0.11253918707370758,0.20120489597320557,-0.08866570889949799
0.2653605043888092,0.2855830192565918,-0.020222514867782593
0.04878787696361542,0.2652286887168884,-0.216440811753273
0.5934587121009827,0.2778019905090332,0.31565672159194946
0.582675039768219,0.260239839553833,0.322435200214386
0.371170312166214,0.25358688831329346,0.11758342385292053
0.6185789108276367,0.3979072570800781,0.2206716537475586
0.43718913197517395,0.2177600860595703,0.21942904591560364
0.0954023003578186,0.24244749546051025,-0.14704519510269165
0.2297283113002777,0.22142744064331055,0.008300870656967163
0.39081504940986633,0.29387056827545166,0.09694448113441467
0.433218389749527,0.24923914670944214,0.18397924304008484
0.09820272028446198,0.1879340410232544,-0.08973132073879242
0.5872518420219421,0.28941208124160767,0.2978397607803345
0.43812957406044006,0.28227072954177856,0.1558588445186615
0.2494879812002182,0.2317798137664795,0.01770816743373871
0.438119113445282,0.17767786979675293,0.26044124364852905
0.5530198812484741,0.19822126626968384,0.3547986149787903
0.24782654643058777,0.2709270715713501,-0.02310052514076233
0.5658202767372131,0.2537848949432373,0.31203538179397583
0.3911285400390625,0.3432798385620117,0.04784870147705078
0.06576802581548691,0.29669177532196045,-0.23092374950647354
0.5629571676254272,0.3069803714752197,0.2559767961502075
0.26296761631965637,0.21903306245803833,0.04393455386161804
0.00015673981397412717,0.22136825323104858,-0.22121151341707446
0.2846603989601135,0.20204061269760132,0.08261978626251221
0.24864159524440765,0.2633955478668213,-0.014753952622413635
0.015266457572579384,0.21223944425582886,-0.19697298668324947
0.21783699095249176,0.3287845253944397,-0.11094753444194794
0.1678265482187271,0.23868918418884277,-0.07086263597011566
0.04121212288737297,0.21390652656555176,-0.1726944036781788
0.2900731563568115,0.23551154136657715,0.054561614990234375
0.2431974858045578,0.24972403049468994,-0.006526544690132141
0.08284221589565277,0.30375587940216064,-0.22091366350650787
0.5433019995689392,0.3440402150154114,0.19926178455352783
0.22852665185928345,0.20976364612579346,0.01876300573348999
0.11884012818336487,0.23452532291412354,-0.11568519473075867
0.4216196537017822,0.35671675205230713,0.0649029016494751
0.8311807513237,0.2680246829986572,0.5631560683250427
0.025172414258122444,0.24823671579360962,-0.22306430153548717
0.2816614508628845,0.24169981479644775,0.03996163606643677
0.10866248607635498,0.20168828964233398,-0.093025803565979
0.49945664405822754,0.24895060062408447,0.25050604343414307
0.03729362413287163,0.2285560965538025,-0.19126247242093086
0.21280041337013245,0.281141459941864,-0.06834104657173157
0.19143155217170715,0.21216368675231934,-0.020732134580612183
0.010459770448505878,0.15012764930725098,-0.1396678788587451
0.058014627546072006,0.23489463329315186,-0.17688000574707985
0.16579937934875488,0.28853559494018555,-0.12273621559143066
0.6088087558746338,0.2681434154510498,0.340665340423584
0.06175548583269119,0.21759915351867676,-0.15584366768598557
0.11724138259887695,0.20191872119903564,-0.08467733860015869
0.16158829629421234,0.22292935848236084,-0.0613410621881485
0.2892058491706848,0.2663397192955017,0.022866129875183105
0.19225704669952393,0.20700955390930176,-0.014752507209777832
0.40500521659851074,0.23204421997070312,0.17296099662780762
0.05876697972416878,0.21568596363067627,-0.1569189839065075
0.23366771638393402,0.3495340347290039,-0.11586631834506989
0.30159875750541687,0.21229445934295654,0.08930429816246033
0.6350574493408203,0.2526758909225464,0.3823815584182739
0.06118077412247658,0.1822805404663086,-0.12109976634383202
0.08902820944786072,0.19064629077911377,-0.10161808133125305
0.10518286377191544,0.22643089294433594,-0.1212480291724205
0.013636363670229912,0.20480644702911377,-0.19117008335888386
0.16319748759269714,0.35472917556762695,-0.1915316879749298
0.8410031199455261,0.23708808422088623,0.6039150357246399
0.02774294652044773,0.23463040590286255,-0.20688745938241482
0.459676057100296,0.2579941749572754,0.20168188214302063
0.2901671826839447,0.2953464984893799,-0.005179315805435181
0.20897597074508667,0.2620497941970825,-0.05307382345199585
0.03313479572534561,0.2941359877586365,-0.26100119203329086
0.24536050856113434,0.26818519830703735,-0.022824689745903015
0.42198535799980164,0.3305366039276123,0.09144875407218933
0.7329153418540955,0.3236877918243408,0.40922755002975464
0.0730929970741272,0.17702138423919678,-0.10392838716506958
0.27110761404037476,0.21887314319610596,0.0522344708442688
0.2526959180831909,0.2737451195716858,-0.021049201488494873
0.5057366490364075,0.2475416660308838,0.2581949830055237
0.37615466117858887,0.2411457896232605,0.13500887155532837
0.16208986937999725,0.23967653512954712,-0.07758666574954987
0.6577116250991821,0.2642970085144043,0.39341461658477783
0.04853709414601326,0.23269259929656982,-0.18415550515055656
0.14452455937862396,0.26790595054626465,-0.12338139116764069
0.21901775896549225,0.2720649242401123,-0.053047165274620056
0.41925808787345886,0.18753516674041748,0.23172292113304138
0.6294670701026917,0.3964254856109619,0.23304158449172974
0.2475757598876953,0.28256380558013916,-0.03498804569244385
0.1804911196231842,0.289358913898468,-0.10886779427528381
0.7140334248542786,0.3125638961791992,0.40146952867507935
0.6983489990234375,0.3430202007293701,0.3553287982940674
0.16378265619277954,0.31507962942123413,-0.1512969732284546
0.008014628663659096,0.23147010803222656,-0.22345547936856747
0.19859978556632996,0.2455539107322693,-0.04695412516593933
0.07079415023326874,0.23678100109100342,-0.16598685085773468
0.1682758629322052,0.2640184760093689,-0.0957426130771637
0.20987461507320404,0.2885572910308838,-0.07868267595767975
0.008328109048306942,0.26929837465286255,-0.2609702656045556
0.22501567006111145,0.19400787353515625,0.0310077965259552
0.39146289229393005,0.2911158800125122,0.10034701228141785
0.011316614225506783,0.3234837055206299,-0.3121670912951231
0.005506792105734348,0.18229830265045166,-0.1767915105447173
0.6565203666687012,0.3351562023162842,0.321364164352417
0.23824451863765717,0.2367069125175476,0.001537606120109558
0.06096133589744568,0.2204800844192505,-0.1595187485218048
0.15733543038368225,0.3063974380493164,-0.14906200766563416
0.04464994743466377,0.2801061272621155,-0.2354561798274517
0.033542320132255554,0.2190825343132019,-0.18554021418094635
0.47809821367263794,0.333210825920105,0.14488738775253296
0.3715256154537201,0.2729562520980835,0.0985693633556366
0.005924765020608902,0.14936506748199463,-0.14344030246138573
0.17006269097328186,0.22921979427337646,-0.059157103300094604
0.046353187412023544,0.17838740348815918,-0.13203421607613564
0.12958203256130219,0.2005571722984314,-0.07097513973712921
0.42012539505958557,0.3319858908653259,0.08813950419425964
0.5803866386413574,0.3581410050392151,0.22224563360214233
0.1484535038471222,0.2393156886100769,-0.09086218476295471
0.014242424629628658,0.19698107242584229,-0.18273864779621363
0.22137930989265442,0.18487966060638428,0.03649964928627014
0.058892372995615005,0.20593863725662231,-0.1470462642610073
0.6018913388252258,0.2754300832748413,0.3264612555503845
0.5857262015342712,0.3132125735282898,0.27251362800598145
0.17921629548072815,0.21991455554962158,-0.04069826006889343
0.49045976996421814,0.3144502639770508,0.17600950598716736
0.12067920714616776,0.17635822296142578,-0.055679015815258026
0.2838871479034424,0.20130789279937744,0.08257925510406494
0.5160815119743347,0.3217657804489136,0.19431573152542114
0.5887669920921326,0.2823152542114258,0.3064517378807068
0.5059247612953186,0.24876713752746582,0.2571576237678528
0.2569279074668884,0.2121371030807495,0.044790804386138916
0.23592476546764374,0.2741791009902954,-0.03825433552265167
0.6988087892532349,0.37201112508773804,0.3267976641654968
0.4564785659313202,0.30764931440353394,0.14882925152778625
0.742392897605896,0.22271853685379028,0.5196743607521057
0.1456008404493332,0.22811567783355713,-0.08251483738422394
0.4065099358558655,0.30370569229125977,0.10280424356460571
0.6335422992706299,0.2550617456436157,0.37848055362701416
0.13523511588573456,0.2656688094139099,-0.13043369352817535
0.015987461432814598,0.20869863033294678,-0.19271116890013218
0.0386311374604702,0.20327544212341309,-0.1646443046629429
0.2521421015262604,0.26840609312057495,-0.016263991594314575
0.5327063798904419,0.3107261657714844,0.22198021411895752
0.2080041766166687,0.1963498592376709,0.011654317378997803
0.10612329840660095,0.2470608353614807,-0.14093753695487976
0.45862069725990295,0.27258312702178955,0.1860375702381134
0.13867293298244476,0.29689836502075195,-0.1582254320383072
0.24387669563293457,0.22411346435546875,0.01976323127746582
0.2632392942905426,0.2610319256782532,0.0022073686122894287
0.502079427242279,0.25417226552963257,0.24790716171264648
0.11256008595228195,0.20559269189834595,-0.093032605946064
0.053772203624248505,0.2848203182220459,-0.2310481145977974
0.4229780435562134,0.222761869430542,0.2002161741256714
0.1514524519443512,0.346365749835968,-0.19491329789161682
0.07123301923274994,0.20637822151184082,-0.13514520227909088
0.008808777667582035,0.15698659420013428,-0.14817781653255224
0.21073144674301147,0.20883584022521973,0.001895606517791748
0.461159884929657,0.20565319061279297,0.255506694316864
0.17637409269809723,0.22003412246704102,-0.04366002976894379
0.10753396153450012,0.23196518421173096,-0.12443122267723083
0.28755486011505127,0.3101379871368408,-0.02258312702178955
0.0974503681063652,0.2744019031524658,-0.17695153504610062
0.04422152414917946,0.20812350511550903,-0.16390198096632957
0.5144409537315369,0.2256041169166565,0.28883683681488037
0.29277950525283813,0.2110438346862793,0.08173567056655884
0.11078369617462158,0.18550097942352295,-0.07471728324890137
0.024587251245975494,0.16734129190444946,-0.14275404065847397
0.3759038746356964,0.1435699462890625,0.2323339283466339
0.02003134787082672,0.22106289863586426,-0.20103155076503754
0.06934168934822083,0.19909274578094482,-0.129751056432724
0.46932080388069153,0.23924243450164795,0.23007836937904358
0.11175548285245895,0.2294735312461853,-0.11771804839372635
0.09743991494178772,0.2765343189239502,-0.17909440398216248
0.14966562390327454,0.28678739070892334,-0.1371217668056488
0.16925810277462006,0.2894470691680908,-0.12018896639347076
0.6887878775596619,0.23056310415267944,0.4582247734069824
0.060825496912002563,0.30805134773254395,-0.24722585082054138
0.5982758402824402,0.27419769763946533,0.32407814264297485
0.6995924711227417,0.35683393478393555,0.34275853633880615
0.39220482110977173,0.2632879614830017,0.12891685962677002
0.16844305396080017,0.2054964303970337,-0.03705337643623352
0.22100313007831573,0.30629903078079224,-0.0852959007024765
0.0366562157869339,0.1938852071762085,-0.1572289913892746
0.0053500523790717125,0.21850109100341797,-0.21315103862434626
0.05708463862538338,0.271883487701416,-0.21479884907603264
0.18549634516239166,0.20384109020233154,-0.01834474503993988
0.15742947161197662,0.21772456169128418,-0.060295090079307556
0.016948798671364784,0.2573662996292114,-0.24041750095784664
0.1384952962398529,0.23878240585327148,-0.10028710961341858
0.24908046424388885,0.26940321922302246,-0.020322754979133606
0.2945350110530853,0.16721338033676147,0.12732163071632385
0.20738767087459564,0.2240375280380249,-0.01664985716342926
0.07709509134292603,0.3137243986129761,-0.23662930727005005
0.27045977115631104,0.2695128917694092,0.0009468793869018555
0.059623826295137405,0.30734753608703613,-0.24772370979189873
0.5430616736412048,0.26094943284988403,0.2821122407913208
0.531619668006897,0.30067670345306396,0.230942964553833
0.5014106631278992,0.22848546504974365,0.2729251980781555
0.09743991494178772,0.3632086515426636,-0.26576873660087585
0.3508986532688141,0.23726415634155273,0.11363449692726135
0.059770114719867706,0.20846056938171387,-0.14869045466184616
0.07140021026134491,0.2561856508255005,-0.18478544056415558
0.03587251901626587,0.18615305423736572,-0.15028053522109985
0.5869696736335754,0.3583202362060547,0.22864943742752075
0.22810867428779602,0.2229928970336914,0.005115777254104614
0.3280564248561859,0.20670568943023682,0.1213507354259491
0.4969383478164673,0.23150849342346191,0.26542985439300537
0.8008150458335876,0.24775731563568115,0.5530577301979065
0.2118913233280182,0.27081799507141113,-0.058926671743392944
0.5553709268569946,0.3594987392425537,0.19587218761444092
0.2689550817012787,0.22881031036376953,0.040144771337509155
0.40551725029945374,0.2612113356590271,0.14430591464042664
0.009184952825307846,0.1769881248474121,-0.16780317202210426
0.11664576828479767,0.2837120294570923,-0.16706626117229462
0.08723092824220657,0.1872648000717163,-0.10003387182950974
0.4527586102485657,0.28759777545928955,0.16516083478927612
0.35252872109413147,0.22634422779083252,0.12618449330329895
0.4082654118537903,0.2990446090698242,0.10922080278396606
0.42130616307258606,0.36067742109298706,0.060628741979599
0.37822362780570984,0.2849467992782593,0.09327682852745056
0.3122048079967499,0.2303028106689453,0.08190199732780457
0.30124348402023315,0.3283449411392212,-0.027101457118988037
0.2524033486843109,0.21531879901885986,0.03708454966545105
0.03999999910593033,0.2611438035964966,-0.22114380449056625
0.38340649008750916,0.2102900743484497,0.17311641573905945
0.23340648412704468,0.2191571593284607,0.014249324798583984
0.2229362577199936,0.24704790115356445,-0.024111643433570862
0.04567398130893707,0.24159032106399536,-0.1959163397550583
0.09577847272157669,0.2041093111038208,-0.10833083838224411
0.6674190163612366,0.2900393009185791,0.37737971544265747
0.17782653868198395,0.20559006929397583,-0.027763530611991882
0.02357366681098938,0.2639763355255127,-0.24040266871452332
0.2592894434928894,0.22800838947296143,0.03128105401992798
0.07430511713027954,0.27823710441589355,-0.203931987285614
0.5965830683708191,0.2702796459197998,0.3263034224510193
0.06249738857150078,0.24977076053619385,-0.18727337196469307
0.18140020966529846,0.264957070350647,-0.08355686068534851
0.09519331157207489,0.27714473009109497,-0.18195141851902008
0.07580982148647308,0.23743999004364014,-0.16163016855716705
0.08955068141222,0.25863945484161377,-0.16908877342939377
0.4342110753059387,0.2818606495857239,0.15235042572021484
0.3347857892513275,0.17507219314575195,0.15971359610557556
0.1098223626613617,0.1711869239807129,-0.061364561319351196
0.48649948835372925,0.24900144338607788,0.23749804496765137
0.24820271134376526,0.2995460033416748,-0.051343291997909546
0.5032706260681152,0.3395371437072754,0.16373348236083984
0.26137930154800415,0.37239253520965576,-0.11101323366165161
0.13357366621494293,0.26329469680786133,-0.1297210305929184
0.08249738812446594,0.1948874592781067,-0.11239007115364075
0.11461859941482544,0.247727632522583,-0.13310903310775757
0.13848485052585602,0.24832290410995483,-0.10983805358409882
0.3266039788722992,0.2025911808013916,0.12401279807090759
0.39672935009002686,0.3238455057144165,0.07288384437561035
0.24205851554870605,0.291928231716156,-0.04986971616744995
0.11637408286333084,0.2475244402885437,-0.13115035742521286
0.3189028203487396,0.19326257705688477,0.12564024329185486
0.3726332187652588,0.251071035861969,0.1215621829032898
0.24793103337287903,0.2367696762084961,0.011161357164382935
0.61771160364151,0.29326242208480835,0.32444918155670166
0.09857889264822006,0.19569694995880127,-0.09711805731058121
0.2336154580116272,0.32951438426971436,-0.09589892625808716
0.021473353728652,0.32194316387176514,-0.30046981014311314
0.23619644343852997,0.198111891746521,0.03808455169200897
0.28288400173187256,0.2689627408981323,0.013921260833740234
0.6819958090782166,0.30440497398376465,0.3775908350944519
0.6190699934959412,0.3329399824142456,0.28613001108169556
0.029362590983510017,0.1622239351272583,-0.13286134414374828
0.40646812319755554,0.20208996534347534,0.2043781578540802
0.039278995245695114,0.29306650161743164,-0.2537875063717365
0.3167084753513336,0.2670026421546936,0.049705833196640015
0.6094043850898743,0.29162466526031494,0.3177797198295593
0.5484848618507385,0.2674139738082886,0.28107088804244995
0.5495924949645996,0.2213146686553955,0.3282778263092041
0.32342737913131714,0.24744927883148193,0.0759781002998352
0.18924765288829803,0.29219961166381836,-0.10295195877552032
0.10709509253501892,0.23617738485336304,-0.12908229231834412
0.31647858023643494,0.299849271774292,0.016629308462142944
0.3988923728466034,0.24764299392700195,0.15124937891960144
0.22176593542099,0.23868447542190552,-0.016918540000915527
0.02366771176457405,0.1604527235031128,-0.13678501173853874
0.17388714849948883,0.24399542808532715,-0.07010827958583832
0.5719226598739624,0.30960941314697266,0.26231324672698975
0.09466039389371872,0.2685573101043701,-0.1738969162106514
0.4308463931083679,0.263391375541687,0.1674550175666809
0.19846394658088684,0.20028150081634521,-0.001817554235458374
0.25897595286369324,0.2963777780532837,-0.037401825189590454
0.03132706508040428,0.22004765272140503,-0.18872058764100075
0.19727273285388947,0.26006019115448,-0.06278745830059052
0.3046499490737915,0.2171018123626709,0.0875481367111206
0.1666039675474167,0.31728094816207886,-0.15067698061466217
0.15556949377059937,0.25139331817626953,-0.09582382440567017
0.12699060142040253,0.3057190179824829,-0.17872841656208038
0.18249738216400146,0.27490270137786865,-0.09240531921386719
0.45576801896095276,0.23542320728302002,0.22034481167793274
0.05678160861134529,0.20802170038223267,-0.15124009177088737
0.1916196495294571,0.211761474609375,-0.020141825079917908
0.29584115743637085,0.23117965459823608,0.06466150283813477
0.4475443959236145,0.3087320327758789,0.1388123631477356
0.2241797298192978,0.2744438648223877,-0.050264135003089905
0.6960501670837402,0.2751201391220093,0.42093002796173096
0.46965518593788147,0.2403491735458374,0.22930601239204407
0.2669592499732971,0.2676684856414795,-0.000709235668182373
0.22495298087596893,0.24963819980621338,-0.024685218930244446
0.06198536977171898,0.1803874969482422,-0.11840212717652321
0.013740857131779194,0.24075698852539062,-0.22701613139361143
0.07297805696725845,0.3123759627342224,-0.23939790576696396
0.01661442033946514,0.24751681089401245,-0.2309023905545473
0.012622779235243797,0.21356713771820068,-0.2009443584829569
0.03866248577833176,0.2664187550544739,-0.22775626927614212
0.283134788274765,0.20130205154418945,0.08183273673057556
0.20804597437381744,0.19287109375,0.015174880623817444
0.08714733272790909,0.25498461723327637,-0.16783728450536728
0.17543365061283112,0.22691452503204346,-0.05148087441921234
0.04445141181349754,0.23819124698638916,-0.19373983517289162
0.37463951110839844,0.23393112421035767,0.14070838689804077
0.09303030371665955,0.202254056930542,-0.10922375321388245
0.19708463549613953,0.25445252656936646,-0.05736789107322693
0.40873563289642334,0.24907183647155762,0.15966379642486572
0.37718912959098816,0.2410210371017456,0.13616809248924255
0.3365726172924042,0.32808905839920044,0.008483558893203735
0.10215256363153458,0.25164496898651123,-0.14949240535497665
0.08075235038995743,0.19995331764221191,-0.11920096725225449
0.10817136615514755,0.21826201677322388,-0.11009065061807632
0.38574713468551636,0.2727609872817993,0.11298614740371704
0.03818181902170181,0.17954963445663452,-0.1413678154349327
0.5258620977401733,0.32054418325424194,0.2053179144859314
0.09593521058559418,0.17505812644958496,-0.07912291586399078
0.6218181848526001,0.25939786434173584,0.36242032051086426
0.24394984543323517,0.3107830286026001,-0.06683318316936493
0.4064994752407074,0.2670302391052246,0.1394692361354828
0.15555903315544128,0.21393179893493652,-0.05837276577949524
0.2975444197654724,0.2085166573524475,0.0890277624130249
0.5026123523712158,0.3158497214317322,0.18676263093948364
0.03625914454460144,0.27806591987609863,-0.2418067753314972
0.37295717000961304,0.27273839712142944,0.1002187728881836
0.26803553104400635,0.27089107036590576,-0.002855539321899414
0.29863113164901733,0.24666476249694824,0.05196636915206909
0.3327272832393646,0.24884045124053955,0.08388683199882507
0.1904701590538025,0.26145750284194946,-0.07098734378814697
0.3319605588912964,0.2777210474014282,0.054239511489868164
0.04256144165992737,0.1700817346572876,-0.12752029299736023
0.48201584815979004,0.2511465549468994,0.23086929321289062
0.3154468238353729,0.22436738014221191,0.09107944369316101
0.20013172924518585,0.2365749478340149,-0.03644321858882904
0.23952758312225342,0.3280206322669983,-0.08849304914474487
0.3518174886703491,0.27385902404785156,0.07795846462249756
0.21870426833629608,0.24180907011032104,-0.023104801774024963
0.06309811770915985,0.24107372760772705,-0.1779756098985672
0.21359479427337646,0.25980496406555176,-0.04621016979217529
0.2560151219367981,0.3501887321472168,-0.0941736102104187
0.28026100993156433,0.23927181959152222,0.040989190340042114
0.31329435110092163,0.25846636295318604,0.054827988147735596
0.18392382562160492,0.3084547519683838,-0.12453092634677887
0.23661960661411285,0.27080655097961426,-0.034186944365501404
0.37384870648384094,0.37015974521636963,0.0036889612674713135
0.18012984097003937,0.3068092465400696,-0.1266794055700302
0.15521761775016785,0.2873119115829468,-0.13209429383277893
0.03069385699927807,0.22407031059265137,-0.1933764535933733
0.23250889778137207,0.2821809649467468,-0.049672067165374756
0.4095008671283722,0.19937348365783691,0.21012738347053528
0.18776783347129822,0.23556303977966309,-0.04779520630836487
0.27237221598625183,0.22676879167556763,0.045603424310684204
0.43286049365997314,0.23478996753692627,0.19807052612304688
0.24934501945972443,0.2933664321899414,-0.04402141273021698
0.2756304144859314,0.2506614923477173,0.02496892213821411
0.17786401510238647,0.27417707443237305,-0.09631305932998657
0.15412533283233643,0.26045846939086914,-0.10633313655853271
0.21168294548988342,0.21367937326431274,-0.0019964277744293213
0.2837334871292114,0.29689836502075195,-0.013164877891540527
0.1874687820672989,0.27699655294418335,-0.08952777087688446
0.26102590560913086,0.2364254593849182,0.024600446224212646
0.6099406480789185,0.3120713233947754,0.29786932468414307
0.030842697247862816,0.2616370916366577,-0.2307943943887949
0.18547466397285461,0.20068824291229248,-0.015213578939437866
0.3189954161643982,0.1791149377822876,0.1398804783821106
0.5154640078544617,0.2697361707687378,0.24572783708572388
0.20159442722797394,0.20957106351852417,-0.007976636290550232
0.20031115412712097,0.23679327964782715,-0.03648212552070618
0.17084671556949615,0.24334430694580078,-0.07249759137630463
0.21434664726257324,0.20563846826553345,0.008708178997039795
0.06968620419502258,0.20312219858169556,-0.13343599438667297
0.21398426592350006,0.25396454334259033,-0.03998027741909027
0.33282965421676636,0.27849113941192627,0.05433851480484009
0.08820156753063202,0.1965547800064087,-0.10835321247577667
0.21907466650009155,0.27888476848602295,-0.059810101985931396
0.3754766881465912,0.2868396043777466,0.0886370837688446
0.3476198613643646,0.2591770887374878,0.08844277262687683
0.17821523547172546,0.2782557010650635,-0.10004046559333801
0.2715308368206024,0.33037030696868896,-0.05883947014808655
0.17574602365493774,0.22689878940582275,-0.05115276575088501
0.233893483877182,0.35492509603500366,-0.12103161215782166
0.24599705636501312,0.21960127353668213,0.026395782828330994
0.2839707136154175,0.23769116401672363,0.04627954959869385
0.030038056895136833,0.22408556938171387,-0.19404751248657703
0.2326291799545288,0.16220784187316895,0.07042133808135986
0.1629113107919693,0.301255464553833,-0.1383441537618637
0.10545450448989868,0.18632501363754272,-0.08087050914764404
0.12456635385751724,0.1405985951423645,-0.01603224128484726
0.1715509295463562,0.2659776210784912,-0.09442669153213501
0.18407581746578217,0.2606847286224365,-0.07660891115665436
0.1421099305152893,0.2426069974899292,-0.10049706697463989
0.35241514444351196,0.23184001445770264,0.12057512998580933
0.11733776330947876,0.2049230933189392,-0.08758533000946045
0.23071205615997314,0.17764103412628174,0.053071022033691406
0.1462864726781845,0.17010116577148438,-0.023814693093299866
0.27179834246635437,0.2716178894042969,0.00018045306205749512
0.1865793913602829,0.15599936246871948,0.030580028891563416
0.10839958488941193,0.2908153533935547,-0.18241576850414276
0.18153397738933563,0.26322323083877563,-0.08168925344944
0.041930973529815674,0.22491496801376343,-0.18298399448394775
0.24333912134170532,0.26182830333709717,-0.018489181995391846
0.25883254408836365,0.237717866897583,0.02111467719078064
0.27944958209991455,0.3125063180923462,-0.03305673599243164
0.16880996525287628,0.22610026597976685,-0.057290300726890564
0.22393448650836945,0.24508464336395264,-0.02115015685558319
0.22439780831336975,0.1870051622390747,0.037392646074295044
0.2432376742362976,0.23465055227279663,0.008587121963500977
0.35164356231689453,0.3564181327819824,-0.004774570465087891
0.15775743126869202,0.2967613935470581,-0.1390039622783661
0.3550173044204712,0.24884283542633057,0.10617446899414062
0.26365986466407776,0.30457842350006104,-0.040918558835983276
0.25079280138015747,0.2802087068557739,-0.029415905475616455
0.2198362946510315,0.2202380895614624,-0.0004017949104309082
0.24984043836593628,0.29076993465423584,-0.04092949628829956
0.240941122174263,0.23576676845550537,0.005174353718757629
0.22177836298942566,0.28416383266448975,-0.06238546967506409
0.1636899709701538,0.246238112449646,-0.08254814147949219
0.2280115932226181,0.2390437126159668,-0.011032119393348694
0.16688519716262817,0.2655003070831299,-0.09861510992050171
0.19873586297035217,0.2223745584487915,-0.02363869547843933
0.15477648377418518,0.21696114540100098,-0.062184661626815796
0.1699695885181427,0.26992321014404297,-0.09995362162590027
0.03100884146988392,0.16458892822265625,-0.13358008675277233
0.32696646451950073,0.23854577541351318,0.08842068910598755
0.18676821887493134,0.34746575355529785,-0.16069753468036652
0.2871237099170685,0.25935685634613037,0.02776685357093811
0.29571428894996643,0.34253478050231934,-0.046820491552352905
0.2765558063983917,0.26995837688446045,0.006597429513931274
0.4008508324623108,0.3004946708679199,0.10035616159439087
0.3317733407020569,0.24068516492843628,0.0910881757736206
0.3093244433403015,0.1740400791168213,0.13528436422348022
0.28607630729675293,0.231239914894104,0.054836392402648926
0.22970226407051086,0.28818070888519287,-0.05847844481468201
0.32875052094459534,0.3614739179611206,-0.03272339701652527
0.07338852435350418,0.237013578414917,-0.1636250540614128
0.2879599332809448,0.31915706396102905,-0.03119713068008423
0.3290327787399292,0.2940368056297302,0.034995973110198975
0.18629047274589539,0.2253456711769104,-0.039055198431015015
0.3260194957256317,0.2577476501464844,0.06827184557914734
0.16417033970355988,0.21129685640335083,-0.047126516699790955
0.1587219387292862,0.230940580368042,-0.0722186416387558
0.18296895921230316,0.33335983753204346,-0.1503908783197403
0.20481234788894653,0.2698485851287842,-0.06503623723983765
0.2988685369491577,0.17377102375030518,0.12509751319885254
0.23171116411685944,0.27768397331237793,-0.045972809195518494
0.25049373507499695,0.28613418340682983,-0.035640448331832886
0.33241474628448486,0.23547112941741943,0.09694361686706543
0.047263260930776596,0.2376781702041626,-0.190414909273386
0.4792868196964264,0.25574707984924316,0.22353973984718323
0.22406627237796783,0.28002309799194336,-0.055956825613975525
0.23742714524269104,0.2741295099258423,-0.036702364683151245
0.21900369226932526,0.22921276092529297,-0.010209068655967712
0.3277551829814911,0.24329644441604614,0.08445873856544495
0.305838942527771,0.26066792011260986,0.04517102241516113
0.033634670078754425,0.22740381956100464,-0.1937691494822502
0.38981273770332336,0.27830618619918823,0.11150655150413513
0.40782713890075684,0.2728807330131531,0.13494640588760376
0.40727829933166504,0.28289794921875,0.12438035011291504
0.029796678572893143,0.14414924383163452,-0.11435256525874138
0.25696471333503723,0.2798718214035034,-0.022907108068466187
0.2054242640733719,0.21967369318008423,-0.014249429106712341
0.23569084703922272,0.32324039936065674,-0.08754955232143402
0.22069749236106873,0.26782864332199097,-0.04713115096092224
0.5352916121482849,0.3429361581802368,0.1923554539680481
0.25370916724205017,0.21964991092681885,0.03405925631523132
0.04132194444537163,0.23701691627502441,-0.1956949718296528
0.3256755471229553,0.3979072570800781,-0.0722317099571228
0.17165185511112213,0.2140117883682251,-0.042359933257102966
0.1812843233346939,0.20334327220916748,-0.022058948874473572
0.1595648229122162,0.1892259120941162,-0.029661089181900024
0.17110225558280945,0.30654239654541016,-0.1354401409626007
0.3235373795032501,0.17767786979675293,0.1458595097064972
0.311290979385376,0.24615901708602905,0.06513196229934692
0.4353187680244446,0.23277366161346436,0.20254510641098022
0.3296924829483032,0.28077709674835205,0.04891538619995117
0.06621849536895752,0.21561861038208008,-0.14940011501312256
0.19565635919570923,0.29069018363952637,-0.09503382444381714
0.06134388595819473,0.258766770362854,-0.19742288440465927
0.043035298585891724,0.20013833045959473,-0.157103031873703
0.1652984917163849,0.2738184928894043,-0.10852000117301941
0.5766581296920776,0.23849451541900635,0.3381636142730713
0.29169484972953796,0.3121339678764343,-0.020439118146896362
0.15549448132514954,0.19057345390319824,-0.035078972578048706
0.30019015073776245,0.18870723247528076,0.11148291826248169
0.25920820236206055,0.2675219774246216,-0.008313775062561035
0.1941048949956894,0.2499018907546997,-0.055796995759010315
0.27311742305755615,0.2149375081062317,0.05817991495132446
0.3429443836212158,0.30656200647354126,0.03638237714767456
0.32219818234443665,0.17838811874389648,0.14381006360054016
0.25323793292045593,0.27762991189956665,-0.024391978979110718
0.2607857584953308,0.2693887948989868,-0.008603036403656006
0.19455015659332275,0.22627830505371094,-0.031728148460388184
0.3545949161052704,0.21217107772827148,0.1424238383769989
0.19692671298980713,0.2295127511024475,-0.03258603811264038
0.33688557147979736,0.3433626890182495,-0.0064771175384521484
0.4061105251312256,0.22409653663635254,0.18201398849487305
0.5735613107681274,0.27790069580078125,0.2956606149673462
0.43654489517211914,0.24350619316101074,0.1930387020111084
0.3616451919078827,0.23210948705673218,0.1295357048511505
0.5344473123550415,0.24855494499206543,0.2858923673629761
0.17298652231693268,0.2943841218948364,-0.12139759957790375
0.25295954942703247,0.22932446002960205,0.02363508939743042
0.3119491636753082,0.25199151039123535,0.059957653284072876
0.15743529796600342,0.24102532863616943,-0.08359003067016602
0.1591462641954422,0.19291460514068604,-0.033768340945243835
0.05524307116866112,0.24674010276794434,-0.19149703159928322
0.23109297454357147,0.27949583530426025,-0.04840286076068878
0.18235129117965698,0.20297443866729736,-0.02062314748764038
0.31675779819488525,0.20095741748809814,0.11580038070678711
0.17292018234729767,0.2770770788192749,-0.10415689647197723
0.49907806515693665,0.2808185815811157,0.21825948357582092
0.2816178798675537,0.19195795059204102,0.0896599292755127
0.3817710876464844,0.2515820264816284,0.13018906116485596
0.1776709109544754,0.2696327567100525,-0.09196184575557709
0.22999843955039978,0.2354341745376587,-0.005435734987258911
0.32375064492225647,0.3040018677711487,0.019748777151107788
0.16545623540878296,0.25180089473724365,-0.0863446593284607
0.17735831439495087,0.28614699840545654,-0.10878868401050568
0.2630438208580017,0.20712018013000488,0.055923640727996826
0.32171830534935,0.3069181442260742,0.014800161123275757
0.3834663927555084,0.15308618545532227,0.23038020730018616
0.07318025082349777,0.15937364101409912,-0.08619339019060135
0.31902939081192017,0.30773746967315674,0.011291921138763428
0.36423754692077637,0.22540432214736938,0.13883322477340698
0.17068056762218475,0.30338943004608154,-0.1327088624238968
0.16817060112953186,0.1734771728515625,-0.00530657172203064
0.38891029357910156,0.21458256244659424,0.17432773113250732
0.19929447770118713,0.26265108585357666,-0.06335660815238953
0.22163015604019165,0.23389291763305664,-0.01226276159286499
0.18826903402805328,0.30644965171813965,-0.11818061769008636
0.1583525389432907,0.22207558155059814,-0.06372304260730743
0.34994563460350037,0.1609121561050415,0.18903347849845886
0.17400595545768738,0.19869542121887207,-0.024689465761184692
0.21726778149604797,0.2827967405319214,-0.06552895903587341
0.2894223928451538,0.26197969913482666,0.02744269371032715
0.30884596705436707,0.24172866344451904,0.06711730360984802
0.33176320791244507,0.26088541746139526,0.0708777904510498
0.26093655824661255,0.2732740640640259,-0.01233750581741333
0.2006598711013794,0.28405654430389404,-0.08339667320251465
0.31162136793136597,0.23421859741210938,0.07740277051925659
0.0327761135995388,0.20259881019592285,-0.16982269659638405
0.307193785905838,0.20624947547912598,0.10094431042671204
0.26650863885879517,0.2379465103149414,0.02856212854385376
0.07479805499315262,0.3215242624282837,-0.24672620743513107
0.2358824461698532,0.2658284902572632,-0.029946044087409973
0.3431738615036011,0.28739845752716064,0.05577540397644043
0.15367454290390015,0.22938495874404907,-0.07571041584014893
0.384060263633728,0.33876872062683105,0.04529154300689697
0.20943555235862732,0.2500091791152954,-0.04057362675666809
0.23569786548614502,0.31593990325927734,-0.08024203777313232
0.4337386190891266,0.23718690872192383,0.19655171036720276
0.197421133518219,0.22802460193634033,-0.030603468418121338
0.03199855983257294,0.23817652463912964,-0.2061779648065567
0.17169460654258728,0.2857658267021179,-0.11407122015953064
0.623167097568512,0.29974400997161865,0.3234230875968933
0.27109235525131226,0.19888532161712646,0.07220703363418579
0.18641021847724915,0.2991068363189697,-0.11269661784172058
0.043770596385002136,0.20138251781463623,-0.1576119214296341
0.3428112268447876,0.26528775691986084,0.07752346992492676
0.08662426471710205,0.1615939736366272,-0.07496970891952515
0.18263918161392212,0.23979324102401733,-0.057154059410095215
0.31743767857551575,0.3009076714515686,0.016530007123947144
0.2601471543312073,0.23453575372695923,0.025611400604248047
0.20912571251392365,0.2456345558166504,-0.036508843302726746
0.16126589477062225,0.21719759702682495,-0.0559317022562027
0.45931655168533325,0.21619093418121338,0.24312561750411987
0.26787054538726807,0.2024385929107666,0.06543195247650146
0.26581811904907227,0.27530431747436523,-0.009486198425292969
0.26537248492240906,0.28518450260162354,-0.019812017679214478
0.17810676991939545,0.2749621868133545,-0.09685541689395905
0.18903478980064392,0.25471293926239014,-0.06567814946174622
0.25177010893821716,0.21212947368621826,0.0396406352519989
0.36172720789909363,0.37447452545166016,-0.012747317552566528
0.2709575593471527,0.20916259288787842,0.06179496645927429
0.18880055844783783,0.17967486381530762,0.009125694632530212
0.44031843543052673,0.2645946741104126,0.17572376132011414
0.27505210041999817,0.24154901504516602,0.03350308537483215
0.29166024923324585,0.28089451789855957,0.01076573133468628
0.07789184898138046,0.15285944938659668,-0.07496760040521622
0.45127367973327637,0.239365816116333,0.21190786361694336
0.15529736876487732,0.21798419952392578,-0.06268683075904846
0.25968432426452637,0.251625657081604,0.008058667182922363
0.34464231133461,0.27344810962677,0.07119420170783997
0.30496445298194885,0.2143080234527588,0.09065642952919006
0.5763340592384338,0.23430049419403076,0.3420335650444031
0.24122124910354614,0.21181869506835938,0.029402554035186768
0.2271084040403366,0.27563345432281494,-0.04852505028247833
0.15981560945510864,0.28027260303497314,-0.1204569935798645
0.271065890789032,0.23399227857589722,0.037073612213134766
0.21937787532806396,0.2957721948623657,-0.07639431953430176
0.25236672163009644,0.21738630533218384,0.0349804162979126
0.2480727881193161,0.3013354539871216,-0.05326266586780548
0.1858072131872177,0.21452581882476807,-0.028718605637550354
0.2611382305622101,0.21709680557250977,0.04404142498970032
0.25044357776641846,0.25879406929016113,-0.008350491523742676
0.20425398647785187,0.24710583686828613,-0.042851850390434265
0.05092344805598259,0.1854633092880249,-0.1345398612320423
0.027812225744128227,0.1941201090812683,-0.16630788333714008
0.08658451586961746,0.25422126054763794,-0.16763674467802048
0.33588746190071106,0.23891562223434448,0.09697183966636658
0.324298232793808,0.20943915843963623,0.11485907435417175
0.29143455624580383,0.23939919471740723,0.052035361528396606
0.25988897681236267,0.2942085266113281,-0.034319549798965454
0.3765411376953125,0.21586257219314575,0.16067856550216675
0.3186267614364624,0.3035575747489929,0.015069186687469482
0.3875715434551239,0.2500762939453125,0.1374952495098114
0.31615257263183594,0.19413459300994873,0.12201797962188721
0.12807369232177734,0.13807827234268188,-0.010004580020904541
0.20473350584506989,0.19166970252990723,0.013063803315162659
0.1210976392030716,0.15357577800750732,-0.03247813880443573
0.21306215226650238,0.1850494146347046,0.02801273763179779
0.11039293557405472,0.21111023426055908,-0.10071729868650436
0.1909572035074234,0.1863030195236206,0.004654183983802795
0.150172621011734,0.18739068508148193,-0.037218064069747925
0.15764547884464264,0.25192058086395264,-0.09427510201931
0.26729902625083923,0.2381024956703186,0.02919653058052063
0.2158917486667633,0.16555488109588623,0.050336867570877075
0.1391456574201584,0.1941242814064026,-0.0549786239862442
0.10456522554159164,0.15211689472198486,-0.04755166918039322
0.19589826464653015,0.26299577951431274,-0.06709751486778259
0.1315283626317978,0.162031888961792,-0.0305035263299942
0.14791907370090485,0.1716632843017578,-0.023744210600852966
0.173574760556221,0.1655038595199585,0.008070901036262512
0.14632610976696014,0.16912567615509033,-0.022799566388130188
0.1502542495727539,0.22247850894927979,-0.07222425937652588
0.18583469092845917,0.15331792831420898,0.03251676261425018
0.3191518187522888,0.19075071811676025,0.12840110063552856
0.20910315215587616,0.19410467147827148,0.014998480677604675
0.24521788954734802,0.3453209400177002,-0.10010305047035217
0.1495634764432907,0.20926368236541748,-0.05970020592212677
0.09947720170021057,0.1715841293334961,-0.07210692763328552
0.19826415181159973,0.2460019588470459,-0.04773780703544617
0.11909350007772446,0.24163353443145752,-0.12254003435373306
0.187056764960289,0.26981407403945923,-0.08275730907917023
0.2413608431816101,0.20062214136123657,0.040738701820373535
0.16716234385967255,0.1976710557937622,-0.03050871193408966
0.17853839695453644,0.1943720579147339,-0.01583366096019745
0.17439907789230347,0.2399054765701294,-0.06550639867782593
0.23399005830287933,0.23934608697891235,-0.00535602867603302
0.17100898921489716,0.27868330478668213,-0.10767431557178497
0.1327625960111618,0.2425072193145752,-0.10974462330341339
0.16752171516418457,0.19147980213165283,-0.02395808696746826
0.2814517319202423,0.19693273305892944,0.08451899886131287
0.15584233403205872,0.19312596321105957,-0.037283629179000854
0.1015210896730423,0.2575434446334839,-0.1560223549604416
0.10791996121406555,0.2251918911933899,-0.11727192997932434
0.24676786363124847,0.1831926703453064,0.06357519328594208
0.2655114233493805,0.20530277490615845,0.060208648443222046
0.17307142913341522,0.2602558135986328,-0.08718438446521759
0.1804874837398529,0.21585559844970703,-0.035368114709854126
0.11174465715885162,0.15497910976409912,-0.0432344526052475
0.16024747490882874,0.1448965072631836,0.015350967645645142
