y_true,y_pred,error
0.10753051191568375,0.237232531443573,-0.12970201952788926
0.15470680594444275,0.22952434528245294,-0.07481753933801019
0.17939570546150208,0.27322350684770996,-0.09382780138620789
0.07438526302576065,0.20441732806978666,-0.130032065044026
0.18277369439601898,0.2627355720580665,-0.07996187766204754
0.1833484023809433,0.18471381979431126,-0.0013654174133679586
0.12606415152549744,0.22989900686098336,-0.10383485533548592
0.11611462384462357,0.2293359976697109,-0.11322137382508735
0.1611488163471222,0.2055301789556862,-0.04438136260856401
0.13443513214588165,0.21800978246959057,-0.08357465032370892
0.12364858388900757,0.22853418626018052,-0.10488560237117295
0.13128988444805145,0.23382374368284195,-0.1025338592347905
0.09020553529262543,0.29413407762775245,-0.20392854233512703
0.12011148780584335,0.2028974822531266,-0.08278599444728324
0.16512371599674225,0.269183039796367,-0.10405932379962474
0.21269947290420532,0.16973607308202243,0.04296339982218289
0.11902131140232086,0.21992681819433862,-0.10090550679201776
0.18698368966579437,0.19315652398258845,-0.006172834316794079
0.13712623715400696,0.21630081996544773,-0.07917458281144077
0.08658287674188614,0.20173063634138824,-0.1151477595995021
0.1147385686635971,0.17807213403486666,-0.06333356537126955
0.0907469317317009,0.26741598068404704,-0.17666904895234614
0.11509384214878082,0.21798399151524328,-0.10289014936646246
0.11087754368782043,0.22864681414254986,-0.11776927045472943
0.23661960661411285,0.27254843721944355,-0.0359288306053307
0.5979249477386475,0.3301566821141729,0.2677682656244746
0.221977099776268,0.18189758770505557,0.040079512071212436
0.21937739849090576,0.32493509825430167,-0.1055576997633959
0.14946100115776062,0.2431657952251521,-0.09370479406739149
0.21852360665798187,0.33838239218225735,-0.11985878552427548
0.29021334648132324,0.317887981905538,-0.027674635424214777
0.14556121826171875,0.17064046662944488,-0.025079248367726126
0.32984021306037903,0.2970788051834528,0.03276140787692622
0.5768569111824036,0.28307681164630727,0.2937800995360963
0.32817572355270386,0.3469132604644395,-0.01873753691173563
0.12117773294448853,0.2306585557707084,-0.10948082282621988
0.16946403682231903,0.3341754531827246,-0.1647114163604056
0.1579541116952896,0.16511484129772083,-0.007160729602431221
0.2838161885738373,0.23758209595778493,0.04623409261605235
0.15895943343639374,0.2312075159341211,-0.07224808249772735
0.23450802266597748,0.19509962221600638,0.0394084004499711
0.07700540870428085,0.13205509432812243,-0.05504968562384158
0.06949538737535477,0.18821764239960584,-0.11872225502425107
0.22462600469589233,0.16392545549782192,0.060700549198070414
0.27000218629837036,0.23826611034103815,0.031736075957332216
0.18752047419548035,0.2692505611968623,-0.08173008700138196
0.5929645895957947,0.3257875660065975,0.2671770235891972
0.40404605865478516,0.20179155721328682,0.20225450144149834
0.35834595561027527,0.2876982075944376,0.07064774801583767
0.5023480653762817,0.22790302509435909,0.2744450402819226
0.24958942830562592,0.315024153613461,-0.06543472530783506
0.13350488245487213,0.1896268765303884,-0.05612199407551627
0.2278391718864441,0.25739087933139193,-0.02955170744494784
0.6068465113639832,0.3186369782222153,0.28820953314176784
0.2248319536447525,0.2579656127302184,-0.033133659085465894
0.09234500676393509,0.17464138345683675,-0.08229637669290166
0.12970437109470367,0.274189335988073,-0.14448496489336932
0.27453938126564026,0.3161802429475516,-0.041640861681911334
0.01661878265440464,0.21649419011883259,-0.19987540746442795
0.41072317957878113,0.3068789567710805,0.10384422280770061
0.4807044565677643,0.2037739012880091,0.2769305552797552
0.19392286241054535,0.2468737691372614,-0.05295090672671604
0.21063132584095,0.23052524831082935,-0.019893922469879338
0.15317051112651825,0.2568099978550572,-0.10363948672853895
0.3701745867729187,0.280704300545547,0.08947028622737169
0.27152255177497864,0.2810467471245818,-0.009524195349603137
0.2992415726184845,0.20122776230231687,0.09801381031616763
0.6059374213218689,0.32127021417441765,0.28466720714745125
0.4940513074398041,0.31988724282204667,0.1741640646177574
0.5402424931526184,0.19965223518144723,0.34059025797117115
0.47380051016807556,0.3998834792219526,0.07391703094612295
0.0333690419793129,0.19549358870371122,-0.16212454672439833
0.22682777047157288,0.1727352574784939,0.05409251299307899
0.16221743822097778,0.24480470079513655,-0.08258726257415877
0.3402216136455536,0.32081105512752267,0.019410558518030918
0.15567615628242493,0.3453696794092845,-0.18969352312685955
0.3975801169872284,0.26457305006828946,0.13300706691893893
0.24023424088954926,0.18749381119972916,0.052740429689820095
0.3796573579311371,0.305285162938812,0.07437219499232506
0.2737116813659668,0.26714541027061645,0.006566271095350351
0.23674418032169342,0.30733666301545964,-0.07059248269376622
0.6620398163795471,0.31463020266109915,0.347409613718448
0.38156434893608093,0.21988446813028764,0.1616798808057933
0.17696142196655273,0.23475203899174057,-0.05779061702518784
0.6116322875022888,0.2772986190473279,0.33433366845496093
0.2217681109905243,0.22549116416429396,-0.0037230531737696693
0.1438109576702118,0.2409311947793825,-0.0971202371091707
0.3331160843372345,0.28354582818721463,0.049570256150019865
0.02056862600147724,0.2528228330667957,-0.23225420706531846
0.25605452060699463,0.1394408549499043,0.11661366565709033
0.3484974801540375,0.2947097600667734,0.05378772008726407
0.12035223096609116,0.22554572221935537,-0.10519349125326422
0.14012235403060913,0.19349285917212672,-0.05337050514151759
0.11498650908470154,0.25744092554651477,-0.14245441646181323
0.6758037209510803,0.3493173968242794,0.3264863241268009
0.2996312379837036,0.28262127578747487,0.017009962196228745
0.40691137313842773,0.20310389683511706,0.20380747630331067
0.03547980636358261,0.2047364315869005,-0.16925662522331789
0.22043582797050476,0.36854995202175994,-0.14811412405125518
0.19817572832107544,0.27982133494716255,-0.08164560662608711
0.36963123083114624,0.3098811739891662,0.05975005684198004
0.1999625712633133,0.1894483637629374,0.010514207500375905
0.180788055062294,0.37494356663286926,-0.19415551157057526
0.05601054057478905,0.25640599807728065,-0.2003954575024916
0.05547240003943443,0.25256518887065743,-0.197092788831223
0.20078806579113007,0.24060739160486444,-0.039819325813734374
0.13416101038455963,0.23067777345149315,-0.09651676306693352
0.5063762664794922,0.3079921602200065,0.19838410625948572
0.11184344440698624,0.32575109119861695,-0.2139076467916307
0.002345010172575712,0.21308208945299778,-0.21073707928042207
0.33925506472587585,0.34525615483721467,-0.006001090111338814
0.12046413123607635,0.30006818263807256,-0.1796040514019962
0.08208159357309341,0.23295912152260623,-0.1508775279495128
0.030033528804779053,0.15136145685464025,-0.1213279280498612
0.5381526350975037,0.30508467247992005,0.2330679626175836
0.07102839648723602,0.2315956504704576,-0.16056725398322158
0.24390195310115814,0.22622309223095094,0.017678860870207203
0.2704567313194275,0.25800172142519845,0.012455009894229041
0.24513497948646545,0.1845978737558312,0.060537105730634255
0.045427560806274414,0.22124742909806458,-0.17581986829179017
0.011676253750920296,0.23888430605448482,-0.22720805230356453
0.3408590257167816,0.24446772319041268,0.09639130252636893
0.14642050862312317,0.19124721474405396,-0.04482670612093079
0.0629328042268753,0.1970952994290856,-0.1341624952022103
0.16908401250839233,0.1877529048775134,-0.01866889236912106
0.1353745013475418,0.2271272239474816,-0.0917527225999398
0.16676770150661469,0.19008590941273945,-0.023318207906124766
0.16499832272529602,0.21407408505081083,-0.049075762325514805
0.11641942709684372,0.26407769135049514,-0.14765826425365142
0.09263500571250916,0.2656164406280266,-0.17298143491551743
0.16702371835708618,0.2667681428449295,-0.09974442448784332
0.13510911166667938,0.17763965869501253,-0.04253054702833314
0.13448214530944824,0.1796339754384061,-0.04515183012895785
0.13156917691230774,0.28157030921256615,-0.1500011323002584
0.11231107264757156,0.18405254751908007,-0.0717414748715085
0.1376848667860031,0.1721726380551552,-0.03448777126915209
0.1866893321275711,0.19272285800367653,-0.006033525876105422
0.1239934116601944,0.17576559949319803,-0.051772187833003636
0.10531525313854218,0.19178758770343435,-0.08647233456489217
0.15461169183254242,0.18422742641739348,-0.02961573458485106
0.18650124967098236,0.2170445982514953,-0.03054334858051294
0.19063051044940948,0.17330976071411303,0.01732074973529646
0.11014284193515778,0.2538479340015419,-0.1437050920663841
0.2443254142999649,0.21401167948875485,0.030313734811210052
0.12470396608114243,0.2082963681299879,-0.08359240204884547
0.11863468587398529,0.2023880675735507,-0.08375338169956542
0.13537034392356873,0.16444954987453153,-0.029079205950962805
0.12411119788885117,0.20078795646874864,-0.07667675857989747
0.21324282884597778,0.19897906860511477,0.01426376024086301
0.19981545209884644,0.1998802860457183,-6.483394687187283e-05
0.144684836268425,0.2259963486369545,-0.08131151236852951
0.13836300373077393,0.17424967602538294,-0.03588667229460901
0.1660432517528534,0.23374197418158796,-0.06769872242873456
0.1844862997531891,0.17942641892717073,0.005059880826018354
0.13682694733142853,0.3647845086930099,-0.22795756136158135
0.13731807470321655,0.1881023821169598,-0.050784307413743235
0.15425749123096466,0.25948794144667203,-0.10523045021570737
0.12227972596883774,0.35950007113106713,-0.2372203451622294
0.07991817593574524,0.15421022535698167,-0.07429204942123643
0.17800772190093994,0.35670487097111453,-0.1786971490701746
0.14299550652503967,0.3097927428281309,-0.16679723630309123
0.12878204882144928,0.17511933900661775,-0.04633729018516847
0.13183040916919708,0.32666525499847426,-0.19483484582927718
0.20900040864944458,0.22351542716834133,-0.01451501851889675
0.3874225616455078,0.22386036069967538,0.16356220094583243
0.1594664752483368,0.3066007869982917,-0.1471343117499549
0.15152914822101593,0.17350541932569563,-0.0219762711046797
0.24655526876449585,0.30775574836240743,-0.06120047959791158
0.13635258376598358,0.2750200372468759,-0.13866745348089232
0.13536404073238373,0.31796352364340186,-0.18259948291101813
0.062384217977523804,0.22581534533578057,-0.16343112735825677
0.19724076986312866,0.2178525086709512,-0.02061173880782255
0.14215610921382904,0.2693948494467911,-0.12723874023296206
0.11272381991147995,0.29694955902309,-0.18422573911161005
0.19231285154819489,0.17943648634212445,0.01287636520607044
0.22442467510700226,0.27318891304194354,-0.04876423793494128
0.14368516206741333,0.17002431039754695,-0.02633914833013362
0.10826896131038666,0.18530031573905684,-0.07703135442867018
0.19398295879364014,0.2914077117224892,-0.09742475292884906
0.15233375132083893,0.22711399232901655,-0.07478024100817762
0.1508917361497879,0.1551707822731719,-0.004279046123384006
0.1304928958415985,0.17632988709940947,-0.04583699125781096
0.09767679870128632,0.2536027427853612,-0.1559259440840749
0.09162142127752304,0.17652634689526625,-0.08490492561774321
0.2408081442117691,0.2399962778136533,0.0008118663981158125
0.1858823597431183,0.23847376947836818,-0.052591409735249894
0.1331365704536438,0.20979518814357978,-0.07665861768993598
0.13255424797534943,0.2396867194819783,-0.10713247150662888
0.14773604273796082,0.12374636853815948,0.02398967419980133
0.09411358088254929,0.24034718666052213,-0.14623360577797284
0.1584814041852951,0.285975412572077,-0.12749400838678188
0.20873501896858215,0.2912791169447372,-0.08254409797615503
0.10765589773654938,0.19939246278576594,-0.09173656504921657
0.11400563269853592,0.19606587083008672,-0.0820602381315508
0.12448630481958389,0.19103404402616964,-0.06654773920658574
0.27691054344177246,0.25768456110625854,0.019225982335513925
0.19952288269996643,0.22243181288342895,-0.022908930183462517
0.10131316632032394,0.30591389043295103,-0.20460072411262709
0.07851796597242355,0.17659735147785235,-0.0980793855054288
0.14770469069480896,0.185871951959163,-0.03816726126435405
0.3218217194080353,0.1790044377486521,0.14281728165938318
0.06994755566120148,0.12118001058316172,-0.05123245492196024
0.11481171101331711,0.19833918175351012,-0.08352747074019301
0.21316072344779968,0.17470424405032248,0.038456479397477206
0.16491620242595673,0.2295686412025631,-0.06465243877660637
0.1357417106628418,0.20911524934661144,-0.07337353868376964
0.08271662890911102,0.26040188145942506,-0.17768525255031403
0.09232477843761444,0.18373798601396144,-0.091413207576347
0.0992683470249176,0.18188739811633256,-0.08261905109141496
0.14196427166461945,0.2395486237127694,-0.09758435204814994
0.06394442170858383,0.21575200638780315,-0.15180758467921932
0.1900363713502884,0.18981275230058361,0.0002236190497047763
0.1416560262441635,0.2717773195724884,-0.1301212933283249
0.1563686579465866,0.20099206578288487,-0.04462340783629826
0.09627462178468704,0.20728659962574444,-0.1110119778410574
0.2102871537208557,0.27186517992869424,-0.06157802620783853
0.1201983392238617,0.2529257666095684,-0.1327274273857067
0.2028733640909195,0.2716518863116065,-0.06877852222068703
0.1559297889471054,0.22169795929036662,-0.06576817034326121
0.10707399249076843,0.1596159190897685,-0.05254192659900006
0.12060586363077164,0.32618188621758887,-0.20557602258681723
0.1298796385526657,0.22941411870655007,-0.09953448015388436
0.09598203748464584,0.2250487604323987,-0.12906672294775284
0.08164557069540024,0.20757957910179978,-0.12593400840639954
0.08941464126110077,0.17329649237741024,-0.08388185111630947
0.1577688753604889,0.26353222537097426,-0.10576335001048537
0.11103428155183792,0.25746434010273206,-0.14643005855089414
0.09074170142412186,0.23946483374117022,-0.14872313231704837
0.3550173044204712,0.2522179577104705,0.10279934671000068
0.3290327787399292,0.2959214376875221,0.033111341052407095
0.3235373795032501,0.1804959863964124,0.14304139310683772
0.4353187680244446,0.236810258765493,0.19850850925895158
0.5344473123550415,0.25209000823276556,0.28235730412227594
0.26093655824661255,0.27597350013480143,-0.015036941888188882
0.5763340592384338,0.23805820559839488,0.338275853640039
0.30901995301246643,0.22170544055418778,0.08731451245827865
0.049887239933013916,0.2050527010109367,-0.15516546107792278
0.28282350301742554,0.24515264823080762,0.03767085478661791
0.15454982221126556,0.22131178919817965,-0.06676196698691408
0.24830111861228943,0.27760589392303914,-0.02930477531074971
0.246721088886261,0.19073900856050846,0.055982080325752526
0.09027386456727982,0.303773891730308,-0.21350002716302818
0.4884191155433655,0.2934165121589728,0.19500260338439268
0.2799812853336334,0.2765119457413826,0.0034693395922508197
0.5368360280990601,0.2549320115413768,0.28190401655768327
0.3019479215145111,0.22315674406551247,0.07879117744899863
0.0702425166964531,0.17772743592941517,-0.10748491923296208
0.47740551829338074,0.29173487149923505,0.1856706467941457
0.346232146024704,0.2999044152650961,0.04632773075960789
0.1627190113067627,0.3188095204414982,-0.1560905091347355
0.06548807770013809,0.21230289294552293,-0.14681481524538484
0.37359675765037537,0.21642201515658346,0.1571747424937919
0.08541711419820786,0.23019581362866745,-0.1447786994304596
0.09009840339422226,0.17233745823050578,-0.08223905483628352
0.209443137049675,0.22676514796594888,-0.01732201091627389
0.18073581159114838,0.38355597930139435,-0.20282016771024597
0.11026863753795624,0.19779351424268862,-0.08752487670473239
0.042648039758205414,0.1835313420837302,-0.1408833023255248
0.21420498192310333,0.1647718287393419,0.04943315318376143
0.31017154455184937,0.4769154457201656,-0.16674390116831622
0.2667890191078186,0.25831704061208016,0.008471978495738441
0.25714126229286194,0.2517269939937956,0.005414268299066327
0.06473572552204132,0.25008691336329686,-0.18535118784125554
0.5985832810401917,0.2727773183736073,0.32580596266658435
0.18447448313236237,0.19085938153411655,-0.0063848984017541854
0.1255037486553192,0.24208965920441902,-0.11658591054909981
0.23213383555412292,0.27207828796310624,-0.03994445240898331
0.06406174600124359,0.24624269568274532,-0.18218094968150172
0.6741662621498108,0.24805404015103275,0.4261122219987781
0.4853835701942444,0.2054015598952994,0.279982010298945
0.17150165140628815,0.26682513875173913,-0.09532348734545099
0.06631575524806976,0.24709916779875962,-0.18078341255068986
0.19002307951450348,0.22150456666299906,-0.03148148714849558
0.34159570932388306,0.2908955683694071,0.05070014095447595
0.4045393764972687,0.19756426507625022,0.20697511142101846
0.2110418826341629,0.2272899934092245,-0.01624811077506161
0.2365456372499466,0.2214212281134126,0.015124409136533984
0.35613593459129333,0.31597815434727977,0.04015778024401356
0.593706488609314,0.2932696213419045,0.3004368672674095
0.2053753137588501,0.23051021376512656,-0.025134900006276467
0.4020397961139679,0.22434703897441577,0.17769275713955213
0.06735850125551224,0.2169562854136228,-0.14959778415811056
0.12144418805837631,0.294015728739895,-0.1725715406815187
0.15996256470680237,0.17168604047481267,-0.011723475768010305
0.8043334484100342,0.3743327342239194,0.4300007141861148
0.09473790228366852,0.29669740875132905,-0.20195950646766053
0.4822300672531128,0.2940976065662787,0.1881324606868341
0.4347722828388214,0.32530111900762565,0.10947116383119576
0.06534178555011749,0.21088069341209056,-0.14553890786197307
0.23502308130264282,0.28446901800663743,-0.04944593670399461
0.22231365740299225,0.2328044421646056,-0.010490784761613359
0.48480886220932007,0.21957755204501606,0.265231310164304
0.31317049264907837,0.20530677102724573,0.10786372162183264
0.1984504610300064,0.29406689725008117,-0.09561643622007476
0.31269288063049316,0.30246653445265487,0.010226346177838297
0.09151210635900497,0.28353766702194516,-0.1920255606629402
0.03542537987232208,0.19673502377535323,-0.16130964390303115
0.17386843264102936,0.2515796342864607,-0.07771120164543133
0.700296938419342,0.2357583404335643,0.46453859798577773
0.06271900236606598,0.28409573726710835,-0.22137673490104237
0.4130115807056427,0.1953922379773372,0.2176193427283055
0.314372181892395,0.26445535990619834,0.04991682198619668
0.3799499273300171,0.3156258054587378,0.06432412187127928
0.04677552357316017,0.23376159422879128,-0.1869860706556311
0.07980886846780777,0.26731968378357374,-0.18751081531576597
0.5364202260971069,0.2842027895270977,0.2522174365700092
0.2898998558521271,0.32419544922830384,-0.03429559337617677
0.3504880666732788,0.24815749463090417,0.10233057204237464
0.5133512020111084,0.2965664505944092,0.21678475141669917
0.42261451482772827,0.27634533753579477,0.1462691772919335
0.17166362702846527,0.29945674699055125,-0.12779311996208598
0.14065003395080566,0.25121275277770383,-0.11056271882689817
0.46807950735092163,0.21398593268907876,0.2540935746618429
0.07005660980939865,0.23748942869463477,-0.16743281888523612
0.283598929643631,0.19679527068590974,0.08680365895772124
0.1252843141555786,0.32720600871709055,-0.20192169456151193
0.1739124059677124,0.23373207827114406,-0.05981967230343166
0.09903562068939209,0.22955175658667587,-0.13051613589728378
0.32004398107528687,0.21849185164775942,0.10155212942752745
0.2288266271352768,0.24477477834364378,-0.015948151208366984
0.0954066589474678,0.1983600112705311,-0.1029533523230633
0.2962874472141266,0.27844840994361153,0.017839037270515057
0.2487504482269287,0.25225275198600466,-0.003502303759075953
0.3835862874984741,0.19934480008228117,0.18424148741619295
0.5267859697341919,0.28119338072245115,0.24559258901174075
0.2440064549446106,0.2561395264443594,-0.012133071499748793
0.7073502540588379,0.2965031984910192,0.4108470555678187
0.21746300160884857,0.2786672182452448,-0.06120421663639625
0.32765108346939087,0.23440317221249796,0.09324791125689291
0.06972222775220871,0.2851760411426892,-0.21545381339048048
0.18286007642745972,0.2884394224087147,-0.10557934598125496
0.2077055126428604,0.26527364662964537,-0.05756813398678495
0.18969915807247162,0.3066002265621008,-0.11690106848962917
0.1236124187707901,0.23268303469890575,-0.10907061592811565
0.252031534910202,0.2496957662007509,0.002335768709451125
0.24892589449882507,0.35325758845865135,-0.10433169395982628
0.048645950853824615,0.2991844045449345,-0.2505384536911099
0.06341911107301712,0.22915201607621696,-0.16573290500319984
0.3562321662902832,0.23112658132440014,0.12510558496588306
0.08584553003311157,0.17661033818493294,-0.09076480815182136
0.45913708209991455,0.2661409344945026,0.19299614760541195
0.1405581831932068,0.3129020120932126,-0.17234382890000582
0.19453196227550507,0.2054028555476404,-0.010870893272135335
0.10090604424476624,0.27325051347446894,-0.1723444692297027
0.013055563904345036,0.19686721748397767,-0.18381165357963264
0.22590604424476624,0.21939119472557747,0.0065148495191887645
0.42724573612213135,0.29802594164521273,0.12921979447691861
0.37975138425827026,0.19281927875887458,0.18693210549939568
0.15699495375156403,0.2399333123267203,-0.08293835857515627
0.48551419377326965,0.23073828093589605,0.2547759128373736
0.22422589361667633,0.2794336972481476,-0.055207803631471264
0.3013000786304474,0.2827361129700098,0.01856396566043761
0.07173895090818405,0.24147805092041863,-0.16973910001223458
0.0037765672896057367,0.16037549909489587,-0.15659893180529014
0.030171550810337067,0.19654024313064913,-0.16636869232031207
0.05821752920746803,0.06574395048198219,-0.007526421274514153
0.43100008368492126,0.2628805912417318,0.16811949244318947
0.252836138010025,0.26255654572183335,-0.009720407711808321
0.23979319632053375,0.29935329129828875,-0.059560094977754996
0.3157075047492981,0.2770218283905009,0.038685676358797216
0.667151689529419,0.28848898695692554,0.3786627025724934
0.2786772847175598,0.23993572986114278,0.03874155485641703
0.04414229467511177,0.24896327574254792,-0.20482098106743615
0.026493391022086143,0.18127689370000113,-0.154783502677915
0.3154515027999878,0.2616355394632381,0.053815963336749706
0.04482150077819824,0.19719445118830614,-0.1523729504101079
0.045082733035087585,0.26271817357740934,-0.21763544054232176
0.09676288813352585,0.21639035455777023,-0.11962746642424438
0.5682832598686218,0.2846332376364922,0.28365002223212965
0.44380050897598267,0.2921106428309751,0.15168986614500757
0.11819444596767426,0.2736721979749217,-0.15547775200724745
0.5252372622489929,0.2744094499485368,0.25082781230045614
0.2763606011867523,0.2952431318673759,-0.018882530680623566
0.13066571950912476,0.22953693462339433,-0.09887121511426958
0.05653518810868263,0.20839137346316822,-0.15185618535448558
0.17249956727027893,0.20087667984540059,-0.028377112575121655
0.0363679975271225,0.22698829558026254,-0.19062029805314004
0.3875715434551239,0.25154029816513274,0.13603124528999117
0.34610676765441895,0.2197170845523265,0.12638968310209245
0.3235466778278351,0.28597270346017156,0.03757397436766352
0.08756966888904572,0.2780113559904274,-0.1904416871013817
0.39160093665122986,0.30686283625712024,0.08473810039410962
0.1578100025653839,0.2697037424272704,-0.1118937398618865
0.4755529463291168,0.2516409812185407,0.2239119651105761
0.3231705129146576,0.23726323353879203,0.08590727937586556
0.08229276537895203,0.2346724708489617,-0.15237970547000967
0.04822579771280289,0.1886261540178303,-0.14040035630502742
0.5833145976066589,0.25897300764317305,0.3243415899634859
0.459973007440567,0.32314491694869457,0.13682809049187244
0.2516762614250183,0.30818803729431915,-0.05651177586930084
0.47632619738578796,0.2714818929169515,0.20484430446883645
0.3101506531238556,0.2864511756181565,0.023699477505699118
0.01754659041762352,0.25522677877447,-0.23768018835684646
0.3735183775424957,0.2874271345962663,0.08609124294622944
0.35463646054267883,0.2280178490192378,0.12661861152344103
0.4257284104824066,0.26428246230702174,0.16144594817538488
0.6277055144309998,0.32491651268993765,0.3027890017410621
0.14396464824676514,0.1977175855124452,-0.05375293726568006
0.6633407473564148,0.29242658231014085,0.37091416504627395
0.08378483355045319,0.2845092731616487,-0.20072443961119552
0.15641283988952637,0.2556368292016678,-0.09922398931214144
0.03371691331267357,0.2078681736371802,-0.17415126032450662
0.35261669754981995,0.3108880777448049,0.04172861980501502
0.09967302531003952,0.22722728315553828,-0.12755425784549876
0.27475881576538086,0.19519573177118646,0.0795630839941944
0.6244766712188721,0.23843945325911506,0.386037217959757
0.6718360185623169,0.23265697449850226,0.43917904406381464
0.19193530082702637,0.24667907159129426,-0.054743770764267896
0.17514324188232422,0.2873415009256957,-0.1121982590433715
0.5468382239341736,0.2517216185812431,0.2951166053529305
0.08974312990903854,0.19081114393355936,-0.10106801402452081
0.20358629524707794,0.22378910499419377,-0.02020280974711583
0.14703676104545593,0.16422538425776417,-0.01718862321230824
0.2538079023361206,0.21730509397954723,0.03650280835657338
0.4460941255092621,0.30996387012004906,0.13613025538921303
0.22428858280181885,0.28275906771651016,-0.05847048491469131
0.5215069055557251,0.27565982402093153,0.24584708153479357
0.38366466760635376,0.22892505561703658,0.15473961198931718
0.5617054104804993,0.33273387466832444,0.22897153581217483
0.2979145050048828,0.2609491824415068,0.036965322563376035
0.23819966614246368,0.3275221321096237,-0.08932246596716004
0.756203830242157,0.33125423350510225,0.42494959673705474
0.07945359498262405,0.2543926852457117,-0.17493909026308763
0.033345963805913925,0.33557954115240735,-0.3022335773464934
0.3560680150985718,0.2156410497780297,0.14042696532054208
0.2378966361284256,0.3499652571252189,-0.11206862099679332
0.0376846119761467,0.24977319022607664,-0.21208857824992994
0.31956854462623596,0.1921931590351581,0.12737538559107786
0.27409830689430237,0.17660556388965662,0.09749274300464575
0.1037534847855568,0.23746073352364838,-0.1337072487380916
0.04866466671228409,0.17169528011109791,-0.12303061339881383
0.17434082925319672,0.2963535373414042,-0.12201270808820747
0.4690983295440674,0.27299938839735366,0.19609894114671372
0.3851066827774048,0.33004522973297706,0.05506145304442772
0.4001275599002838,0.2327666241206469,0.16736093577963693
0.17554032802581787,0.22450398486321543,-0.04896365683739756
0.42622169852256775,0.3141192243287691,0.11210247419379865
0.36958420276641846,0.2612592049573482,0.10832499780907023
0.008290673606097698,0.16055509906350557,-0.15226442545740787
0.3327398896217346,0.39813090179313976,-0.06539101217140514
0.4258328974246979,0.2998062521843663,0.12602664524033158
0.4223763644695282,0.30974233364997233,0.11263403081955586
0.30300331115722656,0.2563902120220728,0.04661309913515377
0.21887584030628204,0.25484830701201855,-0.035972466705736506
0.07552160322666168,0.2563033986882238,-0.18078179546156214
0.08516936749219894,0.2669936515427761,-0.18182428405057716
0.2708612084388733,0.2680039323525168,0.002857276086356497
0.21783916652202606,0.22554712165771998,-0.007707955135693917
0.2986668348312378,0.20662001034335276,0.09204682448788504
0.06638889759778976,0.32725182811519,-0.2608629305174002
0.15973268449306488,0.22021355694534314,-0.06048087245227826
0.29572317004203796,0.29877899464981184,-0.0030558246077738715
0.37474095821380615,0.3060414464922155,0.06869951172159067
0.30155912041664124,0.2971151706253259,0.004443949791315349
0.17546717822551727,0.2084100613079656,-0.03294288308244833
0.03294062241911888,0.21283612360350876,-0.17989550118438988
0.5153126120567322,0.3252460872601688,0.19006652479656339
0.06528431177139282,0.3092358317892719,-0.24395152001787906
0.19733759760856628,0.24296682356790736,-0.045629225959341074
0.08327804505825043,0.27986021856894777,-0.19658217351069734
0.2068099081516266,0.24930029946110235,-0.04249039130947577
0.039850667119026184,0.23953818064663068,-0.1996875135276045
0.568722128868103,0.2329433563425461,0.33577877252555693
0.11898337304592133,0.28656975256907974,-0.1675863795231584
0.2101536989212036,0.2132292700041499,-0.003075571082946288
0.6374525427818298,0.24525950404720584,0.39219303873462397
0.5846678018569946,0.22465741000560713,0.3600103918513875
0.16460205614566803,0.25318175949032873,-0.0885797033446607
0.42541491985321045,0.23856558017910898,0.18684933967410147
0.16842955350875854,0.27145942347385865,-0.10302986996510011
0.383450448513031,0.3641732552145644,0.01927719329846661
0.2630324959754944,0.2851237003525025,-0.022091204377008122
0.18965953588485718,0.22931367153538895,-0.039654135650531774
0.5027033090591431,0.2777353463854488,0.2249679626736943
0.23405128717422485,0.27048928994938737,-0.036438002775162515
0.13108891248703003,0.21821517966862275,-0.08712626718159272
0.5085445046424866,0.34871263451505713,0.15983187012742944
0.2355925738811493,0.25345938648438593,-0.017866812603236637
0.46771901845932007,0.20637682423299414,0.26134219422632593
0.3039102256298065,0.28809579493594567,0.015814430693860848
0.2836594581604004,0.20082510546170237,0.08283435269869802
0.6232959032058716,0.2792392396956068,0.34405666351026476
0.2451767772436142,0.2697571516312097,-0.024580374387595527
0.13479015231132507,0.19237554752660482,-0.05758539521527975
0.1704253852367401,0.26950868804411154,-0.09908330280737143
0.0787273645401001,0.24591125018496798,-0.16718388564486789
0.6025100350379944,0.22190999117713692,0.38060004386085744
0.2785288393497467,0.29539559904810636,-0.016866759698359657
0.5536929965019226,0.2615965404522739,0.29209645604964873
0.3890460729598999,0.3331921273205118,0.055853945639388114
0.03308473154902458,0.24647313523900877,-0.21338840368998419
0.054746173322200775,0.20240516483859122,-0.14765899151639045
0.12327499687671661,0.22838644057720028,-0.10511144370048367
0.1684609055519104,0.25947433118068297,-0.09101342562877257
0.08160310983657837,0.1540664383988259,-0.07246332856224752
0.2388758361339569,0.2791440503471853,-0.040268214213228404
0.2658851444721222,0.2378377988540017,0.0280473456181205
0.4107440710067749,0.2362441633866265,0.17449990762014841
0.148604154586792,0.19655784970971402,-0.047953695122922024
0.6804723739624023,0.3838413803558061,0.2966309936065962
0.18200844526290894,0.2002825232266657,-0.01827407796375677
0.21774731576442719,0.2581249889991465,-0.0403776732347193
0.2876637279987335,0.15859104802592525,0.12907267997280827
0.02921021357178688,0.158859971896198,-0.1296497583244111
0.08241815865039825,0.1580204653170968,-0.07560230666669854
0.24098441004753113,0.2168146183170811,0.02416979173045003
0.3329227566719055,0.3160064214347736,0.01691633523713193
0.40781304240226746,0.2591875790115109,0.14862546339075655
0.12706592679023743,0.18861040038544163,-0.06154447359520421
0.6142467856407166,0.28135722705654304,0.3328895585841735
0.13130007684230804,0.1918945840813807,-0.06059450723907264
0.3314463794231415,0.2230741798616034,0.10837219956153807
0.09681513905525208,0.2292494224992127,-0.13243428344396063
0.19745254516601562,0.2149960003723851,-0.017543455206369463
0.19731147587299347,0.2213984361664817,-0.024086960293488224
0.2540169060230255,0.30715750843701534,-0.053140602413989824
0.2561568319797516,0.36248070321522124,-0.10632387123546966
0.5593251585960388,0.3027728003110505,0.2565523582849883
0.4162038564682007,0.22526917478191005,0.19093468168629063
0.5644065737724304,0.30478063618584944,0.259625937586581
0.17021334171295166,0.21879761576950385,-0.04858427405655219
0.2976532578468323,0.20023975719318837,0.0974135006536439
0.16579632461071014,0.17003477311421847,-0.004238448503508324
0.10033133625984192,0.2538589179005814,-0.15352758164073949
0.14527909457683563,0.2240311645434928,-0.07875206996665718
0.4647274613380432,0.1270934266999258,0.3376340346381174
0.2793595492839813,0.18951576515171223,0.0898437841322691
0.31163445115089417,0.2524564969081782,0.05917795424271599
0.10193748772144318,0.3867427969341534,-0.28480530921271024
0.0392916277050972,0.23932607819593402,-0.20003445049083682
0.2735079228878021,0.24112443490140353,0.03238348798639859
0.3396490812301636,0.29979371756011464,0.03985536367004894
0.7077264189720154,0.3714776390206623,0.3362487799513531
0.023513153195381165,0.1803369043380997,-0.15682375114271854
0.5583324432373047,0.24786138680912506,0.3104710564281796
0.22468870878219604,0.28070264258588884,-0.056013933803692795
0.334615558385849,0.2885988745274197,0.046016683858429275
0.44606801867485046,0.3405034264761411,0.10556459219870934
0.042083777487277985,0.19952387715225992,-0.15744009966498193
0.1462530493736267,0.20964794568044653,-0.06339489630681983
0.18304511904716492,0.26387071617507185,-0.08082559712790693
0.10477970540523529,0.25169053009343456,-0.14691082468819927
0.09054772555828094,0.18165217185903595,-0.09110444630075501
0.17553205788135529,0.25947174575551846,-0.08393968787416317
0.30104711651802063,0.22795128928012712,0.07309582723789351
0.18271073698997498,0.2838781067412277,-0.10116736975125273
0.07081200182437897,0.2055963512733225,-0.13478434944894352
0.5484504699707031,0.250694840835461,0.2977556291352421
0.34426549077033997,0.3367030857419266,0.007562405028413377
0.19189873337745667,0.2681390435608592,-0.07624031018340255
0.5101611018180847,0.2569988458187535,0.25316225599933123
0.3421233892440796,0.2814722332867721,0.06065115595730747
0.2248402237892151,0.2614249769622773,-0.0365847531730622
0.05201367661356926,0.2719165050540819,-0.21990282844051262
0.5389280915260315,0.3418101452387067,0.19711794628732482
0.32653823494911194,0.2218577229875672,0.10468051196154474
0.4323868155479431,0.30221338541445614,0.13017343013348698
0.33726969361305237,0.2326220253465284,0.10464766826652397
0.4273114800453186,0.40844133900074536,0.01887014104457324
0.3415508568286896,0.3132153365478578,0.02833552028083175
0.15952369570732117,0.2775422199383577,-0.11801852423103654
0.27371692657470703,0.30306932040338624,-0.029352393828679213
0.02533351629972458,0.1423847533093143,-0.11705123700958972
0.06575453281402588,0.20196684461369374,-0.13621231179966786
0.06810258328914642,0.26920642359016994,-0.20110384030102352
0.6294431686401367,0.29339108482544746,0.33605208381468926
0.5563240051269531,0.31844115505454734,0.23788285007240578
0.2215747982263565,0.24554968730220564,-0.023974889075849132
0.06510145217180252,0.3204783533877846,-0.25537690121598206
0.49424460530281067,0.33540686701250794,0.15883773829030273
0.1533459573984146,0.2927033440235163,-0.13935738662510166
0.10406915098428726,0.19600461345866166,-0.0919354624743744
0.43119558691978455,0.17340725819946498,0.25778832872031954
0.2798580825328827,0.24108361972925768,0.03877446280362501
0.2835131585597992,0.3000410212567014,-0.016527862696902207
0.4097304940223694,0.2839718559434335,0.1257586380789359
0.5589938163757324,0.3370207142295098,0.22197310214622262
0.215467169880867,0.26718887519180484,-0.05172170531093784
0.21805338561534882,0.2195231939475924,-0.0014698083322435829
0.5152185559272766,0.16609244548723928,0.34912611044003733
0.1480921357870102,0.2596203281988906,-0.11152819241188039
0.03266894072294235,0.2543066689524728,-0.22163772822953043
0.17176289856433868,0.3623396721925613,-0.19057677362822262
0.1718643456697464,0.17504179006091328,-0.003177444391166878
0.3948841989040375,0.22468584563349403,0.17019835327054345
0.21083290874958038,0.2149237319630954,-0.004090823213515005
0.12059256434440613,0.3129005396107077,-0.19230797526630156
0.26964908838272095,0.3054423851578701,-0.03579329677514914
0.02849225513637066,0.17234415582062448,-0.14385190068425383
0.04633446782827377,0.322519504047508,-0.27618503621923424
0.18502308428287506,0.3584093411809172,-0.17338625689804216
0.32104188203811646,0.21181720919427974,0.10922467284383672
0.027130799368023872,0.11780710265153677,-0.0906763032835129
0.6050752997398376,0.34448367731620405,0.2605916224236336
0.4196782410144806,0.3367068130067052,0.0829714280077754
0.577687680721283,0.3231609874470475,0.25452669327423544
0.23629485070705414,0.25544712647758666,-0.019152275770532523
0.09381836652755737,0.1992593745682668,-0.10544100804070944
0.6050618290901184,0.22198969378025127,0.38307213530986717
0.24855190515518188,0.24167385197589056,0.006878053179291327
0.15330635011196136,0.22615693128898556,-0.0728505811770242
0.22787269949913025,0.2377280796383648,-0.009855380139234537
0.30515891313552856,0.2406214819300346,0.06453743120549396
0.17715473473072052,0.3129818139423968,-0.1358270792116763
0.1107776090502739,0.2733013579547895,-0.1625237489045156
0.46205243468284607,0.29303849817213734,0.16901393651070873
0.2282070815563202,0.17342111558186682,0.05478596597445337
0.6625988483428955,0.361665607636457,0.3009332407064385
0.5900805592536926,0.3519888212751599,0.23809173797853272
0.3588632047176361,0.26964506365183666,0.08921814106579945
0.10217782109975815,0.2805453727360433,-0.17836755163628515
0.08259883522987366,0.2993459953665224,-0.21674716013664874
0.4123898446559906,0.22242205186711167,0.18996779278887893
0.2342781275510788,0.2773050976925206,-0.0430269701414418
0.07410354167222977,0.2290100284115255,-0.15490648673929575
0.06405869871377945,0.21203482152662864,-0.1479761228128492
0.1229197233915329,0.22133580945680564,-0.09841608606527275
0.4049394726753235,0.28014341414970984,0.12479605852561365
0.630861222743988,0.190578918833613,0.44028230391037504
0.3676428198814392,0.25739695403168456,0.11024586584975465
0.2977398931980133,0.2280742003438034,0.0696656928542099
0.3319374918937683,0.23470231699145433,0.09723517490231398
0.09941179305315018,0.29897842542902525,-0.19956663237587507
0.4209112823009491,0.21235170520901817,0.20855957709193093
0.2511851489543915,0.327513553158337,-0.07632840420394554
0.41262713074684143,0.27700127573174715,0.13562585501509428
0.23031044006347656,0.2539940928653996,-0.023683652801923027
0.25819966197013855,0.2770556556251828,-0.018855993655044256
0.048753488808870316,0.27425257456180113,-0.22549908575293082
0.28347134590148926,0.2539819344004808,0.029489411501008478
0.4324682354927063,0.3246288885506125,0.1078393469420938
0.2946573495864868,0.2772165568672487,0.017440792719238096
0.1600043624639511,0.29106349513168506,-0.13105913266773395
0.5369217991828918,0.23241347938855977,0.30450831979433207
0.5149677991867065,0.23440611109977644,0.2805616880869301
0.5946020483970642,0.268109762279619,0.3264922861174452
0.013504885137081146,0.1730827391371566,-0.15957785400007546
0.7459604740142822,0.2911234162987266,0.4548370577155556
0.41978493332862854,0.24792748043620083,0.1718574528924277
0.3431391716003418,0.19665271075613916,0.14648646084420264
0.42921021580696106,0.32741939967734746,0.1017908161296136
0.5321050882339478,0.20908155192750205,0.3230235363064457
0.4348195195198059,0.23007612762852733,0.20474339189127858
0.43617069721221924,0.2369074062749616,0.19926329093725764
0.45434829592704773,0.20997248827429665,0.24437580765275108
0.3229745626449585,0.2953018713775881,0.027672691267370375
0.27531376481056213,0.3562385101339248,-0.08092474532336269
0.20849816501140594,0.2720013976632422,-0.06350323265183627
0.2761688828468323,0.24040334266173374,0.03576554018509853
0.2582780122756958,0.27209301321825774,-0.013815000942561939
0.2590477764606476,0.3130931263801782,-0.05404534991953064
0.42904776334762573,0.19865752951694102,0.23039023383068472
0.13558952510356903,0.27699357444917,-0.14140404934560097
0.06704004108905792,0.17842304809758167,-0.11138300700852374
0.38809579610824585,0.19610068339957826,0.1919951127086676
0.06906769424676895,0.24872517826687945,-0.1796574840201105
0.0981854498386383,0.231772190908061,-0.1335867410694227
0.3448922336101532,0.268793208986938,0.07609902462321522
0.19728286564350128,0.163146551051654,0.034136314591847294
0.07611510157585144,0.246234109165782,-0.17011900758993057
0.05836302414536476,0.37039861201432417,-0.3120355878689594
0.4903244376182556,0.17711413981725235,0.3132102978010033
0.08663668483495712,0.26280568761522943,-0.1761690027802723
0.15851327776908875,0.21079219917687783,-0.052278921407789086
0.08175406605005264,0.17715392402141739,-0.09539985797136474
0.07746940851211548,0.17335600268774062,-0.09588659417562514
0.12420948594808578,0.34690599217428314,-0.22269650622619735
0.22562512755393982,0.20555974429295587,0.02006538326098395
0.11918742954730988,0.2343482618796665,-0.11516083233235663
0.12752088904380798,0.1651119776991924,-0.03759108865538441
0.3348729610443115,0.21492562662346146,0.11994733442085007
0.14019249379634857,0.29964934843871494,-0.15945685464236636
0.08155328035354614,0.3117143482817922,-0.23016106792824603
0.153616264462471,0.2903313046802941,-0.1367150402178231
0.1500781625509262,0.20679295745838588,-0.056714794907459676
0.3406795859336853,0.1934890999472258,0.1471904859864595
0.06610157340765,0.254296522579962,-0.188194949172312
0.1273258775472641,0.19192605614288324,-0.06460017859561915
0.20457352697849274,0.24419285635264526,-0.03961932937415252
0.21297287940979004,0.20633065712432264,0.006642222285467403
0.15566129982471466,0.283986798805946,-0.12832549898123136
0.14391610026359558,0.40672774613311574,-0.26281164586952016
0.13898047804832458,0.23949040937007612,-0.10050993132175154
0.10467711836099625,0.26778112181795255,-0.1631040034569563
0.10454735159873962,0.3051314514443683,-0.2005840998456287
0.3365698456764221,0.2661330775132779,0.0704367681631442
0.3600824177265167,0.3530986816845076,0.0069837360420091366
0.21715104579925537,0.3000576302782491,-0.08290658447899374
0.1799926608800888,0.20036486094234307,-0.020372200062254264
0.12128030508756638,0.31085188795595464,-0.18957158286838827
0.11516455560922623,0.1974573454797818,-0.08229278987055558
0.19879774749279022,0.20285077650688016,-0.004053029014089937
0.3923512399196625,0.1552707157331488,0.23708052418651368
0.16691558063030243,0.34651107574632584,-0.1795954951160234
0.1101604551076889,0.2514393496102113,-0.1412788945025224
0.4858737587928772,0.2463198236600103,0.2395539351328669
0.24998688697814941,0.15675152377002655,0.09323536320812287
0.22402475774288177,0.2895665636665867,-0.0655418059237049
0.28069987893104553,0.2301549291262373,0.050544949804808226
0.327036052942276,0.00210862832982512,0.3249274246124509
0.18536201119422913,0.2512116042324118,-0.06584959303818266
0.49089232087135315,0.1598917590773517,0.33100056179400145
0.2188611626625061,0.1155025266652088,0.1033586359972973
0.37745556235313416,0.17848382079247924,0.19897174156065492
0.5005176067352295,0.16957142337136494,0.33094618336386455
0.29953718185424805,0.14642495841137143,0.15311222344287662
0.33072468638420105,0.19114176886010575,0.1395829175240953
0.11445216834545135,0.1776586004785491,-0.06320643213309773
0.25527244806289673,0.21648119865043414,0.03879124941246259
0.1350385844707489,0.21891634715760855,-0.08387776268685965
0.11628124862909317,0.21156417493193103,-0.09528292630283786
0.2523724436759949,0.2129333114901114,0.03943913218588346
0.06302139908075333,0.1422217275065657,-0.07920032842581237
0.1448521614074707,0.19569343615663617,-0.05084127474916547
0.21190927922725677,0.20088159236643197,0.011027686860824809
0.10739373415708542,0.2143246677693171,-0.10693093361223169
0.5289607644081116,0.24546564375486557,0.283495120653246
0.29410621523857117,0.26655730957350854,0.02754890566506263
0.16959086060523987,0.2620644971252624,-0.09247363652002255
0.14492866396903992,0.3176001375723057,-0.1726714736032658
0.15461815893650055,0.1598983122540172,-0.0052801533175166615
0.14545805752277374,0.16341976343729042,-0.01796170591451668
0.18543115258216858,0.25678230784618095,-0.07135115526401237
0.128003790974617,0.29147823838145154,-0.16347444740683453
0.056658871471881866,0.34715730531969397,-0.2904984338478121
0.17052394151687622,0.23105630143176586,-0.060532359914889644
0.2802475392818451,0.2750205092300345,0.005227030051810577
0.4871470332145691,0.21803320745786553,0.26911382575670356
0.24341754615306854,0.2768697064152359,-0.03345216026216735
0.27345073223114014,0.22294892475520228,0.050501807475937854
0.4609324634075165,0.30919239847509145,0.15174006493242503
0.2945985496044159,0.1570427315945586,0.1375558180098573
0.1424863487482071,0.2635136429099033,-0.12102729416169622
0.1587747186422348,0.23858212795412567,-0.07980740931189087
0.07190873473882675,0.2297834720459182,-0.15787473730709145
0.2174195796251297,0.24341296280324953,-0.025993383178119833
0.12029458582401276,0.26843657932788606,-0.1481419935038733
0.09906625747680664,0.2045238249728728,-0.10545756749606616
0.16694222390651703,0.2760507216585256,-0.10910849775200859
0.23908154666423798,0.15172699496165978,0.08735455170257819
0.1897488236427307,0.20604209239839433,-0.016293268755663615
0.22930285334587097,0.23899689716528064,-0.009694043819409665
0.16553591191768646,0.2140595092508265,-0.048523597333140045
0.2916179597377777,0.33391911196941176,-0.042301152231634054
0.19438520073890686,0.262548889449395,-0.06816368871048811
0.15985839068889618,0.2726588427983273,-0.11280045210943113
0.33574050664901733,0.2899369147134515,0.045803591935565824
0.21727553009986877,0.2187257620601364,-0.0014502319602676395
0.31575247645378113,0.16243464102043348,0.15331783543334765
0.3257041573524475,0.3494668176611287,-0.023762660308681183
0.35515186190605164,0.22275464344538048,0.13239721846067115
0.29135093092918396,0.28464072889880937,0.00671020203037459
0.22476379573345184,0.31541725614091126,-0.09065346040745942
0.19662131369113922,0.260801676193199,-0.06418036250205977
0.1486663669347763,0.20069748199368823,-0.05203111505891192
0.344836562871933,0.34954648682186756,-0.00470992394993458
0.3537799119949341,0.31662457496131663,0.03715533703361745
0.2998848259449005,0.39295214570799825,-0.09306731976309773
0.4080480635166168,0.21970283748410313,0.1883452260325137
0.20975357294082642,0.2469186507080963,-0.03716507776726988
0.32707157731056213,0.21866799754340613,0.108403579767156
0.29552096128463745,0.22139626727103817,0.07412469401359928
0.20640549063682556,0.18717337152154834,0.019232119115277224
0.19575205445289612,0.3116525785008884,-0.11590052404799228
0.2656961977481842,0.26938990916077216,-0.003693711412587952
0.44541043043136597,0.22829305831289737,0.2171173721184686
0.28839758038520813,0.3537068675877347,-0.06530928720252654
0.1676829606294632,0.2542635540992354,-0.0865805934697722
0.32213205099105835,0.2664959312953163,0.05563611969574206
0.29707807302474976,0.3003521792346846,-0.003274106209934846
0.15569494664669037,0.31708561609827585,-0.16139066945158548
0.25152477622032166,0.23452320482179176,0.017001571398529897
0.18584135174751282,0.3489276867856462,-0.16308633503813336
0.24067062139511108,0.20025080116573235,0.04041982022937873
0.1988840103149414,0.1837880651016245,0.01509594521331692
0.14862436056137085,0.2871640298835897,-0.13853966932221884
0.4330183267593384,0.3063607498477567,0.1266575769115817
0.24072962999343872,0.17786494978950648,0.06286468020393224
0.5236981511116028,0.2636723653315703,0.2600257857800325
0.16063809394836426,0.2175451095965833,-0.05690701564821904
0.14806032180786133,0.2699467073202329,-0.12188638551237158
0.17814300954341888,0.3169505724945403,-0.1388075629511214
0.21864566206932068,0.28439087980558536,-0.06574521773626468
0.48435744643211365,0.19645624457092817,0.2879012018611855
0.14156605303287506,0.18407716266969038,-0.042511109636815314
0.3099322021007538,0.1964283349164723,0.11350386718428149
0.48047515749931335,0.17222699946614226,0.30824815803317107
0.27421483397483826,0.2610081585954884,0.01320667537934983
0.4602142870426178,0.2564476134596946,0.20376667358292322
0.44847649335861206,0.23180318714610007,0.216673306212512
0.4581218361854553,0.18286493681973,0.2752568993657253
0.16563266515731812,0.21482758026865287,-0.04919491511133475
0.16857722401618958,0.2542609806129752,-0.08568375659678562
0.23140715062618256,0.17790069714169257,0.053506453484489985
0.1416017860174179,0.2288283854520102,-0.0872265994345923
0.1581336110830307,0.22868616779222647,-0.07055255670919577
0.2395026683807373,0.24242924263373228,-0.0029265742529949734
0.4456648528575897,0.24697053623062748,0.19869431662696224
0.4431150257587433,0.1523321325143352,0.2907828932444081
0.5031903386116028,0.26267359526548645,0.24051674334611634
0.4422844648361206,0.19628777139532638,0.24599669344079422
0.5234626531600952,0.1921636169414321,0.3312990362186631
0.08048319071531296,0.15116479202190028,-0.07068160130658732
0.48036277294158936,0.21426306061191502,0.26609971232967433
0.1297098845243454,0.30335149136497946,-0.17364160684063407
0.4676100015640259,0.16028410213730498,0.3073258994267209
0.4017603397369385,0.17041478583863004,0.23134555389830844
0.3599172830581665,0.2551434661639569,0.10477381689420961
0.2324042171239853,0.2567100857656549,-0.024305868641669615
0.10325261205434799,0.1822658649809407,-0.0790132529265927
0.3298896551132202,0.2352924771537962,0.09459717795942402
0.1577063500881195,0.2564645611025359,-0.0987582110144164
0.2240416407585144,0.17910681488594404,0.04493482587257036
0.505437970161438,0.25853172578449807,0.24690624437693992
0.41756823658943176,0.19216400439040277,0.225404232199029
0.47202759981155396,0.17562657570983747,0.2964010241017165
0.047806285321712494,0.24983138125252227,-0.20202509593080978
0.058388322591781616,0.32677954525290637,-0.26839122266112475
0.07866775989532471,0.25545696212559216,-0.17678920223026745
0.23020093142986298,0.17199629255853288,0.058204638871330094
0.17405231297016144,0.19357698231397968,-0.019524669343818246
0.4865724742412567,0.1435132316793429,0.3430592425619138
0.18051104247570038,0.2645968212125388,-0.08408577873683842
0.26601436734199524,0.21396657913153638,0.052047788210458856
0.417183518409729,0.1367936438815598,0.2803898745281692
0.0726172998547554,0.2812969596290423,-0.20867965977428687
0.09230393171310425,0.20897647087124857,-0.11667253915814432
0.27841657400131226,0.23890511520505306,0.0395114587962592
0.48934730887413025,0.23711838983289354,0.2522289190412367
0.2953876554965973,0.1805799079241676,0.1148077475724297
0.0660896971821785,0.1499607846090266,-0.0838710874268481
0.44137337803840637,0.1851337744104971,0.25623960362790926
0.19213004410266876,0.1951589748556288,-0.0030289307529600407
0.5131813883781433,0.2459506326305399,0.2672307557476034
0.35610806941986084,0.2528346733797571,0.10327339604010372
0.4432428479194641,0.13347880907710308,0.30976403884236103
0.3052818179130554,0.15870920145166242,0.146572616461393
0.11088380962610245,0.22073728801571696,-0.10985347838961451
0.43607592582702637,0.19045676851480844,0.24561915731221792
0.5223489999771118,0.25708286522613966,0.26526613475097216
0.16369789838790894,0.21603359722734658,-0.052335698839437644
0.14658010005950928,0.18098758226991413,-0.03440748221040485
0.1575758457183838,0.24953707730112673,-0.09196123158274294
0.09684475511312485,0.3495555538691342,-0.2527107987560093
0.16186854243278503,0.30311385109865313,-0.1412453086658681
0.08431252092123032,0.1791009395542874,-0.09478841863305709
0.09072031080722809,0.27678180409755043,-0.18606149329032234
0.4390655755996704,0.1989537196323696,0.2401118559673008
0.4446443021297455,0.19406887553553726,0.25057542659420823
0.1880524605512619,0.2625109390208099,-0.074458478469548
0.09379297494888306,0.20893603806952094,-0.11514306312063788
0.3305138051509857,0.2086365760651832,0.12187722908580251
0.1393725425004959,0.19869105915302993,-0.059318516652534015
0.1553080976009369,0.2678563482137165,-0.11254825061277962
0.5113717317581177,0.20962332685843008,0.3017484048996876
0.09551583975553513,0.22068313481910215,-0.12516729506356702
0.10095666348934174,0.24937073375131685,-0.14841407026197512
0.4050433337688446,0.23059697988046324,0.17444635388838137
0.17806069552898407,0.17139866484409133,0.006662030684892739
0.11738792061805725,0.20064424536915973,-0.08325632475110248
0.4084603786468506,0.1597656956458788,0.24869468300097178
0.10811076313257217,0.25727798217018355,-0.14916721903761138
0.2828074097633362,0.18956158281195862,0.09324582695137756
0.4645336866378784,0.2704797273268112,0.19405395931106723
0.12325147539377213,0.21052873941984526,-0.08727726402607314
0.12194883823394775,0.33281356862028005,-0.2108647303863323
0.45657920837402344,0.3194635632760818,0.13711564509794166
0.5421575307846069,0.29008075106469594,0.252076779719911
0.34837183356285095,0.1878030952010209,0.16056873836183005
0.3878350257873535,0.24685846946905693,0.1409765563182966
0.24360540509223938,0.3268031459032013,-0.08319774081096193
0.20674070715904236,0.3114050572204338,-0.10466435006139146
0.3736976385116577,0.3058087778470296,0.06788886066462813
0.18529625236988068,0.31161105927634275,-0.12631480690646207
0.2514362037181854,0.19282432647613684,0.05861187724204858
0.1790347844362259,0.24355241648691725,-0.06451763205069136
0.22542151808738708,0.31931005238949933,-0.09388853430211225
0.21227040886878967,0.2275592871954086,-0.015288878326618932
0.3082324266433716,0.24753996339211404,0.060692463251257545
0.25739651918411255,0.2493954360856507,0.008001083098461842
0.23889708518981934,0.1864477798246966,0.05244930536512274
0.21712161600589752,0.26754728633109987,-0.05042567032520234
0.24303777515888214,0.2867336590846342,-0.04369588392575208
0.2584850490093231,0.2516489246344948,0.006836124374828334
0.2621951103210449,0.22654139890671307,0.03565371141433185
0.20836418867111206,0.24402702241821542,-0.035662833747103356
0.19186685979366302,0.23365882793377013,-0.041791968140107105
0.4673587679862976,0.14851832265673232,0.3188404453295653
0.46320196986198425,0.24197726009955353,0.22122470976243072
0.21641385555267334,0.2425843643922347,-0.026170508839561374
0.1508357673883438,0.28465773149552714,-0.13382196410718333
0.08866017311811447,0.14714396116978734,-0.05848378805167287
0.3445891737937927,0.2046205372707081,0.1399686365230846
0.15014667809009552,0.24788747363996552,-0.09774079554987
0.14996884763240814,0.20748493156379766,-0.05751608393138952
0.14234574139118195,0.2371895442449221,-0.09484380285374017
0.42108285427093506,0.18133727927595394,0.23974557499498111
0.438037633895874,0.17145380539504249,0.2665838285008315
0.14006517827510834,0.26717316728323975,-0.12710798900813142
0.47133776545524597,0.21064605166228487,0.2606917137929611
0.22387807071208954,0.2207079519774752,0.003170118734614341
0.1395772397518158,0.16840957767484488,-0.028832337923029083
0.15435589849948883,0.25397668010798075,-0.09962078160849192
0.1522877961397171,0.2494280114396507,-0.09714021529993361
0.46335065364837646,0.2501321836071394,0.21321847004123706
0.11161712557077408,0.2168427225109731,-0.10522559694019903
0.14499202370643616,0.16671793672626162,-0.02172591301982546
0.10906695574522018,0.18920880559411793,-0.08014184984889774
0.24351078271865845,0.2111309648462779,0.032379817872380534
0.14764483273029327,0.2886608669143935,-0.14101603418410025
0.15352420508861542,0.1963747847078163,-0.042850579619200885
0.4897216558456421,0.2144281914877951,0.27529346435784696
0.17333272099494934,0.23550451408991452,-0.06217179309496518
0.14984484016895294,0.19629485622661266,-0.04645001605765972
0.14890162646770477,0.2556028255905598,-0.10670119912285503
0.1381906419992447,0.3078584410316381,-0.16966779903239343
0.16286693513393402,0.24316864019599527,-0.08030170506206125
0.1600991040468216,0.16820956254244449,-0.008110458495622891
0.2806263864040375,0.30787062681193594,-0.027244240407898468
0.09022350609302521,0.26122197934549213,-0.17099847325246692
0.15145976841449738,0.3200486756461914,-0.168588907231694
0.3295998275279999,0.2262479821401679,0.10335184538783199
0.16614696383476257,0.2838685788130786,-0.11772161497831601
0.3461360037326813,0.24863999032531134,0.09749601340736994
0.43967318534851074,0.29849373269745466,0.14117945265105608
0.21111945807933807,0.18367301378597534,0.027446444293362737
0.22260664403438568,0.2188872113664459,0.0037194326679397816
0.2533271908760071,0.17809324852099928,0.0752339423550078
0.17898587882518768,0.20461955968411144,-0.025633680858923757
0.1478407233953476,0.26473800604857506,-0.11689728265322746
0.14916671812534332,0.2745573221450125,-0.12539060401966917
0.1976097673177719,0.18178791871157876,0.01582184860619315
0.15642835199832916,0.33528572591217953,-0.17885737391385037
0.3730525076389313,0.22039240924179782,0.15266009839713346
0.16309362649917603,0.14747851899415415,0.015615107505021875
0.09987359493970871,0.215262181072653,-0.11538858613294428
0.20221491158008575,0.208530815266804,-0.006315903686718249
0.2411547154188156,0.26488830451185974,-0.023733589093044127
0.09832802414894104,0.24687480703256454,-0.1485467828836235
0.10322397202253342,0.25442162509796745,-0.15119765307543404
0.19929239153862,0.26422777618248483,-0.06493538464386484
0.13963943719863892,0.21708732340540254,-0.07744788620676363
0.2294146865606308,0.24004275729342725,-0.010628070732796452
0.13843362033367157,0.1689187520111109,-0.030485131677439326
0.15621140599250793,0.2723365385327435,-0.11612513254023554
0.07559077441692352,0.2071696894869883,-0.13157891507006478
0.15596960484981537,0.22657937269042405,-0.07060976784060868
0.12239508330821991,0.24258725095940536,-0.12019216765118546
0.16164883971214294,0.16423734562237866,-0.002588505910235711
0.08463729172945023,0.20440761076856512,-0.11977031903911489
0.13314034044742584,0.27416088266740635,-0.1410205422199805
0.2560296356678009,0.19572025264295514,0.06030938302484576
0.1482870727777481,0.21498484067463977,-0.06669776789689166
0.07882297784090042,0.16474008284791372,-0.0859171050070133
0.21641364693641663,0.2920057576159893,-0.07559211067957267
0.27959519624710083,0.27130254108905594,0.008292655158044893
0.14017803966999054,0.20904862937736546,-0.06887058970737492
0.1994267702102661,0.19858981225477476,0.000836957955491352
0.13200192153453827,0.3480337388407884,-0.21603181730625015
0.18401749432086945,0.2176784278939091,-0.03366093357303965
0.3284186124801636,0.21054562309466035,0.11787298938550322
0.18171456456184387,0.2910816107636888,-0.10936704620184495
0.1359739452600479,0.19491114088499387,-0.058937195624945954
0.17685852944850922,0.2716181567454613,-0.09475962729695209
0.23609068989753723,0.2471033308206554,-0.011012640923118155
0.3170934319496155,0.19740043375480237,0.1196929981948131
0.19916701316833496,0.32451139733620965,-0.1253443841678747
0.21983177959918976,0.21445215096179515,0.005379628637394607
0.41746658086776733,0.3047777418281424,0.11268883903962496
0.1774134337902069,0.2890602811275792,-0.11164684733737229
0.3853510916233063,0.21174841902795238,0.1736026725953539
0.3348985016345978,0.34632207336443604,-0.011423571729838267
0.4004824459552765,0.3089167815672443,0.09156566438803221
0.2695342004299164,0.1727323022805139,0.09680189814940249
0.4163322150707245,0.240534793238013,0.1757974218327115
0.2673853039741516,0.2863537878571092,-0.018968483882957576
0.3312629759311676,0.22991220958355116,0.10135076634761644
0.24407462775707245,0.29444868988867823,-0.05037406213160578
0.40678131580352783,0.20493800623384006,0.20184330956968777
0.39606595039367676,0.23942645238621416,0.1566394980074626
0.21974360942840576,0.24301352172057203,-0.023269912292166267
0.283730149269104,0.33669364619946,-0.05296349693035601
0.28944265842437744,0.2870184432389126,0.0024242151854648175
0.335814893245697,0.1808255401582255,0.15498935308747153
0.25252336263656616,0.27941144268733725,-0.02688808005077109
0.2765825688838959,0.2308779625636366,0.04570460632025927
0.31018537282943726,0.37877920476677845,-0.0685938319373412
0.2256363332271576,0.21233499385431204,0.013301339372845555
0.2789042890071869,0.2597072453534435,0.019197043653743362
0.15289908647537231,0.24758249368849583,-0.09468340721312352
0.40019679069519043,0.27366274918905314,0.12653404150613728
0.3703908622264862,0.3348414371112938,0.03554942511519238
0.18911902606487274,0.23035311768289782,-0.041234091618025076
0.39835450053215027,0.2921344442887587,0.10622005624339159
0.32793372869491577,0.2948945912261978,0.03303913746871795
0.30152755975723267,0.2526854260996698,0.04884213365756285
0.2876511812210083,0.33613833395656184,-0.04848715273555354
0.18485794961452484,0.23369509844788186,-0.04883714883335702
0.3175627589225769,0.2741597302223089,0.04340302870026802
0.260826051235199,0.2953270693594964,-0.0345010181242974
0.19729866087436676,0.2552380732737829,-0.057939412399416135
0.20528706908226013,0.23470104198328767,-0.02941397290102754
0.14642050862312317,0.19124721474405396,-0.04482670612093079
0.0629328042268753,0.1970952994290856,-0.1341624952022103
0.16676770150661469,0.19008590941273945,-0.023318207906124766
0.09263500571250916,0.2656164406280266,-0.17298143491551743
0.13448214530944824,0.1796339754384061,-0.04515183012895785
0.1866893321275711,0.19272285800367653,-0.006033525876105422
0.1833484023809433,0.18471381979431126,-0.0013654174133679586
0.11611462384462357,0.2293359976697109,-0.11322137382508735
0.12470396608114243,0.2082963681299879,-0.08359240204884547
0.1611488163471222,0.2055301789556862,-0.04438136260856401
0.12364858388900757,0.22853418626018052,-0.10488560237117295
0.09020553529262543,0.29413407762775245,-0.20392854233512703
0.062384217977523804,0.22581534533578057,-0.16343112735825677
0.19724076986312866,0.2178525086709512,-0.02061173880782255
0.22442467510700226,0.27318891304194354,-0.04876423793494128
0.09767679870128632,0.2536027427853612,-0.1559259440840749
0.20873501896858215,0.2912791169447372,-0.08254409797615503
0.10630662739276886,0.173581965472191,-0.06727533807942215
0.13745605945587158,0.23863680514979857,-0.10118074569392699
0.1180516704916954,0.2563754042920118,-0.13832373380031637
0.18238814175128937,0.24470539617496248,-0.06231725442367311
0.20674550533294678,0.19577200082819948,0.010973504504747295
0.110737144947052,0.21357688337395986,-0.10283973842690786
0.19550202786922455,0.22131677948596323,-0.025814751616738685
0.11919064074754715,0.18309493607495303,-0.06390429532740588
0.11896076053380966,0.24123751646438032,-0.12227675593057066
0.08271662890911102,0.26040188145942506,-0.17768525255031403
0.11891896277666092,0.1480174648120609,-0.029098502035399987
0.17253442108631134,0.22561173785818267,-0.05307731677187133
0.11655741184949875,0.18804307272152987,-0.07148566087203112
0.11756055057048798,0.18850944236776132,-0.07094889179727334
0.453380823135376,0.24249150492388583,0.21088931821149015
0.1647392362356186,0.20534369244868927,-0.04060445621307068
0.12884581089019775,0.19270962823659807,-0.06386381734640031
0.2341018170118332,0.21646402564356176,0.017637791368271427
0.14347486197948456,0.19000227053251464,-0.046527408553030086
0.1824299395084381,0.1935192504806386,-0.011089310972200478
0.29061174392700195,0.19533768123324446,0.09527406269375749
0.17297330498695374,0.22283886226532285,-0.04986555727836911
0.1900363713502884,0.18981275230058361,0.0002236190497047763
0.17829200625419617,0.24956441545645616,-0.07127240920226
0.11526169627904892,0.2507670295750274,-0.13550533329597847
0.1563686579465866,0.20099206578288487,-0.04462340783629826
0.11509384214878082,0.21798399151524328,-0.10289014936646246
0.2028733640909195,0.2716518863116065,-0.06877852222068703
0.12386149168014526,0.17466144459526117,-0.05079995291511591
0.12060586363077164,0.32618188621758887,-0.20557602258681723
0.13089388608932495,0.18698038872717115,-0.0560865026378462
0.10617078840732574,0.29794681481451446,-0.19177602640718872
0.14888761937618256,0.2471586767915202,-0.09827105741533765
0.09598203748464584,0.2250487604323987,-0.12906672294775284
0.12332857400178909,0.2009217463142916,-0.07759317231250251
0.36004748940467834,0.20866997130742823,0.1513775180972501
0.1728583574295044,0.19697262402455998,-0.024114266595055583
0.14511540532112122,0.1976187093162928,-0.052503303995171585
0.15688134729862213,0.22238169502629593,-0.0655003477276738
0.29851144552230835,0.22451482398959474,0.07399662153271361
0.2339555323123932,0.17538304493295165,0.05857248737944154
0.1591697484254837,0.2522417027339646,-0.09307195430848092
0.13892941176891327,0.26008877340934305,-0.12115936164042979
0.26093655824661255,0.27597350013480143,-0.015036941888188882
0.30901995301246643,0.22170544055418778,0.08731451245827865
0.4884191155433655,0.2934165121589728,0.19500260338439268
0.47740551829338074,0.29173487149923505,0.1856706467941457
0.06473572552204132,0.25008691336329686,-0.18535118784125554
0.16946403682231903,0.3341754531827246,-0.1647114163604056
0.4020397961139679,0.22434703897441577,0.17769275713955213
0.06271900236606598,0.28409573726710835,-0.22137673490104237
0.4130115807056427,0.1953922379773372,0.2176193427283055
0.18752047419548035,0.2692505611968623,-0.08173008700138196
0.1252843141555786,0.32720600871709055,-0.20192169456151193
0.40404605865478516,0.20179155721328682,0.20225450144149834
0.5023480653762817,0.22790302509435909,0.2744450402819226
0.18969915807247162,0.3066002265621008,-0.11690106848962917
0.06341911107301712,0.22915201607621696,-0.16573290500319984
0.6068465113639832,0.3186369782222153,0.28820953314176784
0.3157075047492981,0.2770218283905009,0.038685676358797216
0.5682832598686218,0.2846332376364922,0.28365002223212965
0.17249956727027893,0.20087667984540059,-0.028377112575121655
0.39160093665122986,0.30686283625712024,0.08473810039410962
0.04822579771280289,0.1886261540178303,-0.14040035630502742
0.4257284104824066,0.26428246230702174,0.16144594817538488
0.08378483355045319,0.2845092731616487,-0.20072443961119552
0.17514324188232422,0.2873415009256957,-0.1121982590433715
0.5402424931526184,0.19965223518144723,0.34059025797117115
0.23819966614246368,0.3275221321096237,-0.08932246596716004
0.07945359498262405,0.2543926852457117,-0.17493909026308763
0.4258328974246979,0.2998062521843663,0.12602664524033158
0.06528431177139282,0.3092358317892719,-0.24395152001787906
0.2068099081516266,0.24930029946110235,-0.04249039130947577
0.6374525427818298,0.24525950404720584,0.39219303873462397
0.5846678018569946,0.22465741000560713,0.3600103918513875
0.5085445046424866,0.34871263451505713,0.15983187012742944
0.38156434893608093,0.21988446813028764,0.1616798808057933
0.2658851444721222,0.2378377988540017,0.0280473456181205
0.24098441004753113,0.2168146183170811,0.02416979173045003
0.3329227566719055,0.3160064214347736,0.01691633523713193
0.12706592679023743,0.18861040038544163,-0.06154447359520421
0.19731147587299347,0.2213984361664817,-0.024086960293488224
0.10033133625984192,0.2538589179005814,-0.15352758164073949
0.023513153195381165,0.1803369043380997,-0.15682375114271854
0.3484974801540375,0.2947097600667734,0.05378772008726407
0.14012235403060913,0.19349285917212672,-0.05337050514151759
0.5484504699707031,0.250694840835461,0.2977556291352421
0.05201367661356926,0.2719165050540819,-0.21990282844051262
0.33726969361305237,0.2326220253465284,0.10464766826652397
0.4273114800453186,0.40844133900074536,0.01887014104457324
0.6294431686401367,0.29339108482544746,0.33605208381468926
0.06510145217180252,0.3204783533877846,-0.25537690121598206
0.49424460530281067,0.33540686701250794,0.15883773829030273
0.1533459573984146,0.2927033440235163,-0.13935738662510166
0.4097304940223694,0.2839718559434335,0.1257586380789359
0.21805338561534882,0.2195231939475924,-0.0014698083322435829
0.32104188203811646,0.21181720919427974,0.10922467284383672
0.4196782410144806,0.3367068130067052,0.0829714280077754
0.08259883522987366,0.2993459953665224,-0.21674716013664874
0.23031044006347656,0.2539940928653996,-0.023683652801923027
0.048753488808870316,0.27425257456180113,-0.22549908575293082
0.28347134590148926,0.2539819344004808,0.029489411501008478
0.2704567313194275,0.25800172142519845,0.012455009894229041
0.1237931028008461,0.24058136365343524,-0.11678826085258914
0.031421106308698654,0.21674973546086249,-0.18532862915216383
0.07669801265001297,0.23458947860210932,-0.15789146595209635
0.03415882959961891,0.2486988223925053,-0.21453999279288638
0.07383490353822708,0.2228896629936393,-0.14905475945541222
0.2698954939842224,0.26809857619295707,0.00179691779126534
0.01929989643394947,0.1938049676815551,-0.17450507124760564
0.09760710597038269,0.2504317273447284,-0.15282462137434571
0.22496342658996582,0.2442371767012025,-0.019273750111236693
0.22386625409126282,0.2952778803093302,-0.0714116262180674
0.1208672970533371,0.2936595536165275,-0.17279225656319042
0.8043991923332214,0.22644639242833053,0.5779527999048909
0.15403343737125397,0.2592906145474077,-0.10525717717615374
0.22281086444854736,0.2592820110782065,-0.03647114662965911
0.25646811723709106,0.2886598489491127,-0.03219173171202161
0.40572622418403625,0.24174008667355928,0.16398613751047697
0.0422152541577816,0.2983871745901396,-0.256171920432358
0.42891326546669006,0.25873508667013867,0.1701781787965514
0.7039393782615662,0.292626115259048,0.41131326300251814
0.018192267045378685,0.25266885624500035,-0.23447658919962167
0.1515256017446518,0.209937341158049,-0.058411739413397196
0.0853814035654068,0.2403703609722019,-0.1549889574067951
0.8432183861732483,0.2965031984910192,0.5467151876822292
0.7912852764129639,0.2754858787716665,0.5157993976412973
0.03997910022735596,0.308718710317158,-0.268739610089802
0.17454545199871063,0.23657540685600492,-0.06202995485729429
0.06974921375513077,0.26074762537567425,-0.19099841162054348
0.03839080408215523,0.2425529932202255,-0.20416218913807027
0.2867293655872345,0.26271817357740934,0.024011192009825155
0.08832810819149017,0.27006381653397604,-0.18173570834248587
0.2651306092739105,0.36057006910477635,-0.09543945983086582
0.05866248533129692,0.24625787003551822,-0.1875953847042213
0.025120167061686516,0.2282645848874783,-0.2031444178257918
0.24850574135780334,0.2589080444762324,-0.010402303118429046
0.14006268978118896,0.20471840137742872,-0.06465571159623976
0.03998954966664314,0.23599813783482967,-0.19600858816818653
0.12508882582187653,0.22503310487638092,-0.0999442790545044
0.3196342885494232,0.30947499751029545,0.010159291039127771
0.33820271492004395,0.29762482958042835,0.040577885339615594
0.028349006548523903,0.23942094001194808,-0.21107193346342418
0.3876906931400299,0.2643620348032146,0.12332865833681533
0.08540230244398117,0.25307578395317404,-0.16767348150919287
0.6134691834449768,0.286809560607735,0.3266596228372418
0.015600835904479027,0.21294198138058973,-0.1973411454761107
0.1725182831287384,0.2091503200490421,-0.0366320369203037
0.149258092045784,0.2815340691638581,-0.1322759771180741
0.03894461691379547,0.19519573177118646,-0.156251114857391
0.020553814247250557,0.19816528187144025,-0.1776114676241897
0.45386624336242676,0.22329658338423328,0.23056965997819348
0.7462382316589355,0.2165702176082708,0.5296680140506648
0.027711598202586174,0.2837293320042695,-0.2560177338016833
0.07006269693374634,0.1942916567892395,-0.12422895985549315
0.30000001192092896,0.3067438866178965,-0.006743874696967522
0.1505015641450882,0.19200483193374956,-0.04150326778866137
0.5741170048713684,0.23502548962486888,0.3390915152464995
0.14192266762256622,0.3048571177463577,-0.16293445012379149
0.4613688588142395,0.34044464264182467,0.12092421617241483
0.8015882968902588,0.23874437427826037,0.5628439226119984
0.23847439885139465,0.2568257728152978,-0.018351373963903128
0.2679101228713989,0.25387423485105426,0.014035888020344667
0.0008150470093823969,0.2160427323481709,-0.2152276853387885
0.1625705361366272,0.2073051499156615,-0.044734613779034316
0.08415883034467697,0.20928568053287205,-0.12512685018819508
0.16108672320842743,0.26461449402692566,-0.10352777081849823
0.07438871264457703,0.24074640607198589,-0.16635769342740886
0.2985788881778717,0.21850842506399654,0.08007046311387517
0.15962383151054382,0.240975977725188,-0.08135214621464418
0.8701881170272827,0.244369024588644,0.6258190924386386
0.2318495362997055,0.29278996159313986,-0.06094042529343435
0.06257053464651108,0.22908222211494342,-0.16651168746843234
0.5463322997093201,0.2754555723894642,0.27087672731985585
0.47327062487602234,0.293659488461973,0.17961113641404935
0.44055381417274475,0.30077562771052163,0.13977818646222312
0.07588297128677368,0.27514582542283517,-0.19926285413606148
0.3625287413597107,0.24607071273579156,0.11645802862391913
0.12495297938585281,0.24007767842846173,-0.11512469904260891
0.1819644719362259,0.26253179414543804,-0.08056732220921214
0.12786833941936493,0.34595713164658376,-0.21808879222721883
0.7728840112686157,0.3391403522384194,0.43374365903019635
0.7167606949806213,0.16270447015682502,0.5540562248237964
0.2880355417728424,0.17160810700971196,0.11642743476313044
0.28719958662986755,0.22237347129037263,0.06482611533949492
0.4493521451950073,0.33193212972550296,0.11742001546950437
0.6083594560623169,0.2767175164079147,0.3316419396544022
0.7947440147399902,0.26654104729832595,0.5282029674416643
0.5413166284561157,0.25027169352280465,0.2910449349333111
0.17952978610992432,0.3035483704888646,-0.12401858437894031
0.10961337387561798,0.17149119085443976,-0.061877816978821776
0.03655172511935234,0.18916168293780244,-0.1526099578184501
0.019676070660352707,0.25992622690608175,-0.24025015624572904
0.44529780745506287,0.2086437567421006,0.23665405071296228
0.12281087040901184,0.28045339988716006,-0.15764252947814822
0.06293626129627228,0.2215357452122049,-0.15859948391593262
0.1862800419330597,0.25011930511344993,-0.06383926318039024
0.42073145508766174,0.29663058822074184,0.1241008668669199
0.6429989337921143,0.32471195961312566,0.3182869741789886
0.17160919308662415,0.22693788834318668,-0.05532869525656253
0.2316405475139618,0.2919168903921243,-0.060276342878162525
0.19405433535575867,0.22837590003103936,-0.03432156467528069
0.26503658294677734,0.28200113905270463,-0.016964556105927286
0.3761964440345764,0.2852416974424077,0.09095474659216873
0.3298223614692688,0.2654046259833069,0.06441773548596191
0.5377534031867981,0.29219130707366964,0.24556209611312846
0.08967607468366623,0.22173635301802216,-0.13206027833435593
0.5720062851905823,0.2884340102683441,0.2835722749222382
0.18498432636260986,0.2181405596799391,-0.033156233317329226
0.35187041759490967,0.29605945301659614,0.05581096457831353
0.06371995806694031,0.23669477426323454,-0.17297481619629423
0.7589654922485352,0.3316295888428484,0.4273359034056868
0.24989551305770874,0.27530449943147506,-0.025408986373766318
0.036907002329826355,0.22937856103571036,-0.192471558705884
0.21035528182983398,0.2641325992588202,-0.05377731742898623
0.08105538040399551,0.20970674674050466,-0.12865136633650914
0.14365726709365845,0.34668897413260297,-0.20303170703894452
0.10753051191568375,0.237232531443573,-0.12970201952788926
0.16702371835708618,0.2667681428449295,-0.09974442448784332
0.13510911166667938,0.17763965869501253,-0.04253054702833314
0.13156917691230774,0.28157030921256615,-0.1500011323002584
0.11231107264757156,0.18405254751908007,-0.0717414748715085
0.1376848667860031,0.1721726380551552,-0.03448777126915209
0.15470680594444275,0.22952434528245294,-0.07481753933801019
0.17939570546150208,0.27322350684770996,-0.09382780138620789
0.07438526302576065,0.20441732806978666,-0.130032065044026
0.1239934116601944,0.17576559949319803,-0.051772187833003636
0.10531525313854218,0.19178758770343435,-0.08647233456489217
0.18650124967098236,0.2170445982514953,-0.03054334858051294
0.11014284193515778,0.2538479340015419,-0.1437050920663841
0.18277369439601898,0.2627355720580665,-0.07996187766204754
0.2443254142999649,0.21401167948875485,0.030313734811210052
0.13537034392356873,0.16444954987453153,-0.029079205950962805
0.12411119788885117,0.20078795646874864,-0.07667675857989747
0.13443513214588165,0.21800978246959057,-0.08357465032370892
0.15425749123096466,0.25948794144667203,-0.10523045021570737
0.12227972596883774,0.35950007113106713,-0.2372203451622294
0.07991817593574524,0.15421022535698167,-0.07429204942123643
0.14299550652503967,0.3097927428281309,-0.16679723630309123
0.12878204882144928,0.17511933900661775,-0.04633729018516847
0.13183040916919708,0.32666525499847426,-0.19483484582927718
0.1594664752483368,0.3066007869982917,-0.1471343117499549
0.13128988444805145,0.23382374368284195,-0.1025338592347905
0.13635258376598358,0.2750200372468759,-0.13866745348089232
0.11272381991147995,0.29694955902309,-0.18422573911161005
0.14368516206741333,0.17002431039754695,-0.02633914833013362
0.12011148780584335,0.2028974822531266,-0.08278599444728324
0.19398295879364014,0.2914077117224892,-0.09742475292884906
0.1304928958415985,0.17632988709940947,-0.04583699125781096
0.09162142127752304,0.17652634689526625,-0.08490492561774321
0.1858823597431183,0.23847376947836818,-0.052591409735249894
0.1331365704536438,0.20979518814357978,-0.07665861768993598
0.13255424797534943,0.2396867194819783,-0.10713247150662888
0.09411358088254929,0.24034718666052213,-0.14623360577797284
0.1584814041852951,0.285975412572077,-0.12749400838678188
0.10765589773654938,0.19939246278576594,-0.09173656504921657
0.10131316632032394,0.30591389043295103,-0.20460072411262709
0.07851796597242355,0.17659735147785235,-0.0980793855054288
0.06994755566120148,0.12118001058316172,-0.05123245492196024
0.14938917756080627,0.19918563941411035,-0.04979646185330408
0.2539868950843811,0.24463184435246127,0.009355050731919834
0.10860548168420792,0.2467928919348921,-0.13818741025068418
0.1115417405962944,0.2347300589785511,-0.12318831838225669
0.23479147255420685,0.21838183506635434,0.016409637487852513
0.13149994611740112,0.16613780281652887,-0.03463785669912775
0.13390327990055084,0.23593820764806048,-0.10203492774750964
0.26588866114616394,0.2416285481652644,0.02426011298089953
0.20385104417800903,0.27358260504313253,-0.0697315608651235
0.1826493740081787,0.28650892730478883,-0.10385955329661012
0.11481171101331711,0.19833918175351012,-0.08352747074019301
0.17868907749652863,0.26997241510291153,-0.09128333760638291
0.1263902187347412,0.1707549636458123,-0.04436474491107109
0.21316072344779968,0.17470424405032248,0.038456479397477206
0.15276430547237396,0.20069659972837325,-0.04793229425599929
0.16491620242595673,0.2295686412025631,-0.06465243877660637
0.2372470647096634,0.19281073063933385,0.04443633407032954
0.241123765707016,0.1952626956575288,0.045861070049487196
0.2313118577003479,0.2259516917901022,0.005360165910245712
0.1357417106628418,0.20911524934661144,-0.07337353868376964
0.37994298338890076,0.20238834946666517,0.17755463392223558
0.15550203621387482,0.18131531731914668,-0.025813281105271868
0.4559095501899719,0.17147498857739424,0.2844345616125777
0.10460339486598969,0.20095640170408346,-0.09635300683809378
0.10955636948347092,0.19566016095399041,-0.0861037914705195
0.1206848993897438,0.12985770847786793,-0.009172809088124123
0.13712623715400696,0.21630081996544773,-0.07917458281144077
0.13974446058273315,0.21353411506076334,-0.07378965447803018
0.08658287674188614,0.20173063634138824,-0.1151477595995021
0.09232477843761444,0.18373798601396144,-0.091413207576347
0.2351154088973999,0.21976110186077494,0.015354307036624965
0.15846964716911316,0.19257933516936865,-0.03410968800025549
0.0992683470249176,0.18188739811633256,-0.08261905109141496
0.1525866687297821,0.19426184915065053,-0.04167518042086843
0.13106107711791992,0.24540947500611135,-0.11434839788819143
0.13733066618442535,0.2305113247373742,-0.09318065855294885
0.17053860425949097,0.15875646264704563,0.01178214161244534
0.10736200958490372,0.2068958988942755,-0.09953388930937179
0.1925344318151474,0.24916858131623904,-0.056634149501091635
0.2945198118686676,0.19031632209093413,0.10420348977773347
0.15630662441253662,0.1820299812039546,-0.02572335679141799
0.14196427166461945,0.2395486237127694,-0.09758435204814994
0.16043411195278168,0.259202886781976,-0.09876877482919433
0.1594623327255249,0.19879594341216802,-0.03933361068664312
0.17389284074306488,0.2419372426150852,-0.06804440187202032
0.1367036998271942,0.21575487470867696,-0.07905117488148275
0.13015198707580566,0.21833210531993547,-0.0881801182441298
0.1388980597257614,0.29634631263138156,-0.15744825290562015
0.17756055295467377,0.21022522026000257,-0.0326646673053288
0.13676640391349792,0.23707623011472892,-0.100309826201231
0.21538709104061127,0.16997465839563142,0.04541243264497985
0.2100265920162201,0.18406977783815467,0.025956814178065418
0.18029826879501343,0.21980659194594893,-0.0395083231509355
0.2596295177936554,0.23309037656540324,0.026539141228252155
0.1147385686635971,0.17807213403486666,-0.06333356537126955
0.11920109391212463,0.23555498980446773,-0.1163538958923431
0.16272251307964325,0.2218159648381618,-0.059093451758518545
0.11633797734975815,0.24693198234185357,-0.13059400499209542
0.12044455856084824,0.24989437354317548,-0.12944981498232724
0.0907469317317009,0.26741598068404704,-0.17666904895234614
0.13160443305969238,0.24025134484031757,-0.10864691178062519
0.2046033889055252,0.1741256059975175,0.030477782908007706
0.2764424681663513,0.2530115486368436,0.02343091952950771
0.29660966992378235,0.19035423300171345,0.1062554369220689
0.16953547298908234,0.22367238658754912,-0.054136913598466785
0.10513630509376526,0.23668607351027227,-0.131549768416507
0.19453024864196777,0.23515868186877006,-0.04062843322680229
0.11918019503355026,0.24737573885208142,-0.12819554381853115
0.10639022290706635,0.23102236390799322,-0.12463214100092687
0.06394442170858383,0.21575200638780315,-0.15180758467921932
0.12249262630939484,0.17803443317272402,-0.055541806863329185
0.190193772315979,0.2275671864921903,-0.03737341417621129
0.1416560262441635,0.2717773195724884,-0.1301212933283249
0.23920109868049622,0.2108921441577592,0.028308954522737018
0.11657831072807312,0.24540792998311373,-0.1288296192550406
0.13091477751731873,0.18216678356194033,-0.0512520060446216
0.15517809987068176,0.2190830535987814,-0.06390495372809965
0.1500370353460312,0.2991364408958639,-0.1490994055498327
0.25499001145362854,0.21570000283465027,0.03929000861897827
0.2362961769104004,0.27739549129456875,-0.04109931438416836
0.11386148631572723,0.2042077283175482,-0.09034624200182095
0.12344351410865784,0.1967485706091022,-0.07330505650044436
0.21693359315395355,0.17920174817658185,0.0377318449773717
0.09627462178468704,0.20728659962574444,-0.1110119778410574
0.2102871537208557,0.27186517992869424,-0.06157802620783853
0.20981760323047638,0.24820649873271647,-0.03838889550224009
0.1201983392238617,0.2529257666095684,-0.1327274273857067
0.14663055539131165,0.17046046227686293,-0.023829906885551283
0.1877172887325287,0.1730822152044339,0.014635073528094789
0.13577371835708618,0.24594955770786633,-0.11017583935078015
0.1559297889471054,0.22169795929036662,-0.06576817034326121
0.20326587557792664,0.1655655875732939,0.03770028800463274
0.10707399249076843,0.1596159190897685,-0.05254192659900006
0.2346033900976181,0.1534854305264886,0.0811179595711295
0.1429315060377121,0.17729003977235236,-0.03435853373464026
0.10787402838468552,0.18016854337120086,-0.07229451498651535
0.30999523401260376,0.20448501966600555,0.10551021434659821
0.26396599411964417,0.2660518402772053,-0.002085846157561133
0.1814790517091751,0.17751204944469784,0.003967002264477271
0.12643201649188995,0.1888280452841764,-0.06239602879228645
0.1298796385526657,0.22941411870655007,-0.09953448015388436
0.10719482600688934,0.2081231012025923,-0.10092827519570297
0.2458050698041916,0.2143047700533513,0.03150029975084029
0.17890851199626923,0.2861551864353063,-0.10724667443903707
0.28087297081947327,0.21095661168885682,0.06991635913061645
0.19629618525505066,0.2126989587780299,-0.016402773522979253
0.15099836885929108,0.28061577433296386,-0.1296174054736728
0.10807256400585175,0.26920073995629457,-0.16112817595044282
0.1716044396162033,0.19430879980430873,-0.022704360188105427
0.19482283294200897,0.2161691661234974,-0.02134633318148843
0.21049681305885315,0.2637424083643944,-0.05324559530554124
0.21489597856998444,0.1931755062182097,0.02172047235177474
0.21912795305252075,0.2855230761389237,-0.06639512308640294
0.10632752627134323,0.1882568792446103,-0.08192935297326706
0.169274240732193,0.16865286103061497,0.0006213797015780231
0.1124926283955574,0.20743734799525856,-0.09494471959970116
0.15379878878593445,0.20885821007490055,-0.0550594212889661
0.14148949086666107,0.12964109229057577,0.0118483985760853
0.08164557069540024,0.20757957910179978,-0.12593400840639954
0.08941464126110077,0.17329649237741024,-0.08388185111630947
0.23004749417304993,0.2905311420298865,-0.060483647856836575
0.17931602895259857,0.2106921091048637,-0.03137608015226512
0.1577688753604889,0.26353222537097426,-0.10576335001048537
0.1847705841064453,0.2215370462070235,-0.036766462100578184
0.11087754368782043,0.22864681414254986,-0.11776927045472943
0.13704852759838104,0.1773752149833438,-0.040326687384962756
0.1931195855140686,0.27087511477834797,-0.07775552926427937
0.12093567848205566,0.19782981269792696,-0.0768941342158713
0.1296922117471695,0.2163138096273922,-0.0866215978802227
0.10489597171545029,0.24064458279055043,-0.13574861107510014
0.20633797347545624,0.2611956833646309,-0.054857709889174655
0.11103428155183792,0.25746434010273206,-0.14643005855089414
0.2403087168931961,0.20937558383662505,0.030933133056571055
0.36004748940467834,0.26482294428471387,0.09522454511996448
0.09074170142412186,0.23946483374117022,-0.14872313231704837
0.134363055229187,0.2053724785757049,-0.07100942334651789
0.16551248729228973,0.25933067747617444,-0.09381819018388471
0.1452825963497162,0.23682314630989526,-0.09154054996017907
0.12188656628131866,0.2858241862928249,-0.16393762001150625
0.1046660840511322,0.27448530204307026,-0.16981921799193805
0.17882491648197174,0.157352606131194,0.021472310350777735
0.22252397239208221,0.213729648434843,0.008794323957239225
0.2539137303829193,0.2631622036582409,-0.009248473275321578
0.20659920573234558,0.24207172257671336,-0.03547251684436778
0.11543934047222137,0.15547379471091158,-0.040034454238690204
0.1235375627875328,0.2634848358926166,-0.1399472731050838
0.1550004631280899,0.24827586499653678,-0.09327540186844688
0.17671415209770203,0.24247859876028013,-0.06576444666257811
0.20749785006046295,0.3157991973515591,-0.10830134729109614
0.19874131679534912,0.2322503589503578,-0.03350904215500869
0.3550173044204712,0.2522179577104705,0.10279934671000068
0.3290327787399292,0.2959214376875221,0.033111341052407095
0.23661960661411285,0.27254843721944355,-0.0359288306053307
0.4353187680244446,0.236810258765493,0.19850850925895158
0.5344473123550415,0.25209000823276556,0.28235730412227594
0.5763340592384338,0.23805820559839488,0.338275853640039
0.049887239933013916,0.2050527010109367,-0.15516546107792278
0.28282350301742554,0.24515264823080762,0.03767085478661791
0.246721088886261,0.19073900856050846,0.055982080325752526
0.09027386456727982,0.303773891730308,-0.21350002716302818
0.2799812853336334,0.2765119457413826,0.0034693395922508197
0.5368360280990601,0.2549320115413768,0.28190401655768327
0.0702425166964531,0.17772743592941517,-0.10748491923296208
0.221977099776268,0.18189758770505557,0.040079512071212436
0.21852360665798187,0.33838239218225735,-0.11985878552427548
0.14556121826171875,0.17064046662944488,-0.025079248367726126
0.1627190113067627,0.3188095204414982,-0.1560905091347355
0.06548807770013809,0.21230289294552293,-0.14681481524538484
0.37359675765037537,0.21642201515658346,0.1571747424937919
0.209443137049675,0.22676514796594888,-0.01732201091627389
0.11026863753795624,0.19779351424268862,-0.08752487670473239
0.2667890191078186,0.25831704061208016,0.008471978495738441
0.32984021306037903,0.2970788051834528,0.03276140787692622
0.18447448313236237,0.19085938153411655,-0.0063848984017541854
0.1255037486553192,0.24208965920441902,-0.11658591054909981
0.23213383555412292,0.27207828796310624,-0.03994445240898331
0.06406174600124359,0.24624269568274532,-0.18218094968150172
0.6741662621498108,0.24805404015103275,0.4261122219987781
0.5768569111824036,0.28307681164630727,0.2937800995360963
0.4853835701942444,0.2054015598952994,0.279982010298945
0.17150165140628815,0.26682513875173913,-0.09532348734545099
0.19002307951450348,0.22150456666299906,-0.03148148714849558
0.34159570932388306,0.2908955683694071,0.05070014095447595
0.12117773294448853,0.2306585557707084,-0.10948082282621988
0.2110418826341629,0.2272899934092245,-0.01624811077506161
0.35613593459129333,0.31597815434727977,0.04015778024401356
0.593706488609314,0.2932696213419045,0.3004368672674095
0.06735850125551224,0.2169562854136228,-0.14959778415811056
0.1579541116952896,0.16511484129772083,-0.007160729602431221
0.12144418805837631,0.294015728739895,-0.1725715406815187
0.8043334484100342,0.3743327342239194,0.4300007141861148
0.2838161885738373,0.23758209595778493,0.04623409261605235
0.4347722828388214,0.32530111900762565,0.10947116383119576
0.06534178555011749,0.21088069341209056,-0.14553890786197307
0.23502308130264282,0.28446901800663743,-0.04944593670399461
0.48480886220932007,0.21957755204501606,0.265231310164304
0.1984504610300064,0.29406689725008117,-0.09561643622007476
0.31269288063049316,0.30246653445265487,0.010226346177838297
0.09151210635900497,0.28353766702194516,-0.1920255606629402
0.06949538737535477,0.18821764239960584,-0.11872225502425107
0.03542537987232208,0.19673502377535323,-0.16130964390303115
0.17386843264102936,0.2515796342864607,-0.07771120164543133
0.22462600469589233,0.16392545549782192,0.060700549198070414
0.3799499273300171,0.3156258054587378,0.06432412187127928
0.07980886846780777,0.26731968378357374,-0.18751081531576597
0.3504880666732788,0.24815749463090417,0.10233057204237464
0.5133512020111084,0.2965664505944092,0.21678475141669917
0.42261451482772827,0.27634533753579477,0.1462691772919335
0.17166362702846527,0.29945674699055125,-0.12779311996208598
0.27000218629837036,0.23826611034103815,0.031736075957332216
0.14065003395080566,0.25121275277770383,-0.11056271882689817
0.46807950735092163,0.21398593268907876,0.2540935746618429
0.09903562068939209,0.22955175658667587,-0.13051613589728378
0.32004398107528687,0.21849185164775942,0.10155212942752745
0.2288266271352768,0.24477477834364378,-0.015948151208366984
0.5929645895957947,0.3257875660065975,0.2671770235891972
0.2962874472141266,0.27844840994361153,0.017839037270515057
0.3835862874984741,0.19934480008228117,0.18424148741619295
0.35834595561027527,0.2876982075944376,0.07064774801583767
0.21746300160884857,0.2786672182452448,-0.06120421663639625
0.32765108346939087,0.23440317221249796,0.09324791125689291
0.18286007642745972,0.2884394224087147,-0.10557934598125496
0.24958942830562592,0.315024153613461,-0.06543472530783506
0.1236124187707901,0.23268303469890575,-0.10907061592811565
0.24892589449882507,0.35325758845865135,-0.10433169395982628
0.19453196227550507,0.2054028555476404,-0.010870893272135335
0.10090604424476624,0.27325051347446894,-0.1723444692297027
0.2278391718864441,0.25739087933139193,-0.02955170744494784
0.22590604424476624,0.21939119472557747,0.0065148495191887645
0.37975138425827026,0.19281927875887458,0.18693210549939568
0.48551419377326965,0.23073828093589605,0.2547759128373736
0.43100008368492126,0.2628805912417318,0.16811949244318947
0.12970437109470367,0.274189335988073,-0.14448496489336932
0.23979319632053375,0.29935329129828875,-0.059560094977754996
0.3154515027999878,0.2616355394632381,0.053815963336749706
0.09676288813352585,0.21639035455777023,-0.11962746642424438
0.44380050897598267,0.2921106428309751,0.15168986614500757
0.11819444596767426,0.2736721979749217,-0.15547775200724745
0.5252372622489929,0.2744094499485368,0.25082781230045614
0.2763606011867523,0.2952431318673759,-0.018882530680623566
0.41072317957878113,0.3068789567710805,0.10384422280770061
0.13066571950912476,0.22953693462339433,-0.09887121511426958
0.3875715434551239,0.25154029816513274,0.13603124528999117
0.3701745867729187,0.280704300545547,0.08947028622737169
0.27152255177497864,0.2810467471245818,-0.009524195349603137
0.5833145976066589,0.25897300764317305,0.3243415899634859
0.01754659041762352,0.25522677877447,-0.23768018835684646
0.3735183775424957,0.2874271345962663,0.08609124294622944
0.35463646054267883,0.2280178490192378,0.12661861152344103
0.6059374213218689,0.32127021417441765,0.28466720714745125
0.6633407473564148,0.29242658231014085,0.37091416504627395
0.15641283988952637,0.2556368292016678,-0.09922398931214144
0.03371691331267357,0.2078681736371802,-0.17415126032450662
0.4940513074398041,0.31988724282204667,0.1741640646177574
0.09967302531003952,0.22722728315553828,-0.12755425784549876
0.6718360185623169,0.23265697449850226,0.43917904406381464
0.19193530082702637,0.24667907159129426,-0.054743770764267896
0.20358629524707794,0.22378910499419377,-0.02020280974711583
0.47380051016807556,0.3998834792219526,0.07391703094612295
0.4460941255092621,0.30996387012004906,0.13613025538921303
0.5215069055557251,0.27565982402093153,0.24584708153479357
0.38366466760635376,0.22892505561703658,0.15473961198931718
0.5617054104804993,0.33273387466832444,0.22897153581217483
0.756203830242157,0.33125423350510225,0.42494959673705474
0.033345963805913925,0.33557954115240735,-0.3022335773464934
0.3560680150985718,0.2156410497780297,0.14042696532054208
0.2378966361284256,0.3499652571252189,-0.11206862099679332
0.31956854462623596,0.1921931590351581,0.12737538559107786
0.27409830689430237,0.17660556388965662,0.09749274300464575
0.1037534847855568,0.23746073352364838,-0.1337072487380916
0.04866466671228409,0.17169528011109791,-0.12303061339881383
0.4690983295440674,0.27299938839735366,0.19609894114671372
0.16221743822097778,0.24480470079513655,-0.08258726257415877
0.3851066827774048,0.33004522973297706,0.05506145304442772
0.4001275599002838,0.2327666241206469,0.16736093577963693
0.3402216136455536,0.32081105512752267,0.019410558518030918
0.17554032802581787,0.22450398486321543,-0.04896365683739756
0.36958420276641846,0.2612592049573482,0.10832499780907023
0.3327398896217346,0.39813090179313976,-0.06539101217140514
0.08516936749219894,0.2669936515427761,-0.18182428405057716
0.15567615628242493,0.3453696794092845,-0.18969352312685955
0.21783916652202606,0.22554712165771998,-0.007707955135693917
0.29572317004203796,0.29877899464981184,-0.0030558246077738715
0.37474095821380615,0.3060414464922155,0.06869951172159067
0.30155912041664124,0.2971151706253259,0.004443949791315349
0.17546717822551727,0.2084100613079656,-0.03294288308244833
0.19733759760856628,0.24296682356790736,-0.045629225959341074
0.08327804505825043,0.27986021856894777,-0.19658217351069734
0.039850667119026184,0.23953818064663068,-0.1996875135276045
0.568722128868103,0.2329433563425461,0.33577877252555693
0.11898337304592133,0.28656975256907974,-0.1675863795231584
0.2101536989212036,0.2132292700041499,-0.003075571082946288
0.42541491985321045,0.23856558017910898,0.18684933967410147
0.16842955350875854,0.27145942347385865,-0.10302986996510011
0.383450448513031,0.3641732552145644,0.01927719329846661
0.2630324959754944,0.2851237003525025,-0.022091204377008122
0.5027033090591431,0.2777353463854488,0.2249679626736943
0.3796573579311371,0.305285162938812,0.07437219499232506
0.23405128717422485,0.27048928994938737,-0.036438002775162515
0.2737116813659668,0.26714541027061645,0.006566271095350351
0.13108891248703003,0.21821517966862275,-0.08712626718159272
0.2355925738811493,0.25345938648438593,-0.017866812603236637
0.46771901845932007,0.20637682423299414,0.26134219422632593
0.3039102256298065,0.28809579493594567,0.015814430693860848
0.2836594581604004,0.20082510546170237,0.08283435269869802
0.1704253852367401,0.26950868804411154,-0.09908330280737143
0.0787273645401001,0.24591125018496798,-0.16718388564486789
0.6025100350379944,0.22190999117713692,0.38060004386085744
0.2785288393497467,0.29539559904810636,-0.016866759698359657
0.6620398163795471,0.31463020266109915,0.347409613718448
0.3890460729598999,0.3331921273205118,0.055853945639388114
0.03308473154902458,0.24647313523900877,-0.21338840368998419
0.17696142196655273,0.23475203899174057,-0.05779061702518784
0.054746173322200775,0.20240516483859122,-0.14765899151639045
0.1684609055519104,0.25947433118068297,-0.09101342562877257
0.4107440710067749,0.2362441633866265,0.17449990762014841
0.6804723739624023,0.3838413803558061,0.2966309936065962
0.18200844526290894,0.2002825232266657,-0.01827407796375677
0.6116322875022888,0.2772986190473279,0.33433366845496093
0.40781304240226746,0.2591875790115109,0.14862546339075655
0.2217681109905243,0.22549116416429396,-0.0037230531737696693
0.09681513905525208,0.2292494224992127,-0.13243428344396063
0.19745254516601562,0.2149960003723851,-0.017543455206369463
0.2561568319797516,0.36248070321522124,-0.10632387123546966
0.4162038564682007,0.22526917478191005,0.19093468168629063
0.1438109576702118,0.2409311947793825,-0.0971202371091707
0.5644065737724304,0.30478063618584944,0.259625937586581
0.16579632461071014,0.17003477311421847,-0.004238448503508324
0.3331160843372345,0.28354582818721463,0.049570256150019865
0.14527909457683563,0.2240311645434928,-0.07875206996665718
0.2793595492839813,0.18951576515171223,0.0898437841322691
0.0392916277050972,0.23932607819593402,-0.20003445049083682
0.2735079228878021,0.24112443490140353,0.03238348798639859
0.22468870878219604,0.28070264258588884,-0.056013933803692795
0.334615558385849,0.2885988745274197,0.046016683858429275
0.44606801867485046,0.3405034264761411,0.10556459219870934
0.12035223096609116,0.22554572221935537,-0.10519349125326422
0.30104711651802063,0.22795128928012712,0.07309582723789351
0.07081200182437897,0.2055963512733225,-0.13478434944894352
0.11498650908470154,0.25744092554651477,-0.14245441646181323
0.34426549077033997,0.3367030857419266,0.007562405028413377
0.2996312379837036,0.28262127578747487,0.017009962196228745
0.19189873337745667,0.2681390435608592,-0.07624031018340255
0.3421233892440796,0.2814722332867721,0.06065115595730747
0.2248402237892151,0.2614249769622773,-0.0365847531730622
0.32653823494911194,0.2218577229875672,0.10468051196154474
0.22043582797050476,0.36854995202175994,-0.14811412405125518
0.36963123083114624,0.3098811739891662,0.05975005684198004
0.27371692657470703,0.30306932040338624,-0.029352393828679213
0.06575453281402588,0.20196684461369374,-0.13621231179966786
0.5563240051269531,0.31844115505454734,0.23788285007240578
0.2215747982263565,0.24554968730220564,-0.023974889075849132
0.2835131585597992,0.3000410212567014,-0.016527862696902207
0.5589938163757324,0.3370207142295098,0.22197310214622262
0.215467169880867,0.26718887519180484,-0.05172170531093784
0.05601054057478905,0.25640599807728065,-0.2003954575024916
0.05547240003943443,0.25256518887065743,-0.197092788831223
0.17176289856433868,0.3623396721925613,-0.19057677362822262
0.21083290874958038,0.2149237319630954,-0.004090823213515005
0.12059256434440613,0.3129005396107077,-0.19230797526630156
0.02849225513637066,0.17234415582062448,-0.14385190068425383
0.04633446782827377,0.322519504047508,-0.27618503621923424
0.18502308428287506,0.3584093411809172,-0.17338625689804216
0.13416101038455963,0.23067777345149315,-0.09651676306693352
0.5063762664794922,0.3079921602200065,0.19838410625948572
0.6050752997398376,0.34448367731620405,0.2605916224236336
0.577687680721283,0.3231609874470475,0.25452669327423544
0.30515891313552856,0.2406214819300346,0.06453743120549396
0.17715473473072052,0.3129818139423968,-0.1358270792116763
0.33925506472587585,0.34525615483721467,-0.006001090111338814
0.6625988483428955,0.361665607636457,0.3009332407064385
0.5900805592536926,0.3519888212751599,0.23809173797853272
0.3588632047176361,0.26964506365183666,0.08921814106579945
0.08208159357309341,0.23295912152260623,-0.1508775279495128
0.4123898446559906,0.22242205186711167,0.18996779278887893
0.07410354167222977,0.2290100284115255,-0.15490648673929575
0.4049394726753235,0.28014341414970984,0.12479605852561365
0.2977398931980133,0.2280742003438034,0.0696656928542099
0.09941179305315018,0.29897842542902525,-0.19956663237587507
0.4209112823009491,0.21235170520901817,0.20855957709193093
0.030033528804779053,0.15136145685464025,-0.1213279280498612
0.25819966197013855,0.2770556556251828,-0.018855993655044256
0.5381526350975037,0.30508467247992005,0.2330679626175836
0.4324682354927063,0.3246288885506125,0.1078393469420938
0.2946573495864868,0.2772165568672487,0.017440792719238096
0.3408590257167816,0.24446772319041268,0.09639130252636893
0.3197910189628601,0.22303142445814972,0.09675959450471039
0.8610658049583435,0.24799310576888758,0.613072699189456
0.2379205822944641,0.21678722051526272,0.021133361779201387
0.42607104778289795,0.3301566821141729,0.09591436566872508
0.12827585637569427,0.2620108314378501,-0.13373497506215581
0.054284222424030304,0.30371093394575144,-0.24942671152172113
0.48256009817123413,0.28700409446123254,0.1955560037100016
0.25113898515701294,0.20013690498148662,0.05100208017552632
0.06828631460666656,0.29687546837829476,-0.2285891537716282
0.44705328345298767,0.2709955355906624,0.17605774786232525
0.3111598789691925,0.23900269307087751,0.07215718589831499
0.08592476695775986,0.22309649911869361,-0.13717173216093376
0.09650992602109909,0.20742322836191143,-0.11091330234081234
0.5381922721862793,0.20332581242482312,0.3348664597614562
0.032445140182971954,0.2879352929604818,-0.25549015277750986
0.47620689868927,0.3044026234983762,0.1718042751908938
0.554858922958374,0.2546243676909641,0.30023455526740994
0.1555381417274475,0.3612951507028172,-0.2057570089753697
0.22016718983650208,0.3442046727095573,-0.12403748287305522
0.35357367992401123,0.2624353696804078,0.09113831024360342
0.3506792187690735,0.34402498426132894,0.00665423450774455
0.24526645243167877,0.25549931662092074,-0.010232864189241964
0.48153606057167053,0.2816181014907191,0.19991795908095145
0.013855799101293087,0.2041960695376071,-0.19034027043631402
0.25478577613830566,0.347656789198394,-0.09287101306008833
0.5212225914001465,0.23242293842380612,0.28879965297634036
0.060386624187231064,0.19018888710968226,-0.1298022629224512
0.036029256880283356,0.20303976722235825,-0.1670105103420749
0.3785475492477417,0.23346122524121415,0.14508632400652755
0.07692790031433105,0.3557311607901678,-0.27880326047583676
0.24138976633548737,0.19214694025618903,0.049242826079298335
0.1260501593351364,0.24420480211302537,-0.11815464277788895
0.17415882647037506,0.2519279146822923,-0.07776908821191725
0.2513270676136017,0.245773498705122,0.005553568908479689
0.24961337447166443,0.2611466976716827,-0.011533323200018264
0.1583176553249359,0.38355597930139435,-0.22523832397645843
0.02723092958331108,0.3561521914846938,-0.3289212619013827
0.14386625587940216,0.23429269755026738,-0.09042644167086522
0.12959247827529907,0.29040845296050155,-0.16081597468520248
0.2720271646976471,0.1840414031945975,0.0879857615030496
0.4178265333175659,0.3227649351985619,0.095061598119004
0.7721211910247803,0.19234590494322246,0.5797752860815578
0.0965726226568222,0.20608363299075613,-0.10951101033393393
0.17850574851036072,0.2939403281051445,-0.11543457959478376
0.08484848588705063,0.19958501739771306,-0.11473653151066243
0.49287354946136475,0.29633850210457807,0.19653504735678667
0.47301986813545227,0.24342330979266052,0.22959655834279175
0.03699059411883354,0.23926003444115734,-0.2022694403223238
0.17506791651248932,0.17861559522536855,-0.0035476787128792264
0.462894469499588,0.210319005700064,0.252575463799524
0.1536468118429184,0.19580955432819885,-0.04216274248528046
0.11490073055028915,0.2257132374329548,-0.11081250688266564
0.08454545587301254,0.2478705425259803,-0.16332508665296774
0.06817136704921722,0.28654337997265206,-0.21837201292343483
0.2561546564102173,0.20828597461273368,0.0478686817974836
0.3887878656387329,0.2738128893698555,0.11497497626887743
0.27672937512397766,0.25964271043499065,0.017086664688987008
0.3705642521381378,0.34958093988828415,0.02098331224985367
0.4597596526145935,0.2562180962784289,0.2035415563361646
0.5313270688056946,0.3203344361620228,0.2109926326436718
0.45752352476119995,0.1861315305396533,0.27139199422154664
0.5140438675880432,0.34208020271540923,0.17196366487263398
0.08800417929887772,0.24120087831092474,-0.15319669901204702
0.29379311203956604,0.23285396265000952,0.060939149389556524
0.888505756855011,0.3312748127281849,0.5572309441268262
0.5807628035545349,0.25727271422885784,0.3234900893256771
0.20350052416324615,0.32800432006656827,-0.12450379590332211
0.25991639494895935,0.24290902758301072,0.017007367365948628
0.06246604025363922,0.21399635330933747,-0.15153031305569825
0.014294670894742012,0.18916600107241405,-0.17487133017767204
0.004179728217422962,0.1770367802647436,-0.17285705204732063
0.16341692209243774,0.2689042610298875,-0.10548733893744977
0.050114940851926804,0.2982521277747223,-0.24813718692279552
0.30169278383255005,0.30553034110287564,-0.0038375572703255867
0.13591431081295013,0.24264025047071802,-0.10672593965776789
0.4494566321372986,0.3210340511321657,0.12842258100513287
0.02020898647606373,0.20256642743983855,-0.18235744096377482
0.10746081173419952,0.253281112992312,-0.14582030125811246
0.539864182472229,0.25428304955331477,0.28558113291891424
0.44434690475463867,0.2064734795173427,0.23787342523729596
0.6236363649368286,0.2481139541926504,0.37552241074417825
0.265381395816803,0.31080725062626974,-0.04542585480946676
0.6868129372596741,0.2970087360894321,0.38980420117024195
0.5442319512367249,0.20754365066678304,0.3366883005699418
0.7403134703636169,0.2748872463166616,0.46542622404695533
0.63170325756073,0.25403242504144535,0.3776708325192846
0.04641588404774666,0.21349504289150126,-0.1670791588437546
0.2321525663137436,0.21673950556384267,0.015413060749900925
0.13643677532672882,0.25808804148547043,-0.12165126615874161
0.24218390882015228,0.25413759883506165,-0.011953690014909368
0.1355067938566208,0.29821559975992235,-0.16270880590330156
0.5489864349365234,0.3142833490451566,0.23470308589136685
0.43381398916244507,0.3562901394478411,0.07752384971460397
0.20653082430362701,0.22580193120785888,-0.019271106904231866
0.27821317315101624,0.297607998750055,-0.019394825599038767
0.05160919576883316,0.1936473786786151,-0.14203818290978193
0.6707001328468323,0.24082605252987616,0.4298740803169561
0.018631139770150185,0.1831159512079737,-0.1644848114378235
0.4427899718284607,0.2471910749701613,0.1955988968582994
0.2651306092739105,0.23458890604889365,0.03054170322501687
0.540501594543457,0.2471046642931656,0.29339693025029145
0.3426332175731659,0.2689659490312424,0.07366726854192351
0.36489027738571167,0.2617028410135023,0.1031874363722094
0.08050156384706497,0.2243894450394473,-0.14388788119238233
0.0710449293255806,0.2531906709547523,-0.1821457416291717
0.0760188102722168,0.17506034613035987,-0.09904153585814307
0.5031765699386597,0.31490509851895027,0.1882714714197094
0.133092999458313,0.2881205486463281,-0.1550275491880151
0.7075026035308838,0.32419544922830384,0.38330715430257994
0.3121107518672943,0.2159567213973227,0.09615403046997162
0.49507835507392883,0.30552095633237025,0.18955739874155858
0.5967398285865784,0.32275872232681263,0.27398110625976574
0.08752351254224777,0.261139861044356,-0.17361634850210822
0.1913897544145584,0.24708692796254367,-0.05569717354798526
0.058066874742507935,0.25139392585617615,-0.1933270511136682
0.12121212482452393,0.2390367734580562,-0.11782464863353229
0.21677115559577942,0.267509802676092,-0.05073864708031256
0.056938350200653076,0.1983600112705311,-0.14142166106987802
0.3358098268508911,0.24360334446154006,0.09220648238935106
0.48804599046707153,0.3592317603376379,0.12881423012943366
0.772016704082489,0.35210547012498933,0.4199112339574997
0.19515150785446167,0.2660859950527967,-0.070934487198335
0.1030825525522232,0.1618961195443183,-0.058813566992095084
0.6303343772888184,0.25781892482757296,0.3725154524612454
0.08982235938310623,0.20759038747024627,-0.11776802808714004
0.2735423147678375,0.3412533139995096,-0.06771099923167206
0.2268861085176468,0.2129739742522519,0.013912134265394893
0.3196447193622589,0.32156445248576165,-0.0019197331235027426
0.352152556180954,0.33728038338163596,0.014872172799318017
0.027972832322120667,0.19373338559249964,-0.16576055327037897
0.36124345660209656,0.3402504211827971,0.020993035419299477
0.3040856719017029,0.2192040996676182,0.08488157223408468
0.138652041554451,0.2966087756792861,-0.15795673412483513
0.4317450225353241,0.26990664079682763,0.16183838173849646
0.44866248965263367,0.3164072317373045,0.13225525791532916
0.3524138033390045,0.3417586718451762,0.010655131493828296
0.26182863116264343,0.27311048654830394,-0.01128185538566051
0.4339916408061981,0.2689653406560065,0.1650263001501916
0.2657993733882904,0.2381029148572803,0.027696458531010104
0.1761128455400467,0.33802220252429666,-0.16190935698424996
0.41436782479286194,0.3126762500934111,0.10169157469945084
0.10318703949451447,0.2327617914889418,-0.12957475199442733
0.1327272653579712,0.35002885305937464,-0.21730158770140345
0.2800627052783966,0.18028213280995997,0.09978057246843663
0.5704492926597595,0.2798801367058105,0.290569155953949
0.13838034868240356,0.27757366903109953,-0.13919332034869597
0.37792059779167175,0.26669512713187177,0.11122547065979999
0.6960919499397278,0.23208772419722057,0.4640042257425072
0.0014420063234865665,0.2275147074332316,-0.22607270110974503
0.31572622060775757,0.25221957124849714,0.06350664935926043
0.16668756306171417,0.28237132977185686,-0.11568376671014269
0.1251097172498703,0.3649081502798848,-0.23979843303001452
0.32525601983070374,0.26201524759700623,0.0632407722336975
0.13707418739795685,0.24188838543959926,-0.10481419804164241
0.18143156170845032,0.24969173790061755,-0.06826017619216723
0.39198535680770874,0.2608776621181808,0.13110769468952793
0.0787983313202858,0.18543448294738074,-0.10663615162709494
0.07152560353279114,0.24107631279251865,-0.1695507092597275
0.5617032647132874,0.18334345003069646,0.3783598146825909
0.47751307487487793,0.2845880746740465,0.19292500020083142
0.4780355393886566,0.3172955161004684,0.1607400232881882
0.7074817419052124,0.14777018642989845,0.5597115554753139
0.7345036864280701,0.30124883443890466,0.4332548519891654
0.2954963445663452,0.29689752514736634,-0.001401180581021122
0.40777429938316345,0.24369267031477096,0.1640816290683925
0.06942528486251831,0.21856402234542413,-0.14913873748290582
0.4853500425815582,0.28055940598024964,0.20479063660130858
0.21901775896549225,0.26955568173494393,-0.05053792276945168
0.5946186184883118,0.2869195543113535,0.30769906417695825
0.4071682393550873,0.34377811539325426,0.06339012396183302
0.5749843120574951,0.1958894224222162,0.37909488963527893
0.4670114815235138,0.20677975250769293,0.26023172901582087
0.08285266160964966,0.23900906090371443,-0.15615639929406477
0.13256008923053741,0.24404240384262577,-0.11148231461208835
0.015485893003642559,0.2445272418808294,-0.22904134887718683
0.21520376205444336,0.22145645612821194,-0.006252694073768578
0.18160919845104218,0.27398928025843017,-0.09238008180738799
0.6169697046279907,0.3206570344855946,0.2963126701423961
0.42695924639701843,0.3077585614121812,0.11920068498483721
0.0005538139957934618,0.19646242211585627,-0.1959086081200628
0.17938348650932312,0.2513684643977397,-0.07198497788841657
0.05660397186875343,0.25640637019322227,-0.19980239832446883
0.6082236170768738,0.24842848261356942,0.35979513446330436
0.374973863363266,0.359345795139659,0.015628068223607017
0.1160397082567215,0.24986161359449147,-0.13382190533776997
0.33879831433296204,0.24521134930524166,0.09358696502772038
0.12318704277276993,0.1984603294122047,-0.07527328663943478
0.1334482729434967,0.3287664585585683,-0.19531818561507158
0.15673981606960297,0.21100410854309093,-0.05426429247348796
0.19862069189548492,0.2629027441959328,-0.06428205230044787
0.18223614990711212,0.2597950698909576,-0.07755891998384545
0.21187043190002441,0.25192762974592303,-0.04005719784589862
0.30870428681373596,0.28656841465288496,0.022135872160851
0.39256009459495544,0.25621128980069857,0.13634880479425687
0.215109720826149,0.2197170845523265,-0.00460736372617751
0.43300941586494446,0.22304347574326464,0.20996594012167982
0.2299477607011795,0.2508311284165383,-0.020883367715358814
0.011682340875267982,0.2182486430603704,-0.2065663021851024
0.6411494016647339,0.36193531927582584,0.27921408238890805
0.09563218057155609,0.18016624238014234,-0.08453406180858625
0.15352141857147217,0.30871366498228,-0.1551922464108078
0.21329154074192047,0.29119401673292844,-0.07790247599100797
0.11253918707370758,0.2047395236365034,-0.09220033656279583
0.2653605043888092,0.28985604395523906,-0.024495539566429858
0.04878787696361542,0.26645199170714395,-0.21766411474352854
0.5934587121009827,0.28113647696386734,0.3123222351371153
0.582675039768219,0.26307371575513766,0.31960132401308133
0.371170312166214,0.2565328079940476,0.1146375041721664
0.6185789108276367,0.4009922772782509,0.21758663354938584
0.43718913197517395,0.2204973367575725,0.21669179521760146
0.0954023003578186,0.2461052053855587,-0.15070290502774009
0.2297283113002777,0.22445282144854628,0.00527548985173143
0.39081504940986633,0.297561262591054,0.09325378681881236
0.433218389749527,0.2513397533943639,0.1818786363551631
0.09820272028446198,0.1911479614147595,-0.09294524113029753
0.5872518420219421,0.2930279527601063,0.29422388926183585
0.43812957406044006,0.2864511756181565,0.1516783984422836
0.2494879812002182,0.233711430985212,0.015776550215006208
0.438119113445282,0.1804959863964124,0.2576231270488696
0.5530198812484741,0.20218791470962397,0.3508319665388502
0.24782654643058777,0.2764834449276493,-0.028656898497061545
0.5658202767372131,0.25621289206378345,0.3096073846734297
0.3911285400390625,0.34606781364215183,0.045060726396910666
0.06576802581548691,0.3005102323709037,-0.23474220655541678
0.5629571676254272,0.3100269737852129,0.25293019384021437
0.26296761631965637,0.22117331383331487,0.0417943024863415
0.00015673981397412717,0.22469498327138118,-0.22453824345740706
0.2846603989601135,0.20386546749439166,0.08079493146572186
0.24864159524440765,0.2644224594088665,-0.01578086416445884
0.015266457572579384,0.21576159817105603,-0.20049514059847665
0.21783699095249176,0.331680397860225,-0.11384340690773326
0.1678265482187271,0.24086695073862363,-0.07304040251989652
0.04121212288737297,0.2178731052047651,-0.17666098231739213
0.2900731563568115,0.23843945325911506,0.051633703097696465
0.2431974858045578,0.2526803571019749,-0.009482871297417095
0.08284221589565277,0.30436064350284303,-0.22151842760719026
0.5433019995689392,0.3471117578501965,0.19619024171874272
0.22852665185928345,0.21286135418169128,0.01566529767759217
0.11884012818336487,0.23783344504221737,-0.1189933168588525
0.4216196537017822,0.3586137450142011,0.0630059086875811
0.8311807513237,0.27052058930315726,0.5606601620205427
0.025172414258122444,0.25206103666091534,-0.2268886224027929
0.2816614508628845,0.24365859980122337,0.03800285106166115
0.10866248607635498,0.20632767350881165,-0.09766518743245667
0.49945664405822754,0.24974138147635414,0.2497152625818734
0.03729362413287163,0.23081768780157277,-0.19352406366870115
0.21280041337013245,0.2832988936705262,-0.07049848030039374
0.19143155217170715,0.2135120937023188,-0.022080541530611647
0.010459770448505878,0.15271387795053593,-0.14225410750203005
0.058014627546072006,0.2365746684348029,-0.1785600408887309
0.16579937934875488,0.2918645920225652,-0.12606521267381032
0.6088087558746338,0.27275056707844014,0.33605818879619365
0.06175548583269119,0.2218195234663348,-0.1600640376336436
0.11724138259887695,0.19574188225979253,-0.07850049966091557
0.16158829629421234,0.2573955515557785,-0.09580725526156614
0.2892058491706848,0.27036391610894617,0.018841933061738647
0.19225704669952393,0.21105157879165723,-0.018794532092133304
0.40500521659851074,0.23382538091466987,0.17117983568384088
0.05876697972416878,0.21771881975694132,-0.15895184003277255
0.23366771638393402,0.3537028366712269,-0.12003512028729285
0.30159875750541687,0.21457634836214393,0.08702240914327294
0.6350574493408203,0.2536367959020626,0.3814206534387577
0.06118077412247658,0.18671409676758005,-0.12553332264510347
0.08902820944786072,0.1957303193601462,-0.10670210991228549
0.10518286377191544,0.2300717799720683,-0.12488891620015286
0.013636363670229912,0.20723996545688061,-0.1936036017866507
0.16319748759269714,0.35670487097111453,-0.19350738337841739
0.8410031199455261,0.2404625441322341,0.600540575813292
0.02774294652044773,0.23721882878202866,-0.20947588226158093
0.459676057100296,0.262141860013786,0.19753419708651004
0.2901671826839447,0.296728757540374,-0.006561574856429275
0.20897597074508667,0.26578287183939825,-0.05680690109431158
0.03313479572534561,0.2974439648553471,-0.26430916913000146
0.24536050856113434,0.27180524253293914,-0.0264447339718048
0.42198535799980164,0.3349435178074179,0.08704184019238376
0.7329153418540955,0.32556656731480255,0.4073487745392929
0.0730929970741272,0.17982467351876116,-0.10673167644463397
0.27110761404037476,0.2222060066046132,0.04890160743576155
0.2526959180831909,0.2756597864773284,-0.0229638683941375
0.5057366490364075,0.2503596465307294,0.2553770025056781
0.37615466117858887,0.2422782080231432,0.13387645315544566
0.16208986937999725,0.24319622374664418,-0.08110635436664693
0.6577116250991821,0.26588494801646045,0.3918266770827217
0.04853709414601326,0.2352930952362723,-0.18675600109025903
0.14452455937862396,0.27096074954568733,-0.12643619016706337
0.21901775896549225,0.27557297314347956,-0.05655521417798731
0.41925808787345886,0.18732919530047343,0.23192889257298543
0.6294670701026917,0.3984541427026383,0.23101292740005336
0.2475757598876953,0.28461661896730855,-0.03704085907961324
0.1804911196231842,0.29141388830636605,-0.11092276868318185
0.7140334248542786,0.3141703403894038,0.3998630844648748
0.6983489990234375,0.3447874966297712,0.3535615023936663
0.16378265619277954,0.3173738126019862,-0.15359115640920668
0.008014628663659096,0.232998176009105,-0.2249835473454459
0.19859978556632996,0.24802199444656203,-0.04942220888023208
0.07079415023326874,0.23948313140059874,-0.16868898116733
0.1682758629322052,0.2651293276250089,-0.0968534646928037
0.20987461507320404,0.2887580437248341,-0.07888342865163006
0.008328109048306942,0.2722488965229287,-0.2639207874746218
0.22501567006111145,0.19759656100566528,0.027419109055446172
0.39146289229393005,0.29401187413991847,0.09745101815401158
0.011316614225506783,0.32683283242177025,-0.31551621819626346
0.005506792105734348,0.18346482912943593,-0.17795803702370158
0.6565203666687012,0.33800263789721235,0.3185177287714888
0.23824451863765717,0.23977661689066018,-0.001532098253003017
0.06096133589744568,0.22258831715428823,-0.16162698125684255
0.15733543038368225,0.309469435309429,-0.15213400492574675
0.04464994743466377,0.2831888702723624,-0.23853892283769862
0.033542320132255554,0.22426885814010578,-0.19072653800785022
0.47809821367263794,0.3366788217967656,0.14141939187587232
0.3715256154537201,0.2770681061891348,0.0944575092645853
0.005924765020608902,0.15074351079770842,-0.14481874577709952
0.17006269097328186,0.2340387548511198,-0.06397606387783794
0.046353187412023544,0.18262035098195195,-0.1362671635699284
0.12958203256130219,0.20362333955095088,-0.0740413069896487
0.42012539505958557,0.33515250328425567,0.0849728917753299
0.5803866386413574,0.36188732158860454,0.21849931705275288
0.1484535038471222,0.24137849858506766,-0.09292499473794547
0.014242424629628658,0.19772195713887158,-0.18347953250924293
0.22137930989265442,0.18749381119972916,0.03388549869292526
0.058892372995615005,0.20990171727477383,-0.15100934427915882
0.6018913388252258,0.2785823157097522,0.3233090231154736
0.5857262015342712,0.3158963113589784,0.26982989017529285
0.17921629548072815,0.22357338864441043,-0.044357093163682276
0.49045976996421814,0.3187693975520565,0.17169037241216162
0.12067920714616776,0.1791550228796929,-0.058475815733525144
0.2838871479034424,0.20587594231935408,0.0780112055840883
0.5160815119743347,0.31430046031030157,0.20178105166403315
0.5887669920921326,0.2852928372409543,0.3034741548511783
0.5059247612953186,0.2415849783923153,0.2643397829030033
0.2569279074668884,0.2148618800030875,0.04206602746380092
0.23592476546764374,0.27738543094547213,-0.041460665477828396
0.6988087892532349,0.37606188145005987,0.322746907803175
0.4564785659313202,0.3114896372079185,0.1449889287234017
0.742392897605896,0.22714184113762134,0.5152510564682746
0.1456008404493332,0.23150355979653728,-0.08590271934720409
0.4065099358558655,0.3078734904074341,0.09863644544843136
0.6335422992706299,0.2589326135414963,0.37460968572913356
0.13523511588573456,0.2699559627075219,-0.13472084682178737
0.015987461432814598,0.21114863426419558,-0.19516117283138099
0.0386311374604702,0.20614120537878938,-0.16751006791831918
0.2521421015262604,0.2692660348339817,-0.01712393330772133
0.5327063798904419,0.31442434825142823,0.21828203163901366
0.2080041766166687,0.19931226547746392,0.008691911139204783
0.10612329840660095,0.2502821234796222,-0.14415882507302125
0.45862069725990295,0.2242990084159746,0.23432168884392834
0.13867293298244476,0.29896557306948185,-0.16029264008703709
0.24387669563293457,0.22778131550930625,0.016095380123628322
0.2632392942905426,0.26429942561678266,-0.0010601313262400547
0.502079427242279,0.2568704731103158,0.24520895413196325
0.11256008595228195,0.20864871956871697,-0.09608863361643502
0.053772203624248505,0.2771767805258581,-0.2234045769016096
0.4229780435562134,0.22533270920090487,0.1976453343553085
0.1514524519443512,0.34855298244754346,-0.19710053050319226
0.07123301923274994,0.2091195253220528,-0.13788650608930286
0.008808777667582035,0.1606202705375962,-0.15181149287001416
0.21073144674301147,0.21140413802772068,-0.0006726912847092037
0.461159884929657,0.20898856704830637,0.2521713178813506
0.17637409269809723,0.2230741798616034,-0.04670008716350618
0.10753396153450012,0.2367713887096898,-0.12923742717518968
0.28755486011505127,0.3142055348476474,-0.026650674732596136
0.0974503681063652,0.27761082596216097,-0.18016045785579576
0.04422152414917946,0.2102837921000879,-0.16606226795090845
0.5144409537315369,0.22948296689670464,0.2849579868348322
0.29277950525283813,0.21306506237764652,0.07971444287519161
0.11078369617462158,0.1886404628873881,-0.0778567667127665
0.024587251245975494,0.16902499719655642,-0.14443774595058093
0.3759038746356964,0.14636300115518142,0.229540873480515
0.02003134787082672,0.22384864789017617,-0.20381730001934945
0.06934168934822083,0.20018651287705275,-0.13084482352883192
0.46932080388069153,0.2399350880839056,0.22938571579678593
0.11175548285245895,0.2325367663981941,-0.12078128354573514
0.09743991494178772,0.27896294113161035,-0.18152302618982263
0.14966562390327454,0.2482745101735642,-0.09860888627028966
0.16925810277462006,0.29204719055731254,-0.12278908778269249
0.6887878775596619,0.2338841688003852,0.45490370875927666
0.060825496912002563,0.3115097261638195,-0.25068422925181694
0.5982758402824402,0.2782776267278007,0.3199982135546395
0.6995924711227417,0.3933324411629692,0.3062600299597725
0.39220482110977173,0.26713096126438074,0.125073859845391
0.16844305396080017,0.20924783842720523,-0.040804784466405064
0.22100313007831573,0.30903517471591274,-0.088032044637597
0.0366562157869339,0.1967330502756538,-0.1600768344887199
0.0053500523790717125,0.2210806802170434,-0.2157306278379717
0.05708463862538338,0.27530345071166873,-0.21821881208628535
0.18549634516239166,0.2059764502027125,-0.02048010504032083
0.15742947161197662,0.21999092843736182,-0.06256145682538519
0.016948798671364784,0.25911823020472335,-0.24216943153335857
0.1384952962398529,0.24181251458023084,-0.10331721834037794
0.24908046424388885,0.27089975188825677,-0.021819287644367913
0.2945350110530853,0.1701431639417568,0.12439184711132853
0.20738767087459564,0.2266045206106647,-0.019216849736069047
0.07709509134292603,0.3172285121832282,-0.24013342084030215
0.27045977115631104,0.27111325506173584,-0.000653483905424801
0.059623826295137405,0.3113460344396444,-0.251722208144507
0.5430616736412048,0.2642103181363527,0.2788513555048521
0.531619668006897,0.30314768119648333,0.22847198681041364
0.5014106631278992,0.22930678206685592,0.2721038810610432
0.09743991494178772,0.36708461677685494,-0.2696447018350672
0.3508986532688141,0.24158535243993193,0.10931330082888216
0.059770114719867706,0.21321274611893928,-0.15344263139907158
0.07140021026134491,0.26236737029832097,-0.19096716003697606
0.03587251901626587,0.189005647537278,-0.15313312852101213
0.5869696736335754,0.36075013136087636,0.22621954227269908
0.22810867428779602,0.22538508270910684,0.0027235915786891773
0.3280564248561859,0.21068402240822764,0.11737240244795827
0.4969383478164673,0.2331070160811493,0.263831331735318
0.8008150458335876,0.25169217765089585,0.5491228681826918
0.2118913233280182,0.27626842027400916,-0.06437709694599097
0.5553709268569946,0.33653692520804784,0.21883400164894679
0.2689550817012787,0.23135955273093553,0.037595528970343156
0.40551725029945374,0.26503586346830205,0.1404813868311517
0.009184952825307846,0.17997836751260812,-0.17079341468730028
0.11664576828479767,0.2880932716562987,-0.17144750337150105
0.08723092824220657,0.1895821452311341,-0.10235121698892752
0.4527586102485657,0.29125406948375954,0.16150454076480614
0.35252872109413147,0.227893845501736,0.12463487559239547
0.4082654118537903,0.30221338541445614,0.10605202643933415
0.42130616307258606,0.3673253443242073,0.053980818748378734
0.37822362780570984,0.28838176566340423,0.0898418621423056
0.3122048079967499,0.2335689327591702,0.07863587523757967
0.30124348402023315,0.33248491100311345,-0.031241426982880294
0.2524033486843109,0.19786675772490256,0.054536590959408354
0.03999999910593033,0.26234153695381324,-0.2223415378478829
0.38340649008750916,0.21382539626991007,0.1695810938175991
0.23340648412704468,0.2217153774133022,0.011691106713742488
0.2229362577199936,0.24826477807099162,-0.02532852035099803
0.04567398130893707,0.241674574957851,-0.19600059364891392
0.09577847272157669,0.20674598565635896,-0.11096751293478227
0.6674190163612366,0.2922409566671706,0.375178059694066
0.17782653868198395,0.20822020314985343,-0.03039366446786948
0.02357366681098938,0.26510059777036915,-0.24152693095937977
0.2592894434928894,0.23116261780348854,0.028126825689400864
0.07430511713027954,0.280575355484164,-0.20627023835388447
0.5965830683708191,0.2727921742085044,0.3237908941623147
0.06249738857150078,0.25283471875263197,-0.1903373301811312
0.18140020966529846,0.26636615914594625,-0.08496594948064778
0.09519331157207489,0.28070993034012853,-0.18551661876805364
0.07580982148647308,0.24016378670520874,-0.16435396521873566
0.08955068141222,0.2620183711616049,-0.17246768974938492
0.4342110753059387,0.28364453146840357,0.15056654383753515
0.3347857892513275,0.18000495204342984,0.15478083720789768
0.1098223626613617,0.17340725819946498,-0.06358489553810329
0.48649948835372925,0.25251635426585456,0.2339831340878747
0.24820271134376526,0.3043141964715963,-0.05611148512783104
0.5032706260681152,0.3443709649847437,0.15889966108337156
0.26137930154800415,0.37494356663286926,-0.11356426508486511
0.13357366621494293,0.2658549132995045,-0.13228124708456157
0.08249738812446594,0.1991206915313233,-0.11662330340685736
0.11461859941482544,0.2526703713294577,-0.13805177191463225
0.13848485052585602,0.24974231268568695,-0.11125746215983093
0.3266039788722992,0.20471228452330073,0.12189169434899846
0.39672935009002686,0.32670067164700317,0.07002867844302368
0.24205851554870605,0.29361084307579766,-0.0515523275270916
0.11637408286333084,0.2510081190748158,-0.13463403621148495
0.3189028203487396,0.1953777170104507,0.12352510333828892
0.3726332187652588,0.25408215299855474,0.11855106576670404
0.24793103337287903,0.2407280280532704,0.00720300531960863
0.61771160364151,0.2962948834504381,0.3214167201910719
0.09857889264822006,0.19691679641577756,-0.0983379037675575
0.2336154580116272,0.331859243672369,-0.09824378566074182
0.021473353728652,0.3245858055998571,-0.3031124518712051
0.23619644343852997,0.20238392325300342,0.03381252018552655
0.28288400173187256,0.27494538940486357,0.007938612327008987
0.6819958090782166,0.3061701152361836,0.37582569384203296
0.6190699934959412,0.33612963858106454,0.2829403549148766
0.029362590983510017,0.16643068568773936,-0.13706809470422934
0.40646812319755554,0.20574046630419615,0.2007276568933594
0.039278995245695114,0.2986126786696941,-0.259333683423999
0.3167084753513336,0.2700736096083398,0.0466348657429938
0.6094043850898743,0.2934561178584159,0.31594826723145836
0.5484848618507385,0.26969230873166716,0.27879255311907136
0.5495924949645996,0.22555364003293546,0.3240388549316642
0.32342737913131714,0.25063851623114136,0.07278886290017578
0.18924765288829803,0.2953981257457987,-0.10615047285750068
0.10709509253501892,0.23758966582558255,-0.13049457329056363
0.31647858023643494,0.30197839594675663,0.014500184289678308
0.3988923728466034,0.22989123971970613,0.16900113312689727
0.22176593542099,0.24322105359734938,-0.021455118176359395
0.02366771176457405,0.162144333814241,-0.13847662204966696
0.17388714849948883,0.24582906877074434,-0.07194192027125551
0.5719226598739624,0.31230807262739285,0.25961458724656955
0.09466039389371872,0.27268504336534877,-0.17802464947163005
0.4308463931083679,0.26659783768407486,0.16424855542429306
0.19846394658088684,0.20412342457371935,-0.005659477992832507
0.25897595286369324,0.2990106311620766,-0.040034678298383364
0.03132706508040428,0.22506649076654414,-0.19373942568613986
0.19727273285388947,0.26470533522772166,-0.0674326023738322
0.3046499490737915,0.21974120929470659,0.08490873977908492
0.1666039675474167,0.3201249244457853,-0.1535209568983686
0.15556949377059937,0.254976103925393,-0.09940661015479363
0.12699060142040253,0.3073817499948695,-0.18039114857446698
0.18249738216400146,0.27860989408599257,-0.0961125119219911
0.45576801896095276,0.23691087012493214,0.21885714883602062
0.05678160861134529,0.21224359629624917,-0.15546198768490388
0.1916196495294571,0.21533544528534238,-0.023715795755885283
0.29584115743637085,0.23276854399340255,0.0630726134429683
0.4475443959236145,0.311505820626544,0.13603857529707047
0.2241797298192978,0.27816002985641103,-0.05398030003711324
0.6960501670837402,0.27867572872464885,0.4173744383590914
0.46965518593788147,0.24279731865777948,0.226857867280102
0.2669592499732971,0.26882968856828143,-0.0018704385949843139
0.22495298087596893,0.2528647840824028,-0.027911803206433883
0.06198536977171898,0.18389748846297715,-0.12191211869125818
0.013740857131779194,0.24487953505557,-0.2311386779237908
0.07297805696725845,0.3141942487650519,-0.24121619179779347
0.01661442033946514,0.249172427159997,-0.23255800682053185
0.012622779235243797,0.2170127307804768,-0.204389951545233
0.03866248577833176,0.26911729564285547,-0.2304548098645237
0.283134788274765,0.20491500515593716,0.07821978311882785
0.20804597437381744,0.19636920821678064,0.011676766157036805
0.08714733272790909,0.2566760853143665,-0.1695287525864574
0.17543365061283112,0.22673166960774868,-0.051298018994917566
0.04445141181349754,0.24170138733868451,-0.19724997552518697
0.37463951110839844,0.23529029342351523,0.1393492176848832
0.09303030371665955,0.20368120560011066,-0.11065090188345111
0.19708463549613953,0.2569254012228034,-0.05984076572666386
0.40873563289642334,0.25168305384381545,0.1570525790526079
0.37718912959098816,0.24583884563637337,0.1313502839546148
0.3365726172924042,0.331899513173229,0.004673104119175153
0.10215256363153458,0.25579669567006486,-0.15364413203853028
0.08075235038995743,0.20386744821108688,-0.12311509782112945
0.10817136615514755,0.2226451088909544,-0.11447374273580685
0.38574713468551636,0.2775013212216709,0.10824581346384543
0.03818181902170181,0.18451547367375357,-0.14633365465205175
0.5258620977401733,0.321825725290579,0.20403637244959433
0.09593521058559418,0.17599393644595934,-0.08005872586036517
0.6218181848526001,0.2630197452058044,0.3587984396467957
0.24394984543323517,0.31543233976260426,-0.0714824943293691
0.4064994752407074,0.2592514518680794,0.147248023372628
0.15555903315544128,0.21592228521139478,-0.0603632520559535
0.2975444197654724,0.2129894319538181,0.08455498781165433
0.5026123523712158,0.31790343328752296,0.18470891908369286
0.03625914454460144,0.2811824882813482,-0.24492334373674673
0.37295717000961304,0.2761017526216416,0.09685541738797143
0.26803553104400635,0.274390882269895,-0.00635535122588865
0.29863113164901733,0.24947010817915058,0.049161023469866755
0.3327272832393646,0.2530652766624015,0.07966200657696315
0.1904701590538025,0.24066492111126625,-0.05019476205746376
0.3319605588912964,0.25547353286123875,0.07648702603005764
0.04256144165992737,0.14005265465395983,-0.09749121299403246
0.48201584815979004,0.2548352885997965,0.22718055955999356
0.3154468238353729,0.21043205975681706,0.10501476407855587
0.20013172924518585,0.24283468507016953,-0.04270295582498368
0.23952758312225342,0.319545003567226,-0.08001742044497256
0.3518174886703491,0.25707576308053914,0.09474172558980998
0.21870426833629608,0.22071578371130648,-0.002011515375010403
0.06309811770915985,0.22310028821259678,-0.16000217050343693
0.21359479427337646,0.24387424727394144,-0.030279453000564976
0.2560151219367981,0.32498701577539574,-0.06897189383859764
0.28026100993156433,0.24323116440649817,0.03702984552506616
0.31329435110092163,0.2466797717442006,0.06661457935672102
0.18392382562160492,0.29180128289696405,-0.10787745727535913
0.23661960661411285,0.27254843721944355,-0.0359288306053307
0.37384870648384094,0.37337041675868704,0.000478289725153902
0.18012984097003937,0.30932089298848037,-0.129191052018441
0.15521761775016785,0.278624261297701,-0.12340664354753317
0.03069385699927807,0.22679842639773826,-0.1961045693984602
0.23250889778137207,0.29102238384120577,-0.0585134860598337
0.4095008671283722,0.18274373142764994,0.22675713570072226
0.18776783347129822,0.23973614584495703,-0.051968312373658815
0.27237221598625183,0.2332619823353767,0.039110233650875126
0.43286049365997314,0.224336549128048,0.20852394453192513
0.24934501945972443,0.28562893920161064,-0.03628391974188622
0.2756304144859314,0.24707068620126932,0.028559728284662078
0.17786401510238647,0.2838677524295875,-0.10600373732720103
0.15412533283233643,0.2560127159468416,-0.10188738311450518
0.21168294548988342,0.22161481905321073,-0.00993187356332731
0.2837334871292114,0.2796959986142263,0.004037488514985144
0.1874687820672989,0.260189878361193,-0.07272109629389412
0.26102590560913086,0.23064958680827083,0.03037631880086003
0.6099406480789185,0.30361291377763205,0.3063277343012864
0.030842697247862816,0.24491150545695195,-0.21406880820908913
0.18547466397285461,0.13836936480721806,0.04710529916563655
0.3189954161643982,0.15225979225911535,0.16673562390528285
0.5154640078544617,0.25169476280439496,0.2637692450500667
0.20159442722797394,0.2188577236918033,-0.017263296463829375
0.20031115412712097,0.24636690253342491,-0.04605574840630394
0.17084671556949615,0.24599121874041674,-0.07514450317092058
0.21434664726257324,0.21613767275701118,-0.0017910254944379367
0.06968620419502258,0.18474923427399792,-0.11506303007897534
0.21398426592350006,0.26502811283160627,-0.051043846908106205
0.33282965421676636,0.2616331817620663,0.07119647245470007
0.08820156753063202,0.18578120640717205,-0.09757963887654003
0.21907466650009155,0.26283099945549104,-0.04375633295539949
0.3754766881465912,0.29964795838752023,0.07582872975907096
0.3476198613643646,0.25073260963939237,0.09688725172497226
0.17821523547172546,0.26559204030401407,-0.0873768048322886
0.2715308368206024,0.30999136496071916,-0.038460528140116745
0.17574602365493774,0.23545934430396337,-0.059713320649025625
0.233893483877182,0.3395260539454133,-0.10563257006823129
0.24599705636501312,0.21297862090714556,0.03301843545786756
0.2839707136154175,0.22154857174450382,0.06242214187091366
0.030038056895136833,0.22978810086003185,-0.199750043964895
0.2326291799545288,0.1531320034803113,0.0794971764742175
0.1629113107919693,0.2927717823793651,-0.12986047158739578
0.10545450448989868,0.16976032638135055,-0.06430582189145187
0.12456635385751724,0.1516820009567173,-0.027115647099200058
0.1715509295463562,0.25821295108644804,-0.08666202154009184
0.18407581746578217,0.2449413725902408,-0.060865555124458626
0.1421099305152893,0.2242785618055684,-0.0821686312902791
0.35241514444351196,0.2190021357602565,0.13341300868325545
0.11733776330947876,0.22195393588858758,-0.10461617257910882
0.23071205615997314,0.16351452784325377,0.06719752831671938
0.1462864726781845,0.16187335277594203,-0.015586880097757522
0.27179834246635437,0.2541884564634371,0.017609886002917297
0.1865793913602829,0.13797933015954536,0.04860006120073754
0.10839958488941193,0.2822000835717561,-0.17380049868234415
0.18153397738933563,0.25336169232057903,-0.0718277149312434
0.041930973529815674,0.243615580918646,-0.20168460738883032
0.24333912134170532,0.2373275686678027,0.0060115526739026315
0.25883254408836365,0.21993432697344606,0.03889821711491759
0.27944958209991455,0.29613180434078734,-0.01668222224087279
0.16880996525287628,0.21966742480191476,-0.050857459549038475
0.22393448650836945,0.23210770966485425,-0.008173223156484805
0.22439780831336975,0.17409674606630907,0.050301062247060685
0.2432376742362976,0.21390515838657206,0.029332515849725543
0.35164356231689453,0.3409814760042996,0.01066208631259491
0.15775743126869202,0.2760314203967624,-0.11827398912807036
0.3550173044204712,0.2522179577104705,0.10279934671000068
0.26365986466407776,0.3019484255270706,-0.038288560862992815
0.25079280138015747,0.2912248816238897,-0.04043208024373224
0.2198362946510315,0.20850593760260094,0.01133035704843055
0.24984043836593628,0.27162599391415143,-0.021785555548215152
0.240941122174263,0.24759465865845062,-0.006653536484187622
0.22177836298942566,0.2726593358379862,-0.050880972848560524
0.1636899709701538,0.2306725997891357,-0.0669826288189819
0.2280115932226181,0.22345835091689323,0.004553242305724875
0.16688519716262817,0.2577557876534266,-0.09087059049079843
0.19873586297035217,0.23448309096088,-0.03574722799052782
0.15477648377418518,0.2157527777855905,-0.06097629401140531
0.1699695885181427,0.26007383887592445,-0.09010425035778175
0.03100884146988392,0.17535916960632703,-0.1443503281364431
0.32696646451950073,0.2398430869678901,0.08712337755161062
0.18676821887493134,0.3362785058558532,-0.1495102869809219
0.2871237099170685,0.24545345420511103,0.041670255711957455
0.29571428894996643,0.32127367805533985,-0.02555938910537342
0.2765558063983917,0.2896726136368486,-0.013116807238456873
0.4008508324623108,0.30337923327290733,0.09747159918940346
0.3317733407020569,0.2425633101781141,0.08921003052394277
0.3093244433403015,0.16591190609062828,0.14341253724967323
0.28607630729675293,0.21600155913968602,0.07007474815706691
0.22970226407051086,0.278912559985262,-0.04921029591475112
0.32875052094459534,0.34732197522491165,-0.018571454280316313
0.07338852435350418,0.22977740180546857,-0.1563888774519644
0.2879599332809448,0.3259454982656646,-0.03798556498471978
0.3290327787399292,0.2959214376875221,0.033111341052407095
0.18629047274589539,0.2004262077355511,-0.014135734989655702
0.3260194957256317,0.241595377517948,0.08442411820768372
0.16417033970355988,0.20822681898319575,-0.04405647927963588
0.1587219387292862,0.2076302578632152,-0.04890831913392901
0.18296895921230316,0.34091192117367736,-0.1579429619613742
0.20481234788894653,0.244119760787757,-0.039307412898810457
0.2988685369491577,0.1443871257204886,0.15448141122866912
0.23171116411685944,0.2602559141467701,-0.028544750029910637
0.25049373507499695,0.29314401860561917,-0.042650283530622224
0.33241474628448486,0.2218440531730747,0.11057069311141016
0.047263260930776596,0.21639069171192926,-0.16912743078115267
0.4792868196964264,0.26465492837069376,0.21463189132573263
0.22406627237796783,0.26189791235118126,-0.03783163997321343
0.23742714524269104,0.28003262586940997,-0.04260548062671893
0.21900369226932526,0.2320928278033245,-0.013089135533999235
0.3277551829814911,0.2468180161642092,0.08093716681728189
0.305838942527771,0.2759013046507706,0.029937637877000378
0.033634670078754425,0.22539677730494348,-0.19176210722618905
0.38981273770332336,0.2637155035869139,0.12609723411640944
0.40782713890075684,0.22415091375649115,0.18367622514426568
0.40727829933166504,0.2665178703356303,0.14076042899603475
0.029796678572893143,0.10718647822710553,-0.07738979965421239
0.25696471333503723,0.2653033665462183,-0.008338653211181046
0.2054242640733719,0.20278795462919344,0.0026363094441784474
0.23569084703922272,0.3088637054688863,-0.07317285842966359
0.22069749236106873,0.24703141446611096,-0.026333922105042235
0.5352916121482849,0.3444330702683805,0.19085854187990442
0.25370916724205017,0.2096765726841958,0.04403259455785438
0.04132194444537163,0.24109970787887944,-0.1997777634335078
0.3256755471229553,0.34650275365426464,-0.020827206531309317
0.17165185511112213,0.2244572730737048,-0.052805417962582674
0.1812843233346939,0.20594251865919488,-0.024658195324500976
0.1595648229122162,0.19826961411869598,-0.038704791206479794
0.17110225558280945,0.2877928359451785,-0.11669058036236907
0.3235373795032501,0.1804959863964124,0.14304139310683772
0.311290979385376,0.23432077067974497,0.07697020870563101
0.4353187680244446,0.236810258765493,0.19850850925895158
0.3296924829483032,0.28395779215379674,0.04573469079450648
0.06621849536895752,0.19843267105894286,-0.13221417568998534
0.19565635919570923,0.2731570078548853,-0.07750064865917605
0.06134388595819473,0.24530451781353613,-0.1839606318553414
0.043035298585891724,0.1896305278793597,-0.14659522929346797
0.1652984917163849,0.2913019727269891,-0.1260034810106042
0.5766581296920776,0.27605956979080054,0.3005985599012771
0.29169484972953796,0.2914490832685526,0.0002457664609853416
0.15549448132514954,0.16603752799506813,-0.010543046669918593
0.30019015073776245,0.1729698814573201,0.12722026928044236
0.25920820236206055,0.2609837146863383,-0.0017755123242777504
0.1941048949956894,0.24011003494062494,-0.04600513994493555
0.27311742305755615,0.20578395036437397,0.06733347269318218
0.3429443836212158,0.29556560278239646,0.04737878083881936
0.32219818234443665,0.16317393258589405,0.1590242497585426
0.25323793292045593,0.2639157633539375,-0.010677830433481583
0.2607857584953308,0.2482463404689973,0.012539418026333515
0.19455015659332275,0.20297035613163406,-0.008420199538311302
0.3545949161052704,0.20786547614206116,0.14672943996320922
0.19692671298980713,0.2386145596481738,-0.04168784665836667
0.33688557147979736,0.33285631555944906,0.004029255920348307
0.4061105251312256,0.19656464329204967,0.2095458818391759
0.5735613107681274,0.2660807493551493,0.30748056141297814
0.43654489517211914,0.22588491259421026,0.21065998257790888
0.3616451919078827,0.21773062180377253,0.14391457010411016
0.5344473123550415,0.25209000823276556,0.28235730412227594
0.17298652231693268,0.3044232334233468,-0.13143671110641414
0.25295954942703247,0.21192229410359562,0.041037255323436855
0.3119491636753082,0.2351040144694817,0.07684514920582652
0.15743529796600342,0.2491933781646886,-0.09175808019868517
0.1591462641954422,0.2050132032163289,-0.045866939020886704
0.05524307116866112,0.24762374333707773,-0.19238067216841662
0.23109297454357147,0.28838759179126117,-0.057294617247689694
0.18235129117965698,0.2064319019671405,-0.024080610787483525
0.31675779819488525,0.20272274054487194,0.11403505765001332
0.17292018234729767,0.266369846283477,-0.09344966393617932
0.49907806515693665,0.254731708280135,0.24434635687680162
0.2816178798675537,0.1966083383985214,0.08500954146903231
0.3817710876464844,0.2596086650612042,0.12216242258528015
0.1776709109544754,0.27746467424617116,-0.09979376329169576
0.22999843955039978,0.20054364213833054,0.029454797412069245
0.32375064492225647,0.28799921267882767,0.035751432243428805
0.16545623540878296,0.24125474499022045,-0.0757985095814375
0.17735831439495087,0.3252505836047843,-0.14789226920983345
0.2630438208580017,0.2306177274754925,0.03242609338250921
0.32171830534935,0.30889601385364335,0.012822291495706628
0.3834663927555084,0.12882683403971876,0.2546395587157897
0.07318025082349777,0.16873138489333497,-0.0955511340698372
0.31902939081192017,0.31020469441824944,0.008824696393670728
0.36423754692077637,0.22874514311969243,0.13549240380108393
0.17068056762218475,0.2949300666042855,-0.12424949898210075
0.16817060112953186,0.1782439624958108,-0.010073361366278927
0.38891029357910156,0.19413416458964972,0.19477612898945185
0.19929447770118713,0.26586232322762215,-0.06656784552643502
0.22163015604019165,0.23739901601215765,-0.015768859971966004
0.18826903402805328,0.33339654919795336,-0.14512751516990008
0.1583525389432907,0.19839915380711196,-0.040046614863821245
0.34994563460350037,0.17471136712406843,0.17523426747943194
0.17400595545768738,0.18539562099688517,-0.01138966553919779
0.21726778149604797,0.27308688908061735,-0.05581910758456937
0.2894223928451538,0.27005239015376137,0.01937000269139244
0.30884596705436707,0.22509945013338836,0.0837465169209787
0.33176320791244507,0.2490782398762397,0.08268496803620537
0.26093655824661255,0.27597350013480143,-0.015036941888188882
0.2006598711013794,0.26804193580422786,-0.06738206470284847
0.31162136793136597,0.21505947396165126,0.09656189396971471
0.0327761135995388,0.20674070636489178,-0.17396459276535298
0.307193785905838,0.20443844934351013,0.10275533656232788
0.26650863885879517,0.23116110648339439,0.03534753237540078
0.07479805499315262,0.32607292835318386,-0.25127487336003124
0.2358824461698532,0.256485275629245,-0.02060282945939179
0.3431738615036011,0.2712159558059633,0.07195790569763777
0.15367454290390015,0.23669918813822477,-0.08302464523432462
0.384060263633728,0.32402780092902234,0.06003246270470569
0.20943555235862732,0.24394664264371,-0.034511090285082674
0.23569786548614502,0.3255942313170253,-0.08989636583088029
0.4337386190891266,0.22452830454662864,0.20921031454249794
0.197421133518219,0.21160547179489428,-0.014184338276675285
0.03199855983257294,0.22276023724703697,-0.19076167741446404
0.17169460654258728,0.27049990241527083,-0.09880529587268355
0.623167097568512,0.2901999289604458,0.3329671686080662
0.27109235525131226,0.2009556069907263,0.07013674826058597
0.18641021847724915,0.308722169120162,-0.12231195064291284
0.043770596385002136,0.19821814169088509,-0.15444754530588295
0.3428112268447876,0.2494108401988724,0.09340038664591518
0.08662426471710205,0.13899591047123688,-0.05237164575413483
0.18263918161392212,0.2243034068484164,-0.041664225234494284
0.31743767857551575,0.27986709336108784,0.03757058521442791
0.2601471543312073,0.23820019566744458,0.0219469586637627
0.20912571251392365,0.24663062064615762,-0.03750490813223398
0.16126589477062225,0.2351358557629302,-0.07386996099230794
0.45931655168533325,0.1985207692065515,0.26079578247878177
0.26787054538726807,0.23105734625815474,0.03681319912911332
0.26581811904907227,0.2767688325370695,-0.010950713487997255
0.26537248492240906,0.2908541894268857,-0.02548170450447662
0.17810676991939545,0.2853381168759451,-0.10723134695654968
0.18903478980064392,0.259070827524107,-0.07003603772346306
0.25177010893821716,0.2165571950686487,0.03521291386956846
0.36172720789909363,0.35785894572567983,0.0038682621734137945
0.2709575593471527,0.1981275075826815,0.07283005176447122
0.18880055844783783,0.17467802553492112,0.014122532912916708
0.44031843543052673,0.25268943947641065,0.18762899595411608
0.27505210041999817,0.24801351571590727,0.0270385847040909
0.29166024923324585,0.28970242056144313,0.0019578286718027194
0.07789184898138046,0.16701208245222765,-0.08912023347084719
0.45127367973327637,0.22174328624899622,0.22953039348428014
0.15529736876487732,0.22464642259208778,-0.06934905382721046
0.25968432426452637,0.2398119861356389,0.019872338128887473
0.34464231133461,0.26302726546170657,0.08161504587290341
0.30496445298194885,0.20326671124306803,0.10169774173888083
0.5763340592384338,0.23805820559839488,0.338275853640039
0.24122124910354614,0.20403597121340236,0.03718527789014378
0.2271084040403366,0.25903350701388456,-0.03192510297354795
0.15981560945510864,0.2816566406220751,-0.12184103116696648
0.271065890789032,0.23594978169893546,0.03511610909009652
0.21937787532806396,0.2775347986870049,-0.05815692335894096
0.25236672163009644,0.20216439011633439,0.05020233151376205
0.2480727881193161,0.3031957000316767,-0.05512291191236057
0.1858072131872177,0.20435637767281475,-0.01854916448559704
0.2611382305622101,0.23206631912013595,0.029071911442074133
0.25044357776641846,0.2484226273852093,0.002020950381209169
0.20425398647785187,0.22284944055773281,-0.018595454079880946
0.05092344805598259,0.1381627516382638,-0.08723930358228121
0.027812225744128227,0.21522368253426957,-0.18741145679014135
0.08658451586961746,0.2641304358210085,-0.17754591995139102
0.33588746190071106,0.24093265158032634,0.09495481032038472
0.324298232793808,0.19354874910380052,0.13074948369000747
0.29143455624580383,0.22124912313784584,0.070185433107958
0.25988897681236267,0.28438248931907867,-0.024493512506715998
0.3765411376953125,0.1944126418291115,0.182128495866201
0.3186267614364624,0.29020410017895687,0.028422661257505533
0.3875715434551239,0.25154029816513274,0.13603124528999117
0.31615257263183594,0.18770239066105446,0.12845018197078148
0.12807369232177734,0.1257384592426451,0.0023352330791322484
0.20473350584506989,0.20827431750921604,-0.0035408116641461596
0.1210976392030716,0.14230087454002233,-0.021203235336950732
0.21306215226650238,0.1891560216899344,0.023906130576567985
0.11039293557405472,0.22688984077442884,-0.11649690520037412
0.1909572035074234,0.17171680336824596,0.019240400139177438
0.150172621011734,0.17217818137259172,-0.022005560360857712
0.15764547884464264,0.23217510833183283,-0.07452962948719019
0.26729902625083923,0.22570550936328754,0.041593516887551696
0.2158917486667633,0.17619754368284227,0.03969420498392104
0.1391456574201584,0.19266396391736226,-0.05351830649720388
0.10456522554159164,0.14228290082348072,-0.037717675281889074
0.19589826464653015,0.24359603306056152,-0.047697768414031366
0.1315283626317978,0.16954499850375412,-0.038016635871956334
0.14791907370090485,0.16595338299854673,-0.01803430929764188
0.173574760556221,0.15154695957601977,0.02202780098020124
0.14632610976696014,0.14760951266168923,-0.0012834028947290854
0.1502542495727539,0.22634792619350325,-0.07609367662074934
0.18583469092845917,0.15459416878613425,0.031240522142324922
0.3191518187522888,0.20337151627978528,0.11578030247250354
0.20910315215587616,0.19096738081228345,0.018135771343592705
0.24521788954734802,0.32847199066511634,-0.08325410111776832
0.1495634764432907,0.2157826889803134,-0.06621921253702268
0.09947720170021057,0.1898795110561542,-0.09040230935594362
0.19826415181159973,0.24227989335421127,-0.044015741542611536
0.11909350007772446,0.24753570233783156,-0.1284422022601071
0.187056764960289,0.2557941480772113,-0.06873738311692229
0.2413608431816101,0.1969016083709753,0.044459234810634796
0.16716234385967255,0.17846914039012302,-0.01130679653045047
0.17853839695453644,0.21022130576843698,-0.03168290881390054
0.17439907789230347,0.2228969470388406,-0.04849786914653714
0.23399005830287933,0.24671293866197674,-0.01272288035909741
0.17100898921489716,0.2642550717001721,-0.09324608248527494
0.1327625960111618,0.23003587440715118,-0.09727327839598937
0.16752171516418457,0.17338348338917436,-0.005861768224989794
0.2814517319202423,0.18923067916347902,0.09222105275676329
0.15584233403205872,0.18554431249206013,-0.029701978460001416
0.1015210896730423,0.2436076240369208,-0.1420865343638785
0.10791996121406555,0.20659490219651122,-0.09867494098244567
0.24676786363124847,0.167698069160092,0.07906979447115647
0.2655114233493805,0.24160887697710698,0.023902546372273514
0.17307142913341522,0.25706456321829163,-0.08399313408487641
0.1804874837398529,0.2134050763256983,-0.032917592585845395
0.11174465715885162,0.13929089848129872,-0.027546241322447096
0.16024747490882874,0.11737925749775413,0.042868217411074605
