y_true,y_pred,error
0.10753051191568375,0.23395419120788574,-0.126423679292202
0.15470680594444275,0.225754976272583,-0.07104817032814026
0.17939570546150208,0.26917290687561035,-0.08977720141410828
0.07438526302576065,0.20084023475646973,-0.12645497173070908
0.18277369439601898,0.2593224048614502,-0.07654871046543121
0.1833484023809433,0.1810619831085205,0.0022864192724227905
0.12606415152549744,0.2446753978729248,-0.11861124634742737
0.11611462384462357,0.2275388240814209,-0.11142420023679733
0.1611488163471222,0.20170283317565918,-0.04055401682853699
0.13443513214588165,0.2127063274383545,-0.07827119529247284
0.12364858388900757,0.22584891319274902,-0.10220032930374146
0.13128988444805145,0.23018479347229004,-0.09889490902423859
0.09020553529262543,0.29050469398498535,-0.20029915869235992
0.12011148780584335,0.20025897026062012,-0.08014748245477676
0.16512371599674225,0.2766225337982178,-0.11149881780147552
0.21269947290420532,0.18701958656311035,0.02567988634109497
0.11902131140232086,0.2285020351409912,-0.10948072373867035
0.18698368966579437,0.18868613243103027,-0.0017024427652359009
0.13712623715400696,0.21581435203552246,-0.0786881148815155
0.08658287674188614,0.19904065132141113,-0.112457774579525
0.1147385686635971,0.1740267276763916,-0.059288159012794495
0.0907469317317009,0.2642543315887451,-0.17350739985704422
0.11509384214878082,0.21582674980163574,-0.10073290765285492
0.11087754368782043,0.225846529006958,-0.11496898531913757
0.23661960661411285,0.27142786979675293,-0.034808263182640076
0.5979249477386475,0.32667994499206543,0.27124500274658203
0.221977099776268,0.1787102222442627,0.04326687753200531
0.21937739849090576,0.34026503562927246,-0.1208876371383667
0.14946100115776062,0.25888705253601074,-0.10942605137825012
0.21852360665798187,0.3364593982696533,-0.11793579161167145
0.29021334648132324,0.2783548831939697,0.011858463287353516
0.14556121826171875,0.16780352592468262,-0.022242307662963867
0.32984021306037903,0.29377245903015137,0.03606775403022766
0.5768569111824036,0.2797682285308838,0.2970886826515198
0.32817572355270386,0.3452126979827881,-0.01703697443008423
0.12117773294448853,0.226149320602417,-0.10497158765792847
0.16946403682231903,0.3307631015777588,-0.16129906475543976
0.1579541116952896,0.16293787956237793,-0.004983767867088318
0.2838161885738373,0.2336118221282959,0.05020436644554138
0.15895943343639374,0.2386329174041748,-0.07967348396778107
0.23450802266597748,0.22231030464172363,0.012197718024253845
0.07700540870428085,0.19091153144836426,-0.1139061227440834
0.06949538737535477,0.18410086631774902,-0.11460547894239426
0.22462600469589233,0.16146588325500488,0.06316012144088745
0.27000218629837036,0.2350151538848877,0.034987032413482666
0.18752047419548035,0.2640354633331299,-0.07651498913764954
0.5929645895957947,0.32444024085998535,0.2685243487358093
0.40404605865478516,0.19968914985656738,0.20435690879821777
0.35834595561027527,0.2854573726654053,0.07288858294487
0.5023480653762817,0.22713828086853027,0.27520978450775146
0.24958942830562592,0.31211352348327637,-0.06252409517765045
0.13350488245487213,0.25125622749328613,-0.117751345038414
0.2278391718864441,0.25554442405700684,-0.027705252170562744
0.6068465113639832,0.3153660297393799,0.29148048162460327
0.2248319536447525,0.27036118507385254,-0.04552923142910004
0.09234500676393509,0.20381569862365723,-0.11147069185972214
0.12970437109470367,0.2725069522857666,-0.14280258119106293
0.27453938126564026,0.35819506645202637,-0.08365568518638611
0.01661878265440464,0.23101449012756348,-0.21439570747315884
0.41072317957878113,0.3037879467010498,0.10693523287773132
0.4807044565677643,0.22045350074768066,0.2602509558200836
0.19392286241054535,0.2541806697845459,-0.06025780737400055
0.21063132584095,0.2868659496307373,-0.07623462378978729
0.15317051112651825,0.2429368495941162,-0.08976633846759796
0.3701745867729187,0.27761244773864746,0.09256213903427124
0.27152255177497864,0.2770698070526123,-0.005547255277633667
0.2992415726184845,0.21819710731506348,0.08104446530342102
0.6059374213218689,0.3188025951385498,0.2871348261833191
0.4940513074398041,0.3173177242279053,0.1767335832118988
0.5402424931526184,0.1967175006866455,0.3435249924659729
0.47380051016807556,0.39612650871276855,0.077674001455307
0.0333690419793129,0.2228868007659912,-0.18951775878667831
0.22682777047157288,0.18955206871032715,0.03727570176124573
0.16221743822097778,0.25272202491760254,-0.09050458669662476
0.3402216136455536,0.31730008125305176,0.02292153239250183
0.15567615628242493,0.3402836322784424,-0.18460747599601746
0.3975801169872284,0.23217082023620605,0.16540929675102234
0.24023424088954926,0.1842496395111084,0.05598460137844086
0.3796573579311371,0.3006861209869385,0.07897123694419861
0.2737116813659668,0.2631838321685791,0.010527849197387695
0.23674418032169342,0.3145296573638916,-0.07778547704219818
0.6620398163795471,0.31169724464416504,0.3503425717353821
0.38156434893608093,0.2178356647491455,0.16372868418693542
0.17696142196655273,0.22988247871398926,-0.05292105674743652
0.6116322875022888,0.2749354839324951,0.3366968035697937
0.2217681109905243,0.2213151454925537,0.00045296549797058105
0.1438109576702118,0.2374260425567627,-0.0936150848865509
0.3331160843372345,0.2810089588165283,0.05210712552070618
0.02056862600147724,0.305680513381958,-0.28511188738048077
0.25605452060699463,0.16717839241027832,0.08887612819671631
0.3484974801540375,0.2934739589691162,0.055023521184921265
0.12035223096609116,0.22172999382019043,-0.10137776285409927
0.14012235403060913,0.18973803520202637,-0.049615681171417236
0.11498650908470154,0.2546865940093994,-0.13970008492469788
0.6758037209510803,0.3581821918487549,0.31762152910232544
0.2996312379837036,0.2787511348724365,0.02088010311126709
0.40691137313842773,0.22037911415100098,0.18653225898742676
0.03547980636358261,0.2140638828277588,-0.17858407646417618
0.22043582797050476,0.3670923709869385,-0.14665654301643372
0.19817572832107544,0.2874753475189209,-0.08929961919784546
0.36963123083114624,0.3065164089202881,0.06311482191085815
0.1999625712633133,0.2300879955291748,-0.03012542426586151
0.180788055062294,0.3725121021270752,-0.1917240470647812
0.05601054057478905,0.25159144401550293,-0.19558090344071388
0.05547240003943443,0.24872660636901855,-0.19325420632958412
0.20078806579113007,0.269547700881958,-0.06875963509082794
0.13416101038455963,0.22932028770446777,-0.09515927731990814
0.5063762664794922,0.30399298667907715,0.20238327980041504
0.11184344440698624,0.28450512886047363,-0.1726616844534874
0.002345010172575712,0.22187113761901855,-0.21952612744644284
0.33925506472587585,0.343766450881958,-0.004511386156082153
0.12046413123607635,0.2689783573150635,-0.14851422607898712
0.08208159357309341,0.22906184196472168,-0.14698024839162827
0.030033528804779053,0.14917492866516113,-0.11914139986038208
0.5381526350975037,0.3031957149505615,0.23495692014694214
0.07102839648723602,0.22743678092956543,-0.1564083844423294
0.24390195310115814,0.2543933391571045,-0.01049138605594635
0.2704567313194275,0.2545320987701416,0.01592463254928589
0.24513497948646545,0.19993805885314941,0.04519692063331604
0.045427560806274414,0.24012160301208496,-0.19469404220581055
0.011676253750920296,0.24741911888122559,-0.2357428651303053
0.3408590257167816,0.24260926246643066,0.09824976325035095
0.14642050862312317,0.18950390815734863,-0.043083399534225464
0.0629328042268753,0.19369864463806152,-0.13076584041118622
0.16908401250839233,0.195051908493042,-0.025967895984649658
0.1353745013475418,0.24383091926574707,-0.10845641791820526
0.16676770150661469,0.18626141548156738,-0.019493713974952698
0.16499832272529602,0.20175814628601074,-0.03675982356071472
0.11641942709684372,0.26594042778015137,-0.14952100068330765
0.09263500571250916,0.261918306350708,-0.16928330063819885
0.16702371835708618,0.26227688789367676,-0.09525316953659058
0.13510911166667938,0.17284750938415527,-0.03773839771747589
0.13448214530944824,0.17728638648986816,-0.04280424118041992
0.13156917691230774,0.2812621593475342,-0.14969298243522644
0.11231107264757156,0.17785286903381348,-0.06554179638624191
0.1376848667860031,0.16937756538391113,-0.03169269859790802
0.1866893321275711,0.18880486488342285,-0.0021155327558517456
0.1239934116601944,0.1727144718170166,-0.048721060156822205
0.10531525313854218,0.19021010398864746,-0.08489485085010529
0.15461169183254242,0.19339871406555176,-0.03878702223300934
0.18650124967098236,0.21599078178405762,-0.029489532113075256
0.19063051044940948,0.19098591804504395,-0.00035540759563446045
0.11014284193515778,0.24957728385925293,-0.13943444192409515
0.2443254142999649,0.21112656593322754,0.033198848366737366
0.12470396608114243,0.20296835899353027,-0.07826439291238785
0.11863468587398529,0.23044371604919434,-0.11180903017520905
0.13537034392356873,0.15912365913391113,-0.023753315210342407
0.12411119788885117,0.19892525672912598,-0.07481405884027481
0.21324282884597778,0.21531462669372559,-0.0020717978477478027
0.19981545209884644,0.18720746040344238,0.012607991695404053
0.144684836268425,0.23625683784484863,-0.09157200157642365
0.13836300373077393,0.1899721622467041,-0.051609158515930176
0.1660432517528534,0.2512977123260498,-0.08525446057319641
0.1844862997531891,0.21220660209655762,-0.02772030234336853
0.13682694733142853,0.2337191104888916,-0.09689216315746307
0.13731807470321655,0.19077181816101074,-0.05345374345779419
0.15425749123096466,0.25679898262023926,-0.1025414913892746
0.12227972596883774,0.35727858543395996,-0.23499885946512222
0.07991817593574524,0.1512739658355713,-0.07135578989982605
0.17800772190093994,0.35473132133483887,-0.17672359943389893
0.14299550652503967,0.3064701557159424,-0.1634746491909027
0.12878204882144928,0.1744234561920166,-0.04564140737056732
0.13183040916919708,0.3233301639556885,-0.1914997547864914
0.20900040864944458,0.23463702201843262,-0.025636613368988037
0.3874225616455078,0.23387932777404785,0.15354323387145996
0.1594664752483368,0.3029754161834717,-0.1435089409351349
0.15152914822101593,0.19819378852844238,-0.04666464030742645
0.24655526876449585,0.30742335319519043,-0.06086808443069458
0.13635258376598358,0.27306485176086426,-0.13671226799488068
0.13536404073238373,0.2853219509124756,-0.14995791018009186
0.062384217977523804,0.22475743293762207,-0.16237321496009827
0.19724076986312866,0.2147071361541748,-0.017466366291046143
0.14215610921382904,0.2739264965057373,-0.13177038729190826
0.11272381991147995,0.29270482063293457,-0.17998100072145462
0.19231285154819489,0.18732190132141113,0.0049909502267837524
0.22442467510700226,0.2708723545074463,-0.04644767940044403
0.14368516206741333,0.16704010963439941,-0.023354947566986084
0.10826896131038666,0.19350218772888184,-0.08523322641849518
0.19398295879364014,0.288501501083374,-0.09451854228973389
0.15233375132083893,0.19147276878356934,-0.03913901746273041
0.1508917361497879,0.17668414115905762,-0.025792405009269714
0.1304928958415985,0.17435383796691895,-0.043860942125320435
0.09767679870128632,0.2483370304107666,-0.15066023170948029
0.09162142127752304,0.17074275016784668,-0.07912132889032364
0.2408081442117691,0.25883936882019043,-0.018031224608421326
0.1858823597431183,0.23686480522155762,-0.05098244547843933
0.1331365704536438,0.20657038688659668,-0.07343381643295288
0.13255424797534943,0.2368934154510498,-0.10433916747570038
0.14773604273796082,0.14992117881774902,-0.002185136079788208
0.09411358088254929,0.23661446571350098,-0.1425008848309517
0.1584814041852951,0.2815062999725342,-0.12302489578723907
0.20873501896858215,0.2884538173675537,-0.07971879839897156
0.10765589773654938,0.19890141487121582,-0.09124551713466644
0.11400563269853592,0.21129822731018066,-0.09729259461164474
0.12448630481958389,0.2182786464691162,-0.09379234164953232
0.27691054344177246,0.2672450542449951,0.009665489196777344
0.19952288269996643,0.23850607872009277,-0.03898319602012634
0.10131316632032394,0.30237698554992676,-0.2010638192296028
0.07851796597242355,0.17222142219543457,-0.09370345622301102
0.14770469069480896,0.17429137229919434,-0.026586681604385376
0.3218217194080353,0.20812249183654785,0.11369922757148743
0.06994755566120148,0.11908650398254395,-0.04913894832134247
0.11481171101331711,0.19612622261047363,-0.08131451159715652
0.21316072344779968,0.17109942436218262,0.042061299085617065
0.16491620242595673,0.2252652645111084,-0.06034906208515167
0.1357417106628418,0.2061612606048584,-0.0704195499420166
0.08271662890911102,0.258988618850708,-0.17627198994159698
0.09232477843761444,0.17983365058898926,-0.08750887215137482
0.0992683470249176,0.17926383018493652,-0.07999548316001892
0.14196427166461945,0.23573660850524902,-0.09377233684062958
0.06394442170858383,0.21386218070983887,-0.14991775900125504
0.1900363713502884,0.18596911430358887,0.004067257046699524
0.1416560262441635,0.2681691646575928,-0.12651313841342926
0.1563686579465866,0.19796061515808105,-0.041591957211494446
0.09627462178468704,0.20679545402526855,-0.11052083224058151
0.2102871537208557,0.2681114673614502,-0.05782431364059448
0.1201983392238617,0.2514374256134033,-0.13123908638954163
0.2028733640909195,0.27028679847717285,-0.06741343438625336
0.1559297889471054,0.21991229057312012,-0.06398250162601471
0.10707399249076843,0.1571943759918213,-0.050120383501052856
0.12060586363077164,0.3247377872467041,-0.20413192361593246
0.1298796385526657,0.2281796932220459,-0.09830005466938019
0.09598203748464584,0.22107577323913574,-0.1250937357544899
0.08164557069540024,0.20615029335021973,-0.12450472265481949
0.08941464126110077,0.1687757968902588,-0.07936115562915802
0.1577688753604889,0.25931429862976074,-0.10154542326927185
0.11103428155183792,0.25374674797058105,-0.14271246641874313
0.09074170142412186,0.23602843284606934,-0.14528673142194748
0.3550173044204712,0.24854111671447754,0.10647618770599365
0.3290327787399292,0.29372429847717285,0.03530848026275635
0.3235373795032501,0.17719197273254395,0.14634540677070618
0.4353187680244446,0.23349595069885254,0.20182281732559204
0.5344473123550415,0.24833083152770996,0.28611648082733154
0.26093655824661255,0.273059606552124,-0.012123048305511475
0.5763340592384338,0.23429322242736816,0.3420408368110657
0.30901995301246643,0.21843743324279785,0.09058251976966858
0.049887239933013916,0.201798677444458,-0.1519114375114441
0.28282350301742554,0.24278950691223145,0.04003399610519409
0.15454982221126556,0.2392876148223877,-0.08473779261112213
0.24830111861228943,0.2914278507232666,-0.04312673211097717
0.246721088886261,0.18617558479309082,0.060545504093170166
0.09027386456727982,0.30134129524230957,-0.21106743067502975
0.4884191155433655,0.2892911434173584,0.19912797212600708
0.2799812853336334,0.2730977535247803,0.006883531808853149
0.5368360280990601,0.25136494636535645,0.2854710817337036
0.3019479215145111,0.23193860054016113,0.07000932097434998
0.0702425166964531,0.17392659187316895,-0.10368407517671585
0.47740551829338074,0.2888667583465576,0.18853875994682312
0.346232146024704,0.340193510055542,0.006038635969161987
0.1627190113067627,0.31566357612609863,-0.15294456481933594
0.06548807770013809,0.20955491065979004,-0.14406683295965195
0.37359675765037537,0.21405482292175293,0.15954193472862244
0.08541711419820786,0.23836255073547363,-0.15294543653726578
0.09009840339422226,0.202040433883667,-0.11194203048944473
0.209443137049675,0.22298693656921387,-0.01354379951953888
0.18073581159114838,0.37955403327941895,-0.19881822168827057
0.11026863753795624,0.1965792179107666,-0.08631058037281036
0.042648039758205414,0.19649481773376465,-0.15384677797555923
0.21420498192310333,0.17969679832458496,0.03450818359851837
0.31017154455184937,0.3186070919036865,-0.008435547351837158
0.2667890191078186,0.25569844245910645,0.011090576648712158
0.25714126229286194,0.29256176948547363,-0.035420507192611694
0.06473572552204132,0.24715733528137207,-0.18242160975933075
0.5985832810401917,0.23750662803649902,0.3610766530036926
0.18447448313236237,0.18616843223571777,-0.0016939491033554077
0.1255037486553192,0.23752236366271973,-0.11201861500740051
0.23213383555412292,0.2682158946990967,-0.036082059144973755
0.06406174600124359,0.24269652366638184,-0.17863477766513824
0.6741662621498108,0.24391627311706543,0.43024998903274536
0.4853835701942444,0.20198512077331543,0.28339844942092896
0.17150165140628815,0.26346468925476074,-0.0919630378484726
0.06631575524806976,0.2541310787200928,-0.187815323472023
0.19002307951450348,0.21773171424865723,-0.027708634734153748
0.34159570932388306,0.2905571460723877,0.05103856325149536
0.4045393764972687,0.1925971508026123,0.21194222569465637
0.2110418826341629,0.22330641746520996,-0.012264534831047058
0.2365456372499466,0.22920870780944824,0.007336929440498352
0.35613593459129333,0.3109090328216553,0.04522690176963806
0.593706488609314,0.2898256778717041,0.30388081073760986
0.2053753137588501,0.22281956672668457,-0.017444252967834473
0.4020397961139679,0.22345805168151855,0.17858174443244934
0.06735850125551224,0.21189427375793457,-0.14453577250242233
0.12144418805837631,0.2914249897003174,-0.16998080164194107
0.15996256470680237,0.20011496543884277,-0.040152400732040405
0.8043334484100342,0.37301039695739746,0.4313230514526367
0.09473790228366852,0.29221129417419434,-0.19747339189052582
0.4822300672531128,0.3036234378814697,0.17860662937164307
0.4347722828388214,0.3219902515411377,0.11278203129768372
0.06534178555011749,0.20873665809631348,-0.14339487254619598
0.23502308130264282,0.281172513961792,-0.04614943265914917
0.22231365740299225,0.2417147159576416,-0.019401058554649353
0.48480886220932007,0.2173154354095459,0.26749342679977417
0.31317049264907837,0.2129509449005127,0.10021954774856567
0.1984504610300064,0.2900974750518799,-0.09164701402187347
0.31269288063049316,0.2997705936431885,0.012922286987304688
0.09151210635900497,0.2819235324859619,-0.19041142612695694
0.03542537987232208,0.19269871711730957,-0.1572733372449875
0.17386843264102936,0.24640107154846191,-0.07253263890743256
0.700296938419342,0.24415183067321777,0.45614510774612427
0.06271900236606598,0.2806398868560791,-0.21792088449001312
0.4130115807056427,0.19172310829162598,0.22128847241401672
0.314372181892395,0.26096510887145996,0.05340707302093506
0.3799499273300171,0.31265759468078613,0.06729233264923096
0.04677552357316017,0.19986271858215332,-0.15308719500899315
0.07980886846780777,0.2643887996673584,-0.18457993119955063
0.5364202260971069,0.3120138645172119,0.22440636157989502
0.2898998558521271,0.3236696720123291,-0.033769816160202026
0.3504880666732788,0.2464902400970459,0.10399782657623291
0.5133512020111084,0.2944810390472412,0.2188701629638672
0.42261451482772827,0.27282214164733887,0.1497923731803894
0.17166362702846527,0.2947051525115967,-0.12304152548313141
0.14065003395080566,0.24835801124572754,-0.10770797729492188
0.46807950735092163,0.20938706398010254,0.2586924433708191
0.07005660980939865,0.20911335945129395,-0.1390567496418953
0.283598929643631,0.22774052619934082,0.05585840344429016
0.1252843141555786,0.3240625858306885,-0.19877827167510986
0.1739124059677124,0.23595499992370605,-0.06204259395599365
0.09903562068939209,0.22543549537658691,-0.12639987468719482
0.32004398107528687,0.21499419212341309,0.10504978895187378
0.2288266271352768,0.24004864692687988,-0.011222019791603088
0.0954066589474678,0.19416260719299316,-0.09875594824552536
0.2962874472141266,0.27568507194519043,0.020602375268936157
0.2487504482269287,0.2560231685638428,-0.0072727203369140625
0.3835862874984741,0.19611668586730957,0.18746960163116455
0.5267859697341919,0.2898275852203369,0.23695838451385498
0.2440064549446106,0.25344061851501465,-0.009434163570404053
0.7073502540588379,0.29357314109802246,0.41377711296081543
0.21746300160884857,0.27614808082580566,-0.05868507921695709
0.32765108346939087,0.23394274711608887,0.093708336353302
0.06972222775220871,0.2939298152923584,-0.2242075875401497
0.18286007642745972,0.28523945808410645,-0.10237938165664673
0.2077055126428604,0.28105759620666504,-0.07335208356380463
0.18969915807247162,0.302964448928833,-0.11326529085636139
0.1236124187707901,0.22909140586853027,-0.10547898709774017
0.252031534910202,0.26572585105895996,-0.013694316148757935
0.24892589449882507,0.3501861095428467,-0.1012602150440216
0.048645950853824615,0.34731030464172363,-0.298664353787899
0.06341911107301712,0.22588467597961426,-0.16246556490659714
0.3562321662902832,0.22674870491027832,0.12948346138000488
0.08584553003311157,0.18703484535217285,-0.10118931531906128
0.45913708209991455,0.27359986305236816,0.1855372190475464
0.1405581831932068,0.30826640129089355,-0.16770821809768677
0.19453196227550507,0.20386481285095215,-0.009332850575447083
0.10090604424476624,0.26967358589172363,-0.1687675416469574
0.013055563904345036,0.1937558650970459,-0.18070030119270086
0.22590604424476624,0.21590018272399902,0.010005861520767212
0.42724573612213135,0.31207823753356934,0.11516749858856201
0.37975138425827026,0.19151568412780762,0.18823570013046265
0.15699495375156403,0.257796049118042,-0.10080109536647797
0.48551419377326965,0.22686219215393066,0.258652001619339
0.22422589361667633,0.264019250869751,-0.039793357253074646
0.3013000786304474,0.19100356101989746,0.11029651761054993
0.07173895090818405,0.25678277015686035,-0.1850438192486763
0.0037765672896057367,0.23839020729064941,-0.23461364000104368
0.030171550810337067,0.23975920677185059,-0.20958765596151352
0.05821752920746803,0.2071669101715088,-0.14894938096404076
0.43100008368492126,0.2606828212738037,0.17031726241111755
0.252836138010025,0.2693626880645752,-0.01652655005455017
0.23979319632053375,0.295243501663208,-0.055450305342674255
0.3157075047492981,0.27588820457458496,0.039819300174713135
0.667151689529419,0.30413365364074707,0.3630180358886719
0.2786772847175598,0.24966168403625488,0.02901560068130493
0.04414229467511177,0.2527620792388916,-0.20861978456377983
0.026493391022086143,0.19015908241271973,-0.16366569139063358
0.3154515027999878,0.259566068649292,0.0558854341506958
0.04482150077819824,0.21482443809509277,-0.17000293731689453
0.045082733035087585,0.26201701164245605,-0.21693427860736847
0.09676288813352585,0.21355605125427246,-0.11679316312074661
0.5682832598686218,0.28017640113830566,0.28810685873031616
0.44380050897598267,0.28874897956848145,0.15505152940750122
0.11819444596767426,0.2709023952484131,-0.15270794928073883
0.5252372622489929,0.27068543434143066,0.25455182790756226
0.2763606011867523,0.2931997776031494,-0.016839176416397095
0.13066571950912476,0.22585558891296387,-0.09518986940383911
0.05653518810868263,0.2185676097869873,-0.16203242167830467
0.17249956727027893,0.19655442237854004,-0.02405485510826111
0.0363679975271225,0.24152827262878418,-0.20516027510166168
0.3875715434551239,0.25085997581481934,0.13671156764030457
0.34610676765441895,0.2186591625213623,0.12744760513305664
0.3235466778278351,0.28317761421203613,0.04036906361579895
0.08756966888904572,0.3057262897491455,-0.2181566208600998
0.39160093665122986,0.30318140983581543,0.08841952681541443
0.1578100025653839,0.2782576084136963,-0.12044760584831238
0.4755529463291168,0.2594168186187744,0.2161361277103424
0.3231705129146576,0.25370335578918457,0.06946715712547302
0.08229276537895203,0.24312710762023926,-0.16083434224128723
0.04822579771280289,0.1873934268951416,-0.13916762918233871
0.5833145976066589,0.2559831142425537,0.3273314833641052
0.459973007440567,0.3204634189605713,0.13950958847999573
0.2516762614250183,0.2946012020111084,-0.04292494058609009
0.47632619738578796,0.248884916305542,0.22744128108024597
0.3101506531238556,0.28249239921569824,0.02765825390815735
0.01754659041762352,0.25093722343444824,-0.23339063301682472
0.3735183775424957,0.2825019359588623,0.09101644158363342
0.35463646054267883,0.22571492195129395,0.1289215385913849
0.4257284104824066,0.2588646411895752,0.16686376929283142
0.6277055144309998,0.30687975883483887,0.3208257555961609
0.14396464824676514,0.20734286308288574,-0.0633782148361206
0.6633407473564148,0.2911336421966553,0.3722071051597595
0.08378483355045319,0.28000807762145996,-0.19622324407100677
0.15641283988952637,0.2507297992706299,-0.09431695938110352
0.03371691331267357,0.20507121086120605,-0.17135429754853249
0.35261669754981995,0.279771089553833,0.07284560799598694
0.09967302531003952,0.22569966316223145,-0.12602663785219193
0.27475881576538086,0.19165396690368652,0.08310484886169434
0.6244766712188721,0.23572278022766113,0.38875389099121094
0.6718360185623169,0.23012566566467285,0.44171035289764404
0.19193530082702637,0.24146676063537598,-0.04953145980834961
0.17514324188232422,0.28502488136291504,-0.10988163948059082
0.5468382239341736,0.24917006492614746,0.2976681590080261
0.08974312990903854,0.22911429405212402,-0.13937116414308548
0.20358629524707794,0.21870923042297363,-0.015122935175895691
0.14703676104545593,0.20136380195617676,-0.054327040910720825
0.2538079023361206,0.23430895805358887,0.01949894428253174
0.4460941255092621,0.3056180477142334,0.1404760777950287
0.22428858280181885,0.30435872077941895,-0.0800701379776001
0.5215069055557251,0.27249693870544434,0.24900996685028076
0.38366466760635376,0.22546029090881348,0.15820437669754028
0.5617054104804993,0.32957911491394043,0.23212629556655884
0.2979145050048828,0.21254420280456543,0.08537030220031738
0.23819966614246368,0.3233764171600342,-0.0851767510175705
0.756203830242157,0.32918238639831543,0.42702144384384155
0.07945359498262405,0.25057244300842285,-0.1711188480257988
0.033345963805913925,0.33182644844055176,-0.29848048463463783
0.3560680150985718,0.212815523147583,0.14325249195098877
0.2378966361284256,0.3482701778411865,-0.11037354171276093
0.0376846119761467,0.24924635887145996,-0.21156174689531326
0.31956854462623596,0.1867368221282959,0.13283172249794006
0.27409830689430237,0.17224764823913574,0.10185065865516663
0.1037534847855568,0.23642802238464355,-0.13267453759908676
0.04866466671228409,0.16957688331604004,-0.12091221660375595
0.17434082925319672,0.2953617572784424,-0.12102092802524567
0.4690983295440674,0.27146363258361816,0.19763469696044922
0.3851066827774048,0.3249199390411377,0.06018674373626709
0.4001275599002838,0.2307116985321045,0.16941586136817932
0.17554032802581787,0.22211241722106934,-0.046572089195251465
0.42622169852256775,0.3304288387298584,0.09579285979270935
0.36958420276641846,0.2575862407684326,0.11199796199798584
0.008290673606097698,0.17739653587341309,-0.1691058622673154
0.3327398896217346,0.3952939510345459,-0.06255406141281128
0.4258328974246979,0.29486775398254395,0.13096514344215393
0.4223763644695282,0.33898282051086426,0.08339354395866394
0.30300331115722656,0.27370238304138184,0.029300928115844727
0.21887584030628204,0.2645761966705322,-0.04570035636425018
0.07552160322666168,0.2724320888519287,-0.19691048562526703
0.08516936749219894,0.26709723472595215,-0.1819278672337532
0.2708612084388733,0.2736814022064209,-0.0028201937675476074
0.21783916652202606,0.2236330509185791,-0.0057938843965530396
0.2986668348312378,0.25204920768737793,0.04661762714385986
0.06638889759778976,0.31503987312316895,-0.24865097552537918
0.15973268449306488,0.236283540725708,-0.07655085623264313
0.29572317004203796,0.29554104804992676,0.00018212199211120605
0.37474095821380615,0.3041985034942627,0.07054245471954346
0.30155912041664124,0.2949178218841553,0.006641298532485962
0.17546717822551727,0.20746111869812012,-0.031993940472602844
0.03294062241911888,0.21967625617980957,-0.1867356337606907
0.5153126120567322,0.33291077613830566,0.1824018359184265
0.06528431177139282,0.30747103691101074,-0.24218672513961792
0.19733759760856628,0.23820948600769043,-0.040871888399124146
0.08327804505825043,0.277512788772583,-0.19423474371433258
0.2068099081516266,0.24587559700012207,-0.03906568884849548
0.039850667119026184,0.23545241355895996,-0.19560174643993378
0.568722128868103,0.2297074794769287,0.3390146493911743
0.11898337304592133,0.2825915813446045,-0.16360820829868317
0.2101536989212036,0.2116081714630127,-0.001454472541809082
0.6374525427818298,0.24148011207580566,0.39597243070602417
0.5846678018569946,0.2208712100982666,0.363796591758728
0.16460205614566803,0.2617814540863037,-0.09717939794063568
0.42541491985321045,0.23527741432189941,0.19013750553131104
0.16842955350875854,0.2699143886566162,-0.10148483514785767
0.383450448513031,0.3751528263092041,0.008297622203826904
0.2630324959754944,0.2808959484100342,-0.017863452434539795
0.18965953588485718,0.23908019065856934,-0.04942065477371216
0.5027033090591431,0.2747037410736084,0.22799956798553467
0.23405128717422485,0.26729369163513184,-0.03324240446090698
0.13108891248703003,0.21547627449035645,-0.08438736200332642
0.5085445046424866,0.34528565406799316,0.1632588505744934
0.2355925738811493,0.25005078315734863,-0.01445820927619934
0.46771901845932007,0.20176911354064941,0.26594990491867065
0.3039102256298065,0.28378891944885254,0.02012130618095398
0.2836594581604004,0.1992805004119873,0.08437895774841309
0.6232959032058716,0.32306742668151855,0.300228476524353
0.2451767772436142,0.2815725803375244,-0.03639580309391022
0.13479015231132507,0.2118217945098877,-0.07703164219856262
0.1704253852367401,0.26494765281677246,-0.09452226758003235
0.0787273645401001,0.24294161796569824,-0.16421425342559814
0.6025100350379944,0.21812033653259277,0.3843896985054016
0.2785288393497467,0.29244017601013184,-0.013911336660385132
0.5536929965019226,0.22171235084533691,0.3319806456565857
0.3890460729598999,0.3298027515411377,0.05924332141876221
0.03308473154902458,0.24563002586364746,-0.21254529431462288
0.054746173322200775,0.1986997127532959,-0.14395353943109512
0.12327499687671661,0.22457194328308105,-0.10129694640636444
0.1684609055519104,0.2559974193572998,-0.0875365138053894
0.08160310983657837,0.20328402519226074,-0.12168091535568237
0.2388758361339569,0.2683093547821045,-0.029433518648147583
0.2658851444721222,0.23418307304382324,0.03170207142829895
0.4107440710067749,0.2342064380645752,0.1765376329421997
0.148604154586792,0.24630045890808105,-0.09769630432128906
0.6804723739624023,0.3800499439239502,0.30042243003845215
0.18200844526290894,0.19777798652648926,-0.015769541263580322
0.21774731576442719,0.22375798225402832,-0.006010666489601135
0.2876637279987335,0.25415778160095215,0.03350594639778137
0.02921021357178688,0.236677885055542,-0.2074676714837551
0.08241815865039825,0.17314553260803223,-0.09072737395763397
0.24098441004753113,0.21443772315979004,0.02654668688774109
0.3329227566719055,0.31349682807922363,0.019425928592681885
0.40781304240226746,0.25704121589660645,0.150771826505661
0.12706592679023743,0.18419814109802246,-0.057132214307785034
0.6142467856407166,0.2870795726776123,0.32716721296310425
0.13130007684230804,0.17842602729797363,-0.04712595045566559
0.3314463794231415,0.21934914588928223,0.11209723353385925
0.09681513905525208,0.22408318519592285,-0.12726804614067078
0.19745254516601562,0.21418452262878418,-0.016731977462768555
0.19731147587299347,0.21943259239196777,-0.022121116518974304
0.2540169060230255,0.29609227180480957,-0.04207536578178406
0.2561568319797516,0.3582761287689209,-0.10211929678916931
0.5593251585960388,0.3108241558074951,0.2485010027885437
0.4162038564682007,0.2228834629058838,0.1933203935623169
0.5644065737724304,0.3025386333465576,0.2618679404258728
0.17021334171295166,0.26203131675720215,-0.09181797504425049
0.2976532578468323,0.21165108680725098,0.0860021710395813
0.16579632461071014,0.1669151782989502,-0.0011188536882400513
0.10033133625984192,0.25223326683044434,-0.15190193057060242
0.14527909457683563,0.22066712379455566,-0.07538802921772003
0.4647274613380432,0.14353632926940918,0.32119113206863403
0.2793595492839813,0.18494057655334473,0.0944189727306366
0.31163445115089417,0.26209187507629395,0.04954257607460022
0.10193748772144318,0.3443562984466553,-0.2424188107252121
0.0392916277050972,0.23601794242858887,-0.19672631472349167
0.2735079228878021,0.23518061637878418,0.038327306509017944
0.3396490812301636,0.27420496940612793,0.06544411182403564
0.7077264189720154,0.3563201427459717,0.3514062762260437
0.023513153195381165,0.17602181434631348,-0.1525086611509323
0.5583324432373047,0.26325345039367676,0.29507899284362793
0.22468870878219604,0.2776477336883545,-0.05295902490615845
0.334615558385849,0.2858450412750244,0.048770517110824585
0.44606801867485046,0.3387134075164795,0.10735461115837097
0.042083777487277985,0.20639634132385254,-0.16431256383657455
0.1462530493736267,0.21845555305480957,-0.07220250368118286
0.18304511904716492,0.2718923091888428,-0.08884719014167786
0.10477970540523529,0.239516019821167,-0.1347363144159317
0.09054772555828094,0.1970059871673584,-0.10645826160907745
0.17553205788135529,0.26964497566223145,-0.09411291778087616
0.30104711651802063,0.22538542747497559,0.07566168904304504
0.18271073698997498,0.30042243003845215,-0.11771169304847717
0.07081200182437897,0.20221686363220215,-0.13140486180782318
0.5484504699707031,0.24820923805236816,0.30024123191833496
0.34426549077033997,0.3345310688018799,0.009734421968460083
0.19189873337745667,0.2676222324371338,-0.07572349905967712
0.5101611018180847,0.2704946994781494,0.2396664023399353
0.3421233892440796,0.28051304817199707,0.06161034107208252
0.2248402237892151,0.2565906047821045,-0.031750380992889404
0.05201367661356926,0.26827263832092285,-0.2162589617073536
0.5389280915260315,0.326948881149292,0.2119792103767395
0.32653823494911194,0.2174999713897705,0.10903826355934143
0.4323868155479431,0.29998183250427246,0.13240498304367065
0.33726969361305237,0.23015332221984863,0.10711637139320374
0.4273114800453186,0.40425848960876465,0.023052990436553955
0.3415508568286896,0.3291137218475342,0.012437134981155396
0.15952369570732117,0.27147889137268066,-0.1119551956653595
0.27371692657470703,0.3005702495574951,-0.026853322982788086
0.02533351629972458,0.189835786819458,-0.16450227051973343
0.06575453281402588,0.20067238807678223,-0.13491785526275635
0.06810258328914642,0.24665570259094238,-0.17855311930179596
0.6294431686401367,0.2906467914581299,0.33879637718200684
0.5563240051269531,0.3148472309112549,0.24147677421569824
0.2215747982263565,0.24186396598815918,-0.020289167761802673
0.06510145217180252,0.31702399253845215,-0.2519225403666496
0.49424460530281067,0.331254243850708,0.16299036145210266
0.1533459573984146,0.2898733615875244,-0.1365274041891098
0.10406915098428726,0.20647597312927246,-0.1024068221449852
0.43119558691978455,0.1704251766204834,0.26077041029930115
0.2798580825328827,0.24959635734558105,0.030261725187301636
0.2835131585597992,0.29463934898376465,-0.011126190423965454
0.4097304940223694,0.28096795082092285,0.12876254320144653
0.5589938163757324,0.33260655403137207,0.22638726234436035
0.215467169880867,0.2642362117767334,-0.048769041895866394
0.21805338561534882,0.21597599983215332,0.0020773857831954956
0.5152185559272766,0.34047389030456543,0.17474466562271118
0.1480921357870102,0.24917387962341309,-0.1010817438364029
0.03266894072294235,0.27900052070617676,-0.2463315799832344
0.17176289856433868,0.3616950511932373,-0.18993215262889862
0.1718643456697464,0.21767163276672363,-0.045807287096977234
0.3948841989040375,0.24807476997375488,0.1468094289302826
0.21083290874958038,0.21431899070739746,-0.0034860819578170776
0.12059256434440613,0.30924201011657715,-0.18864944577217102
0.26964908838272095,0.3242185115814209,-0.05456942319869995
0.02849225513637066,0.17002367973327637,-0.1415314245969057
0.04633446782827377,0.32010674476623535,-0.2737722769379616
0.18502308428287506,0.35292649269104004,-0.16790340840816498
0.32104188203811646,0.2084505558013916,0.11259132623672485
0.027130799368023872,0.16170191764831543,-0.13457111828029156
0.6050752997398376,0.33957362174987793,0.2655016779899597
0.4196782410144806,0.3354604244232178,0.08421781659126282
0.577687680721283,0.3199160099029541,0.25777167081832886
0.23629485070705414,0.2925598621368408,-0.05626501142978668
0.09381836652755737,0.2059791088104248,-0.11216074228286743
0.6050618290901184,0.26790595054626465,0.33715587854385376
0.24855190515518188,0.2918541431427002,-0.04330223798751831
0.15330635011196136,0.23567843437194824,-0.08237208425998688
0.22787269949913025,0.24767661094665527,-0.019803911447525024
0.30515891313552856,0.23741888999938965,0.06774002313613892
0.17715473473072052,0.30925536155700684,-0.13210062682628632
0.1107776090502739,0.2695801258087158,-0.15880251675844193
0.46205243468284607,0.3102538585662842,0.1517985761165619
0.2282070815563202,0.20035147666931152,0.027855604887008667
0.6625988483428955,0.3572537899017334,0.3053450584411621
0.5900805592536926,0.34973597526550293,0.2403445839881897
0.3588632047176361,0.267139196395874,0.09172400832176208
0.10217782109975815,0.30745387077331543,-0.20527604967355728
0.08259883522987366,0.29834866523742676,-0.2157498300075531
0.4123898446559906,0.21956562995910645,0.19282421469688416
0.2342781275510788,0.28145480155944824,-0.047176674008369446
0.07410354167222977,0.22499442100524902,-0.15089087933301926
0.06405869871377945,0.2074878215789795,-0.14342912286520004
0.1229197233915329,0.23105263710021973,-0.10813291370868683
0.4049394726753235,0.2754490375518799,0.1294904351234436
0.630861222743988,0.239851713180542,0.39100950956344604
0.3676428198814392,0.2668769359588623,0.1007658839225769
0.2977398931980133,0.2248222827911377,0.07291761040687561
0.3319374918937683,0.2608916759490967,0.07104581594467163
0.09941179305315018,0.29497790336608887,-0.1955661103129387
0.4209112823009491,0.2084825038909912,0.21242877840995789
0.2511851489543915,0.28988051414489746,-0.03869536519050598
0.41262713074684143,0.2850673198699951,0.1275598108768463
0.23031044006347656,0.2514002323150635,-0.021089792251586914
0.25819966197013855,0.2746717929840088,-0.01647213101387024
0.048753488808870316,0.27039027214050293,-0.22163678333163261
0.28347134590148926,0.2507364749908447,0.03273487091064453
0.4324682354927063,0.3233649730682373,0.109103262424469
0.2946573495864868,0.2740495204925537,0.020607829093933105
0.1600043624639511,0.2562577724456787,-0.0962534099817276
0.5369217991828918,0.25001978874206543,0.2869020104408264
0.5149677991867065,0.24128079414367676,0.2736870050430298
0.5946020483970642,0.27300524711608887,0.32159680128097534
0.013504885137081146,0.17973065376281738,-0.16622576862573624
0.7459604740142822,0.3205587863922119,0.4254016876220703
0.41978493332862854,0.2669084072113037,0.15287652611732483
0.3431391716003418,0.2132399082183838,0.129899263381958
0.42921021580696106,0.34429478645324707,0.08491542935371399
0.5321050882339478,0.21992135047912598,0.3121837377548218
0.4348195195198059,0.2513396739959717,0.18347984552383423
0.43617069721221924,0.2208263874053955,0.21534430980682373
0.45434829592704773,0.2402818202972412,0.21406647562980652
0.3229745626449585,0.3247668743133545,-0.001792311668395996
0.27531376481056213,0.3249819278717041,-0.04966816306114197
0.20849816501140594,0.2877829074859619,-0.07928474247455597
0.2761688828468323,0.24935269355773926,0.026816189289093018
0.2582780122756958,0.2677266597747803,-0.009448647499084473
0.2590477764606476,0.3227269649505615,-0.06367918848991394
0.42904776334762573,0.21320033073425293,0.2158474326133728
0.13558952510356903,0.2840697765350342,-0.14848025143146515
0.06704004108905792,0.19016623497009277,-0.12312619388103485
0.38809579610824585,0.196671724319458,0.19142407178878784
0.06906769424676895,0.24425578117370605,-0.1751880869269371
0.0981854498386383,0.24613642692565918,-0.14795097708702087
0.3448922336101532,0.25698113441467285,0.08791109919548035
0.19728286564350128,0.1693589687347412,0.02792389690876007
0.07611510157585144,0.2703707218170166,-0.19425562024116516
0.05836302414536476,0.3639857769012451,-0.30562275275588036
0.4903244376182556,0.20072054862976074,0.2896038889884949
0.08663668483495712,0.28737473487854004,-0.20073805004358292
0.15851327776908875,0.21863961219787598,-0.06012633442878723
0.08175406605005264,0.18543696403503418,-0.10368289798498154
0.07746940851211548,0.19422650337219238,-0.1167570948600769
0.12420948594808578,0.36196160316467285,-0.23775211721658707
0.22562512755393982,0.19444012641906738,0.031185001134872437
0.11918742954730988,0.28006863594055176,-0.16088120639324188
0.12752088904380798,0.15159058570861816,-0.02406969666481018
0.3348729610443115,0.22823548316955566,0.10663747787475586
0.14019249379634857,0.29618239402770996,-0.1559899002313614
0.08155328035354614,0.30167126655578613,-0.22011798620224
0.153616264462471,0.30589938163757324,-0.15228311717510223
0.1500781625509262,0.21581196784973145,-0.06573380529880524
0.3406795859336853,0.20235562324523926,0.13832396268844604
0.06610157340765,0.27643895149230957,-0.21033737808465958
0.1273258775472641,0.2145678997039795,-0.0872420221567154
0.20457352697849274,0.27093958854675293,-0.06636606156826019
0.21297287940979004,0.19539999961853027,0.017572879791259766
0.15566129982471466,0.280407190322876,-0.12474589049816132
0.14391610026359558,0.3126218318939209,-0.16870573163032532
0.13898047804832458,0.2310035228729248,-0.09202304482460022
0.10467711836099625,0.2579076290130615,-0.15323051065206528
0.10454735159873962,0.31847596168518066,-0.21392861008644104
0.3365698456764221,0.2614285945892334,0.07514125108718872
0.3600824177265167,0.3534424304962158,0.006639987230300903
0.21715104579925537,0.29703688621520996,-0.07988584041595459
0.1799926608800888,0.19353890419006348,-0.01354624330997467
0.12128030508756638,0.31837916374206543,-0.19709885865449905
0.11516455560922623,0.19597840309143066,-0.08081384748220444
0.19879774749279022,0.2017686367034912,-0.0029708892107009888
0.3923512399196625,0.1460874080657959,0.24626383185386658
0.16691558063030243,0.34395575523376465,-0.17704017460346222
0.1101604551076889,0.257519006729126,-0.14735855162143707
0.4858737587928772,0.23778462409973145,0.24808913469314575
0.24998688697814941,0.17817902565002441,0.071807861328125
0.22402475774288177,0.2804868221282959,-0.056462064385414124
0.28069987893104553,0.22850584983825684,0.052194029092788696
0.327036052942276,0.18259501457214355,0.14444103837013245
0.18536201119422913,0.27480483055114746,-0.08944281935691833
0.49089232087135315,0.1798417568206787,0.31105056405067444
0.2188611626625061,0.13804268836975098,0.08081847429275513
0.37745556235313416,0.2039792537689209,0.17347630858421326
0.5005176067352295,0.15801310539245605,0.34250450134277344
0.29953718185424805,0.14961791038513184,0.1499192714691162
0.33072468638420105,0.18408799171447754,0.1466366946697235
0.11445216834545135,0.19575858116149902,-0.08130641281604767
0.25527244806289673,0.20985865592956543,0.0454137921333313
0.1350385844707489,0.21439909934997559,-0.07936051487922668
0.11628124862909317,0.198347806930542,-0.08206655830144882
0.2523724436759949,0.2234647274017334,0.028907716274261475
0.06302139908075333,0.15573906898498535,-0.09271766990423203
0.1448521614074707,0.1998274326324463,-0.054975271224975586
0.21190927922725677,0.19263672828674316,0.01927255094051361
0.10739373415708542,0.20351529121398926,-0.09612155705690384
0.5289607644081116,0.24411702156066895,0.2848437428474426
0.29410621523857117,0.19550681114196777,0.0985994040966034
0.16959086060523987,0.25431323051452637,-0.0847223699092865
0.14492866396903992,0.30910420417785645,-0.16417554020881653
0.15461815893650055,0.16881680488586426,-0.014198645949363708
0.14545805752277374,0.1752007007598877,-0.029742643237113953
0.18543115258216858,0.2706797122955322,-0.08524855971336365
0.128003790974617,0.2833845615386963,-0.15538077056407928
0.056658871471881866,0.33806300163269043,-0.28140413016080856
0.17052394151687622,0.24097084999084473,-0.0704469084739685
0.2802475392818451,0.2704432010650635,0.009804338216781616
0.4871470332145691,0.21211457252502441,0.2750324606895447
0.24341754615306854,0.2704737186431885,-0.027056172490119934
0.27345073223114014,0.22074294090270996,0.052707791328430176
0.4609324634075165,0.3021728992462158,0.15875956416130066
0.2945985496044159,0.16190505027770996,0.13269349932670593
0.1424863487482071,0.2576901912689209,-0.1152038425207138
0.1587747186422348,0.256389856338501,-0.09761513769626617
0.07190873473882675,0.2415330410003662,-0.16962430626153946
0.2174195796251297,0.2447497844696045,-0.027330204844474792
0.12029458582401276,0.285017728805542,-0.16472314298152924
0.09906625747680664,0.21686291694641113,-0.11779665946960449
0.16694222390651703,0.27875590324401855,-0.11181367933750153
0.23908154666423798,0.17982792854309082,0.059253618121147156
0.1897488236427307,0.202070951461792,-0.01232212781906128
0.22930285334587097,0.2391512393951416,-0.00984838604927063
0.16553591191768646,0.22533059120178223,-0.059794679284095764
0.2916179597377777,0.3317983150482178,-0.040180355310440063
0.19438520073890686,0.24712538719177246,-0.0527401864528656
0.15985839068889618,0.2697327136993408,-0.10987432301044464
0.33574050664901733,0.2853367328643799,0.05040377378463745
0.21727553009986877,0.23268628120422363,-0.015410751104354858
0.31575247645378113,0.1700742244720459,0.14567825198173523
0.3257041573524475,0.33814120292663574,-0.012437045574188232
0.35515186190605164,0.21334147453308105,0.14181038737297058
0.29135093092918396,0.280933141708374,0.010417789220809937
0.22476379573345184,0.3119204044342041,-0.08715660870075226
0.19662131369113922,0.25843262672424316,-0.06181131303310394
0.1486663669347763,0.19165492057800293,-0.042988553643226624
0.344836562871933,0.3472411632537842,-0.0024046003818511963
0.3537799119949341,0.31567978858947754,0.03810012340545654
0.2998848259449005,0.4017021656036377,-0.10181733965873718
0.4080480635166168,0.20544075965881348,0.20260730385780334
0.20975357294082642,0.24252581596374512,-0.0327722430229187
0.32707157731056213,0.205549955368042,0.12152162194252014
0.29552096128463745,0.21909689903259277,0.07642406225204468
0.20640549063682556,0.1805717945098877,0.025833696126937866
0.19575205445289612,0.30758023262023926,-0.11182817816734314
0.2656961977481842,0.2680947780609131,-0.002398580312728882
0.44541043043136597,0.24321818351745605,0.2021922469139099
0.28839758038520813,0.27170300483703613,0.016694575548171997
0.1676829606294632,0.2520325183868408,-0.08434955775737762
0.32213205099105835,0.2570374011993408,0.06509464979171753
0.29707807302474976,0.2935054302215576,0.0035726428031921387
0.15569494664669037,0.31421732902526855,-0.15852238237857819
0.25152477622032166,0.2320702075958252,0.01945456862449646
0.18584135174751282,0.34465479850769043,-0.1588134467601776
0.24067062139511108,0.1883995532989502,0.05227106809616089
0.1988840103149414,0.20035719871520996,-0.0014731884002685547
0.14862436056137085,0.3036510944366455,-0.15502673387527466
0.4330183267593384,0.30243420600891113,0.13058412075042725
0.24072962999343872,0.1855008602142334,0.05522876977920532
0.5236981511116028,0.27552294731140137,0.24817520380020142
0.16063809394836426,0.2328650951385498,-0.07222700119018555
0.14806032180786133,0.2713916301727295,-0.12333130836486816
0.17814300954341888,0.3242228031158447,-0.14607979357242584
0.21864566206932068,0.28849291801452637,-0.06984725594520569
0.48435744643211365,0.19987988471984863,0.284477561712265
0.14156605303287506,0.18102240562438965,-0.03945635259151459
0.3099322021007538,0.19422316551208496,0.11570903658866882
0.48047515749931335,0.16602683067321777,0.3144483268260956
0.27421483397483826,0.24624943733215332,0.027965396642684937
0.4602142870426178,0.2617180347442627,0.1984962522983551
0.44847649335861206,0.26032233238220215,0.1881541609764099
0.4581218361854553,0.20736956596374512,0.2507522702217102
0.16563266515731812,0.2190406322479248,-0.05340796709060669
0.16857722401618958,0.22550511360168457,-0.056927889585494995
0.23140715062618256,0.18477892875671387,0.04662822186946869
0.1416017860174179,0.23816275596618652,-0.09656096994876862
0.1581336110830307,0.24396395683288574,-0.08583034574985504
0.2395026683807373,0.23473763465881348,0.004765033721923828
0.4456648528575897,0.26468491554260254,0.18097993731498718
0.4431150257587433,0.17395424842834473,0.26916077733039856
0.5031903386116028,0.26169562339782715,0.24149471521377563
0.4422844648361206,0.1969773769378662,0.2453070878982544
0.5234626531600952,0.20316004753112793,0.3203026056289673
0.08048319071531296,0.17913317680358887,-0.09864998608827591
0.48036277294158936,0.20669150352478027,0.2736712694168091
0.1297098845243454,0.3199126720428467,-0.19020278751850128
0.4676100015640259,0.25095391273498535,0.21665608882904053
0.4017603397369385,0.16676926612854004,0.23499107360839844
0.3599172830581665,0.24883389472961426,0.11108338832855225
0.2324042171239853,0.24157071113586426,-0.009166494011878967
0.10325261205434799,0.19158482551574707,-0.08833221346139908
0.3298896551132202,0.22055602073669434,0.10933363437652588
0.1577063500881195,0.2699120044708252,-0.11220565438270569
0.2240416407585144,0.1873633861541748,0.0366782546043396
0.505437970161438,0.24178099632263184,0.26365697383880615
0.41756823658943176,0.21808648109436035,0.1994817554950714
0.47202759981155396,0.1763451099395752,0.29568248987197876
0.047806285321712494,0.25816988945007324,-0.21036360412836075
0.058388322591781616,0.3239624500274658,-0.2655741274356842
0.07866775989532471,0.2516133785247803,-0.17294561862945557
0.23020093142986298,0.18425774574279785,0.045943185687065125
0.17405231297016144,0.19028115272521973,-0.01622883975505829
0.4865724742412567,0.16246533393859863,0.3241071403026581
0.18051104247570038,0.27971577644348145,-0.09920473396778107
0.26601436734199524,0.239335298538208,0.02667906880378723
0.417183518409729,0.1660597324371338,0.2511237859725952
0.0726172998547554,0.29593443870544434,-0.22331713885068893
0.09230393171310425,0.2254488468170166,-0.13314491510391235
0.27841657400131226,0.2451326847076416,0.033283889293670654
0.48934730887413025,0.2507054805755615,0.23864182829856873
0.2953876554965973,0.20170092582702637,0.09368672966957092
0.0660896971821785,0.17411208152770996,-0.10802238434553146
0.44137337803840637,0.17019867897033691,0.27117469906806946
0.19213004410266876,0.2331850528717041,-0.04105500876903534
0.5131813883781433,0.26297593116760254,0.25020545721054077
0.35610806941986084,0.2619349956512451,0.09417307376861572
0.4432428479194641,0.14598822593688965,0.29725462198257446
0.3052818179130554,0.17104029655456543,0.13424152135849
0.11088380962610245,0.23550105094909668,-0.12461724132299423
0.43607592582702637,0.19438719749450684,0.24168872833251953
0.5223489999771118,0.24873852729797363,0.2736104726791382
0.16369789838790894,0.23166298866271973,-0.06796509027481079
0.14658010005950928,0.183854341506958,-0.03727424144744873
0.1575758457183838,0.26412129402160645,-0.10654544830322266
0.09684475511312485,0.3657658100128174,-0.26892105489969254
0.16186854243278503,0.3222806453704834,-0.16041210293769836
0.08431252092123032,0.20347332954406738,-0.11916080862283707
0.09072031080722809,0.2668135166168213,-0.1760932058095932
0.4390655755996704,0.18173766136169434,0.2573279142379761
0.4446443021297455,0.20725512504577637,0.23738917708396912
0.1880524605512619,0.2751643657684326,-0.08711190521717072
0.09379297494888306,0.2218325138092041,-0.12803953886032104
0.3305138051509857,0.21660351753234863,0.11391028761863708
0.1393725425004959,0.20476508140563965,-0.06539253890514374
0.1553080976009369,0.2636291980743408,-0.10832110047340393
0.5113717317581177,0.18661904335021973,0.32475268840789795
0.09551583975553513,0.21383166313171387,-0.11831582337617874
0.10095666348934174,0.2548224925994873,-0.15386582911014557
0.4050433337688446,0.18729090690612793,0.21775242686271667
0.17806069552898407,0.18047022819519043,-0.00240953266620636
0.11738792061805725,0.19618630409240723,-0.07879838347434998
0.4084603786468506,0.15239548683166504,0.25606489181518555
0.10811076313257217,0.25438761711120605,-0.14627685397863388
0.2828074097633362,0.2080380916595459,0.07476931810379028
0.4645336866378784,0.2840001583099365,0.1805335283279419
0.12325147539377213,0.21756386756896973,-0.0943123921751976
0.12194883823394775,0.3271162509918213,-0.20516741275787354
0.45657920837402344,0.29982972145080566,0.15674948692321777
0.5421575307846069,0.28702521324157715,0.2551323175430298
0.34837183356285095,0.19263625144958496,0.155735582113266
0.3878350257873535,0.2500278949737549,0.13780713081359863
0.24360540509223938,0.31574559211730957,-0.07214018702507019
0.20674070715904236,0.30425429344177246,-0.0975135862827301
0.3736976385116577,0.30209851264953613,0.07159912586212158
0.18529625236988068,0.3098137378692627,-0.12451748549938202
0.2514362037181854,0.19141268730163574,0.06002351641654968
0.1790347844362259,0.2439868450164795,-0.0649520605802536
0.22542151808738708,0.31711363792419434,-0.09169211983680725
0.21227040886878967,0.221146821975708,-0.008876413106918335
0.3082324266433716,0.24055075645446777,0.06768167018890381
0.25739651918411255,0.2471764087677002,0.010220110416412354
0.23889708518981934,0.19642996788024902,0.04246711730957031
0.21712161600589752,0.2953774929046631,-0.07825587689876556
0.24303777515888214,0.27919602394104004,-0.0361582487821579
0.2584850490093231,0.2608034610748291,-0.0023184120655059814
0.2621951103210449,0.23502421379089355,0.027170896530151367
0.20836418867111206,0.2655680179595947,-0.057203829288482666
0.19186685979366302,0.23085761070251465,-0.038990750908851624
0.4673587679862976,0.13299012184143066,0.33436864614486694
0.46320196986198425,0.2524678707122803,0.21073409914970398
0.21641385555267334,0.23192572593688965,-0.015511870384216309
0.1508357673883438,0.27312350273132324,-0.12228773534297943
0.08866017311811447,0.13621211051940918,-0.04755193740129471
0.3445891737937927,0.19477581977844238,0.14981335401535034
0.15014667809009552,0.23946070671081543,-0.08931402862071991
0.14996884763240814,0.20081162452697754,-0.0508427768945694
0.14234574139118195,0.22942852973937988,-0.08708278834819794
0.42108285427093506,0.16327691078186035,0.2578059434890747
0.438037633895874,0.1677076816558838,0.27032995223999023
0.14006517827510834,0.2535731792449951,-0.11350800096988678
0.47133776545524597,0.19292283058166504,0.27841493487358093
0.22387807071208954,0.21903777122497559,0.004840299487113953
0.1395772397518158,0.16067147254943848,-0.02109423279762268
0.15435589849948883,0.2481677532196045,-0.09381185472011566
0.1522877961397171,0.23899340629577637,-0.08670561015605927
0.46335065364837646,0.24042773246765137,0.2229229211807251
0.11161712557077408,0.21097540855407715,-0.09935828298330307
0.14499202370643616,0.2627713680267334,-0.11777934432029724
0.10906695574522018,0.22928738594055176,-0.12022043019533157
0.24351078271865845,0.20861506462097168,0.03489571809768677
0.14764483273029327,0.27567076683044434,-0.12802593410015106
0.15352420508861542,0.1881725788116455,-0.03464837372303009
0.4897216558456421,0.21785807609558105,0.27186357975006104
0.17333272099494934,0.2475578784942627,-0.07422515749931335
0.14984484016895294,0.2114856243133545,-0.06164078414440155
0.14890162646770477,0.24306511878967285,-0.09416349232196808
0.1381906419992447,0.3067343235015869,-0.16854368150234222
0.16286693513393402,0.24039483070373535,-0.07752789556980133
0.1600991040468216,0.15938782691955566,0.0007112771272659302
0.2806263864040375,0.26548266410827637,0.015143722295761108
0.09022350609302521,0.2722742557525635,-0.18205074965953827
0.15145976841449738,0.3123800754547119,-0.16092030704021454
0.3295998275279999,0.2221519947052002,0.10744783282279968
0.16614696383476257,0.2807753086090088,-0.11462834477424622
0.3461360037326813,0.23849129676818848,0.1076447069644928
0.43967318534851074,0.29552721977233887,0.14414596557617188
0.21111945807933807,0.17460036277770996,0.03651909530162811
0.22260664403438568,0.21457934379577637,0.008027300238609314
0.2533271908760071,0.20898985862731934,0.044337332248687744
0.17898587882518768,0.20685505867004395,-0.027869179844856262
0.1478407233953476,0.2570650577545166,-0.109224334359169
0.14916671812534332,0.27224087715148926,-0.12307415902614594
0.1976097673177719,0.19515776634216309,0.0024520009756088257
0.15642835199832916,0.33888792991638184,-0.18245957791805267
0.3730525076389313,0.20245957374572754,0.17059293389320374
0.16309362649917603,0.1450636386871338,0.018029987812042236
0.09987359493970871,0.22841715812683105,-0.12854356318712234
0.20221491158008575,0.21805691719055176,-0.015842005610466003
0.2411547154188156,0.2939469814300537,-0.0527922660112381
0.09832802414894104,0.25218844413757324,-0.1538604199886322
0.10322397202253342,0.26503634452819824,-0.16181237250566483
0.19929239153862,0.2806661128997803,-0.08137372136116028
0.13963943719863892,0.24242281913757324,-0.10278338193893433
0.2294146865606308,0.2540853023529053,-0.024670615792274475
0.13843362033367157,0.1797196865081787,-0.04128606617450714
0.15621140599250793,0.3087437152862549,-0.15253230929374695
0.07559077441692352,0.2077953815460205,-0.13220460712909698
0.15596960484981537,0.2346341609954834,-0.07866455614566803
0.12239508330821991,0.24553132057189941,-0.1231362372636795
0.16164883971214294,0.15909981727600098,0.0025490224361419678
0.08463729172945023,0.20120024681091309,-0.11656295508146286
0.13314034044742584,0.26494812965393066,-0.13180778920650482
0.2560296356678009,0.22711634635925293,0.028913289308547974
0.1482870727777481,0.22258639335632324,-0.07429932057857513
0.07882297784090042,0.16313719749450684,-0.08431421965360641
0.21641364693641663,0.2807800769805908,-0.0643664300441742
0.27959519624710083,0.26166844367980957,0.01792675256729126
0.14017803966999054,0.21180987358093262,-0.07163183391094208
0.1994267702102661,0.19246268272399902,0.00696408748626709
0.13200192153453827,0.34513020515441895,-0.21312828361988068
0.18401749432086945,0.185593843460083,-0.001576349139213562
0.3284186124801636,0.19855141639709473,0.12986719608306885
0.18171456456184387,0.2883646488189697,-0.10665008425712585
0.1359739452600479,0.18811821937561035,-0.05214427411556244
0.17685852944850922,0.2667562961578369,-0.0898977667093277
0.23609068989753723,0.25049614906311035,-0.01440545916557312
0.3170934319496155,0.189711332321167,0.1273820996284485
0.19916701316833496,0.31645989418029785,-0.11729288101196289
0.21983177959918976,0.22855353355407715,-0.00872175395488739
0.41746658086776733,0.30243468284606934,0.115031898021698
0.1774134337902069,0.2812221050262451,-0.10380867123603821
0.3853510916233063,0.20328259468078613,0.18206849694252014
0.3348985016345978,0.3353555202484131,-0.0004570186138153076
0.4004824459552765,0.3040049076080322,0.09647753834724426
0.2695342004299164,0.16313385963439941,0.10640034079551697
0.4163322150707245,0.2324073314666748,0.18392488360404968
0.2673853039741516,0.2764017581939697,-0.009016454219818115
0.3312629759311676,0.22539019584655762,0.10587278008460999
0.24407462775707245,0.2898566722869873,-0.045782044529914856
0.40678131580352783,0.2115767002105713,0.19520461559295654
0.39606595039367676,0.24237704277038574,0.15368890762329102
0.21974360942840576,0.2398693561553955,-0.020125746726989746
0.283730149269104,0.314253568649292,-0.03052341938018799
0.28944265842437744,0.30292534828186035,-0.01348268985748291
0.335814893245697,0.1692349910736084,0.16657990217208862
0.25252336263656616,0.2718503475189209,-0.019326984882354736
0.2765825688838959,0.22317004203796387,0.05341252684593201
0.31018537282943726,0.3741114139556885,-0.06392604112625122
0.2256363332271576,0.20667052268981934,0.018965810537338257
0.2789042890071869,0.2557551860809326,0.023149102926254272
0.15289908647537231,0.24604439735412598,-0.09314531087875366
0.40019679069519043,0.26688456535339355,0.13331222534179688
0.3703908622264862,0.33292126655578613,0.03746959567070007
0.18911902606487274,0.2275993824005127,-0.038480356335639954
0.39835450053215027,0.28281569480895996,0.11553880572319031
0.32793372869491577,0.2908203601837158,0.03711336851119995
0.30152755975723267,0.2498486042022705,0.05167895555496216
0.2876511812210083,0.33338189125061035,-0.04573071002960205
0.18485794961452484,0.22549700736999512,-0.040639057755470276
0.3175627589225769,0.2688934803009033,0.048669278621673584
0.260826051235199,0.2868025302886963,-0.025976479053497314
0.19729866087436676,0.25175929069519043,-0.05446062982082367
0.20528706908226013,0.22815823554992676,-0.022871166467666626
0.14642050862312317,0.18950390815734863,-0.043083399534225464
0.0629328042268753,0.19369864463806152,-0.13076584041118622
0.16676770150661469,0.18626141548156738,-0.019493713974952698
0.09263500571250916,0.261918306350708,-0.16928330063819885
0.13448214530944824,0.17728638648986816,-0.04280424118041992
0.1866893321275711,0.18880486488342285,-0.0021155327558517456
0.1833484023809433,0.1810619831085205,0.0022864192724227905
0.11611462384462357,0.2275388240814209,-0.11142420023679733
0.12470396608114243,0.20296835899353027,-0.07826439291238785
0.1611488163471222,0.20170283317565918,-0.04055401682853699
0.12364858388900757,0.22584891319274902,-0.10220032930374146
0.09020553529262543,0.29050469398498535,-0.20029915869235992
0.062384217977523804,0.22475743293762207,-0.16237321496009827
0.19724076986312866,0.2147071361541748,-0.017466366291046143
0.22442467510700226,0.2708723545074463,-0.04644767940044403
0.09767679870128632,0.2483370304107666,-0.15066023170948029
0.20873501896858215,0.2884538173675537,-0.07971879839897156
0.10630662739276886,0.17227625846862793,-0.06596963107585907
0.13745605945587158,0.2350919246673584,-0.09763586521148682
0.1180516704916954,0.25249648094177246,-0.13444481045007706
0.18238814175128937,0.24109959602355957,-0.0587114542722702
0.20674550533294678,0.19115567207336426,0.01558983325958252
0.110737144947052,0.2096555233001709,-0.0989183783531189
0.19550202786922455,0.2164013385772705,-0.02089931070804596
0.11919064074754715,0.1784374713897705,-0.05924683064222336
0.11896076053380966,0.23809170722961426,-0.1191309466958046
0.08271662890911102,0.258988618850708,-0.17627198994159698
0.11891896277666092,0.14278101921081543,-0.02386205643415451
0.17253442108631134,0.22093462944030762,-0.04840020835399628
0.11655741184949875,0.18703484535217285,-0.0704774335026741
0.11756055057048798,0.18577122688293457,-0.0682106763124466
0.453380823135376,0.23839020729064941,0.21499061584472656
0.1647392362356186,0.20381569862365723,-0.039076462388038635
0.12884581089019775,0.19015908241271973,-0.06131327152252197
0.2341018170118332,0.21482443809509277,0.019277378916740417
0.14347486197948456,0.18720746040344238,-0.043732598423957825
0.1824299395084381,0.1899721622467041,-0.007542222738265991
0.29061174392700195,0.19077181816101074,0.09983992576599121
0.17297330498695374,0.21988511085510254,-0.046911805868148804
0.1900363713502884,0.18596911430358887,0.004067257046699524
0.17829200625419617,0.24924635887145996,-0.0709543526172638
0.11526169627904892,0.2492058277130127,-0.13394413143396378
0.1563686579465866,0.19796061515808105,-0.041591957211494446
0.11509384214878082,0.21582674980163574,-0.10073290765285492
0.2028733640909195,0.27028679847717285,-0.06741343438625336
0.12386149168014526,0.1708524227142334,-0.046990931034088135
0.12060586363077164,0.3247377872467041,-0.20413192361593246
0.13089388608932495,0.18270230293273926,-0.05180841684341431
0.10617078840732574,0.26552319526672363,-0.1593524068593979
0.14888761937618256,0.24267363548278809,-0.09378601610660553
0.09598203748464584,0.22107577323913574,-0.1250937357544899
0.12332857400178909,0.1970059871673584,-0.0736774131655693
0.36004748940467834,0.2049100399017334,0.15513744950294495
0.1728583574295044,0.20595192909240723,-0.03309357166290283
0.14511540532112122,0.19286179542541504,-0.04774639010429382
0.15688134729862213,0.22032904624938965,-0.06344769895076752
0.29851144552230835,0.22187113761901855,0.0766403079032898
0.2339555323123932,0.16946053504943848,0.06449499726295471
0.1591697484254837,0.24990010261535645,-0.09073035418987274
0.13892941176891327,0.25670599937438965,-0.11777658760547638
0.26093655824661255,0.273059606552124,-0.012123048305511475
0.30901995301246643,0.21843743324279785,0.09058251976966858
0.4884191155433655,0.2892911434173584,0.19912797212600708
0.47740551829338074,0.2888667583465576,0.18853875994682312
0.06473572552204132,0.24715733528137207,-0.18242160975933075
0.16946403682231903,0.3307631015777588,-0.16129906475543976
0.4020397961139679,0.22345805168151855,0.17858174443244934
0.06271900236606598,0.2806398868560791,-0.21792088449001312
0.4130115807056427,0.19172310829162598,0.22128847241401672
0.18752047419548035,0.2640354633331299,-0.07651498913764954
0.1252843141555786,0.3240625858306885,-0.19877827167510986
0.40404605865478516,0.19968914985656738,0.20435690879821777
0.5023480653762817,0.22713828086853027,0.27520978450775146
0.18969915807247162,0.302964448928833,-0.11326529085636139
0.06341911107301712,0.22588467597961426,-0.16246556490659714
0.6068465113639832,0.3153660297393799,0.29148048162460327
0.3157075047492981,0.27588820457458496,0.039819300174713135
0.5682832598686218,0.28017640113830566,0.28810685873031616
0.17249956727027893,0.19655442237854004,-0.02405485510826111
0.39160093665122986,0.30318140983581543,0.08841952681541443
0.04822579771280289,0.1873934268951416,-0.13916762918233871
0.4257284104824066,0.2588646411895752,0.16686376929283142
0.08378483355045319,0.28000807762145996,-0.19622324407100677
0.17514324188232422,0.28502488136291504,-0.10988163948059082
0.5402424931526184,0.1967175006866455,0.3435249924659729
0.23819966614246368,0.3233764171600342,-0.0851767510175705
0.07945359498262405,0.25057244300842285,-0.1711188480257988
0.4258328974246979,0.29486775398254395,0.13096514344215393
0.06528431177139282,0.30747103691101074,-0.24218672513961792
0.2068099081516266,0.24587559700012207,-0.03906568884849548
0.6374525427818298,0.24148011207580566,0.39597243070602417
0.5846678018569946,0.2208712100982666,0.363796591758728
0.5085445046424866,0.34528565406799316,0.1632588505744934
0.38156434893608093,0.2178356647491455,0.16372868418693542
0.2658851444721222,0.23418307304382324,0.03170207142829895
0.24098441004753113,0.21443772315979004,0.02654668688774109
0.3329227566719055,0.31349682807922363,0.019425928592681885
0.12706592679023743,0.18419814109802246,-0.057132214307785034
0.19731147587299347,0.21943259239196777,-0.022121116518974304
0.10033133625984192,0.25223326683044434,-0.15190193057060242
0.023513153195381165,0.17602181434631348,-0.1525086611509323
0.3484974801540375,0.2934739589691162,0.055023521184921265
0.14012235403060913,0.18973803520202637,-0.049615681171417236
0.5484504699707031,0.24820923805236816,0.30024123191833496
0.05201367661356926,0.26827263832092285,-0.2162589617073536
0.33726969361305237,0.23015332221984863,0.10711637139320374
0.4273114800453186,0.40425848960876465,0.023052990436553955
0.6294431686401367,0.2906467914581299,0.33879637718200684
0.06510145217180252,0.31702399253845215,-0.2519225403666496
0.49424460530281067,0.331254243850708,0.16299036145210266
0.1533459573984146,0.2898733615875244,-0.1365274041891098
0.4097304940223694,0.28096795082092285,0.12876254320144653
0.21805338561534882,0.21597599983215332,0.0020773857831954956
0.32104188203811646,0.2084505558013916,0.11259132623672485
0.4196782410144806,0.3354604244232178,0.08421781659126282
0.08259883522987366,0.29834866523742676,-0.2157498300075531
0.23031044006347656,0.2514002323150635,-0.021089792251586914
0.048753488808870316,0.27039027214050293,-0.22163678333163261
0.28347134590148926,0.2507364749908447,0.03273487091064453
0.2704567313194275,0.2545320987701416,0.01592463254928589
0.1237931028008461,0.2392876148223877,-0.1154945120215416
0.031421106308698654,0.2116224765777588,-0.18020137026906013
0.07669801265001297,0.23193860054016113,-0.15524058789014816
0.03415882959961891,0.24596238136291504,-0.21180355176329613
0.07383490353822708,0.22025179862976074,-0.14641689509153366
0.2698954939842224,0.2650601863861084,0.004835307598114014
0.01929989643394947,0.18978095054626465,-0.17048105411231518
0.09760710597038269,0.24674677848815918,-0.1491396725177765
0.22496342658996582,0.2417147159576416,-0.01675128936767578
0.22386625409126282,0.29297804832458496,-0.06911179423332214
0.1208672970533371,0.2891848087310791,-0.168317511677742
0.8043991923332214,0.22322297096252441,0.581176221370697
0.15403343737125397,0.2543008327484131,-0.10026739537715912
0.22281086444854736,0.2561953067779541,-0.03338444232940674
0.25646811723709106,0.2844574451446533,-0.027989327907562256
0.40572622418403625,0.23898053169250488,0.16674569249153137
0.0422152541577816,0.29750943183898926,-0.25529417768120766
0.42891326546669006,0.2547028064727783,0.17421045899391174
0.7039393782615662,0.2898275852203369,0.41411179304122925
0.018192267045378685,0.25031113624572754,-0.23211886920034885
0.1515256017446518,0.20707345008850098,-0.05554784834384918
0.0853814035654068,0.23717665672302246,-0.15179525315761566
0.8432183861732483,0.29357314109802246,0.5496452450752258
0.7912852764129639,0.2730228900909424,0.5182623863220215
0.03997910022735596,0.30826640129089355,-0.2682873010635376
0.17454545199871063,0.23378205299377441,-0.05923660099506378
0.06974921375513077,0.25678277015686035,-0.18703355640172958
0.03839080408215523,0.2400052547454834,-0.20161445066332817
0.2867293655872345,0.26201701164245605,0.024712353944778442
0.08832810819149017,0.2664206027984619,-0.17809249460697174
0.2651306092739105,0.3569014072418213,-0.09177079796791077
0.05866248533129692,0.24152827262878418,-0.18286578729748726
0.025120167061686516,0.22522473335266113,-0.20010456629097462
0.24850574135780334,0.2541806697845459,-0.005674928426742554
0.14006268978118896,0.20215773582458496,-0.062095046043395996
0.03998954966664314,0.23214268684387207,-0.19215313717722893
0.12508882582187653,0.2228243350982666,-0.09773550927639008
0.3196342885494232,0.30548834800720215,0.01414594054222107
0.33820271492004395,0.29726719856262207,0.040935516357421875
0.028349006548523903,0.23625683784484863,-0.20790783129632473
0.3876906931400299,0.26059603691101074,0.12709465622901917
0.08540230244398117,0.24945759773254395,-0.16405529528856277
0.6134691834449768,0.28359436988830566,0.32987481355667114
0.015600835904479027,0.2101881504058838,-0.19458731450140476
0.1725182831287384,0.20734286308288574,-0.03482457995414734
0.149258092045784,0.279771089553833,-0.130512997508049
0.03894461691379547,0.19165396690368652,-0.15270934998989105
0.020553814247250557,0.19433999061584473,-0.17378617636859417
0.45386624336242676,0.23120331764221191,0.22266292572021484
0.7462382316589355,0.2133486270904541,0.5328896045684814
0.027711598202586174,0.28087735176086426,-0.2531657535582781
0.07006269693374634,0.1878654956817627,-0.11780279874801636
0.30000001192092896,0.30435872077941895,-0.00435870885848999
0.1505015641450882,0.18955206871032715,-0.03905050456523895
0.5741170048713684,0.23111414909362793,0.3430028557777405
0.14192266762256622,0.3010437488555908,-0.1591210812330246
0.4613688588142395,0.33898282051086426,0.12238603830337524
0.8015882968902588,0.2370455265045166,0.5645427703857422
0.23847439885139465,0.2534654140472412,-0.014991015195846558
0.2679101228713989,0.25204920768737793,0.015860915184020996
0.0008150470093823969,0.21327996253967285,-0.21246491553029045
0.1625705361366272,0.20292067527770996,-0.040350139141082764
0.08415883034467697,0.20674395561218262,-0.12258512526750565
0.16108672320842743,0.2617814540863037,-0.10069473087787628
0.07438871264457703,0.23908019065856934,-0.1646914780139923
0.2985788881778717,0.22457194328308105,0.07400694489479065
0.15962383151054382,0.236677885055542,-0.07705405354499817
0.8701881170272827,0.24108147621154785,0.6291066408157349
0.2318495362997055,0.2870795726776123,-0.0552300363779068
0.06257053464651108,0.2251904010772705,-0.16261986643075943
0.5463322997093201,0.27173352241516113,0.27459877729415894
0.47327062487602234,0.2900359630584717,0.18323466181755066
0.44055381417274475,0.29609227180480957,0.14446154236793518
0.07588297128677368,0.2726876735687256,-0.1968047022819519
0.3625287413597107,0.24254918098449707,0.11997956037521362
0.12495297938585281,0.23946404457092285,-0.11451106518507004
0.1819644719362259,0.2588632106781006,-0.0768987387418747
0.12786833941936493,0.3443562984466553,-0.21648795902729034
0.7728840112686157,0.33610081672668457,0.43678319454193115
0.7167606949806213,0.1605517864227295,0.5562089085578918
0.2880355417728424,0.16573596000671387,0.12229958176612854
0.28719958662986755,0.22037911415100098,0.06682047247886658
0.4493521451950073,0.326948881149292,0.12240326404571533
0.6083594560623169,0.2845017910003662,0.3238576650619507
0.7947440147399902,0.26127171516418457,0.5334722995758057
0.5413166284561157,0.24886727333068848,0.29244935512542725
0.17952978610992432,0.29857563972473145,-0.11904585361480713
0.10961337387561798,0.16740822792053223,-0.057794854044914246
0.03655172511935234,0.19622445106506348,-0.15967272594571114
0.019676070660352707,0.25663065910339355,-0.23695458844304085
0.44529780745506287,0.2061607837677002,0.23913702368736267
0.12281087040901184,0.27900052070617676,-0.15618965029716492
0.06293626129627228,0.21767163276672363,-0.15473537147045135
0.1862800419330597,0.24688506126403809,-0.060605019330978394
0.42073145508766174,0.29624295234680176,0.12448850274085999
0.6429989337921143,0.3242185115814209,0.31878042221069336
0.17160919308662415,0.2256772518157959,-0.05406805872917175
0.2316405475139618,0.2695801258087158,-0.03793957829475403
0.19405433535575867,0.19017291069030762,0.00388142466545105
0.26503658294677734,0.27686095237731934,-0.011824369430541992
0.3761964440345764,0.28145480155944824,0.09474164247512817
0.3298223614692688,0.2608916759490967,0.06893068552017212
0.5377534031867981,0.28988051414489746,0.24787288904190063
0.08967607468366623,0.2182786464691162,-0.12860257178544998
0.5720062851905823,0.2850673198699951,0.28693896532058716
0.18498432636260986,0.21582913398742676,-0.030844807624816895
0.35187041759490967,0.29533934593200684,0.05653107166290283
0.06371995806694031,0.23510956764221191,-0.1713896095752716
0.7589654922485352,0.32906126976013184,0.4299042224884033
0.24989551305770874,0.27305150032043457,-0.02315598726272583
0.036907002329826355,0.22696423530578613,-0.19005723297595978
0.21035528182983398,0.26219916343688965,-0.051843881607055664
0.08105538040399551,0.20812249183654785,-0.12706711143255234
0.14365726709365845,0.34429478645324707,-0.20063751935958862
0.10753051191568375,0.23395419120788574,-0.126423679292202
0.16702371835708618,0.26227688789367676,-0.09525316953659058
0.13510911166667938,0.17284750938415527,-0.03773839771747589
0.13156917691230774,0.2812621593475342,-0.14969298243522644
0.11231107264757156,0.17785286903381348,-0.06554179638624191
0.1376848667860031,0.16937756538391113,-0.03169269859790802
0.15470680594444275,0.225754976272583,-0.07104817032814026
0.17939570546150208,0.26917290687561035,-0.08977720141410828
0.07438526302576065,0.20084023475646973,-0.12645497173070908
0.1239934116601944,0.1727144718170166,-0.048721060156822205
0.10531525313854218,0.19021010398864746,-0.08489485085010529
0.18650124967098236,0.21599078178405762,-0.029489532113075256
0.11014284193515778,0.24957728385925293,-0.13943444192409515
0.18277369439601898,0.2593224048614502,-0.07654871046543121
0.2443254142999649,0.21112656593322754,0.033198848366737366
0.13537034392356873,0.15912365913391113,-0.023753315210342407
0.12411119788885117,0.19892525672912598,-0.07481405884027481
0.13443513214588165,0.2127063274383545,-0.07827119529247284
0.15425749123096466,0.25679898262023926,-0.1025414913892746
0.12227972596883774,0.35727858543395996,-0.23499885946512222
0.07991817593574524,0.1512739658355713,-0.07135578989982605
0.14299550652503967,0.3064701557159424,-0.1634746491909027
0.12878204882144928,0.1744234561920166,-0.04564140737056732
0.13183040916919708,0.3233301639556885,-0.1914997547864914
0.1594664752483368,0.3029754161834717,-0.1435089409351349
0.13128988444805145,0.23018479347229004,-0.09889490902423859
0.13635258376598358,0.27306485176086426,-0.13671226799488068
0.11272381991147995,0.29270482063293457,-0.17998100072145462
0.14368516206741333,0.16704010963439941,-0.023354947566986084
0.12011148780584335,0.20025897026062012,-0.08014748245477676
0.19398295879364014,0.288501501083374,-0.09451854228973389
0.1304928958415985,0.17435383796691895,-0.043860942125320435
0.09162142127752304,0.17074275016784668,-0.07912132889032364
0.1858823597431183,0.23686480522155762,-0.05098244547843933
0.1331365704536438,0.20657038688659668,-0.07343381643295288
0.13255424797534943,0.2368934154510498,-0.10433916747570038
0.09411358088254929,0.23661446571350098,-0.1425008848309517
0.1584814041852951,0.2815062999725342,-0.12302489578723907
0.10765589773654938,0.19890141487121582,-0.09124551713466644
0.10131316632032394,0.30237698554992676,-0.2010638192296028
0.07851796597242355,0.17222142219543457,-0.09370345622301102
0.06994755566120148,0.11908650398254395,-0.04913894832134247
0.14938917756080627,0.195051908493042,-0.04566273093223572
0.2539868950843811,0.24104571342468262,0.012941181659698486
0.10860548168420792,0.24383091926574707,-0.13522543758153915
0.1115417405962944,0.23435425758361816,-0.12281251698732376
0.23479147255420685,0.2135765552520752,0.021214917302131653
0.13149994611740112,0.1634538173675537,-0.03195387125015259
0.13390327990055084,0.23280835151672363,-0.09890507161617279
0.26588866114616394,0.23836255073547363,0.027526110410690308
0.20385104417800903,0.2693793773651123,-0.06552833318710327
0.1826493740081787,0.28334498405456543,-0.10069561004638672
0.11481171101331711,0.19612622261047363,-0.08131451159715652
0.17868907749652863,0.26594042778015137,-0.08725135028362274
0.1263902187347412,0.1696779727935791,-0.04328775405883789
0.21316072344779968,0.17109942436218262,0.042061299085617065
0.15276430547237396,0.1970059871673584,-0.044241681694984436
0.16491620242595673,0.2252652645111084,-0.06034906208515167
0.2372470647096634,0.18808531761169434,0.049161747097969055
0.241123765707016,0.19241118431091309,0.048712581396102905
0.2313118577003479,0.22281956672668457,0.00849229097366333
0.1357417106628418,0.2061612606048584,-0.0704195499420166
0.37994298338890076,0.20011496543884277,0.17982801795005798
0.15550203621387482,0.1772158145904541,-0.021713778376579285
0.4559095501899719,0.16706252098083496,0.28884702920913696
0.10460339486598969,0.19986271858215332,-0.09525932371616364
0.10955636948347092,0.19339871406555176,-0.08384234458208084
0.1206848993897438,0.18642735481262207,-0.06574245542287827
0.13712623715400696,0.21581435203552246,-0.0786881148815155
0.13974446058273315,0.20911335945129395,-0.06936889886856079
0.08658287674188614,0.19904065132141113,-0.112457774579525
0.09232477843761444,0.17983365058898926,-0.08750887215137482
0.2351154088973999,0.21660304069519043,0.018512368202209473
0.15846964716911316,0.19098591804504395,-0.032516270875930786
0.0992683470249176,0.17926383018493652,-0.07999548316001892
0.1525866687297821,0.18953394889831543,-0.036947280168533325
0.13106107711791992,0.241288423538208,-0.11022734642028809
0.13733066618442535,0.22732901573181152,-0.08999834954738617
0.17053860425949097,0.1566612720489502,0.013877332210540771
0.10736200958490372,0.20542073249816895,-0.09805872291326523
0.1925344318151474,0.2446753978729248,-0.052140966057777405
0.2945198118686676,0.1885206699371338,0.10599914193153381
0.15630662441253662,0.17809748649597168,-0.02179086208343506
0.14196427166461945,0.23573660850524902,-0.09377233684062958
0.16043411195278168,0.257796049118042,-0.09736193716526031
0.1594623327255249,0.19515204429626465,-0.035689711570739746
0.17389284074306488,0.23795151710510254,-0.06405867636203766
0.1367036998271942,0.2124645709991455,-0.0757608711719513
0.13015198707580566,0.21393561363220215,-0.08378362655639648
0.1388980597257614,0.29302287101745605,-0.15412481129169464
0.17756055295467377,0.2071669101715088,-0.029606357216835022
0.13676640391349792,0.23334288597106934,-0.09657648205757141
0.21538709104061127,0.16670775413513184,0.04867933690547943
0.2100265920162201,0.1825239658355713,0.027502626180648804
0.18029826879501343,0.21343684196472168,-0.03313857316970825
0.2596295177936554,0.23044371604919434,0.02918580174446106
0.1147385686635971,0.1740267276763916,-0.059288159012794495
0.11920109391212463,0.23101449012756348,-0.11181339621543884
0.16272251307964325,0.2185676097869873,-0.055845096707344055
0.11633797734975815,0.2429368495941162,-0.12659887224435806
0.12044455856084824,0.24779057502746582,-0.12734601646661758
0.0907469317317009,0.2642543315887451,-0.17350739985704422
0.13160443305969238,0.23869919776916504,-0.10709476470947266
0.2046033889055252,0.17140603065490723,0.03319735825061798
0.2764424681663513,0.2512977123260498,0.025144755840301514
0.29660966992378235,0.18862175941467285,0.1079879105091095
0.16953547298908234,0.2194359302520752,-0.04990045726299286
0.10513630509376526,0.2337191104888916,-0.12858280539512634
0.19453024864196777,0.23146700859069824,-0.03693675994873047
0.11918019503355026,0.24814391136169434,-0.12896371632814407
0.10639022290706635,0.22911429405212402,-0.12272407114505768
0.06394442170858383,0.21386218070983887,-0.14991775900125504
0.12249262630939484,0.17430806159973145,-0.05181543529033661
0.190193772315979,0.22492098808288574,-0.03472721576690674
0.1416560262441635,0.2681691646575928,-0.12651313841342926
0.23920109868049622,0.20871520042419434,0.03048589825630188
0.11657831072807312,0.2415764331817627,-0.12499812245368958
0.13091477751731873,0.17774033546447754,-0.046825557947158813
0.15517809987068176,0.21535086631774902,-0.06017276644706726
0.1500370353460312,0.29714512825012207,-0.14710809290409088
0.25499001145362854,0.21275925636291504,0.0422307550907135
0.2362961769104004,0.2736814022064209,-0.03738522529602051
0.11386148631572723,0.19819378852844238,-0.08433230221271515
0.12344351410865784,0.19280695915222168,-0.06936344504356384
0.21693359315395355,0.176344633102417,0.04058896005153656
0.09627462178468704,0.20679545402526855,-0.11052083224058151
0.2102871537208557,0.2681114673614502,-0.05782431364059448
0.20981760323047638,0.245438814163208,-0.03562121093273163
0.1201983392238617,0.2514374256134033,-0.13123908638954163
0.14663055539131165,0.16611027717590332,-0.019479721784591675
0.1877172887325287,0.1684720516204834,0.019245237112045288
0.13577371835708618,0.24231982231140137,-0.10654610395431519
0.1559297889471054,0.21991229057312012,-0.06398250162601471
0.20326587557792664,0.16229462623596191,0.04097124934196472
0.10707399249076843,0.1571943759918213,-0.050120383501052856
0.2346033900976181,0.1511385440826416,0.0834648460149765
0.1429315060377121,0.17314553260803223,-0.03021402657032013
0.10787402838468552,0.17842602729797363,-0.07055199891328812
0.30999523401260376,0.21239399909973145,0.09760123491287231
0.26396599411964417,0.26203131675720215,0.0019346773624420166
0.1814790517091751,0.17416882514953613,0.007310226559638977
0.12643201649188995,0.18732190132141113,-0.06088988482952118
0.1298796385526657,0.2281796932220459,-0.09830005466938019
0.10719482600688934,0.20430541038513184,-0.09711058437824249
0.2458050698041916,0.21340155601501465,0.03240351378917694
0.17890851199626923,0.2829740047454834,-0.10406549274921417
0.28087297081947327,0.20639634132385254,0.07447662949562073
0.19629618525505066,0.21129775047302246,-0.015001565217971802
0.15099836885929108,0.2766225337982178,-0.1256241649389267
0.10807256400585175,0.26724696159362793,-0.15917439758777618
0.1716044396162033,0.19147276878356934,-0.019868329167366028
0.19482283294200897,0.2140638828277588,-0.019241049885749817
0.21049681305885315,0.27147889137268066,-0.060982078313827515
0.21489597856998444,0.189835786819458,0.025060191750526428
0.21912795305252075,0.2816345691680908,-0.06250661611557007
0.10632752627134323,0.18868613243103027,-0.08235860615968704
0.169274240732193,0.16411089897155762,0.005163341760635376
0.1124926283955574,0.20647597312927246,-0.09398334473371506
0.15379878878593445,0.20479989051818848,-0.05100110173225403
0.14148949086666107,0.14992117881774902,-0.008431687951087952
0.08164557069540024,0.20615029335021973,-0.12450472265481949
0.08941464126110077,0.1687757968902588,-0.07936115562915802
0.23004749417304993,0.28450512886047363,-0.054457634687423706
0.17931602895259857,0.2059791088104248,-0.026663079857826233
0.1577688753604889,0.25931429862976074,-0.10154542326927185
0.1847705841064453,0.21964097023010254,-0.03487038612365723
0.11087754368782043,0.225846529006958,-0.11496898531913757
0.13704852759838104,0.172743558883667,-0.03569503128528595
0.1931195855140686,0.26851677894592285,-0.07539719343185425
0.12093567848205566,0.1940000057220459,-0.07306432723999023
0.1296922117471695,0.21172595024108887,-0.08203373849391937
0.10489597171545029,0.23633313179016113,-0.13143716007471085
0.20633797347545624,0.25694727897644043,-0.05060930550098419
0.11103428155183792,0.25374674797058105,-0.14271246641874313
0.2403087168931961,0.20670723915100098,0.03360147774219513
0.36004748940467834,0.2630345821380615,0.09701290726661682
0.09074170142412186,0.23602843284606934,-0.14528673142194748
0.134363055229187,0.20266175270080566,-0.06829869747161865
0.16551248729228973,0.2562577724456787,-0.09074528515338898
0.1452825963497162,0.2339770793914795,-0.0886944830417633
0.12188656628131866,0.28546738624572754,-0.16358081996440887
0.1046660840511322,0.27297520637512207,-0.16830912232398987
0.17882491648197174,0.17600798606872559,0.002816930413246155
0.22252397239208221,0.2100069522857666,0.012517020106315613
0.2539137303829193,0.25867724418640137,-0.004763513803482056
0.20659920573234558,0.24012160301208496,-0.03352239727973938
0.11543934047222137,0.1531970500946045,-0.03775770962238312
0.1235375627875328,0.2596743106842041,-0.1361367478966713
0.1550004631280899,0.24741911888122559,-0.09241865575313568
0.17671415209770203,0.2415764331817627,-0.06486228108406067
0.20749785006046295,0.31171107292175293,-0.10421322286128998
0.19874131679534912,0.22952675819396973,-0.030785441398620605
0.3550173044204712,0.24854111671447754,0.10647618770599365
0.3290327787399292,0.29372429847717285,0.03530848026275635
0.23661960661411285,0.27142786979675293,-0.034808263182640076
0.4353187680244446,0.23349595069885254,0.20182281732559204
0.5344473123550415,0.24833083152770996,0.28611648082733154
0.5763340592384338,0.23429322242736816,0.3420408368110657
0.049887239933013916,0.201798677444458,-0.1519114375114441
0.28282350301742554,0.24278950691223145,0.04003399610519409
0.246721088886261,0.18617558479309082,0.060545504093170166
0.09027386456727982,0.30134129524230957,-0.21106743067502975
0.2799812853336334,0.2730977535247803,0.006883531808853149
0.5368360280990601,0.25136494636535645,0.2854710817337036
0.0702425166964531,0.17392659187316895,-0.10368407517671585
0.221977099776268,0.1787102222442627,0.04326687753200531
0.21852360665798187,0.3364593982696533,-0.11793579161167145
0.14556121826171875,0.16780352592468262,-0.022242307662963867
0.1627190113067627,0.31566357612609863,-0.15294456481933594
0.06548807770013809,0.20955491065979004,-0.14406683295965195
0.37359675765037537,0.21405482292175293,0.15954193472862244
0.209443137049675,0.22298693656921387,-0.01354379951953888
0.11026863753795624,0.1965792179107666,-0.08631058037281036
0.2667890191078186,0.25569844245910645,0.011090576648712158
0.32984021306037903,0.29377245903015137,0.03606775403022766
0.18447448313236237,0.18616843223571777,-0.0016939491033554077
0.1255037486553192,0.23752236366271973,-0.11201861500740051
0.23213383555412292,0.2682158946990967,-0.036082059144973755
0.06406174600124359,0.24269652366638184,-0.17863477766513824
0.6741662621498108,0.24391627311706543,0.43024998903274536
0.5768569111824036,0.2797682285308838,0.2970886826515198
0.4853835701942444,0.20198512077331543,0.28339844942092896
0.17150165140628815,0.26346468925476074,-0.0919630378484726
0.19002307951450348,0.21773171424865723,-0.027708634734153748
0.34159570932388306,0.2905571460723877,0.05103856325149536
0.12117773294448853,0.226149320602417,-0.10497158765792847
0.2110418826341629,0.22330641746520996,-0.012264534831047058
0.35613593459129333,0.3109090328216553,0.04522690176963806
0.593706488609314,0.2898256778717041,0.30388081073760986
0.06735850125551224,0.21189427375793457,-0.14453577250242233
0.1579541116952896,0.16293787956237793,-0.004983767867088318
0.12144418805837631,0.2914249897003174,-0.16998080164194107
0.8043334484100342,0.37301039695739746,0.4313230514526367
0.2838161885738373,0.2336118221282959,0.05020436644554138
0.4347722828388214,0.3219902515411377,0.11278203129768372
0.06534178555011749,0.20873665809631348,-0.14339487254619598
0.23502308130264282,0.281172513961792,-0.04614943265914917
0.48480886220932007,0.2173154354095459,0.26749342679977417
0.1984504610300064,0.2900974750518799,-0.09164701402187347
0.31269288063049316,0.2997705936431885,0.012922286987304688
0.09151210635900497,0.2819235324859619,-0.19041142612695694
0.06949538737535477,0.18410086631774902,-0.11460547894239426
0.03542537987232208,0.19269871711730957,-0.1572733372449875
0.17386843264102936,0.24640107154846191,-0.07253263890743256
0.22462600469589233,0.16146588325500488,0.06316012144088745
0.3799499273300171,0.31265759468078613,0.06729233264923096
0.07980886846780777,0.2643887996673584,-0.18457993119955063
0.3504880666732788,0.2464902400970459,0.10399782657623291
0.5133512020111084,0.2944810390472412,0.2188701629638672
0.42261451482772827,0.27282214164733887,0.1497923731803894
0.17166362702846527,0.2947051525115967,-0.12304152548313141
0.27000218629837036,0.2350151538848877,0.034987032413482666
0.14065003395080566,0.24835801124572754,-0.10770797729492188
0.46807950735092163,0.20938706398010254,0.2586924433708191
0.09903562068939209,0.22543549537658691,-0.12639987468719482
0.32004398107528687,0.21499419212341309,0.10504978895187378
0.2288266271352768,0.24004864692687988,-0.011222019791603088
0.5929645895957947,0.32444024085998535,0.2685243487358093
0.2962874472141266,0.27568507194519043,0.020602375268936157
0.3835862874984741,0.19611668586730957,0.18746960163116455
0.35834595561027527,0.2854573726654053,0.07288858294487
0.21746300160884857,0.27614808082580566,-0.05868507921695709
0.32765108346939087,0.23394274711608887,0.093708336353302
0.18286007642745972,0.28523945808410645,-0.10237938165664673
0.24958942830562592,0.31211352348327637,-0.06252409517765045
0.1236124187707901,0.22909140586853027,-0.10547898709774017
0.24892589449882507,0.3501861095428467,-0.1012602150440216
0.19453196227550507,0.20386481285095215,-0.009332850575447083
0.10090604424476624,0.26967358589172363,-0.1687675416469574
0.2278391718864441,0.25554442405700684,-0.027705252170562744
0.22590604424476624,0.21590018272399902,0.010005861520767212
0.37975138425827026,0.19151568412780762,0.18823570013046265
0.48551419377326965,0.22686219215393066,0.258652001619339
0.43100008368492126,0.2606828212738037,0.17031726241111755
0.12970437109470367,0.2725069522857666,-0.14280258119106293
0.23979319632053375,0.295243501663208,-0.055450305342674255
0.3154515027999878,0.259566068649292,0.0558854341506958
0.09676288813352585,0.21355605125427246,-0.11679316312074661
0.44380050897598267,0.28874897956848145,0.15505152940750122
0.11819444596767426,0.2709023952484131,-0.15270794928073883
0.5252372622489929,0.27068543434143066,0.25455182790756226
0.2763606011867523,0.2931997776031494,-0.016839176416397095
0.41072317957878113,0.3037879467010498,0.10693523287773132
0.13066571950912476,0.22585558891296387,-0.09518986940383911
0.3875715434551239,0.25085997581481934,0.13671156764030457
0.3701745867729187,0.27761244773864746,0.09256213903427124
0.27152255177497864,0.2770698070526123,-0.005547255277633667
0.5833145976066589,0.2559831142425537,0.3273314833641052
0.01754659041762352,0.25093722343444824,-0.23339063301682472
0.3735183775424957,0.2825019359588623,0.09101644158363342
0.35463646054267883,0.22571492195129395,0.1289215385913849
0.6059374213218689,0.3188025951385498,0.2871348261833191
0.6633407473564148,0.2911336421966553,0.3722071051597595
0.15641283988952637,0.2507297992706299,-0.09431695938110352
0.03371691331267357,0.20507121086120605,-0.17135429754853249
0.4940513074398041,0.3173177242279053,0.1767335832118988
0.09967302531003952,0.22569966316223145,-0.12602663785219193
0.6718360185623169,0.23012566566467285,0.44171035289764404
0.19193530082702637,0.24146676063537598,-0.04953145980834961
0.20358629524707794,0.21870923042297363,-0.015122935175895691
0.47380051016807556,0.39612650871276855,0.077674001455307
0.4460941255092621,0.3056180477142334,0.1404760777950287
0.5215069055557251,0.27249693870544434,0.24900996685028076
0.38366466760635376,0.22546029090881348,0.15820437669754028
0.5617054104804993,0.32957911491394043,0.23212629556655884
0.756203830242157,0.32918238639831543,0.42702144384384155
0.033345963805913925,0.33182644844055176,-0.29848048463463783
0.3560680150985718,0.212815523147583,0.14325249195098877
0.2378966361284256,0.3482701778411865,-0.11037354171276093
0.31956854462623596,0.1867368221282959,0.13283172249794006
0.27409830689430237,0.17224764823913574,0.10185065865516663
0.1037534847855568,0.23642802238464355,-0.13267453759908676
0.04866466671228409,0.16957688331604004,-0.12091221660375595
0.4690983295440674,0.27146363258361816,0.19763469696044922
0.16221743822097778,0.25272202491760254,-0.09050458669662476
0.3851066827774048,0.3249199390411377,0.06018674373626709
0.4001275599002838,0.2307116985321045,0.16941586136817932
0.3402216136455536,0.31730008125305176,0.02292153239250183
0.17554032802581787,0.22211241722106934,-0.046572089195251465
0.36958420276641846,0.2575862407684326,0.11199796199798584
0.3327398896217346,0.3952939510345459,-0.06255406141281128
0.08516936749219894,0.26709723472595215,-0.1819278672337532
0.15567615628242493,0.3402836322784424,-0.18460747599601746
0.21783916652202606,0.2236330509185791,-0.0057938843965530396
0.29572317004203796,0.29554104804992676,0.00018212199211120605
0.37474095821380615,0.3041985034942627,0.07054245471954346
0.30155912041664124,0.2949178218841553,0.006641298532485962
0.17546717822551727,0.20746111869812012,-0.031993940472602844
0.19733759760856628,0.23820948600769043,-0.040871888399124146
0.08327804505825043,0.277512788772583,-0.19423474371433258
0.039850667119026184,0.23545241355895996,-0.19560174643993378
0.568722128868103,0.2297074794769287,0.3390146493911743
0.11898337304592133,0.2825915813446045,-0.16360820829868317
0.2101536989212036,0.2116081714630127,-0.001454472541809082
0.42541491985321045,0.23527741432189941,0.19013750553131104
0.16842955350875854,0.2699143886566162,-0.10148483514785767
0.383450448513031,0.3751528263092041,0.008297622203826904
0.2630324959754944,0.2808959484100342,-0.017863452434539795
0.5027033090591431,0.2747037410736084,0.22799956798553467
0.3796573579311371,0.3006861209869385,0.07897123694419861
0.23405128717422485,0.26729369163513184,-0.03324240446090698
0.2737116813659668,0.2631838321685791,0.010527849197387695
0.13108891248703003,0.21547627449035645,-0.08438736200332642
0.2355925738811493,0.25005078315734863,-0.01445820927619934
0.46771901845932007,0.20176911354064941,0.26594990491867065
0.3039102256298065,0.28378891944885254,0.02012130618095398
0.2836594581604004,0.1992805004119873,0.08437895774841309
0.1704253852367401,0.26494765281677246,-0.09452226758003235
0.0787273645401001,0.24294161796569824,-0.16421425342559814
0.6025100350379944,0.21812033653259277,0.3843896985054016
0.2785288393497467,0.29244017601013184,-0.013911336660385132
0.6620398163795471,0.31169724464416504,0.3503425717353821
0.3890460729598999,0.3298027515411377,0.05924332141876221
0.03308473154902458,0.24563002586364746,-0.21254529431462288
0.17696142196655273,0.22988247871398926,-0.05292105674743652
0.054746173322200775,0.1986997127532959,-0.14395353943109512
0.1684609055519104,0.2559974193572998,-0.0875365138053894
0.4107440710067749,0.2342064380645752,0.1765376329421997
0.6804723739624023,0.3800499439239502,0.30042243003845215
0.18200844526290894,0.19777798652648926,-0.015769541263580322
0.6116322875022888,0.2749354839324951,0.3366968035697937
0.40781304240226746,0.25704121589660645,0.150771826505661
0.2217681109905243,0.2213151454925537,0.00045296549797058105
0.09681513905525208,0.22408318519592285,-0.12726804614067078
0.19745254516601562,0.21418452262878418,-0.016731977462768555
0.2561568319797516,0.3582761287689209,-0.10211929678916931
0.4162038564682007,0.2228834629058838,0.1933203935623169
0.1438109576702118,0.2374260425567627,-0.0936150848865509
0.5644065737724304,0.3025386333465576,0.2618679404258728
0.16579632461071014,0.1669151782989502,-0.0011188536882400513
0.3331160843372345,0.2810089588165283,0.05210712552070618
0.14527909457683563,0.22066712379455566,-0.07538802921772003
0.2793595492839813,0.18494057655334473,0.0944189727306366
0.0392916277050972,0.23601794242858887,-0.19672631472349167
0.2735079228878021,0.23518061637878418,0.038327306509017944
0.22468870878219604,0.2776477336883545,-0.05295902490615845
0.334615558385849,0.2858450412750244,0.048770517110824585
0.44606801867485046,0.3387134075164795,0.10735461115837097
0.12035223096609116,0.22172999382019043,-0.10137776285409927
0.30104711651802063,0.22538542747497559,0.07566168904304504
0.07081200182437897,0.20221686363220215,-0.13140486180782318
0.11498650908470154,0.2546865940093994,-0.13970008492469788
0.34426549077033997,0.3345310688018799,0.009734421968460083
0.2996312379837036,0.2787511348724365,0.02088010311126709
0.19189873337745667,0.2676222324371338,-0.07572349905967712
0.3421233892440796,0.28051304817199707,0.06161034107208252
0.2248402237892151,0.2565906047821045,-0.031750380992889404
0.32653823494911194,0.2174999713897705,0.10903826355934143
0.22043582797050476,0.3670923709869385,-0.14665654301643372
0.36963123083114624,0.3065164089202881,0.06311482191085815
0.27371692657470703,0.3005702495574951,-0.026853322982788086
0.06575453281402588,0.20067238807678223,-0.13491785526275635
0.5563240051269531,0.3148472309112549,0.24147677421569824
0.2215747982263565,0.24186396598815918,-0.020289167761802673
0.2835131585597992,0.29463934898376465,-0.011126190423965454
0.5589938163757324,0.33260655403137207,0.22638726234436035
0.215467169880867,0.2642362117767334,-0.048769041895866394
0.05601054057478905,0.25159144401550293,-0.19558090344071388
0.05547240003943443,0.24872660636901855,-0.19325420632958412
0.17176289856433868,0.3616950511932373,-0.18993215262889862
0.21083290874958038,0.21431899070739746,-0.0034860819578170776
0.12059256434440613,0.30924201011657715,-0.18864944577217102
0.02849225513637066,0.17002367973327637,-0.1415314245969057
0.04633446782827377,0.32010674476623535,-0.2737722769379616
0.18502308428287506,0.35292649269104004,-0.16790340840816498
0.13416101038455963,0.22932028770446777,-0.09515927731990814
0.5063762664794922,0.30399298667907715,0.20238327980041504
0.6050752997398376,0.33957362174987793,0.2655016779899597
0.577687680721283,0.3199160099029541,0.25777167081832886
0.30515891313552856,0.23741888999938965,0.06774002313613892
0.17715473473072052,0.30925536155700684,-0.13210062682628632
0.33925506472587585,0.343766450881958,-0.004511386156082153
0.6625988483428955,0.3572537899017334,0.3053450584411621
0.5900805592536926,0.34973597526550293,0.2403445839881897
0.3588632047176361,0.267139196395874,0.09172400832176208
0.08208159357309341,0.22906184196472168,-0.14698024839162827
0.4123898446559906,0.21956562995910645,0.19282421469688416
0.07410354167222977,0.22499442100524902,-0.15089087933301926
0.4049394726753235,0.2754490375518799,0.1294904351234436
0.2977398931980133,0.2248222827911377,0.07291761040687561
0.09941179305315018,0.29497790336608887,-0.1955661103129387
0.4209112823009491,0.2084825038909912,0.21242877840995789
0.030033528804779053,0.14917492866516113,-0.11914139986038208
0.25819966197013855,0.2746717929840088,-0.01647213101387024
0.5381526350975037,0.3031957149505615,0.23495692014694214
0.4324682354927063,0.3233649730682373,0.109103262424469
0.2946573495864868,0.2740495204925537,0.020607829093933105
0.3408590257167816,0.24260926246643066,0.09824976325035095
0.3197910189628601,0.21983981132507324,0.09995120763778687
0.8610658049583435,0.24526762962341309,0.6157981753349304
0.2379205822944641,0.21368002891540527,0.024240553379058838
0.42607104778289795,0.32667994499206543,0.09939110279083252
0.12827585637569427,0.26041102409362793,-0.13213516771793365
0.054284222424030304,0.3017094135284424,-0.24742519110441208
0.48256009817123413,0.283613920211792,0.19894617795944214
0.25113898515701294,0.198563814163208,0.05257517099380493
0.06828631460666656,0.2914278507232666,-0.22314153611660004
0.44705328345298767,0.2657754421234131,0.18127784132957458
0.3111598789691925,0.23784089088439941,0.07331898808479309
0.08592476695775986,0.22247576713562012,-0.13655100017786026
0.09650992602109909,0.20626235008239746,-0.10975242406129837
0.5381922721862793,0.200880765914917,0.3373115062713623
0.032445140182971954,0.2863948345184326,-0.25394969433546066
0.47620689868927,0.29937243461608887,0.17683446407318115
0.554858922958374,0.2503540515899658,0.3045048713684082
0.1555381417274475,0.356456995010376,-0.20091885328292847
0.22016718983650208,0.34026503562927246,-0.12009784579277039
0.35357367992401123,0.25888705253601074,0.09468662738800049
0.3506792187690735,0.340193510055542,0.010485708713531494
0.24526645243167877,0.25328755378723145,-0.008021101355552673
0.48153606057167053,0.2783548831939697,0.2031811773777008
0.013855799101293087,0.20175814628601074,-0.18790234718471766
0.25478577613830566,0.34449028968811035,-0.08970451354980469
0.5212225914001465,0.2285606861114502,0.2926619052886963
0.060386624187231064,0.1888282299041748,-0.12844160571694374
0.036029256880283356,0.202040433883667,-0.16601117700338364
0.3785475492477417,0.2330930233001709,0.1454545259475708
0.07692790031433105,0.35201144218444824,-0.2750835418701172
0.24138976633548737,0.19156956672668457,0.049820199608802795
0.1260501593351364,0.2406013011932373,-0.11455114185810089
0.17415882647037506,0.24779009819030762,-0.07363127171993256
0.2513270676136017,0.24474024772644043,0.006586819887161255
0.24961337447166443,0.2603132724761963,-0.01069989800453186
0.1583176553249359,0.37955403327941895,-0.22123637795448303
0.02723092958331108,0.19649481773376465,-0.16926388815045357
0.14386625587940216,0.22876763343811035,-0.08490137755870819
0.12959247827529907,0.2886359691619873,-0.15904349088668823
0.2720271646976471,0.17969679832458496,0.09233036637306213
0.4178265333175659,0.3186070919036865,0.0992194414138794
0.7721211910247803,0.18782401084899902,0.5842971801757812
0.0965726226568222,0.2054603099822998,-0.1088876873254776
0.17850574851036072,0.29035067558288574,-0.11184492707252502
0.08484848588705063,0.1948530673980713,-0.11000458151102066
0.49287354946136475,0.29256176948547363,0.2003117799758911
0.47301986813545227,0.23750662803649902,0.23551324009895325
0.03699059411883354,0.23502564430236816,-0.19803505018353462
0.17506791651248932,0.1742875576019287,0.0007803589105606079
0.462894469499588,0.20735621452331543,0.2555382549762726
0.1536468118429184,0.1920936107635498,-0.03844679892063141
0.11490073055028915,0.22331976890563965,-0.1084190383553505
0.08454545587301254,0.24362778663635254,-0.15908233076334
0.06817136704921722,0.2826712131500244,-0.2144998461008072
0.2561546564102173,0.20404362678527832,0.052111029624938965
0.3887878656387329,0.26921629905700684,0.11957156658172607
0.27672937512397766,0.2541310787200928,0.022598296403884888
0.3705642521381378,0.3452126979827881,0.02535155415534973
0.4597596526145935,0.2514307498931885,0.20832890272140503
0.5313270688056946,0.3185384273529053,0.2127886414527893
0.45752352476119995,0.1925971508026123,0.26492637395858765
0.5140438675880432,0.33769726753234863,0.17634660005569458
0.08800417929887772,0.23790764808654785,-0.14990346878767014
0.29379311203956604,0.22920870780944824,0.0645844042301178
0.888505756855011,0.32990145683288574,0.5586043000221252
0.5807628035545349,0.25288939476013184,0.3278734087944031
0.20350052416324615,0.32428669929504395,-0.12078617513179779
0.25991639494895935,0.24061894416809082,0.01929745078086853
0.06246604025363922,0.20985054969787598,-0.14738450944423676
0.014294670894742012,0.18646454811096191,-0.1721698772162199
0.004179728217422962,0.17562317848205566,-0.1714434502646327
0.16341692209243774,0.267289400100708,-0.10387247800827026
0.050114940851926804,0.29221129417419434,-0.24209635332226753
0.30169278383255005,0.3036234378814697,-0.0019306540489196777
0.13591431081295013,0.2386329174041748,-0.10271860659122467
0.4494566321372986,0.3165457248687744,0.13291090726852417
0.02020898647606373,0.19952750205993652,-0.1793185155838728
0.10746081173419952,0.24934697151184082,-0.1418861597776413
0.539864182472229,0.25032830238342285,0.28953588008880615
0.44434690475463867,0.20383048057556152,0.24051642417907715
0.6236363649368286,0.24548840522766113,0.3781479597091675
0.265381395816803,0.3073723316192627,-0.04199093580245972
0.6868129372596741,0.29376959800720215,0.3930433392524719
0.5442319512367249,0.20353150367736816,0.3407004475593567
0.7403134703636169,0.2722494602203369,0.46806401014328003
0.63170325756073,0.2520482540130615,0.37965500354766846
0.04641588404774666,0.21122050285339355,-0.1648046188056469
0.2321525663137436,0.2129509449005127,0.019201621413230896
0.13643677532672882,0.2548787593841553,-0.11844198405742645
0.24218390882015228,0.2505676746368408,-0.008383765816688538
0.1355067938566208,0.2940685749053955,-0.15856178104877472
0.5489864349365234,0.31095433235168457,0.23803210258483887
0.43381398916244507,0.35195136070251465,0.08186262845993042
0.20653082430362701,0.22231030464172363,-0.01577948033809662
0.27821317315101624,0.294144868850708,-0.015931695699691772
0.05160919576883316,0.19091153144836426,-0.1393023356795311
0.6707001328468323,0.2371060848236084,0.4335940480232239
0.018631139770150185,0.17794203758239746,-0.15931089781224728
0.4427899718284607,0.24415183067321777,0.19863814115524292
0.2651306092739105,0.23212075233459473,0.033009856939315796
0.540501594543457,0.2456071376800537,0.2948944568634033
0.3426332175731659,0.2670629024505615,0.07557031512260437
0.36489027738571167,0.26096510887145996,0.10392516851425171
0.08050156384706497,0.22170662879943848,-0.1412050649523735
0.0710449293255806,0.24866795539855957,-0.17762302607297897
0.0760188102722168,0.17102265357971191,-0.09500384330749512
0.5031765699386597,0.3120138645172119,0.19116270542144775
0.133092999458313,0.2868649959564209,-0.1537719964981079
0.7075026035308838,0.3236696720123291,0.3838329315185547
0.3121107518672943,0.21161913871765137,0.10049161314964294
0.49507835507392883,0.30295491218566895,0.1921234428882599
0.5967398285865784,0.32013916969299316,0.2766006588935852
0.08752351254224777,0.25864148139953613,-0.17111796885728836
0.1913897544145584,0.24504828453063965,-0.05365853011608124
0.058066874742507935,0.24756932258605957,-0.18950244784355164
0.12121212482452393,0.23595499992370605,-0.11474287509918213
0.21677115559577942,0.266066312789917,-0.04929515719413757
0.056938350200653076,0.19416260719299316,-0.1372242569923401
0.3358098268508911,0.2415478229522705,0.0942620038986206
0.48804599046707153,0.35735630989074707,0.13068968057632446
0.772016704082489,0.3487379550933838,0.4232787489891052
0.19515150785446167,0.2618825435638428,-0.0667310357093811
0.1030825525522232,0.18396258354187012,-0.08088003098964691
0.6303343772888184,0.2560231685638428,0.3743112087249756
0.08982235938310623,0.20251774787902832,-0.11269538849592209
0.2735423147678375,0.3397791385650635,-0.06623682379722595
0.2268861085176468,0.25344061851501465,-0.02655450999736786
0.3196447193622589,0.31957268714904785,7.203221321105957e-05
0.352152556180954,0.33190083503723145,0.020251721143722534
0.027972832322120667,0.18993353843688965,-0.16196070611476898
0.36124345660209656,0.3393881320953369,0.021855324506759644
0.3040856719017029,0.2169020175933838,0.08718365430831909
0.138652041554451,0.2939298152923584,-0.1552777737379074
0.4317450225353241,0.26726508140563965,0.16447994112968445
0.44866248965263367,0.3128468990325928,0.1358155906200409
0.3524138033390045,0.340317964553833,0.012095838785171509
0.26182863116264343,0.28105759620666504,-0.019228965044021606
0.4339916408061981,0.26572585105895996,0.16826578974723816
0.2657993733882904,0.23676609992980957,0.029033273458480835
0.1761128455400467,0.3328888416290283,-0.15677599608898163
0.41436782479286194,0.30968213081359863,0.1046856939792633
0.10318703949451447,0.25125622749328613,-0.14806918799877167
0.1327272653579712,0.34731030464172363,-0.21458303928375244
0.2800627052783966,0.22674870491027832,0.053314000368118286
0.5704492926597595,0.2763960361480713,0.29405325651168823
0.13838034868240356,0.27359986305236816,-0.1352195143699646
0.37792059779167175,0.26459813117980957,0.11332246661186218
0.6960919499397278,0.23114323616027832,0.46494871377944946
0.0014420063234865665,0.22448325157165527,-0.2230412452481687
0.31572622060775757,0.2478625774383545,0.06786364316940308
0.16668756306171417,0.2799408435821533,-0.11325328052043915
0.1251097172498703,0.3603527545928955,-0.2352430373430252
0.32525601983070374,0.2586696147918701,0.06658640503883362
0.13707418739795685,0.23790431022644043,-0.10083012282848358
0.18143156170845032,0.2469027042388916,-0.06547114253044128
0.39198535680770874,0.25623536109924316,0.13574999570846558
0.0787983313202858,0.1937558650970459,-0.1149575337767601
0.07152560353279114,0.25640034675598145,-0.1848747432231903
0.5617032647132874,0.18183159828186035,0.379871666431427
0.47751307487487793,0.2825028896331787,0.19501018524169922
0.4780355393886566,0.31207823753356934,0.16595730185508728
0.7074817419052124,0.16331934928894043,0.544162392616272
0.7345036864280701,0.2981693744659424,0.4363343119621277
0.2954963445663452,0.29238247871398926,0.003113865852355957
0.40777429938316345,0.2402794361114502,0.16749486327171326
0.06942528486251831,0.21671509742736816,-0.14728981256484985
0.4853500425815582,0.2787134647369385,0.20663657784461975
0.21901775896549225,0.264019250869751,-0.04500149190425873
0.5946186184883118,0.28386616706848145,0.3107524514198303
0.4071682393550873,0.27036118507385254,0.13680705428123474
0.5749843120574951,0.19100356101989746,0.38398075103759766
0.4670114815235138,0.20571684837341309,0.2612946331501007
0.08285266160964966,0.23718762397766113,-0.15433496236801147
0.13256008923053741,0.23975920677185059,-0.10719911754131317
0.015485893003642559,0.23900151252746582,-0.22351561952382326
0.21520376205444336,0.21885323524475098,-0.003649473190307617
0.18160919845104218,0.2693626880645752,-0.08775348961353302
0.6169697046279907,0.31853795051574707,0.29843175411224365
0.42695924639701843,0.30413365364074707,0.12282559275627136
0.0005538139957934618,0.20343470573425293,-0.20288089173845947
0.17938348650932312,0.24966168403625488,-0.07027819752693176
0.05660397186875343,0.2527620792388916,-0.19615810737013817
0.6082236170768738,0.2446000576019287,0.36362355947494507
0.374973863363266,0.35819506645202637,0.016778796911239624
0.1160397082567215,0.24723219871520996,-0.13119249045848846
0.33879831433296204,0.24355816841125488,0.09524014592170715
0.12318704277276993,0.19713234901428223,-0.0739453062415123
0.1334482729434967,0.32611680030822754,-0.19266852736473083
0.15673981606960297,0.20788073539733887,-0.0511409193277359
0.19862069189548492,0.26021361351013184,-0.06159292161464691
0.18223614990711212,0.25927138328552246,-0.07703523337841034
0.21187043190002441,0.24893689155578613,-0.03706645965576172
0.30870428681373596,0.2823035717010498,0.026400715112686157
0.39256009459495544,0.2509195804595947,0.14164051413536072
0.215109720826149,0.2186591625213623,-0.003549441695213318
0.43300941586494446,0.22045350074768066,0.2125559151172638
0.2299477607011795,0.2484443187713623,-0.0184965580701828
0.011682340875267982,0.21531462669372559,-0.2036322858184576
0.6411494016647339,0.3600614070892334,0.2810879945755005
0.09563218057155609,0.17989039421081543,-0.08425821363925934
0.15352141857147217,0.3057262897491455,-0.15220487117767334
0.21329154074192047,0.2868659496307373,-0.07357440888881683
0.11253918707370758,0.20211338996887207,-0.08957420289516449
0.2653605043888092,0.284989595413208,-0.019629091024398804
0.04878787696361542,0.2648460865020752,-0.21605820953845978
0.5934587121009827,0.2782576084136963,0.3152011036872864
0.582675039768219,0.2594168186187744,0.3232582211494446
0.371170312166214,0.25370335578918457,0.11746695637702942
0.6185789108276367,0.3980562686920166,0.22052264213562012
0.43718913197517395,0.21819710731506348,0.21899202466011047
0.0954023003578186,0.24312710762023926,-0.14772480726242065
0.2297283113002777,0.22182106971740723,0.007907241582870483
0.39081504940986633,0.2946012020111084,0.09621384739875793
0.433218389749527,0.248884916305542,0.18433347344398499
0.09820272028446198,0.1876509189605713,-0.08944819867610931
0.5872518420219421,0.2897646427154541,0.29748719930648804
0.43812957406044006,0.28249239921569824,0.15563717484474182
0.2494879812002182,0.23173928260803223,0.017748698592185974
0.438119113445282,0.17719197273254395,0.26092714071273804
0.5530198812484741,0.1976635456085205,0.3553563356399536
0.24782654643058777,0.27126526832580566,-0.023438721895217896
0.5658202767372131,0.25400757789611816,0.31181269884109497
0.3911285400390625,0.3432028293609619,0.047925710678100586
0.06576802581548691,0.2968127727508545,-0.23104474693536758
0.5629571676254272,0.30687975883483887,0.2560774087905884
0.26296761631965637,0.21760296821594238,0.04536464810371399
0.00015673981397412717,0.2214195728302002,-0.22126283301622607
0.2846603989601135,0.20217251777648926,0.08248788118362427
0.24864159524440765,0.26319336891174316,-0.01455177366733551
0.015266457572579384,0.21220660209655762,-0.19694014452397823
0.21783699095249176,0.32904839515686035,-0.11121140420436859
0.1678265482187271,0.23809361457824707,-0.07026706635951996
0.04121212288737297,0.21351933479309082,-0.17230721190571785
0.2900731563568115,0.23572278022766113,0.05435037612915039
0.2431974858045578,0.2502448558807373,-0.007047370076179504
0.08284221589565277,0.3041403293609619,-0.22129811346530914
0.5433019995689392,0.34505248069763184,0.19824951887130737
0.22852665185928345,0.21030926704406738,0.018217384815216064
0.11884012818336487,0.23510336875915527,-0.1162632405757904
0.4216196537017822,0.3566930294036865,0.0649266242980957
0.8311807513237,0.2676069736480713,0.5635737776756287
0.025172414258122444,0.24782443046569824,-0.2226520162075758
0.2816614508628845,0.2405693531036377,0.041092097759246826
0.10866248607635498,0.20136380195617676,-0.09270131587982178
0.49945664405822754,0.24873805046081543,0.2507185935974121
0.03729362413287163,0.22824597358703613,-0.1909523494541645
0.21280041337013245,0.2807309627532959,-0.06793054938316345
0.19143155217170715,0.21158337593078613,-0.02015182375907898
0.010459770448505878,0.15043234825134277,-0.1399725778028369
0.058014627546072006,0.23430895805358887,-0.17629433050751686
0.16579937934875488,0.2898085117340088,-0.1240091323852539
0.6088087558746338,0.26833462715148926,0.34047412872314453
0.06175548583269119,0.21798110008239746,-0.15622561424970627
0.11724138259887695,0.20184779167175293,-0.08460640907287598
0.16158829629421234,0.2228868007659912,-0.06129850447177887
0.2892058491706848,0.26760411262512207,0.021601736545562744
0.19225704669952393,0.20776867866516113,-0.015511631965637207
0.40500521659851074,0.23168540000915527,0.17331981658935547
0.05876697972416878,0.21544623374938965,-0.15667925402522087
0.23366771638393402,0.350203275680542,-0.11653555929660797
0.30159875750541687,0.21254420280456543,0.08905455470085144
0.6350574493408203,0.2525827884674072,0.3824746608734131
0.06118077412247658,0.18255305290222168,-0.1213722787797451
0.08902820944786072,0.19091010093688965,-0.10188189148902893
0.10518286377191544,0.22594952583312988,-0.12076666206121445
0.013636363670229912,0.2047126293182373,-0.1910762656480074
0.16319748759269714,0.35473132133483887,-0.19153383374214172
0.8410031199455261,0.23641610145568848,0.6045870184898376
0.02774294652044773,0.23463702201843262,-0.2068940754979849
0.459676057100296,0.2586510181427002,0.20102503895759583
0.2901671826839447,0.2953617572784424,-0.005194574594497681
0.20897597074508667,0.26296067237854004,-0.05398470163345337
0.03313479572534561,0.2944519519805908,-0.2613171562552452
0.24536050856113434,0.26851534843444824,-0.023154839873313904
0.42198535799980164,0.3304288387298584,0.09155651926994324
0.7329153418540955,0.3235046863555908,0.40941065549850464
0.0730929970741272,0.17739653587341309,-0.10430353879928589
0.27110761404037476,0.21830391883850098,0.05280369520187378
0.2526959180831909,0.27370238304138184,-0.021006464958190918
0.5057366490364075,0.247208833694458,0.25852781534194946
0.37615466117858887,0.24175429344177246,0.1344003677368164
0.16208986937999725,0.23944449424743652,-0.07735462486743927
0.6577116250991821,0.2645761966705322,0.3931354284286499
0.04853709414601326,0.23387932777404785,-0.1853422336280346
0.14452455937862396,0.267747163772583,-0.12322260439395905
0.21901775896549225,0.2724320888519287,-0.05341432988643646
0.41925808787345886,0.18671250343322754,0.23254558444023132
0.6294670701026917,0.39716267585754395,0.2323043942451477
0.2475757598876953,0.28331542015075684,-0.03573966026306152
0.1804911196231842,0.28953099250793457,-0.10903987288475037
0.7140334248542786,0.3127706050872803,0.4012628197669983
0.6983489990234375,0.3419811725616455,0.356367826461792
0.16378265619277954,0.31503987312316895,-0.1512572169303894
0.008014628663659096,0.23217082023620605,-0.22415619157254696
0.19859978556632996,0.24617505073547363,-0.04757526516914368
0.07079415023326874,0.236283540725708,-0.16548939049243927
0.1682758629322052,0.2641141414642334,-0.0958382785320282
0.20987461507320404,0.2892744541168213,-0.07939983904361725
0.008328109048306942,0.2686150074005127,-0.26028689835220575
0.22501567006111145,0.19427180290222168,0.03074386715888977
0.39146289229393005,0.29103541374206543,0.10042747855186462
0.011316614225506783,0.323899507522583,-0.3125828932970762
0.005506792105734348,0.18119359016418457,-0.17568679805845022
0.6565203666687012,0.3354361057281494,0.32108426094055176
0.23824451863765717,0.23675084114074707,0.0014936774969100952
0.06096133589744568,0.22058606147766113,-0.15962472558021545
0.15733543038368225,0.3074805736541748,-0.15014514327049255
0.04464994743466377,0.2793099880218506,-0.2346600405871868
0.033542320132255554,0.21967625617980957,-0.18613393604755402
0.47809821367263794,0.33291077613830566,0.14518743753433228
0.3715256154537201,0.2731316089630127,0.0983940064907074
0.005924765020608902,0.14963841438293457,-0.14371364936232567
0.17006269097328186,0.2290036678314209,-0.05894097685813904
0.046353187412023544,0.1777651309967041,-0.13141194358468056
0.12958203256130219,0.20042681694030762,-0.07084478437900543
0.42012539505958557,0.331585168838501,0.0885402262210846
0.5803866386413574,0.35819554328918457,0.22219109535217285
0.1484535038471222,0.23950409889221191,-0.09105059504508972
0.014242424629628658,0.1972334384918213,-0.18299101386219263
0.22137930989265442,0.1842496395111084,0.03712967038154602
0.058892372995615005,0.20566821098327637,-0.14677583798766136
0.6018913388252258,0.27600693702697754,0.3258844017982483
0.5857262015342712,0.3140590190887451,0.2716671824455261
0.17921629548072815,0.21957182884216309,-0.040355533361434937
0.49045976996421814,0.3145296573638916,0.17593011260032654
0.12067920714616776,0.1754457950592041,-0.054766587913036346
0.2838871479034424,0.20092272758483887,0.08296442031860352
0.5160815119743347,0.32306742668151855,0.19301408529281616
0.5887669920921326,0.2815725803375244,0.30719441175460815
0.5059247612953186,0.24898695945739746,0.25693780183792114
0.2569279074668884,0.2118217945098877,0.04510611295700073
0.23592476546764374,0.2747952938079834,-0.03887052834033966
0.6988087892532349,0.37261319160461426,0.3261955976486206
0.4564785659313202,0.30742335319519043,0.14905521273612976
0.742392897605896,0.22171235084533691,0.5206805467605591
0.1456008404493332,0.22758746147155762,-0.08198662102222443
0.4065099358558655,0.3038151264190674,0.1026948094367981
0.6335422992706299,0.2548191547393799,0.37872314453125
0.13523511588573456,0.2659146785736084,-0.13067956268787384
0.015987461432814598,0.20833563804626465,-0.19234817661345005
0.0386311374604702,0.20328402519226074,-0.16465288773179054
0.2521421015262604,0.2683093547821045,-0.016167253255844116
0.5327063798904419,0.31156039237976074,0.22114598751068115
0.2080041766166687,0.19536089897155762,0.012643277645111084
0.10612329840660095,0.24630045890808105,-0.1401771605014801
0.45862069725990295,0.27211642265319824,0.1865042746067047
0.13867293298244476,0.2968590259552002,-0.15818609297275543
0.24387669563293457,0.22375798225402832,0.02011871337890625
0.2632392942905426,0.2609727382659912,0.0022665560245513916
0.502079427242279,0.25415778160095215,0.2479216456413269
0.11256008595228195,0.20503687858581543,-0.09247679263353348
0.053772203624248505,0.2853219509124756,-0.23154974728822708
0.4229780435562134,0.22196555137634277,0.2010124921798706
0.1514524519443512,0.34627556800842285,-0.19482311606407166
0.07123301923274994,0.20671629905700684,-0.1354832798242569
0.008808777667582035,0.157578706741333,-0.14876992907375097
0.21073144674301147,0.209425687789917,0.0013057589530944824
0.461159884929657,0.2042553424835205,0.2569045424461365
0.17637409269809723,0.21934914588928223,-0.042975053191185
0.10753396153450012,0.23185467720031738,-0.12432071566581726
0.28755486011505127,0.3108241558074951,-0.023269295692443848
0.0974503681063652,0.2739264965057373,-0.1764761283993721
0.04422152414917946,0.20814061164855957,-0.1639190874993801
0.5144409537315369,0.22559857368469238,0.2888423800468445
0.29277950525283813,0.21165108680725098,0.08112841844558716
0.11078369617462158,0.18559813499450684,-0.07481443881988525
0.024587251245975494,0.16751933097839355,-0.14293207973241806
0.3759038746356964,0.14353632926940918,0.23236754536628723
0.02003134787082672,0.2210390567779541,-0.20100770890712738
0.06934168934822083,0.19908785820007324,-0.12974616885185242
0.46932080388069153,0.23845791816711426,0.23086288571357727
0.11175548285245895,0.22934412956237793,-0.11758864670991898
0.09743991494178772,0.2770869731903076,-0.1796470582485199
0.14966562390327454,0.2878572940826416,-0.13819167017936707
0.16925810277462006,0.28983187675476074,-0.12057377398014069
0.6887878775596619,0.23003363609313965,0.4587542414665222
0.060825496912002563,0.3076164722442627,-0.24679097533226013
0.5982758402824402,0.27420496940612793,0.32407087087631226
0.6995924711227417,0.3563201427459717,0.34327232837677
0.39220482110977173,0.26325345039367676,0.12895137071609497
0.16844305396080017,0.2060863971710205,-0.03764334321022034
0.22100313007831573,0.305680513381958,-0.08467738330364227
0.0366562157869339,0.19350218772888184,-0.15684597194194794
0.0053500523790717125,0.21845555305480957,-0.21310550067573786
0.05708463862538338,0.2718923091888428,-0.2148076705634594
0.18549634516239166,0.20357966423034668,-0.018083319067955017
0.15742947161197662,0.21790671348571777,-0.06047724187374115
0.016948798671364784,0.2571122646331787,-0.24016346596181393
0.1384952962398529,0.239516019821167,-0.10102072358131409
0.24908046424388885,0.2696044445037842,-0.020523980259895325
0.2945350110530853,0.16717839241027832,0.127356618642807
0.20738767087459564,0.2233293056488037,-0.01594163477420807
0.07709509134292603,0.3142087459564209,-0.23711365461349487
0.27045977115631104,0.26964497566223145,0.0008147954940795898
0.059623826295137405,0.30697178840637207,-0.24734796211123466
0.5430616736412048,0.261181116104126,0.28188055753707886
0.531619668006897,0.30042243003845215,0.23119723796844482
0.5014106631278992,0.2288963794708252,0.272514283657074
0.09743991494178772,0.36477160453796387,-0.26733168959617615
0.3508986532688141,0.23665261268615723,0.11424604058265686
0.059770114719867706,0.20930790901184082,-0.14953779429197311
0.07140021026134491,0.2562429904937744,-0.1848427802324295
0.03587251901626587,0.18701958656311035,-0.15114706754684448
0.5869696736335754,0.3581821918487549,0.22878748178482056
0.22810867428779602,0.22431540489196777,0.003793269395828247
0.3280564248561859,0.2077171802520752,0.12033924460411072
0.4969383478164673,0.23152613639831543,0.26541221141815186
0.8008150458335876,0.2476060390472412,0.5532090067863464
0.2118913233280182,0.2704946994781494,-0.058603376150131226
0.5553709268569946,0.35971665382385254,0.1956542730331421
0.2689550817012787,0.2285020351409912,0.040453046560287476
0.40551725029945374,0.2608325481414795,0.14468470215797424
0.009184952825307846,0.17668414115905762,-0.16749918833374977
0.11664576828479767,0.28304505348205566,-0.166399285197258
0.08723092824220657,0.18774914741516113,-0.10051821917295456
0.4527586102485657,0.2874753475189209,0.16528326272964478
0.35252872109413147,0.22636961936950684,0.12615910172462463
0.4082654118537903,0.29998183250427246,0.10828357934951782
0.42130616307258606,0.36135268211364746,0.0599534809589386
0.37822362780570984,0.28461623191833496,0.09360739588737488
0.3122048079967499,0.2300879955291748,0.08211681246757507
0.30124348402023315,0.3291137218475342,-0.027870237827301025
0.2524033486843109,0.21561980247497559,0.03678354620933533
0.03999999910593033,0.2612030506134033,-0.221203051507473
0.38340649008750916,0.20959258079528809,0.17381390929222107
0.23340648412704468,0.21851515769958496,0.014891326427459717
0.2229362577199936,0.24665570259094238,-0.02371944487094879
0.04567398130893707,0.24150395393371582,-0.19582997262477875
0.09577847272157669,0.2037961483001709,-0.10801767557859421
0.6674190163612366,0.28967928886413574,0.37773972749710083
0.17782653868198395,0.20537495613098145,-0.027548417448997498
0.02357366681098938,0.2646143436431885,-0.2410406768321991
0.2592894434928894,0.22789359092712402,0.03139585256576538
0.07430511713027954,0.2789456844329834,-0.20464056730270386
0.5965830683708191,0.27013325691223145,0.32644981145858765
0.06249738857150078,0.2495419979095459,-0.18704460933804512
0.18140020966529846,0.2648446559906006,-0.08344444632530212
0.09519331157207489,0.27658677101135254,-0.18139345943927765
0.07580982148647308,0.23703503608703613,-0.16122521460056305
0.08955068141222,0.25883936882019043,-0.16928868740797043
0.4342110753059387,0.28150486946105957,0.15270620584487915
0.3347857892513275,0.17458510398864746,0.16020068526268005
0.1098223626613617,0.1704251766204834,-0.060602813959121704
0.48649948835372925,0.24959635734558105,0.2369031310081482
0.24820271134376526,0.2998387813568115,-0.051636070013046265
0.5032706260681152,0.34047389030456543,0.1627967357635498
0.26137930154800415,0.3725121021270752,-0.11113280057907104
0.13357366621494293,0.2628047466278076,-0.12923108041286469
0.08249738812446594,0.194260835647583,-0.11176344752311707
0.11461859941482544,0.24700140953063965,-0.1323828101158142
0.13848485052585602,0.24917387962341309,-0.11068902909755707
0.3266039788722992,0.2021777629852295,0.1244262158870697
0.39672935009002686,0.32518458366394043,0.07154476642608643
0.24205851554870605,0.2920358180999756,-0.04997730255126953
0.11637408286333084,0.24807476997375488,-0.13170068711042404
0.3189028203487396,0.1939551830291748,0.12494763731956482
0.3726332187652588,0.25124430656433105,0.12138891220092773
0.24793103337287903,0.23604750633239746,0.011883527040481567
0.61771160364151,0.2932560443878174,0.3244555592536926
0.09857889264822006,0.1953580379486084,-0.09677914530038834
0.2336154580116272,0.3304154872894287,-0.09680002927780151
0.021473353728652,0.32251811027526855,-0.30104475654661655
0.23619644343852997,0.19817042350769043,0.03802601993083954
0.28288400173187256,0.269547700881958,0.01333630084991455
0.6819958090782166,0.30465197563171387,0.3773438334465027
0.6190699934959412,0.33309340476989746,0.2859765887260437
0.029362590983510017,0.16170191764831543,-0.1323393266648054
0.40646812319755554,0.20236849784851074,0.2040996253490448
0.039278995245695114,0.2925598621368408,-0.2532808668911457
0.3167084753513336,0.2672245502471924,0.049483925104141235
0.6094043850898743,0.29289698600769043,0.31650739908218384
0.5484848618507385,0.26790595054626465,0.2805789113044739
0.5495924949645996,0.22065472602844238,0.3289377689361572
0.32342737913131714,0.2471635341644287,0.07626384496688843
0.18924765288829803,0.2918541431427002,-0.10260649025440216
0.10709509253501892,0.23567843437194824,-0.12858334183692932
0.31647858023643494,0.30047059059143066,0.016007989645004272
0.3988923728466034,0.24767661094665527,0.15121576189994812
0.22176593542099,0.23833823204040527,-0.016572296619415283
0.02366771176457405,0.1608121395111084,-0.13714442774653435
0.17388714849948883,0.24393534660339355,-0.07004819810390472
0.5719226598739624,0.3102538585662842,0.2616688013076782
0.09466039389371872,0.2689783573150635,-0.17431796342134476
0.4308463931083679,0.2634265422821045,0.16741985082626343
0.19846394658088684,0.20035147666931152,-0.0018875300884246826
0.25897595286369324,0.2964813709259033,-0.03750541806221008
0.03132706508040428,0.21992993354797363,-0.18860286846756935
0.19727273285388947,0.26012110710144043,-0.06284837424755096
0.3046499490737915,0.21718144416809082,0.08746850490570068
0.1666039675474167,0.3172624111175537,-0.15065844357013702
0.15556949377059937,0.2513444423675537,-0.09577494859695435
0.12699060142040253,0.3054063320159912,-0.17841573059558868
0.18249738216400146,0.2757580280303955,-0.09326064586639404
0.45576801896095276,0.2353813648223877,0.22038665413856506
0.05678160861134529,0.2074878215789795,-0.1507062129676342
0.1916196495294571,0.21129822731018066,-0.019678577780723572
0.29584115743637085,0.23105263710021973,0.06478852033615112
0.4475443959236145,0.30950284004211426,0.13804155588150024
0.2241797298192978,0.2748878002166748,-0.050708070397377014
0.6960501670837402,0.2751142978668213,0.42093586921691895
0.46965518593788147,0.239851713180542,0.22980347275733948
0.2669592499732971,0.2668769359588623,8.231401443481445e-05
0.22495298087596893,0.25017619132995605,-0.02522321045398712
0.06198536977171898,0.18013501167297363,-0.11814964190125465
0.013740857131779194,0.23976683616638184,-0.22602597903460264
0.07297805696725845,0.31148600578308105,-0.2385079488158226
0.01661442033946514,0.24661564826965332,-0.23000122793018818
0.012622779235243797,0.21383881568908691,-0.20121603645384312
0.03866248577833176,0.2672450542449951,-0.22858256846666336
0.283134788274765,0.20121169090270996,0.08192309737205505
0.20804597437381744,0.19315743446350098,0.014888539910316467
0.08714733272790909,0.2553861141204834,-0.1682387813925743
0.17543365061283112,0.22743678092956543,-0.052003130316734314
0.04445141181349754,0.23850607872009277,-0.19405466690659523
0.37463951110839844,0.2343909740447998,0.14024853706359863
0.09303030371665955,0.2017199993133545,-0.10868969559669495
0.19708463549613953,0.2543933391571045,-0.057308703660964966
0.40873563289642334,0.25001978874206543,0.1587158441543579
0.37718912959098816,0.24128079414367676,0.1359083354473114
0.3365726172924042,0.3286397457122803,0.007932871580123901
0.10215256363153458,0.25183987617492676,-0.14968731254339218
0.08075235038995743,0.19993805885314941,-0.11918570846319199
0.10817136615514755,0.21802306175231934,-0.10985169559717178
0.38574713468551636,0.27300524711608887,0.11274188756942749
0.03818181902170181,0.17973065376281738,-0.14154883474111557
0.5258620977401733,0.3205587863922119,0.20530331134796143
0.09593521058559418,0.17429137229919434,-0.07835616171360016
0.6218181848526001,0.2597310543060303,0.3620871305465698
0.24394984543323517,0.3108036518096924,-0.06685380637645721
0.4064994752407074,0.2669084072113037,0.1395910680294037
0.15555903315544128,0.2132399082183838,-0.057680875062942505
0.2975444197654724,0.20825552940368652,0.08928889036178589
0.5026123523712158,0.31646275520324707,0.18614959716796875
0.03625914454460144,0.27753520011901855,-0.24127605557441711
0.37295717000961304,0.27179932594299316,0.10115784406661987
0.26803553104400635,0.2714540958404541,-0.003418564796447754
0.29863113164901733,0.24609684944152832,0.052534282207489014
0.3327272832393646,0.2484419345855713,0.08428534865379333
0.1904701590538025,0.2615358829498291,-0.07106572389602661
0.3319605588912964,0.2779099941253662,0.054050564765930176
0.04256144165992737,0.1696779727935791,-0.12711653113365173
0.48201584815979004,0.25136637687683105,0.23064947128295898
0.3154468238353729,0.22399115562438965,0.09145566821098328
0.20013172924518585,0.23612475395202637,-0.035993024706840515
0.23952758312225342,0.3284928798675537,-0.08896529674530029
0.3518174886703491,0.27282214164733887,0.07899534702301025
0.21870426833629608,0.24111533164978027,-0.022411063313484192
0.06309811770915985,0.2412722110748291,-0.17817409336566925
0.21359479427337646,0.2597658634185791,-0.04617106914520264
0.2560151219367981,0.35080647468566895,-0.09479135274887085
0.28026100993156433,0.239152193069458,0.04110881686210632
0.31329435110092163,0.25910067558288574,0.05419367551803589
0.18392382562160492,0.308849573135376,-0.12492574751377106
0.23661960661411285,0.27142786979675293,-0.034808263182640076
0.37384870648384094,0.3698403835296631,0.0040083229541778564
0.18012984097003937,0.3075697422027588,-0.12743990123271942
0.15521761775016785,0.2879650592803955,-0.13274744153022766
0.03069385699927807,0.22432827949523926,-0.1936344224959612
0.23250889778137207,0.2821996212005615,-0.04969072341918945
0.4095008671283722,0.1997392177581787,0.20976164937019348
0.18776783347129822,0.23540902137756348,-0.04764118790626526
0.27237221598625183,0.22631239891052246,0.04605981707572937
0.43286049365997314,0.23441672325134277,0.19844377040863037
0.24934501945972443,0.29375243186950684,-0.04440741240978241
0.2756304144859314,0.24961113929748535,0.026019275188446045
0.17786401510238647,0.27465176582336426,-0.09678775072097778
0.15412533283233643,0.25991129875183105,-0.10578596591949463
0.21168294548988342,0.2136690616607666,-0.0019861161708831787
0.2837334871292114,0.2968590259552002,-0.01312553882598877
0.1874687820672989,0.2777574062347412,-0.09028862416744232
0.26102590560913086,0.2367551326751709,0.02427077293395996
0.6099406480789185,0.31224608421325684,0.2976945638656616
0.030842697247862816,0.2620198726654053,-0.23117717541754246
0.18547466397285461,0.20053648948669434,-0.015061825513839722
0.3189954161643982,0.178513765335083,0.14048165082931519
0.5154640078544617,0.2699167728424072,0.24554723501205444
0.20159442722797394,0.20922112464904785,-0.007626697421073914
0.20031115412712097,0.23713946342468262,-0.036828309297561646
0.17084671556949615,0.24389958381652832,-0.07305286824703217
0.21434664726257324,0.20624184608459473,0.008104801177978516
0.06968620419502258,0.20177340507507324,-0.13208720088005066
0.21398426592350006,0.25464415550231934,-0.040659889578819275
0.33282965421676636,0.27828526496887207,0.05454438924789429
0.08820156753063202,0.19593262672424316,-0.10773105919361115
0.21907466650009155,0.2791554927825928,-0.06008082628250122
0.3754766881465912,0.28721165657043457,0.08826503157615662
0.3476198613643646,0.2598083019256592,0.08781155943870544
0.17821523547172546,0.2778346538543701,-0.09961941838264465
0.2715308368206024,0.3296668529510498,-0.05813601613044739
0.17574602365493774,0.22777819633483887,-0.05203217267990112
0.233893483877182,0.3555910587310791,-0.1216975748538971
0.24599705636501312,0.21910929679870605,0.026887759566307068
0.2839707136154175,0.23762822151184082,0.04634249210357666
0.030038056895136833,0.2242724895477295,-0.19423443265259266
0.2326291799545288,0.1623241901397705,0.0703049898147583
0.1629113107919693,0.29670119285583496,-0.13378988206386566
0.10545450448989868,0.18619656562805176,-0.08074206113815308
0.12456635385751724,0.14105534553527832,-0.016488991677761078
0.1715509295463562,0.2667686939239502,-0.095217764377594
0.18407581746578217,0.2606546878814697,-0.07657887041568756
0.1421099305152893,0.24375653266906738,-0.10164660215377808
0.35241514444351196,0.23201680183410645,0.12039834260940552
0.11733776330947876,0.20504403114318848,-0.08770626783370972
0.23071205615997314,0.17704463005065918,0.053667426109313965
0.1462864726781845,0.17058968544006348,-0.024303212761878967
0.27179834246635437,0.2709791660308838,0.0008191764354705811
0.1865793913602829,0.1559617519378662,0.030617639422416687
0.10839958488941193,0.29140257835388184,-0.1830029934644699
0.18153397738933563,0.26423048973083496,-0.08269651234149933
0.041930973529815674,0.22559475898742676,-0.18366378545761108
0.24333912134170532,0.2619593143463135,-0.018620193004608154
0.25883254408836365,0.2374117374420166,0.021420806646347046
0.27944958209991455,0.31325697898864746,-0.03380739688873291
0.16880996525287628,0.22704148292541504,-0.05823151767253876
0.22393448650836945,0.24439072608947754,-0.020456239581108093
0.22439780831336975,0.1863715648651123,0.038026243448257446
0.2432376742362976,0.22898173332214355,0.014255940914154053
0.35164356231689453,0.3515641689300537,7.939338684082031e-05
0.15775743126869202,0.29194140434265137,-0.13418397307395935
0.3550173044204712,0.24854111671447754,0.10647618770599365
0.26365986466407776,0.3053576946258545,-0.04169782996177673
0.25079280138015747,0.2809755802154541,-0.03018277883529663
0.2198362946510315,0.2203080654144287,-0.0004717707633972168
0.24984043836593628,0.2905571460723877,-0.040716707706451416
0.240941122174263,0.23533844947814941,0.005602672696113586
0.22177836298942566,0.28459811210632324,-0.06281974911689758
0.1636899709701538,0.24521422386169434,-0.08152425289154053
0.2280115932226181,0.23876595497131348,-0.010754361748695374
0.16688519716262817,0.26599907875061035,-0.09911388158798218
0.19873586297035217,0.22244906425476074,-0.02371320128440857
0.15477648377418518,0.21620678901672363,-0.06143030524253845
0.1699695885181427,0.26995348930358887,-0.09998390078544617
0.03100884146988392,0.16448426246643066,-0.13347542099654675
0.32696646451950073,0.2379610538482666,0.08900541067123413
0.18676821887493134,0.3477480411529541,-0.16097982227802277
0.2871237099170685,0.2591869831085205,0.027936726808547974
0.29571428894996643,0.34250521659851074,-0.04679092764854431
0.2765558063983917,0.26917147636413574,0.0073843300342559814
0.4008508324623108,0.3011171817779541,0.09973365068435669
0.3317733407020569,0.24008870124816895,0.09168463945388794
0.3093244433403015,0.17290568351745605,0.13641875982284546
0.28607630729675293,0.23108553886413574,0.05499076843261719
0.22970226407051086,0.28868746757507324,-0.05898520350456238
0.32875052094459534,0.3623664379119873,-0.03361591696739197
0.07338852435350418,0.23762154579162598,-0.1642330214381218
0.2879599332809448,0.31935858726501465,-0.031398653984069824
0.3290327787399292,0.29372429847717285,0.03530848026275635
0.18629047274589539,0.22456049919128418,-0.038270026445388794
0.3260194957256317,0.2521646022796631,0.07385489344596863
0.16417033970355988,0.21093153953552246,-0.046761199831962585
0.1587219387292862,0.23165392875671387,-0.07293199002742767
0.18296895921230316,0.334087610244751,-0.15111865103244781
0.20481234788894653,0.2697455883026123,-0.06493324041366577
0.2988685369491577,0.17412209510803223,0.12474644184112549
0.23171116411685944,0.2778208255767822,-0.04610966145992279
0.25049373507499695,0.2865769863128662,-0.03608325123786926
0.33241474628448486,0.23580241203308105,0.09661233425140381
0.047263260930776596,0.23730969429016113,-0.19004643335938454
0.4792868196964264,0.2557847499847412,0.22350206971168518
0.22406627237796783,0.2804892063140869,-0.05642293393611908
0.23742714524269104,0.2737915515899658,-0.03636440634727478
0.21900369226932526,0.22954297065734863,-0.010539278388023376
0.3277551829814911,0.24311232566833496,0.08464285731315613
0.305838942527771,0.2601187229156494,0.04572021961212158
0.033634670078754425,0.2267758846282959,-0.19314121454954147
0.38981273770332336,0.27902770042419434,0.11078503727912903
0.40782713890075684,0.2727053165435791,0.13512182235717773
0.40727829933166504,0.2824685573577881,0.12480974197387695
0.029796678572893143,0.1432206630706787,-0.11342398449778557
0.25696471333503723,0.27504944801330566,-0.018084734678268433
0.2054242640733719,0.21422219276428223,-0.00879792869091034
0.23569084703922272,0.3182241916656494,-0.0825333446264267
0.22069749236106873,0.2628657817840576,-0.04216828942298889
0.5352916121482849,0.3428614139556885,0.19243019819259644
0.25370916724205017,0.22047829627990723,0.033230870962142944
0.04132194444537163,0.23728632926940918,-0.19596438482403755
0.3256755471229553,0.3980562686920166,-0.07238072156906128
0.17165185511112213,0.21373391151428223,-0.042082056403160095
0.1812843233346939,0.20217347145080566,-0.020889148116111755
0.1595648229122162,0.19029688835144043,-0.030732065439224243
0.17110225558280945,0.30635571479797363,-0.13525345921516418
0.3235373795032501,0.17719197273254395,0.14634540677070618
0.311290979385376,0.24638009071350098,0.064910888671875
0.4353187680244446,0.23349595069885254,0.20182281732559204
0.3296924829483032,0.28061556816101074,0.04907691478729248
0.06621849536895752,0.21621966361999512,-0.1500011682510376
0.19565635919570923,0.2911336421966553,-0.09547728300094604
0.06134388595819473,0.2585337162017822,-0.1971898302435875
0.043035298585891724,0.2003180980682373,-0.15728279948234558
0.1652984917163849,0.274273157119751,-0.10897466540336609
0.5766581296920776,0.23819470405578613,0.3384634256362915
0.29169484972953796,0.3124253749847412,-0.020730525255203247
0.15549448132514954,0.1904141902923584,-0.03491970896720886
0.30019015073776245,0.18802905082702637,0.11216109991073608
0.25920820236206055,0.26738858222961426,-0.008180379867553711
0.1941048949956894,0.24926400184631348,-0.055159106850624084
0.27311742305755615,0.21451592445373535,0.0586014986038208
0.3429443836212158,0.3071897029876709,0.03575468063354492
0.32219818234443665,0.17815423011779785,0.1440439522266388
0.25323793292045593,0.2779104709625244,-0.02467253804206848
0.2607857584953308,0.26900792121887207,-0.00822216272354126
0.19455015659332275,0.22643160820007324,-0.03188145160675049
0.3545949161052704,0.21309924125671387,0.14149567484855652
0.19692671298980713,0.2300107479095459,-0.03308403491973877
0.33688557147979736,0.34355902671813965,-0.006673455238342285
0.4061105251312256,0.222975492477417,0.1831350326538086
0.5735613107681274,0.27791619300842285,0.2956451177597046
0.43654489517211914,0.2429659366607666,0.19357895851135254
0.3616451919078827,0.23218512535095215,0.12946006655693054
0.5344473123550415,0.24833083152770996,0.28611648082733154
0.17298652231693268,0.2937314510345459,-0.12074492871761322
0.25295954942703247,0.22885870933532715,0.024100840091705322
0.3119491636753082,0.25225377082824707,0.05969539284706116
0.15743529796600342,0.2407057285308838,-0.08327043056488037
0.1591462641954422,0.1932694911956787,-0.03412322700023651
0.05524307116866112,0.24687647819519043,-0.1916334070265293
0.23109297454357147,0.279888391494751,-0.048795416951179504
0.18235129117965698,0.201674222946167,-0.01932293176651001
0.31675779819488525,0.20061659812927246,0.11614120006561279
0.17292018234729767,0.27686095237731934,-0.10394077003002167
0.49907806515693665,0.2815539836883545,0.21752408146858215
0.2816178798675537,0.19072508811950684,0.09089279174804688
0.3817710876464844,0.25121521949768066,0.1305558681488037
0.1776709109544754,0.2691466808319092,-0.09147576987743378
0.22999843955039978,0.23575949668884277,-0.005761057138442993
0.32375064492225647,0.30409836769104004,0.01965227723121643
0.16545623540878296,0.25170063972473145,-0.08624440431594849
0.17735831439495087,0.2857019901275635,-0.10834367573261261
0.2630438208580017,0.2068493366241455,0.0561944842338562
0.32171830534935,0.3075683116912842,0.014149993658065796
0.3834663927555084,0.1535627841949463,0.22990360856056213
0.07318025082349777,0.15915179252624512,-0.08597154170274734
0.31902939081192017,0.30753207206726074,0.011497318744659424
0.36423754692077637,0.22463774681091309,0.13959980010986328
0.17068056762218475,0.30378079414367676,-0.133100226521492
0.16817060112953186,0.17336535453796387,-0.005194753408432007
0.38891029357910156,0.21410250663757324,0.17480778694152832
0.19929447770118713,0.26219630241394043,-0.0629018247127533
0.22163015604019165,0.23380780220031738,-0.012177646160125732
0.18826903402805328,0.3071315288543701,-0.11886249482631683
0.1583525389432907,0.2211768627166748,-0.0628243237733841
0.34994563460350037,0.16095709800720215,0.18898853659629822
0.17400595545768738,0.19833731651306152,-0.024331361055374146
0.21726778149604797,0.2830545902252197,-0.06578680872917175
0.2894223928451538,0.26167988777160645,0.027742505073547363
0.30884596705436707,0.24108147621154785,0.06776449084281921
0.33176320791244507,0.26081299781799316,0.0709502100944519
0.26093655824661255,0.273059606552124,-0.012123048305511475
0.2006598711013794,0.28583359718322754,-0.08517372608184814
0.31162136793136597,0.23403191566467285,0.07758945226669312
0.0327761135995388,0.2016451358795166,-0.1688690222799778
0.307193785905838,0.20513653755187988,0.10205724835395813
0.26650863885879517,0.23847365379333496,0.028034985065460205
0.07479805499315262,0.321425199508667,-0.24662714451551437
0.2358824461698532,0.26648926734924316,-0.030606821179389954
0.3431738615036011,0.2875406742095947,0.05563318729400635
0.15367454290390015,0.2289106845855713,-0.07523614168167114
0.384060263633728,0.3386189937591553,0.045441269874572754
0.20943555235862732,0.250441312789917,-0.04100576043128967
0.23569786548614502,0.31641173362731934,-0.08071386814117432
0.4337386190891266,0.2370922565460205,0.19664636254310608
0.197421133518219,0.2274487018585205,-0.030027568340301514
0.03199855983257294,0.23779511451721191,-0.20579655468463898
0.17169460654258728,0.28554272651672363,-0.11384811997413635
0.623167097568512,0.2998220920562744,0.32334500551223755
0.27109235525131226,0.19797778129577637,0.07311457395553589
0.18641021847724915,0.2983105182647705,-0.11190029978752136
0.043770596385002136,0.20110011100769043,-0.1573295146226883
0.3428112268447876,0.2662642002105713,0.07654702663421631
0.08662426471710205,0.16186785697937012,-0.07524359226226807
0.18263918161392212,0.24019646644592285,-0.05755728483200073
0.31743767857551575,0.30141663551330566,0.016021043062210083
0.2601471543312073,0.23388171195983887,0.026265442371368408
0.20912571251392365,0.24518465995788574,-0.0360589474439621
0.16126589477062225,0.2170708179473877,-0.05580492317676544
0.45931655168533325,0.21628785133361816,0.2430287003517151
0.26787054538726807,0.19665741920471191,0.07121312618255615
0.26581811904907227,0.27560877799987793,-0.009790658950805664
0.26537248492240906,0.28524327278137207,-0.019870787858963013
0.17810676991939545,0.2746107578277588,-0.09650398790836334
0.18903478980064392,0.2539865970611572,-0.0649518072605133
0.25177010893821716,0.21146607398986816,0.040304034948349
0.36172720789909363,0.3745853900909424,-0.012858182191848755
0.2709575593471527,0.20907235145568848,0.06188520789146423
0.18880055844783783,0.1797640323638916,0.009036526083946228
0.44031843543052673,0.2642815113067627,0.17603692412376404
0.27505210041999817,0.2418220043182373,0.033230096101760864
0.29166024923324585,0.28140854835510254,0.01025170087814331
0.07789184898138046,0.15315651893615723,-0.07526466995477676
0.45127367973327637,0.23523306846618652,0.21604061126708984
0.15529736876487732,0.2174532413482666,-0.06215587258338928
0.25968432426452637,0.2520139217376709,0.007670402526855469
0.34464231133461,0.27369093894958496,0.07095137238502502
0.30496445298194885,0.21380972862243652,0.09115472435951233
0.5763340592384338,0.23429322242736816,0.3420408368110657
0.24122124910354614,0.2114560604095459,0.029765188694000244
0.2271084040403366,0.2752673625946045,-0.04815895855426788
0.15981560945510864,0.27965807914733887,-0.11984246969223022
0.271065890789032,0.23357129096984863,0.03749459981918335
0.21937787532806396,0.29537415504455566,-0.0759962797164917
0.25236672163009644,0.2171013355255127,0.03526538610458374
0.2480727881193161,0.30152058601379395,-0.053447797894477844
0.1858072131872177,0.21433424949645996,-0.02852703630924225
0.2611382305622101,0.21741127967834473,0.043726950883865356
0.25044357776641846,0.25901103019714355,-0.008567452430725098
0.20425398647785187,0.24671626091003418,-0.04246227443218231
0.05092344805598259,0.18519997596740723,-0.13427652791142464
0.027812225744128227,0.19438672065734863,-0.1665744949132204
0.08658451586961746,0.25443243980407715,-0.1678479239344597
0.33588746190071106,0.23814129829406738,0.09774616360664368
0.324298232793808,0.20921063423156738,0.1150875985622406
0.29143455624580383,0.2392265796661377,0.05220797657966614
0.25988897681236267,0.294879674911499,-0.03499069809913635
0.3765411376953125,0.2162315845489502,0.1603095531463623
0.3186267614364624,0.3037726879119873,0.014854073524475098
0.3875715434551239,0.25085997581481934,0.13671156764030457
0.31615257263183594,0.19471144676208496,0.12144112586975098
0.12807369232177734,0.13767790794372559,-0.009604215621948242
0.20473350584506989,0.19266486167907715,0.012068644165992737
0.1210976392030716,0.1533191204071045,-0.0322214812040329
0.21306215226650238,0.18428587913513184,0.028776273131370544
0.11039293557405472,0.21172356605529785,-0.10133063048124313
0.1909572035074234,0.18634915351867676,0.004608049988746643
0.150172621011734,0.18709683418273926,-0.03692421317100525
0.15764547884464264,0.24599099159240723,-0.08834551274776459
0.26729902625083923,0.2380201816558838,0.029278844594955444
0.2158917486667633,0.16562485694885254,0.05026689171791077
0.1391456574201584,0.19515776634216309,-0.0560121089220047
0.10456522554159164,0.2322232723236084,-0.12765804678201675
0.19589826464653015,0.2633354663848877,-0.06743720173835754
0.1315283626317978,0.1625821590423584,-0.031053796410560608
0.14791907370090485,0.1713101863861084,-0.023391112685203552
0.173574760556221,0.1644880771636963,0.00908668339252472
0.14632610976696014,0.16843533515930176,-0.022109225392341614
0.1502542495727539,0.22277379035949707,-0.07251954078674316
0.18583469092845917,0.15288805961608887,0.0329466313123703
0.3191518187522888,0.19064021110534668,0.12851160764694214
0.20910315215587616,0.19426512718200684,0.014838024973869324
0.24521788954734802,0.3453958034515381,-0.10017791390419006
0.1495634764432907,0.2089245319366455,-0.0593610554933548
0.09947720170021057,0.1709001064300537,-0.07142290472984314
0.19826415181159973,0.2453920841217041,-0.04712793231010437
0.11909350007772446,0.24208807945251465,-0.12299457937479019
0.187056764960289,0.26981425285339355,-0.08275748789310455
0.2413608431816101,0.19964194297790527,0.041718900203704834
0.16716234385967255,0.1970217227935791,-0.029859378933906555
0.17853839695453644,0.19417738914489746,-0.015638992190361023
0.17439907789230347,0.24036240577697754,-0.06596332788467407
0.23399005830287933,0.2395164966583252,-0.005526438355445862
0.17100898921489716,0.277911901473999,-0.10690291225910187
0.1327625960111618,0.19879412651062012,-0.06603153049945831
0.16752171516418457,0.19108271598815918,-0.02356100082397461
0.2814517319202423,0.19632983207702637,0.08512189984321594
0.15584233403205872,0.19332098960876465,-0.03747865557670593
0.1015210896730423,0.2564361095428467,-0.15491501986980438
0.10791996121406555,0.2249910831451416,-0.11707112193107605
0.24676786363124847,0.18378090858459473,0.06298695504665375
0.2655114233493805,0.20523905754089355,0.06027236580848694
0.17307142913341522,0.260303258895874,-0.0872318297624588
0.1804874837398529,0.2155444622039795,-0.03505697846412659
0.11174465715885162,0.15502285957336426,-0.043278202414512634
0.16024747490882874,0.14514708518981934,0.0151003897190094
