y_true,y_pred,error
0.16956467926502228,0.23953441177015264,-0.06996973250513036
0.12336822599172592,0.2283233488774537,-0.10495512288572778
0.13521775603294373,0.19670611718002057,-0.06148836114707684
0.09020553529262543,0.30995934735050507,-0.21975381205787964
0.15104147791862488,0.321455335571881,-0.17041385765325612
0.16512371599674225,0.27253800228101993,-0.10741428628427768
0.1148206815123558,0.21532346094627636,-0.10050277943392055
0.16636718809604645,0.20190916510009654,-0.035541977004050096
0.18698368966579437,0.17688375296899997,0.010099936696794404
0.19961515069007874,0.31786063719053204,-0.1182454865004533
0.1143086701631546,0.26295213057441813,-0.14864346041126353
0.13548943400382996,0.22801608893798134,-0.09252665493415138
0.1099199503660202,0.2397278546085168,-0.1298079042424966
0.13408923149108887,0.23519980656388836,-0.1011105750727995
0.12838537991046906,0.31100612688480656,-0.1826207469743375
0.08658287674188614,0.1884971813572492,-0.10191430461536305
0.11509384214878082,0.20044962633865812,-0.0853557841898773
0.08851077407598495,0.11639597612704564,-0.02788520205106068
0.212638258934021,0.24250722782385645,-0.02986896888983545
0.11482738703489304,0.1975318327212836,-0.08270444568639057
0.07210534065961838,0.1430437138600475,-0.07093837320042912
0.5489311218261719,0.2967213001493331,0.25220982167683875
0.14946100115776062,0.26202105837034445,-0.11256005721258383
0.04874303936958313,0.19152578403093196,-0.14278274466134883
0.020317841321229935,-0.07126922341876948,0.09158706473999942
0.0026271420065313578,0.19319641010050306,-0.1905692680939717
0.49439308047294617,0.17721415707188448,0.3171789234010617
0.012282314710319042,0.177175413031213,-0.16489309832089397
0.46485066413879395,0.35976670881729145,0.1050839553215025
0.2499290406703949,0.2654766501629109,-0.01554760949251599
0.1704723984003067,0.23910720176317246,-0.06863480336286576
0.5742676854133606,0.2423016410104638,0.3319660444028968
0.7095319628715515,0.2991872942443821,0.4103446686271694
0.4447095990180969,0.29822755990750416,0.14648203911059277
0.18752047419548035,0.2597296230577079,-0.07220914886222757
0.15996038913726807,0.2479064405963573,-0.08794605145908924
0.2886072099208832,0.2754075538928215,0.013199656028061668
0.40404605865478516,0.20408898572284392,0.19995707293194123
0.07891545444726944,0.2082805731122563,-0.12936511866498687
0.2802216112613678,0.2699211409916194,0.010300470269748396
0.13350488245487213,0.24879961029147338,-0.11529472783660125
0.373163104057312,0.3808767769853564,-0.007713672928044368
0.40310782194137573,0.18265745570174477,0.22045036623963096
0.4000544250011444,0.3602000458833301,0.03985437911781431
0.4018852412700653,0.34376096470531714,0.05812427656474817
0.2248319536447525,0.2665043741143429,-0.04167242046959041
0.27453938126564026,0.3791389106135038,-0.10459952934786354
0.4357493221759796,0.3102209708788086,0.125528351297171
0.5280585885047913,0.24088323035780523,0.287175358146986
0.006900914013385773,0.30087128861390977,-0.293970374600524
0.4939228594303131,0.2678039707241601,0.226118888706153
0.28188827633857727,0.3067764231468894,-0.02488814680831214
0.0218434426933527,0.26592126141489875,-0.24407781872154605
0.4994170069694519,0.3344905144292494,0.16492649254020253
0.4154619574546814,0.2855272734340903,0.1299346840205911
0.0454380102455616,0.22514549319205912,-0.17970748294649752
0.3937273621559143,0.21230806983589687,0.18141929232001744
0.05151733383536339,0.3018330338640781,-0.2503157000287147
0.2429436594247818,0.3282909603068477,-0.08534730088206588
0.6363605856895447,0.21378223110086444,0.4225783545886802
0.3947722911834717,0.372902028677531,0.021870262505940707
0.13844741880893707,0.25201034781977316,-0.11356292901083609
0.243408665060997,0.1946838869397045,0.0487247781212925
0.5456709265708923,0.2928911121601178,0.2527798144107745
0.27483195066452026,0.24343134195543834,0.03140060870908193
0.014058698900043964,0.21524532840809782,-0.20118662950805385
0.033345963805913925,0.20730118244182474,-0.17395521863591082
0.30667930841445923,0.27745799092971546,0.02922131748474377
0.462679386138916,0.30504388346955813,0.15763550266935789
0.3135257959365845,0.17642707257724446,0.13709872335934
0.20819662511348724,0.35425987651995644,-0.1460632514064692
0.12286747992038727,0.24427423818957716,-0.1214067582691899
0.7322927713394165,0.33673869505126525,0.39555407628815126
0.08042538166046143,0.3419944486550569,-0.2615690669945955
0.38156434893608093,0.223979919221773,0.15758442971430794
0.2236616313457489,0.2427894473473558,-0.0191278160016069
0.30109935998916626,0.2869139540275882,0.01418540596157808
0.31448712944984436,0.2067570896854661,0.10773003976437825
0.025981374084949493,0.1511565808282673,-0.1251752067433178
0.06948189437389374,0.3618392883063982,-0.2923573939325045
0.7093752026557922,0.27431440439445737,0.43506079826133487
0.4363919496536255,0.2358223759633206,0.2005695736903049
0.18512235581874847,0.17509700044372498,0.010025355375023498
0.2963157594203949,0.23754191604165079,0.05877384337874411
0.09795629233121872,0.24819275349557066,-0.15023646116435194
0.07810258865356445,0.10800696873648596,-0.02990438008292151
0.3986563980579376,0.27276937208484153,0.1258870259730961
0.14124564826488495,0.2614930017609415,-0.12024735349605653
0.40347352623939514,0.17915945709342318,0.22431406914597196
0.2981966435909271,0.26948468420922705,0.02871195938170007
0.4638684391975403,0.2156106055555431,0.2482578336419972
0.1461799144744873,0.22554980145224604,-0.07936988697775874
0.20402516424655914,0.291396748806827,-0.08737158456026783
0.15713079273700714,0.3232322136886025,-0.16610142095159536
0.41352578997612,0.1850449684678216,0.2284808215082984
0.32399600744247437,0.2530267445212562,0.07096926292121819
0.26766154170036316,0.18715808644449985,0.0805034552558633
0.06758838891983032,0.21002982199562548,-0.14244143307579515
0.10334814339876175,0.18992236805665122,-0.08657422465788947
0.05601054057478905,0.25928675963230624,-0.2032762190575172
0.07469610869884491,0.2772839041358101,-0.2025877954369652
0.03615901246666908,0.2281814662340665,-0.1920224537673974
0.28426551818847656,0.3192295737104861,-0.03496405552200954
0.7941213846206665,0.6585494165183714,0.1355719681022951
0.7629197239875793,0.2504857576530021,0.5124339663345773
0.4425988495349884,0.2899676393468034,0.15263121018818498
0.11184344440698624,0.27428416859071186,-0.16244072418372563
0.22017982602119446,0.21160763990630296,0.008572186114891495
0.3529510796070099,0.21682494641504108,0.1361261331919688
0.18172632157802582,0.32618126473893544,-0.14445494316090962
0.5176010131835938,0.3506257274579264,0.16697528572566733
0.23096570372581482,0.2139986341351219,0.016967069590692913
0.2548193037509918,0.2532399765911358,0.0015793271598560366
0.26963645219802856,0.21162347897297226,0.0580129732250563
0.03558211773633957,0.28712781073086285,-0.2515456929945233
0.19604407250881195,0.24752322803033705,-0.0514791555215251
0.3164306879043579,0.175313548016955,0.1411171398874029
0.5421987175941467,0.2877413397202494,0.25445737787389733
0.286073237657547,0.29172289729449513,-0.0056496596369481344
0.288039892911911,0.31780082488324174,-0.02976093197133073
0.16134105622768402,0.19674628034837546,-0.03540522412069144
0.19267964363098145,0.25655516273057677,-0.06387551909959532
0.12483980506658554,0.18291384242272465,-0.05807403735613911
0.14366081357002258,0.18838980696670748,-0.0447289933966849
0.13510911166667938,0.16507963568847492,-0.029970524021795536
0.12878097593784332,0.19603284773911062,-0.0672518718012673
0.07981368899345398,0.3157979670563493,-0.23598427806289535
0.23597010970115662,0.17793493481580977,0.058035174885346846
0.08962559700012207,0.2897714288493944,-0.20014583184927232
0.162784144282341,0.1675326926657327,-0.004748548383391699
0.1866893321275711,0.1938698963540607,-0.007180564226489605
0.13616448640823364,0.18594933951844064,-0.049784853110207
0.2335667610168457,0.24378783775260932,-0.010221076735763612
0.10531525313854218,0.1892023115149872,-0.08388705837644503
0.13446541130542755,0.1972890359008261,-0.06282362459539856
0.1741320937871933,0.35457925793409606,-0.18044716414690276
0.0858742892742157,0.17850300427971627,-0.09262871500550057
0.13198891282081604,0.17995210905127362,-0.04796319623045758
0.11014284193515778,0.26239089091282625,-0.15224804897766847
0.12230062484741211,0.20728959362104832,-0.08498896877363621
0.13606759905815125,0.29626674579217177,-0.16019914673402053
0.11863468587398529,0.2265376369189144,-0.10790295104492911
0.22461169958114624,0.17266529553701646,0.051946404044129785
0.144684836268425,0.19520364913643526,-0.05051881286801027
0.13836300373077393,0.19269990829955283,-0.054336904568778904
0.18574021756649017,0.19643814188488318,-0.010697924318393004
0.1660432517528534,0.24796926521923723,-0.08192601346638384
0.2487374097108841,0.2308618253082865,0.017875584402597594
0.15425749123096466,0.2665411277107022,-0.11228363647973755
0.15566815435886383,0.2798239766285683,-0.12415582226970445
0.12227972596883774,0.3753926563792743,-0.2531129304104366
0.13906417787075043,0.22490558229586474,-0.08584140442511431
0.09154827147722244,0.22912496485282022,-0.13757669337559778
0.11281441152095795,0.21519855303594077,-0.10238414151498282
0.1397068202495575,0.23120748283134726,-0.09150066258178977
0.17202027142047882,0.23086785696464887,-0.05884758554417005
0.06338735669851303,0.21423846499380214,-0.1508511082952891
0.11606415361166,0.25362134112756013,-0.13755718751590013
0.13605192303657532,0.26196609080549865,-0.12591416776892334
0.06511671841144562,0.23865540977842278,-0.17353869136697717
0.166116401553154,0.26445885479248066,-0.09834245323932667
0.09230584651231766,0.2952158646779206,-0.20291001816560295
0.1598886102437973,0.22493887529311443,-0.06505026504931713
0.062384217977523804,0.21968125968436217,-0.15729704170683836
0.1780216246843338,0.2405539022692933,-0.0625322775849595
0.13827940821647644,0.26666320538113725,-0.1283837971646608
0.1486242413520813,0.22176425009616782,-0.07314000874408652
0.20293043553829193,0.26212307837145465,-0.05919264283316272
0.22442467510700226,0.261403727049289,-0.036979051942286734
0.20175902545452118,0.26186588544377065,-0.06010685998924947
0.09508536756038666,0.30848277516938505,-0.2133974076089984
0.15233375132083893,0.18810521358598703,-0.0357714622651481
0.20973186194896698,0.20562201275687744,0.0041098491920895375
0.1367206871509552,0.26076886412943523,-0.12404817697848003
0.15756992995738983,0.1780257404348418,-0.020455810477451958
0.08675725758075714,0.18253812734250904,-0.0957808697617519
0.13326196372509003,0.17250157268878175,-0.03923960896369172
0.17965872585773468,0.28048855249857413,-0.10082982664083945
0.24073322117328644,0.27661907959217374,-0.035885858418887306
0.14317956566810608,0.28201663159822876,-0.13883706593012268
0.24391266703605652,0.29859161082996855,-0.05467894379391203
0.0896046981215477,0.21719008989869878,-0.12758539177715109
0.24027523398399353,0.38842976441316945,-0.14815453042917592
0.12332465499639511,0.2255791539104334,-0.10225449891403829
0.23546676337718964,0.2176588384200388,0.017807924957150834
0.3743434548377991,0.28700864769784146,0.08733480713995762
0.23878204822540283,0.22471878963133468,0.014063258594068151
0.18051141500473022,0.1932859881190905,-0.012774573114360283
0.10131316632032394,0.31024154084603583,-0.2089283745257119
0.15633583068847656,0.19165866534192622,-0.03532283465344965
0.13126416504383087,0.19183467359743583,-0.06057050855360496
0.11157242208719254,0.2844599103516173,-0.17288748826442474
0.06518266350030899,0.17595894368718848,-0.11077628018687949
0.07578349858522415,0.17675599935884764,-0.10097250077362349
0.12028715759515762,0.26208837346457275,-0.14180121586941513
0.12550659477710724,0.19129877311116839,-0.06579217833406115
0.0794094130396843,0.22646084237249306,-0.14705142933280876
0.09232477843761444,0.16520657319238138,-0.07288179475476694
0.0992683470249176,0.18287282300165417,-0.08360447597673656
0.08331223577260971,0.17302260968015817,-0.08971037390754846
0.10091934353113174,0.26464775445897426,-0.16372841092784252
0.14196427166461945,0.2481433212883108,-0.10617904962369135
0.16265392303466797,0.31689477421900414,-0.15424085118433617
0.1709611415863037,0.24900712598275224,-0.07804598439644853
0.1312432736158371,0.22627049765110224,-0.09502722403526515
0.1416560262441635,0.275096593364618,-0.1334405671204545
0.0912955179810524,0.28305633860769364,-0.19176082062664124
0.1104961410164833,0.20642120813260878,-0.09592506711612547
0.1559297889471054,0.22387362799702357,-0.06794383904991816
0.1462850719690323,0.24883660967957252,-0.10255153771054024
0.255130410194397,0.24693488906054092,0.008195521133856049
0.1237093135714531,0.2835935266352351,-0.15988421306378203
0.14461840689182281,0.19692975040448268,-0.05231134351265987
0.08508339524269104,0.19790926103146486,-0.11282586578877382
0.09551704674959183,0.266625362548475,-0.1711083157988832
0.10278976708650589,0.21855415075248072,-0.11576438366597483
0.13434672355651855,0.3407259222283856,-0.20637919867186705
0.20153585076332092,0.15853348664306188,0.04300236412025904
0.1583174616098404,0.25996793919937483,-0.10165047758953444
0.1923770159482956,0.28287740595972644,-0.09050039001143084
0.5146994590759277,0.33696687053275853,0.1777325885431692
0.26093655824661255,0.2798163180382348,-0.018879759791622264
0.6031317710876465,0.22808863870274715,0.37504313238489934
0.28282350301742554,0.24446660099088002,0.038356902026545514
0.7600356936454773,0.31484290747994237,0.4451927861655349
0.24249957501888275,0.2767325808932363,-0.03423300587435357
0.24830111861228943,0.29563390105504933,-0.0473327824427599
0.33624565601348877,0.21489009624923075,0.12135555976425802
0.4884191155433655,0.2938762113826388,0.19454290416072667
0.5368360280990601,0.26034502392180375,0.2764910041772563
0.5447797179222107,0.3041728991679794,0.2406068187542313
0.011355368420481682,0.2142270876841346,-0.2028717192636529
0.346232146024704,0.34408624981428365,0.0021458962104203283
0.33713385462760925,0.21992613187639362,0.11720772275121563
0.0699133649468422,0.2362278894086029,-0.1663145244617607
0.06548807770013809,0.20457576381698203,-0.13908768611684394
0.37359675765037537,0.21723398976939345,0.1563627678809819
0.3011672794818878,0.31789058113821034,-0.01672330165632252
0.28471481800079346,0.23956739323070347,0.04514742477008998
0.27484020590782166,0.26157607216107054,0.013264133746751117
0.4546416699886322,0.27284359765590677,0.18179807233272544
0.03212861716747284,0.21748773605647073,-0.1853591188889979
0.25714126229286194,0.299256943370112,-0.042115681077250056
0.6035780310630798,0.2952338441329721,0.30834418693010773
0.08725619316101074,0.2723590773914006,-0.18510288423038984
0.061470311135053635,0.19813278309860807,-0.13666247196355444
0.11963645368814468,0.27649657250774834,-0.15686011881960366
0.2772331237792969,0.23834408395137024,0.03888903982792663
0.3940199315547943,0.2688633782932464,0.1251565532615479
0.4846782386302948,0.30761219602078615,0.17706604260950864
0.0667315423488617,0.37977066324032516,-0.31303912089146346
0.27073362469673157,0.2547009609014387,0.01603266379529289
0.15055817365646362,0.2687389900155307,-0.11818081635906708
0.050620872527360916,0.19276914101393322,-0.1421482684865723
0.10929162800312042,0.25370002670570724,-0.14440839870258682
0.14220917224884033,0.22047305098988515,-0.07826387874104482
0.3344975709915161,0.2612863455759302,0.07321122541558589
0.018625052645802498,0.22662761023274283,-0.20800255758694033
0.17184647917747498,0.2750332108068765,-0.1031867316294015
0.06493426114320755,0.2266028667487701,-0.16166860560556254
0.4045393764972687,0.18608794719076782,0.21845142930650085
0.14975358545780182,0.2627626513802525,-0.11300906592245069
0.3494923412799835,0.2448554064974887,0.10463693478249483
0.3820241391658783,0.1985168553266127,0.1835072838392656
0.39994993805885315,0.23760204417035996,0.1623478938884932
0.045770205557346344,0.34934291124092964,-0.3035727056835833
0.20717564225196838,0.32684849112641345,-0.11967284887444507
0.27091649174690247,0.16939851730463404,0.10151797444226843
0.34004920721054077,0.22356111163851267,0.1164880955720281
0.24741074442863464,0.2806736067133426,-0.033262862284707984
0.4016135632991791,0.27787216358323913,0.12374139971593995
0.7728152275085449,0.23061256611212774,0.5422026613964172
0.4347722828388214,0.3254697398608475,0.10930254297797393
0.11515369266271591,0.17863058837012347,-0.06347689570740755
0.01932515576481819,0.2574744400749496,-0.23814928431013138
0.08877134323120117,0.19731215548940448,-0.1085408122582033
0.20212557911872864,0.22472451164813304,-0.022598932529404397
0.47429904341697693,0.2488971663297503,0.22540187708722662
0.05196142941713333,0.2477053211478964,-0.19574389173076306
0.3203074038028717,0.29170170291247954,0.02860570089039216
0.1700357049703598,0.25639934410068843,-0.08636363913032863
0.1984504610300064,0.29755889117763235,-0.09910843014762594
0.05941179394721985,0.24598718993539828,-0.18657539598817843
0.37266895174980164,0.1855794616181015,0.18708949013170015
0.551906168460846,0.2569227405156054,0.2949834279452406
0.004748354200273752,0.16855031255502095,-0.1638019583547472
0.700296938419342,0.24608765700280716,0.4542092814165349
0.5518121123313904,0.29566643929440467,0.2561456730369857
0.17226141691207886,0.2540580129649695,-0.08179659605289064
0.10484239459037781,0.21507902969344198,-0.11023663510306417
0.03950061276555061,0.23782070166829308,-0.19832008890274247
0.0427316352725029,0.27883999000424115,-0.23610835473173825
0.023557132109999657,0.23888978479166148,-0.21533265268166182
0.2738475203514099,0.26147356515775866,0.012373955193651254
0.05344000831246376,0.24832821292717194,-0.19488820461470818
0.11133142560720444,0.1871680281252326,-0.07583660251802815
0.38611504435539246,0.2878494264899949,0.09826561786539756
0.11346612870693207,0.27990639910406817,-0.1664402703971361
0.47340866923332214,0.2575808121940318,0.21582785703929036
0.12699495255947113,0.3331324048185256,-0.20613745225905444
0.2043408304452896,0.28632820911772255,-0.08198737867243294
0.6898715496063232,0.2419219926836487,0.4479495569226746
0.06426768749952316,0.23879349133396588,-0.17452580383444272
0.1951327919960022,0.3206810628807778,-0.1255482708847756
0.07005660980939865,0.1898968057006616,-0.11984019589126294
0.1252843141555786,0.3289251072439824,-0.20364079308840377
0.09903562068939209,0.23125273436967247,-0.13221711368028038
0.32004398107528687,0.22150944246521154,0.09853453861007533
0.3055873513221741,0.2791763057073546,0.026411045614819495
0.5827764868736267,0.2775536302066834,0.3052228566669433
0.16098660230636597,0.1590691678837375,0.0019174344226284556
0.293912410736084,0.2240001604069832,0.06991225032910078
0.0978204533457756,0.2639604975435769,-0.16614004419780132
0.2825047969818115,0.3485108074202674,-0.06600601043845589
0.3291192054748535,0.19804209434212303,0.1310771111327305
0.2487504482269287,0.2633344683032689,-0.014584020076340187
0.04364072531461716,0.1973097343389146,-0.15366900902429745
0.263149619102478,0.3128003584753173,-0.04965073937283926
0.2562426030635834,0.17395563692274618,0.08228696614083719
0.139241561293602,0.11630947628508378,0.022932085008518205
0.14975358545780182,0.3529321323350366,-0.2031785468772348
0.437865287065506,0.3317154556949133,0.1061498313705927
0.11307428032159805,0.2582552260370934,-0.14518094571549534
0.12495733797550201,0.20948632171072648,-0.08452898373522447
0.4314807653427124,0.2584650004105514,0.17301576493216098
0.5759291052818298,0.34463648364613075,0.23129262163569908
0.35891762375831604,0.26222331529229836,0.09669430846601768
0.048645950853824615,0.36229176784938744,-0.3136458169955628
0.06341911107301712,0.22754664368147517,-0.16412753260845805
0.3562321662902832,0.22435551529826422,0.13187665099201898
0.18458116054534912,0.23570654716277095,-0.05112538661742183
0.3748036324977875,0.27348331438387413,0.10132031811391334
0.2693251669406891,0.18290014345344754,0.08642502348724154
0.14258535206317902,0.31430398308772045,-0.17171863102454143
0.3331077992916107,0.22207454210228783,0.11103325718932289
0.5453522205352783,0.27211582611509855,0.2732363944201798
0.0800461620092392,0.11666222330508538,-0.036616061295846186
0.18030521273612976,0.1947948377150437,-0.014489624978913929
0.013055563904345036,0.17200174066244364,-0.1589461767580986
0.4507075250148773,0.2324531166345866,0.21825440838029073
0.05885493755340576,0.23125255858118918,-0.17239762102778342
0.2613523304462433,0.34674955899280735,-0.08539722854656406
0.2438214123249054,0.26108108422992354,-0.017259671905018148
0.13856540620326996,0.1959650328256221,-0.05739962662235215
0.35767415165901184,0.25225475913259865,0.10541939252641319
0.14550070464611053,0.23813811154408382,-0.09263740689797328
0.4235549569129944,0.20626683184498504,0.21728812506800935
0.3013000786304474,0.25319658786223226,0.04810349076821513
0.07208681851625443,0.22083470734942606,-0.14874788883317164
0.07173895090818405,0.26600565794162906,-0.194266707033445
0.2864494025707245,0.3125946662330703,-0.02614526366234582
0.05391240864992142,0.20422485541520025,-0.15031244676527883
0.667151689529419,0.3135113809430784,0.35364030858634055
0.04414229467511177,0.24040380020600255,-0.19626150553089078
0.1764829456806183,0.28632182048021665,-0.10983887479959836
0.2452394664287567,0.27564834884788,-0.030408882419123262
0.680550754070282,0.2073479682895597,0.4732027857807223
0.0429510697722435,0.21371087180373913,-0.17075980203149563
0.023481804877519608,0.21564907523581492,-0.1921672703582953
0.20520594716072083,0.2490070510714817,-0.043801103910760864
0.23657479882240295,0.2712033540627364,-0.034628555240333425
0.07471700757741928,0.23166716252738873,-0.15695015494996944
0.5252372622489929,0.2800532207310356,0.2451840415179573
0.0238915104418993,0.18341812987481695,-0.15952661943291765
0.2819688320159912,0.17782942303381497,0.10413940898217625
0.05505138263106346,0.28428787370244735,-0.22923649107138389
0.2747096121311188,0.2993095477116541,-0.024599935580535304
0.6114254593849182,0.2830418653971503,0.3283835939877679
0.14322274923324585,0.2906693063571267,-0.14744655712388083
0.31392067670822144,0.258714530990748,0.055206145717473454
0.2225622683763504,0.2971266678651223,-0.07456439948877192
0.18807950615882874,0.3123920182253823,-0.12431251206655358
0.009607288055121899,0.25381709501400956,-0.24420980695888767
0.39160093665122986,0.2930097502895817,0.09859118636164815
0.35210466384887695,0.26214069398400164,0.08996396986487531
0.1642572432756424,0.21545183318461367,-0.05119458990897127
0.23949016630649567,0.2888196310010448,-0.04932946469454913
0.04822579771280289,0.19606187036755982,-0.14783607265475693
0.4684138894081116,0.33306353920303206,0.13535035020507952
0.31511190533638,0.2722368125298717,0.04287509280650831
0.5522905588150024,0.22721183886183446,0.32507871995316795
0.451663613319397,0.24837703412278234,0.20328657919661464
0.27799808979034424,0.2556485194520265,0.022349570338317748
0.6277055144309998,0.2997589181160475,0.32794659631495227
0.09040970355272293,0.18582147769131568,-0.09541177413859275
0.36675766110420227,0.3121836750820878,0.054573986022114496
0.14396464824676514,0.2082051965572998,-0.06424054831053466
0.37688305974006653,0.20446768348937164,0.1724153762506949
0.199302077293396,0.26497581190789915,-0.06567373461450315
0.03371691331267357,0.20959194053679905,-0.17587502722412549
0.5764620304107666,0.30340824473015227,0.27305378568061434
0.5295550227165222,0.2291463518490415,0.3004086708674807
0.21467825770378113,0.280246067780593,-0.0655678100768119
0.04889673367142677,0.26861310832135304,-0.21971637464992627
0.06363854557275772,0.24405621896630764,-0.18041767339354992
0.07060302048921585,0.2792547195278322,-0.20865169903861636
0.062407705932855606,0.17304193261258674,-0.11063422667973113
0.29276299476623535,0.2778022066589177,0.014960788107317657
0.20911921560764313,0.22960648694963975,-0.020487271341996627
0.17236372828483582,0.19873084281321277,-0.02636711452837695
0.4326876699924469,0.29846768334897333,0.13421998664347357
0.6525958180427551,0.24302788558665447,0.4095679324561007
0.12126132100820541,0.20588119034938837,-0.08461986934118296
0.5653887987136841,0.22911394072079685,0.33627485799288725
0.2632623612880707,0.2584931735021786,0.004769187785892082
0.16185693442821503,0.2736567003220802,-0.1117997658938652
0.29939088225364685,0.16562611281239165,0.1337647694412552
0.41178378462791443,0.3441321667620939,0.06765161786582052
0.1816374957561493,0.26046592280591474,-0.07882842704976545
0.5952529907226562,0.21935642100226968,0.37589656972038654
0.520247757434845,0.20453445849446578,0.3157132989403792
0.3783773183822632,0.2392761045075694,0.1391012138746938
0.756203830242157,0.3445768736740433,0.41162695656811366
0.200717955827713,0.3207064512758583,-0.11998849544814527
0.2224995642900467,0.3096271207060248,-0.08712755641597814
0.3302268385887146,0.2540929208597805,0.07613391772893408
0.4191087782382965,0.40241538776190466,0.016693390476391845
0.0376846119761467,0.2504947030089316,-0.21281009103278492
0.12016414850950241,0.21679406973659107,-0.09662992122708866
0.046047113835811615,0.2239666421551396,-0.17791952831932797
0.16187478601932526,0.2725864844083478,-0.11071169838902256
0.2470293492078781,0.33443465281003626,-0.08740530360215815
0.12355712801218033,0.2065067210271354,-0.08294959301495508
0.3327398896217346,0.4110772025332069,-0.07833731291147228
0.4258328974246979,0.30550640385414984,0.12032649357054803
0.4223763644695282,0.3114461988797632,0.11093016558976498
0.22560520470142365,0.20674522172287554,0.0188599829785481
0.21194052696228027,0.2399529481580832,-0.02801242119580294
0.21887584030628204,0.29112322381255984,-0.0722473835062778
0.2708612084388733,0.26860516845823684,0.0022560399806364484
0.37296977639198303,0.20955100549950964,0.1634187708924734
0.19787269830703735,0.2396989010294041,-0.041826202722366757
0.17688001692295074,0.2264971353239713,-0.049617118401020566
0.16464167833328247,0.2137656733345887,-0.049123995001306237
0.2986668348312378,0.2536686030770416,0.044998231754196205
0.06638889759778976,0.3109266151334182,-0.24453771753562842
0.09794366359710693,0.2861365739498805,-0.18819291035277358
0.06583290547132492,0.2637580172290383,-0.19792511175771338
0.624225914478302,0.3791480342929937,0.2450778801853083
0.01650688424706459,0.35626876181214984,-0.33976187756508525
0.31450802087783813,0.22103457730862666,0.09347344356921147
0.12380791455507278,0.2748327512588968,-0.151024836703824
0.28152257204055786,0.24662674439210985,0.03489582764844801
0.03450801968574524,0.3107955063590676,-0.27628748667332237
0.8741840720176697,0.3555071094373936,0.5186769625802761
0.383450448513031,0.3791046056018518,0.004345842911179232
0.18965953588485718,0.23487187756473007,-0.0452123416798729
0.39496779441833496,0.2629311378363826,0.13203665658195235
0.14487679302692413,0.277266435396495,-0.13238964236957085
0.07954458892345428,0.18087593340346883,-0.10133134448001455
0.03141501918435097,0.19520511750589556,-0.1637900983215446
0.21281827986240387,0.28437025692355916,-0.07155197706115529
0.38791754841804504,0.3133215974699167,0.07459595094812832
0.2142154425382614,0.24168866222430108,-0.027473219686039663
0.5786250233650208,0.3307565098799311,0.24786851348508965
0.0787273645401001,0.22658710253184383,-0.14785973799174373
0.42630311846733093,0.2509998417942408,0.17530327667309015
0.2919061481952667,0.29600696390343306,-0.004100815708166339
0.3890460729598999,0.31755067185632,0.07149540110357988
0.3288004994392395,0.28768519519199076,0.04111530424724874
0.13724574446678162,0.3333700239230085,-0.1961242794562269
0.7231287360191345,0.31470614222711,0.4084225937920245
0.1058015525341034,0.21329155822630969,-0.10749000569220629
0.4242049753665924,0.28512485227733303,0.13908012308925938
0.2342781275510788,0.2520011604174632,-0.01772303286638438
0.3983638286590576,0.26137934325835827,0.13698448540069935
0.4043826162815094,0.22648110865595533,0.17790150762555407
0.4328444004058838,0.2429133709534786,0.1899310294524052
0.1326563060283661,0.22041680753431456,-0.08776050150594847
0.19262714684009552,0.2473703628822737,-0.05474321604217819
0.47076717019081116,0.19267932664106072,0.27808784354975047
0.3580115735530853,0.20384398182182423,0.1541675917312611
0.3516322672367096,0.20862712567230768,0.14300514156440192
0.40781304240226746,0.23882626221475775,0.1689867801875097
0.08625305444002151,0.3276773631612412,-0.24142430872121967
0.022658489644527435,0.23953407133054963,-0.2168755816860222
0.12801899015903473,0.3352745880963711,-0.2072555979373364
0.19745254516601562,0.22811444724655136,-0.030661902080535736
0.19731147587299347,0.21794106745301234,-0.02062959158001887
0.3232153356075287,0.2990816484740608,0.024133687133467863
0.1889520287513733,0.20640885864831765,-0.01745682989694436
0.4214859902858734,0.3576981986817914,0.06378779160408199
0.07238680869340897,0.22657367866664532,-0.15418686997323636
0.20738157629966736,0.28993284696576344,-0.08255127066609608
0.08135232329368591,0.21062677816479972,-0.1292744548711138
0.8997327089309692,0.3313072060488512,0.568425502882118
0.11879528313875198,0.15701270859573646,-0.03821742545698448
0.3029070794582367,0.2807119533474087,0.022195126110827967
0.5594170093536377,0.28946464340723294,0.26995236594640476
0.06960728764533997,0.1994273051371409,-0.12982001749180094
0.3170994520187378,0.2044474678927838,0.11265198412595398
0.2468099147081375,0.26053104830290286,-0.013721133594765345
0.7077264189720154,0.3691195778142362,0.33860684115777917
0.6545811891555786,0.26850830524368985,0.38607288391188876
0.44606801867485046,0.3606654249454805,0.08540259372936998
0.6938706040382385,0.2601814546844013,0.43368914935383723
0.3896207809448242,0.24236998056233394,0.14725080038249028
0.17620080709457397,0.13348175489872371,0.04271905219585026
0.3639938235282898,0.2321981882751336,0.13179563525315618
0.17553205788135529,0.268553183180309,-0.09302112529895373
0.18073581159114838,0.2074999446780388,-0.026764133086890435
0.2096072882413864,0.22342666856782278,-0.01381938032643637
0.4686773121356964,0.28722014921603306,0.18145716291966335
0.13997605443000793,0.2413999636258452,-0.10142390919583727
0.47036269307136536,0.28107204130904223,0.18929065176232313
0.34426549077033997,0.34408156489441966,0.00018392587592030996
0.2879144847393036,0.2898962451696152,-0.0019817604303116187
0.2219897359609604,0.22603268287542197,-0.0040429469144615815
0.7081652879714966,0.3052052246928122,0.4029600632786844
0.39951324462890625,0.242821875912888,0.15669136871601824
0.4162299633026123,0.23633844317235425,0.17989152013025805
0.07927072793245316,0.19841926475080177,-0.11914853681834861
0.3328883647918701,0.2677795411429284,0.06510882364894172
0.19189873337745667,0.27483154638458074,-0.08293281300712407
0.5101611018180847,0.28515620935254427,0.22500489246554045
0.3421233892440796,0.2771538007541929,0.06496958848988671
0.4367733299732208,0.28850104963377404,0.14827228033944678
0.28983718156814575,0.26683473286649523,0.023002448701650524
0.40686216950416565,0.1814536672736284,0.22540850223053724
0.17864899337291718,0.2646208052963266,-0.08597181192340941
0.1688997745513916,0.18046976676060933,-0.011569992209217728
0.32694053649902344,0.3744940957690269,-0.04755355927000349
0.024312525987625122,0.2537188249649254,-0.2294062989773003
0.22787052392959595,0.27169385666883905,-0.043823332739243104
0.3086041510105133,0.3356592190819092,-0.027055068071395905
0.15952369570732117,0.2853373834714545,-0.12581368776413332
0.045208122581243515,0.26640917133628855,-0.22120104875504504
0.3209478557109833,0.22250148210325285,0.09844637360773043
0.06918713450431824,0.16604588779903764,-0.09685875329471941
0.155686616897583,0.24825288771561932,-0.09256627081803631
0.09907218813896179,0.20097699463290072,-0.10190480649393893
0.3558873236179352,0.21959240836184296,0.13629491525609222
0.5133899450302124,0.1999349709118988,0.3134549741183136
0.5602529644966125,0.24405023841293344,0.3162027260836791
0.1533459573984146,0.3181238580240503,-0.1647779006256357
0.17224878072738647,0.18565543583717334,-0.013406655109786864
0.17833247780799866,0.27051052230224903,-0.09217804449425038
0.3600910007953644,0.26921403332192084,0.09087696747344354
0.37761449813842773,0.24825681506404107,0.12935768307438666
0.08200322836637497,0.2799633061257965,-0.19796007775942154
0.0010597438085824251,0.2887464862614488,-0.28768674245286635
0.5589938163757324,0.33917812286963955,0.21981569350609287
0.10743165016174316,0.36287168548789195,-0.2554400353261488
0.2736855745315552,0.1844479762954665,0.08923759823608868
0.22133968770503998,0.3005342759440395,-0.0791945882389995
0.24133969843387604,0.2943594487215623,-0.05301975028768624
0.4071233868598938,0.27317307413254527,0.13395031272734853
0.06342433393001556,0.27060560768561115,-0.20718127375559559
0.21139411628246307,0.14661223923611355,0.06478187704634952
0.42091649770736694,0.29944459640030807,0.12147190130705887
0.22160311043262482,0.2339847644958276,-0.012381654063202796
0.2516971528530121,0.29952548420689595,-0.04782833135388387
0.17176289856433868,0.38088595765250943,-0.20912305908817075
0.1718643456697464,0.2273661155906277,-0.055501769920881294
0.6246469020843506,0.34566413146341735,0.27898277062093324
0.21083290874958038,0.20464201236442767,0.0061908963851527166
0.1868673861026764,0.2340562805645757,-0.047188894461899306
0.16063132882118225,0.18873753731634701,-0.028106208495164764
0.33331984281539917,0.30372344160777764,0.029596401207621525
0.015388806350529194,0.1673960434391276,-0.1520072370885984
0.1808329075574875,0.1797096835821231,0.0011232239753643791
0.1490408480167389,0.20537941326903558,-0.05633856525229669
0.017818273976445198,0.2981562519866556,-0.2803379780102104
0.13501262664794922,0.3133711408360417,-0.17835851418809245
0.4906552731990814,0.35115703040016116,0.13949824279892026
0.33411094546318054,0.2917130095182302,0.04239793594495034
0.5098820328712463,0.22979799548208912,0.2800840373891572
0.04896987974643707,0.26562543904007047,-0.2166555592936334
0.4162822365760803,0.1940438296577971,0.22223840691828323
0.13497605919837952,0.24087285451308404,-0.10589679531470453
0.5298998951911926,0.2802356422162418,0.24966425297495082
0.4894692599773407,0.24959318557682186,0.23987607440051884
0.1477242261171341,0.24831437176329732,-0.10059014564616323
0.1251954883337021,0.2440869824156596,-0.11889149408195751
0.0820188969373703,0.2413930756444269,-0.1593741787070566
0.7429197430610657,0.3028325223671329,0.4400872206939328
0.08229580521583557,0.24753942189958061,-0.16524361668374504
0.17715473473072052,0.3055874173824208,-0.12843268265170027
0.4233720898628235,0.3659691827364232,0.05740290712640028
0.0631004050374031,0.25369032315059714,-0.19058991811319403
0.07307950407266617,0.2797506197475903,-0.20667111567492413
0.32231149077415466,0.300020468046327,0.02229102272782768
0.3018956780433655,0.2974552082472551,0.004440469796110402
0.10217782109975815,0.3539282476720287,-0.25175042657227054
0.21758316457271576,0.25608749076808485,-0.03850432619536909
0.1985727995634079,0.2081275195105782,-0.009554719947170304
0.4123898446559906,0.22900784609490396,0.18338199856108664
0.22217564284801483,0.2581178641186326,-0.03594222127061775
0.46000435948371887,0.27210888147047035,0.18789547801324852
0.10024469345808029,0.24036578170303952,-0.14012108824495922
0.5952999591827393,0.25684505166028126,0.338454907522458
0.46220698952674866,0.21729449414824034,0.24491249537850832
0.06941919773817062,0.1891505773079182,-0.11973137956974758
0.0818016454577446,0.33704747650753997,-0.25524583104979537
0.22606800496578217,0.23407367045608368,-0.008005665490301517
0.16786529123783112,0.3125259580244577,-0.1446606667866266
0.18692485988140106,0.2155706298187591,-0.02864576993735804
0.2845184803009033,0.3239919991797896,-0.03947351887888628
0.4670293629169464,0.30462399075928637,0.16240537215766004
0.12332506477832794,0.23003961987769017,-0.10671455509936223
0.2182571440935135,0.1925228528204974,0.025734291273016102
0.5536855459213257,0.36826674645918855,0.18541879946213713
0.23789142072200775,0.20425925523550265,0.033632165486505106
0.5109343528747559,0.3843494262636129,0.12658492661114296
0.4440169036388397,0.18589378885619925,0.2581231147826405
0.06034700945019722,0.26458582897774785,-0.20423881952755063
0.3906104266643524,0.3374280354723318,0.05318239119202062
0.2958873212337494,0.282057426148361,0.0138298950853884
0.3201850354671478,0.2531111155741243,0.06707391989302353
0.19104188680648804,0.1856964838878268,0.0053454029186612295
0.33061346411705017,0.23492987668786539,0.09568358742918479
0.2946573495864868,0.28462833769645374,0.01002901189003308
0.22590823471546173,0.20256220697153746,0.023346027743924275
0.5149677991867065,0.23179795122415184,0.28316984796255473
0.051059745252132416,0.22571788258892994,-0.17465813733679753
0.18271073698997498,0.24358863601097905,-0.06087789902100407
0.28628745675086975,0.2701505144780958,0.016136942272773958
0.41538575291633606,0.2484349330988142,0.16695081981752186
0.09882359206676483,0.24460345154655228,-0.14577985947978744
0.07427813112735748,0.18941991052846777,-0.11514177940111028
0.15172849595546722,0.30002528730962863,-0.1482967913541614
0.5159687399864197,0.3042493993684108,0.2117193406180089
0.013504885137081146,0.17205373147608252,-0.15854884633900138
0.48495733737945557,0.27011272915860973,0.21484460822084583
0.4326898455619812,0.23440112825177709,0.19828871731020412
0.18592913448810577,0.24747680865575436,-0.061547674167648586
0.5032123327255249,0.2735327607069723,0.2296795720185526
0.18426768481731415,0.23371243269062997,-0.04944474787331582
0.10303466767072678,0.19841873983649777,-0.095384072165771
0.41978493332862854,0.2557960674989056,0.16398886582972294
0.42921021580696106,0.3552002535935195,0.07400996221344158
0.058165282011032104,0.23589661616459914,-0.17773133415356704
0.13850897550582886,0.2383303286011339,-0.09982135309530504
0.3229745626449585,0.33504901354702954,-0.012074450902071043
0.21186162531375885,0.31376082632982544,-0.10189920101606659
0.4477975368499756,0.13300473331603702,0.31479280353393857
0.19674432277679443,0.33413758845248653,-0.1373932656756921
0.24617032706737518,0.23873344244869535,0.007436884618679834
0.2761688828468323,0.23505522599898981,0.04111365684784246
0.15466946363449097,0.3436089859125615,-0.18893952227807054
0.2259465754032135,0.23563029260784185,-0.00968371720462835
0.23847688734531403,0.2051040760512816,0.03337281129403244
0.1918632835149765,0.3208233160566089,-0.1289600325416324
0.14528021216392517,0.18602601868289514,-0.040745806518969974
0.4694329500198364,0.11245312996969511,0.3569798200501413
0.08489929884672165,0.20129763589305127,-0.11639833704632963
0.06906769424676895,0.23325439708964119,-0.16418670284287223
0.15766146779060364,0.19108741229487333,-0.033425944504269695
0.036909542977809906,0.275954553826727,-0.2390450108489171
0.41757071018218994,0.28217259294942043,0.1353981172327695
0.09685345739126205,0.257230098272303,-0.16037664088104092
0.5155402421951294,0.17207792887064724,0.3434623133244822
0.0763564184308052,0.20214601208366853,-0.12578959365286332
0.07698038220405579,0.23465764385137397,-0.15767726164731818
0.16364265978336334,0.28466853448979623,-0.12102587470643289
0.06760498881340027,0.24328082423970313,-0.17567583542630286
0.4347865879535675,0.16525608756928842,0.26953050038427906
0.4205262064933777,0.25023815318025305,0.17028805331312463
0.49460315704345703,0.2396923481885048,0.2549108088549522
0.4725967049598694,0.18701283593028825,0.2855838690295811
0.3908809423446655,0.12699538014115927,0.26388556220350623
0.22972902655601501,0.21019090301583845,0.01953812354017656
0.09677360951900482,0.2895398067520964,-0.19276619723309157
0.19452506303787231,0.2722966580151339,-0.0777715949772616
0.09889916330575943,0.2347522040051273,-0.13585304069936788
0.29863375425338745,0.11587876956952342,0.18275498468386403
0.11444148421287537,0.24007140140034575,-0.12562991718747038
0.0895165354013443,0.2646148872332847,-0.1750983518319404
0.3923512399196625,0.1498821592486166,0.2424690806710459
0.18953578174114227,0.16717090575823093,0.022364875982911342
0.1101604551076889,0.26846440931201976,-0.15830395420433085
0.48673710227012634,0.27484240033798135,0.211894701932145
0.21356996893882751,0.3467790543060758,-0.1332090853672483
0.2555943429470062,0.19665468456704085,0.05893965837996537
0.2042827010154724,0.3309378550192882,-0.12665515400381577
0.2139284312725067,0.21122861243909838,0.002699818833408335
0.15477490425109863,0.2693714760151716,-0.11459657176407295
0.2501069903373718,0.25142888461814733,-0.001321894280775504
0.21359506249427795,0.3140235730202807,-0.10042851052600277
0.14696690440177917,0.2825478793489609,-0.13558097494718174
0.22666582465171814,0.28911225920593026,-0.062446434554212116
0.22712409496307373,0.25947704967309143,-0.0323529547100177
0.37116706371307373,0.2859245413135061,0.08524252239956764
0.2661430239677429,0.16315484501327004,0.10298817895447288
0.3620128035545349,0.22766102768442695,0.13435177587010796
0.23246130347251892,0.2121977822702849,0.020263521202234014
0.29953718185424805,0.15537927589261638,0.14415790596163167
0.1457710564136505,0.2664184670708122,-0.12064741065716167
0.4759514629840851,0.13727191151830717,0.3386795514657779
0.13384249806404114,0.29287268436728564,-0.1590301863032445
0.21190927922725677,0.17381384769193808,0.03809543153531869
0.22501803934574127,0.2336934586834309,-0.008675419337689616
0.45893004536628723,0.13868958129028236,0.32024046407600487
0.138766810297966,0.2093402983721778,-0.0705734880742118
0.13604652881622314,0.2611378570122528,-0.12509132819602964
0.29410621523857117,0.19629912671168348,0.09780708852688769
0.14030517637729645,0.24457433603116366,-0.10426915965386721
0.11696553975343704,0.1609519480527794,-0.04398640829934236
0.1596115529537201,0.30092924204911553,-0.14131768909539544
0.16852092742919922,0.30958252085332105,-0.14106159342412183
0.3395196199417114,0.15970548879434424,0.1798141311473672
0.17801156640052795,0.19772354697232536,-0.019711980571797405
0.2544461488723755,0.260991428547533,-0.0065452796751575
0.27345073223114014,0.21586784020195454,0.057582892029185595
0.3071579337120056,0.31670622942714277,-0.009548295715137156
0.5175241827964783,0.22698537606358463,0.2905388067328937
0.39221227169036865,0.21474058636023075,0.1774716853301379
0.4610331058502197,0.17069398656040954,0.29033911928981015
0.36009353399276733,0.24262800665957254,0.11746552733319479
0.18870170414447784,0.2325381058859055,-0.043836401741427666
0.11695706099271774,0.187407087279752,-0.07045002628703426
0.2023712694644928,0.22796756292847759,-0.025596293463984787
0.16164220869541168,0.32782102071038766,-0.16617881201497597
0.11514255404472351,0.2235372421570761,-0.10839468811235259
0.11147207021713257,0.23145184054216342,-0.11997977032503085
0.19199354946613312,0.20232290401253133,-0.010329354546398217
0.1510101705789566,0.24719457995584965,-0.09618440937689304
0.11579231917858124,0.30086592963560443,-0.1850736104570232
0.26517245173454285,0.14535374231547166,0.11981870941907119
0.10716713964939117,0.19508712870889974,-0.08791998905950857
0.23699568212032318,0.19585048141673295,0.041145200703590235
0.17897146940231323,0.35507695058122435,-0.17610548117891112
0.24612626433372498,0.16255696053768454,0.08356930379604044
0.2961385250091553,0.2858549062235834,0.01028361878557188
0.17572741210460663,0.2349808672026291,-0.05925345509802246
0.31575247645378113,0.1766217852498745,0.13913069120390661
0.2530767023563385,0.17057403149093356,0.08250267086540494
0.34602826833724976,0.22050374447443433,0.12552452386281543
0.1781332939863205,0.24157727556853031,-0.06344398158220982
0.36286309361457825,0.2486070244799135,0.11425606913466474
0.22632911801338196,0.25536010220038696,-0.029030984187005004
0.22476379573345184,0.3245737167456647,-0.09980992101221287
0.24852538108825684,0.2630328133542177,-0.014507432265960851
0.18344715237617493,0.3159002090374883,-0.13245305666131335
0.2024790197610855,0.25420834389040053,-0.051729324129315024
0.2699752151966095,0.22475998217636214,0.04521523302024735
0.436087042093277,0.22178491627137767,0.2143021258218993
0.3003047704696655,0.2854564433809168,0.014848327088748725
0.2656961977481842,0.2512866340905456,0.014409563657638624
0.44541043043136597,0.25770114820413764,0.18770928222722832
0.23476384580135345,0.23630711292464818,-0.0015432671232947226
0.24557358026504517,0.25035492702174134,-0.00478134675669617
0.30548980832099915,0.26183063179893573,0.043659176522063414
0.18584135174751282,0.3399109420850053,-0.15406959033749246
0.14806032180786133,0.2521976765269571,-0.1041373547190958
0.2953904867172241,0.22883136779441257,0.06655911892281155
0.2668759822845459,0.27883793421178654,-0.011961951927240644
0.4602142870426178,0.2604617230440689,0.1997525639985489
0.4783303737640381,0.2250854964200275,0.2532448773440106
0.42158350348472595,0.15125362429377925,0.2703298791909467
0.2540002763271332,0.2016729083790847,0.05232736794804849
0.26530852913856506,0.23241211206748738,0.03289641707107768
0.21046648919582367,0.19526586308757216,0.015200626108251514
0.22877880930900574,0.19706932783324857,0.03170948147575717
0.16857722401618958,0.23260284543243712,-0.06402562141624754
0.23140715062618256,0.2014851439327751,0.029922006693407444
0.5620844960212708,0.17987260722296208,0.3822118887983087
0.2039894461631775,0.3063641721589847,-0.10237472599580721
0.2125895768404007,0.28554241317894863,-0.07295283633854793
0.22363978624343872,0.3039884294582392,-0.08034864321480045
0.46982768177986145,0.1949159578001151,0.27491172397974634
0.20939873158931732,0.24104656225713925,-0.031647830667821925
0.4431150257587433,0.15097031349605186,0.29214471226269145
0.5031903386116028,0.2795284814652831,0.2236618571463197
0.4355323910713196,0.1954380450821629,0.2400943459891567
0.09338992834091187,0.2043151071646355,-0.11092517882372363
0.48036277294158936,0.19388043557554108,0.2864823373660483
0.11711903661489487,0.16481592453139848,-0.047696887916503616
0.0702698826789856,0.21325939634934424,-0.14298951367035864
0.41244107484817505,0.16686891132181378,0.24557216352636127
0.4017603397369385,0.16545481470381943,0.23630552503311905
0.07045543938875198,0.32677798885016274,-0.25632254946141075
0.10516413301229477,0.19666797512820483,-0.09150384211591006
0.49155229330062866,0.2234939365004525,0.2680583568001762
0.12525393068790436,0.3278213037086706,-0.20256737302076622
0.40440693497657776,0.21570191860483037,0.18870501637174739
0.10406360030174255,0.14418104533353526,-0.04011744503179271
0.07785162329673767,0.15360025222697835,-0.07574862893024067
0.3377060890197754,0.1736198151988585,0.1640862738209169
0.09718810021877289,0.19832558674329095,-0.10113748652451807
0.13489727675914764,0.16521748823929755,-0.030320211480149906
0.18602235615253448,0.16972700907984112,0.016295347072693367
0.09093870967626572,0.13596741493203537,-0.04502870525576966
0.08975771069526672,0.2559696881160453,-0.1662119774207786
0.25646746158599854,0.18490392242581824,0.0715635391601803
0.05473676696419716,0.3324203747134814,-0.27768360774928424
0.09451563656330109,0.2116035866864652,-0.11708795012316411
0.058388322591781616,0.30637188995507975,-0.24798356736329813
0.16284692287445068,0.17551284387285812,-0.012665920998407437
0.14000308513641357,0.29182234974639326,-0.1518192646099797
0.40148070454597473,0.24583236613188514,0.1556483384140896
0.14383693039417267,0.20036072088852444,-0.05652379049435177
0.08549750596284866,0.31315272338701383,-0.22765521742416517
0.09411182254552841,0.24237198431950097,-0.14826016177397255
0.3925155699253082,0.20971073866083392,0.1828048312644743
0.19389434158802032,0.14017103754133403,0.05372330404668629
0.3887380361557007,0.15935963364418548,0.2293784025115152
0.07667315751314163,0.2736871173070727,-0.19701395979393105
0.26601436734199524,0.22276240557550442,0.04325196176649082
0.417183518409729,0.16959976427142748,0.24758375413830153
0.0826561227440834,0.255173365920143,-0.1725172431760596
0.20548948645591736,0.1921260008773982,0.013363485578519158
0.147483691573143,0.2895163565288151,-0.14203266495567207
0.43778178095817566,0.21906138587937177,0.2187203950788039
0.09934504330158234,0.2229800593650671,-0.12363501606348476
0.13759377598762512,0.3487558990674363,-0.2111621230798112
0.18757200241088867,0.22116889388949187,-0.0335968914786032
0.20394153892993927,0.1975292167569964,0.00641232217294288
0.5131813883781433,0.2778395892080443,0.235341799170099
0.43607592582702637,0.19269230351352107,0.2433836223135053
0.27496063709259033,0.19176737967635474,0.0831932574162356
0.1575758457183838,0.2751826655252372,-0.11760681980685339
0.09684475511312485,0.3737729875574878,-0.27692823244436293
0.45033422112464905,0.22603372788664486,0.2243004932380042
0.09072031080722809,0.26953234663040715,-0.17881203582317906
0.1880524605512619,0.2753173524114617,-0.08726489186019981
0.24874061346054077,0.28507493374604487,-0.036334320285504096
0.4378546178340912,0.15439706333572392,0.2834575544983673
0.5113717317581177,0.16050934171607906,0.3508623900420386
0.40477368235588074,0.1418716160605368,0.26290206629534396
0.10430990904569626,0.2188670369931238,-0.11455712794742753
0.15249748528003693,0.23918613949544848,-0.08668865421541155
0.17806069552898407,0.16890890556929047,0.009151789959693596
0.2332800328731537,0.19734117727717157,0.03593885559598212
0.3038579225540161,0.24870799154302708,0.05514993101098903
0.0751601904630661,0.3033099450659147,-0.2281497546028486
0.05171336606144905,0.2078522493105829,-0.15613888324913386
0.12510515749454498,0.21559047382548394,-0.09048531633093895
0.2828074097633362,0.19699520303981233,0.08581220672352385
0.12526696920394897,0.27330965210323094,-0.14804268289928196
0.45657920837402344,0.3054856912354123,0.15109351713861113
0.12258071452379227,0.29394154433317904,-0.17136082980938677
0.08561933785676956,0.1894386451056327,-0.10381930724886315
0.180447518825531,0.33548247458467895,-0.15503495575914794
0.20932941138744354,0.26645365883532024,-0.0571242474478767
0.3902864158153534,0.28383270697064816,0.10645370884470523
0.08867383748292923,0.2410343203837997,-0.15236048290087048
0.4304511547088623,0.26107310886510915,0.16937804584375316
0.3240477442741394,0.3205593308496806,0.003488413424458825
0.3878350257873535,0.23769700535606955,0.15013802043128396
0.24034740030765533,0.1864554735707407,0.05389192673691465
0.18555238842964172,0.22608537198881157,-0.040532983559169844
0.2514362037181854,0.19389659845242244,0.05753960526576299
0.17037388682365417,0.17920015601672662,-0.008826269193072445
0.22356265783309937,0.3329877310541549,-0.10942507322105555
0.25739651918411255,0.2667082587642354,-0.009311739580122824
0.21823115646839142,0.23401190115409545,-0.015780744685704035
0.36908093094825745,0.30806034937280535,0.06102058157545209
0.18572477996349335,0.3036617520495223,-0.11793697208602894
0.170238196849823,0.24634033219064777,-0.07610213534082477
0.48394206166267395,0.1855583350132169,0.29838372664945706
0.20247407257556915,0.2772527887296539,-0.07477871615408477
0.1563483625650406,0.2678959965480649,-0.11154763398302431
0.1509828269481659,0.22741527165824604,-0.07643244471008015
0.15155115723609924,0.2427841022547716,-0.09123294501867235
0.2729409337043762,0.2038664787472089,0.06907445495716732
0.12528342008590698,0.26243622708428016,-0.13715280699837318
0.14728392660617828,0.17243051562489742,-0.025146589018719134
0.1432691067457199,0.19152081823155542,-0.04825171148583551
0.17064033448696136,0.2020575110798995,-0.031417176592938134
0.17336788773536682,0.2033387444791925,-0.029970856743825686
0.46320196986198425,0.27344759762235343,0.18975437223963082
0.15050558745861053,0.27462061769925467,-0.12411503024064413
0.14821757376194,0.2849528737357372,-0.1367352999737972
0.1434723436832428,0.20574188515097971,-0.062269541467736916
0.16176125407218933,0.19022905694512013,-0.028467802872930797
0.06717248260974884,0.25870388020968355,-0.1915313975999347
0.14525562524795532,0.35495651238655046,-0.20970088713859514
0.17420300841331482,0.1936838275427208,-0.01948081912940597
0.32999327778816223,0.20444377226468932,0.1255495055234729
0.27752208709716797,0.23506537821018875,0.04245670888697922
0.1279270499944687,0.3184987471137911,-0.19057169711932243
0.18618781864643097,0.2659476988875277,-0.0797598802410967
0.14394238591194153,0.23534180344189062,-0.0913994175299491
0.14006517827510834,0.2607440767275973,-0.12067889845248897
0.47133776545524597,0.19944937073469263,0.2718883947205534
0.14543811976909637,0.21573904522161538,-0.07030092545251901
0.184452086687088,0.21986675435450315,-0.035414667667415134
0.20432302355766296,0.24063930814789966,-0.0363162845902367
0.12208206206560135,0.2456291805364936,-0.12354711847089225
0.4880509674549103,0.276987727671131,0.21106323978377928
0.1562759280204773,0.22177445616952277,-0.06549852814904547
0.16130076348781586,0.3126596985523473,-0.15135893506453146
0.14831387996673584,0.33028539847690674,-0.1819715185101709
0.11161712557077408,0.19572736753335224,-0.08411024196257816
0.3188018202781677,0.1871353174896864,0.13166650278848133
0.4502820372581482,0.1547978585509458,0.2954841787072024
0.1460053026676178,0.234672281878453,-0.08866697921083519
0.15734484791755676,0.2043435809962905,-0.04699873307873373
0.13672976195812225,0.2592232986927785,-0.12249353673465624
0.1548791378736496,0.23054965504117295,-0.07567051716752335
0.22521737217903137,0.29572798105109127,-0.0705106088720599
0.1648014634847641,0.24778062362841774,-0.08297916014365364
0.1569567769765854,0.2622265271666454,-0.10526975019006002
0.15089644491672516,0.302655234339475,-0.15175878942274984
0.13091427087783813,0.21308530437425097,-0.08217103349641283
0.16853803396224976,0.21732948020842666,-0.0487914462461769
0.16758450865745544,0.21346316382634956,-0.04587865516889411
0.1515631228685379,0.2921534187304966,-0.1405902958619587
0.30104392766952515,0.2541225049306865,0.04692142273883865
0.16498687863349915,0.23108182368119415,-0.066094945047695
0.16998860239982605,0.22240886072921778,-0.05242025832939173
0.14963166415691376,0.21216128390361297,-0.06252961974669921
0.1998519003391266,0.20573167184359237,-0.0058797715044657806
0.22964943945407867,0.2912039061612084,-0.06155446670712972
0.23351053893566132,0.2622588552146987,-0.0287483162790374
0.2368285208940506,0.30933480478360187,-0.07250628388955127
0.2827824354171753,0.20193789734153744,0.08084453807563785
0.1613936573266983,0.2736473734230661,-0.1122537160963678
0.4112033247947693,0.25030406139765016,0.16089926339711913
0.4474637806415558,0.18085592569288036,0.26660785494867545
0.5282155871391296,0.28718732560646537,0.24102826153266427
0.538612961769104,0.18056454309040887,0.35804841867869514
0.5307753086090088,0.1952890391066014,0.3354862695024074
0.5229679346084595,0.2758723827377867,0.24709555187067278
0.14916671812534332,0.28362910290720367,-0.13446238478186034
0.15642835199832916,0.3512969860815257,-0.19486863408319655
0.16031259298324585,0.2072573539910531,-0.046944761007807256
0.32083791494369507,0.26117870576884167,0.0596592091748534
0.4322963058948517,0.24838030414722218,0.1839160017476295
0.45492637157440186,0.20489619558226035,0.2500301759921415
0.2797173857688904,0.27034583895429914,0.009371546814591236
0.1653013974428177,0.18527776907760826,-0.019976371634790574
0.2411547154188156,0.3154521751597401,-0.0742974597409245
0.16902294754981995,0.221260098509782,-0.052237150959962064
0.1059027686715126,0.2788881939851045,-0.1729854253135919
0.18339663743972778,0.2967925841185193,-0.11339594667879149
0.13843362033367157,0.17206019048786278,-0.03362657015419121
0.1355070173740387,0.2610338295713679,-0.1255268121973292
0.11220195889472961,0.22037540994176374,-0.10817345104703413
0.22143666446208954,0.24902031616345022,-0.02758365170136068
0.17229779064655304,0.20565272255936734,-0.0333549319128143
0.16808132827281952,0.1909775333436444,-0.022896205070824877
0.24613718688488007,0.3444997379695076,-0.09836255108462755
0.18100197613239288,0.1837444211226931,-0.0027424449903002135
0.16385920345783234,0.2268246445197272,-0.06296544106189486
0.23981338739395142,0.28910058991688264,-0.04928720252293123
0.11059118062257767,0.216381104578128,-0.10578992395555034
0.1286933422088623,0.28966759325872804,-0.16097425104986574
0.16610267758369446,0.21556547822326824,-0.049462800639573784
0.3284186124801636,0.21689869619348426,0.11151991628667932
0.1615942418575287,0.21032539446268225,-0.048731152605153566
0.22380027174949646,0.18621836162313532,0.03758191012636114
0.19916701316833496,0.30452771472148615,-0.10536070155315119
0.26864591240882874,0.2551965504213886,0.013449361987440123
0.27081939578056335,0.2595875296785447,0.01123186610201865
0.41746658086776733,0.30674667614111323,0.1107199047266541
0.33002862334251404,0.29412231031867425,0.035906313023839787
0.1774134337902069,0.30278812715326286,-0.12537469336305596
0.4346405565738678,0.25112310037649693,0.18351745619737087
0.2939223349094391,0.17393640160120039,0.1199859333082387
0.3830781579017639,0.20598278248025848,0.17709537542150544
0.33596453070640564,0.29127022762279325,0.044694303083612386
0.4004824459552765,0.29942885176428874,0.10105359419098775
0.33986377716064453,0.23061633003222523,0.1092474471284193
0.34692975878715515,0.26190367918317004,0.08502607960398512
0.3677000403404236,0.292254494666428,0.07544554567399558
0.21807006001472473,0.24668916525200282,-0.028619105237278092
0.39606595039367676,0.22455289398575148,0.17151305640792527
0.41795626282691956,0.23002977548407566,0.1879264873428439
0.28148043155670166,0.22391789574261795,0.057562535814083715
0.3450635075569153,0.1732766463415193,0.171786861215396
0.3192776143550873,0.26540385488788676,0.05387375946720052
0.24120330810546875,0.26529696611983283,-0.024093658014364083
0.2100091278553009,0.37399479074604824,-0.16398566289074734
0.2882544994354248,0.2400819797296445,0.04817251970578029
0.19116000831127167,0.3393830254129421,-0.1482230171016704
0.2945808470249176,0.3748150585953538,-0.0802342115704362
0.2611502707004547,0.23187890250789944,0.02927136819255527
0.3703908622264862,0.3332898289999896,0.037101033226496605
0.18911902606487274,0.22787581273185703,-0.03875678666698429
0.39835450053215027,0.28980617498679107,0.1085483255453592
0.16424331068992615,0.24454094316117383,-0.08029763247124769
0.16266319155693054,0.27896112047088933,-0.11629792891395879
0.3072081506252289,0.23303543271472785,0.07417271791050103
0.18485794961452484,0.2243158461623506,-0.03945789654782575
0.2664440870285034,0.22439043588868357,0.04205365113981985
0.2534558176994324,0.19646428140418523,0.05699153629524714
0.19729866087436676,0.2678957946785653,-0.07059713380419852
0.19330666959285736,0.2721392053286591,-0.07883253573580173
0.162784144282341,0.1675326926657327,-0.004748548383391699
0.1866893321275711,0.1938698963540607,-0.007180564226489605
0.1741320937871933,0.35457925793409606,-0.18044716414690276
0.2487374097108841,0.2308618253082865,0.017875584402597594
0.09020553529262543,0.30995934735050507,-0.21975381205787964
0.062384217977523804,0.21968125968436217,-0.15729704170683836
0.22442467510700226,0.261403727049289,-0.036979051942286734
0.09508536756038666,0.30848277516938505,-0.2133974076089984
0.3743434548377991,0.28700864769784146,0.08733480713995762
0.18051141500473022,0.1932859881190905,-0.012774573114360283
0.22027736902236938,0.1427088945822997,0.07756847444006967
0.1257423609495163,0.23124826287325506,-0.10550590192373877
0.20674550533294678,0.17803674636797368,0.028708758964973102
0.15579462051391602,0.16593149871143162,-0.010136878197515603
0.13960862159729004,0.23403136056163495,-0.09442273896434492
0.11919064074754715,0.17160795464195663,-0.052417313894409484
0.14692313969135284,0.26805390006932905,-0.12113076037797621
0.12028715759515762,0.26208837346457275,-0.14180121586941513
0.2363588809967041,0.17723222946605988,0.059126651530644225
0.18972356617450714,0.21342916301379128,-0.023705596839284138
0.12394508719444275,0.21116650480376345,-0.0872214176093207
0.1383965015411377,0.17741445915648899,-0.03901795761535129
0.12941007316112518,0.25381709501400956,-0.12440702185288438
0.21723662316799164,0.2160235108199511,0.0012131123480405293
0.2876336872577667,0.17670547374307397,0.11092821351469276
0.1824299395084381,0.19269990829955283,-0.01026996879111472
0.12287925183773041,0.2842905236895803,-0.1614112718518499
0.1312432736158371,0.22627049765110224,-0.09502722403526515
0.17829200625419617,0.2504947030089316,-0.07220269675473545
0.12978625297546387,0.1983278121410346,-0.06854155916557073
0.11509384214878082,0.20044962633865812,-0.0853557841898773
0.10640067607164383,0.1258758347697232,-0.019475158698079365
0.14782178401947021,0.2063618040502372,-0.058540020030767
0.212638258934021,0.24250722782385645,-0.02986896888983545
0.1733703762292862,0.20764463938129418,-0.03427426315200799
0.2057110220193863,0.17883948803428404,0.026871533985102253
0.23257622122764587,0.1871744341910136,0.04540178703663228
0.2314581423997879,0.2887464862614488,-0.05728834386166087
0.15268070995807648,0.17999840077845125,-0.027317690820374774
0.11580506712198257,0.2020968660305447,-0.08629179890856212
0.14511540532112122,0.22381735423122118,-0.07870194891009996
0.20897120237350464,0.15793623321241732,0.051034969161087324
0.08508339524269104,0.19790926103146486,-0.11282586578877382
0.13892941176891327,0.26417785802448734,-0.12524844625557408
0.20231498777866364,0.1944616566930966,0.007853331085567045
0.26093655824661255,0.2798163180382348,-0.018879759791622264
0.26344817876815796,0.3087151385301856,-0.04526695976202766
0.24249957501888275,0.2767325808932363,-0.03423300587435357
0.4884191155433655,0.2938762113826388,0.19454290416072667
0.011355368420481682,0.2142270876841346,-0.2028717192636529
0.33713385462760925,0.21992613187639362,0.11720772275121563
0.3011672794818878,0.31789058113821034,-0.01672330165632252
0.0667315423488617,0.37977066324032516,-0.31303912089146346
0.3820241391658783,0.1985168553266127,0.1835072838392656
0.045770205557346344,0.34934291124092964,-0.3035727056835833
0.34004920721054077,0.22356111163851267,0.1164880955720281
0.2499290406703949,0.2654766501629109,-0.01554760949251599
0.2738475203514099,0.26147356515775866,0.012373955193651254
0.4447095990180969,0.29822755990750416,0.14648203911059277
0.18752047419548035,0.2597296230577079,-0.07220914886222757
0.1951327919960022,0.3206810628807778,-0.1255482708847756
0.1252843141555786,0.3289251072439824,-0.20364079308840377
0.3291192054748535,0.19804209434212303,0.1310771111327305
0.40404605865478516,0.20408898572284392,0.19995707293194123
0.2802216112613678,0.2699211409916194,0.010300470269748396
0.06341911107301712,0.22754664368147517,-0.16412753260845805
0.2864494025707245,0.3125946662330703,-0.02614526366234582
0.31392067670822144,0.258714530990748,0.055206145717473454
0.39160093665122986,0.2930097502895817,0.09859118636164815
0.23949016630649567,0.2888196310010448,-0.04932946469454913
0.04822579771280289,0.19606187036755982,-0.14783607265475693
0.199302077293396,0.26497581190789915,-0.06567373461450315
0.16185693442821503,0.2736567003220802,-0.1117997658938652
0.046047113835811615,0.2239666421551396,-0.17791952831932797
0.6363605856895447,0.21378223110086444,0.4225783545886802
0.4258328974246979,0.30550640385414984,0.12032649357054803
0.06583290547132492,0.2637580172290383,-0.19792511175771338
0.08042538166046143,0.3419944486550569,-0.2615690669945955
0.38156434893608093,0.223979919221773,0.15758442971430794
0.3288004994392395,0.28768519519199076,0.04111530424724874
0.30109935998916626,0.2869139540275882,0.01418540596157808
0.1058015525341034,0.21329155822630969,-0.10749000569220629
0.3580115735530853,0.20384398182182423,0.1541675917312611
0.3516322672367096,0.20862712567230768,0.14300514156440192
0.19731147587299347,0.21794106745301234,-0.02062959158001887
0.4214859902858734,0.3576981986817914,0.06378779160408199
0.11879528313875198,0.15701270859573646,-0.03821742545698448
0.3639938235282898,0.2321981882751336,0.13179563525315618
0.13997605443000793,0.2413999636258452,-0.10142390919583727
0.20402516424655914,0.291396748806827,-0.08737158456026783
0.1533459573984146,0.3181238580240503,-0.1647779006256357
0.08200322836637497,0.2799633061257965,-0.19796007775942154
0.2736855745315552,0.1844479762954665,0.08923759823608868
0.24133969843387604,0.2943594487215623,-0.05301975028768624
0.017818273976445198,0.2981562519866556,-0.2803379780102104
0.13497605919837952,0.24087285451308404,-0.10589679531470453
0.22017982602119446,0.21160763990630296,0.008572186114891495
0.08229580521583557,0.24753942189958061,-0.16524361668374504
0.4233720898628235,0.3659691827364232,0.05740290712640028
0.2548193037509918,0.2532399765911358,0.0015793271598560366
0.21758316457271576,0.25608749076808485,-0.03850432619536909
0.5952999591827393,0.25684505166028126,0.338454907522458
0.12332506477832794,0.23003961987769017,-0.10671455509936223
0.5536855459213257,0.36826674645918855,0.18541879946213713
0.23789142072200775,0.20425925523550265,0.033632165486505106
0.43462905287742615,0.3044873129209048,0.13014173995652134
0.45495298504829407,0.18789474893301,0.26705823611528406
0.14263322949409485,0.22768628306733693,-0.08505305357324208
0.32841169834136963,0.24244896623669437,0.08596273210467525
0.040104493498802185,0.26560582072838373,-0.22550132722958155
0.742058515548706,0.3409506889872649,0.40110782656144117
0.285715788602829,0.1959287912005487,0.08978699740228027
0.4732810854911804,0.19776266169376752,0.27551842379741287
0.35422152280807495,0.25503354699921416,0.0991879758088608
0.01929989643394947,0.196474158448262,-0.17717426201431252
0.11249738931655884,0.23134891822687795,-0.11885152891031911
0.48168233036994934,0.28445280036704435,0.197229530002905
0.35464996099472046,0.2041623342275026,0.15048762676721786
0.21273772418498993,0.29157993464885446,-0.07884221046386453
0.1113584116101265,0.24378783775260932,-0.13242942614248282
0.28521421551704407,0.37147587553996286,-0.0862616600229188
0.04240334406495094,0.16985459951553591,-0.12745125545058497
0.1415778547525406,0.29626807434532504,-0.15469021959278445
0.26855799555778503,0.23488833730326472,0.03366965825452031
0.1950574666261673,0.1871680281252326,0.007889438500934709
0.07990595698356628,0.1478083673866617,-0.06790241040309541
0.02909090928733349,0.16647291821262963,-0.13738200892529615
0.018192267045378685,0.2460089781801667,-0.22781671113478802
0.0853814035654068,0.24018785004869797,-0.15480644648329117
0.2325914353132248,0.31681740856346613,-0.08422597325024134
0.30426332354545593,0.22674382278469574,0.0775195007607602
0.2598746120929718,0.2501982825366649,0.009676329556306928
0.6645768284797668,0.21037064916471387,0.45420617931505297
0.029728317633271217,0.2330420352622515,-0.2033137176289803
0.06974921375513077,0.26600565794162906,-0.1962564441864983
0.2671368718147278,0.2830520991767721,-0.015915227362044315
0.040104493498802185,0.23508520462599566,-0.19498071112719348
0.08832810819149017,0.26096159593356905,-0.17263348774207887
0.432246595621109,0.24001615848993632,0.1922304371311727
0.10523510724306107,0.2916916240313394,-0.18645651678827835
0.4829362630844116,0.3098309872978682,0.17310527578654344
0.025120167061686516,0.22279968538083886,-0.19767951831915234
0.43602925539016724,0.2710536976178695,0.16497555777229772
0.5455381274223328,0.19072909952561548,0.3548090278967173
0.028349006548523903,0.2513207548516053,-0.22297174830308142
0.03772204741835594,0.19643814188488318,-0.15871609446652724
0.37838035821914673,0.22987705513570536,0.14850330308344137
0.568432629108429,0.35910120807332013,0.20933142103510882
0.1725182831287384,0.2156089468861919,-0.04309066375745349
0.497001051902771,0.31081199505904433,0.18618905684372666
0.020553814247250557,0.20435301933274602,-0.18379920508549547
0.0032183907460421324,0.2590977549689535,-0.25587936422291135
0.43739810585975647,0.23562413525776238,0.2017739706019941
0.7462382316589355,0.22361342689605135,0.5226248047628842
0.5573249459266663,0.2559909144060785,0.30133403152058774
0.5741170048713684,0.2405990377770018,0.3335179670943666
0.5943364500999451,0.2885949858285498,0.30574146427139526
0.37718912959098816,0.24698569604057632,0.13020343355041183
0.033343784511089325,0.18556502905024572,-0.1522212445391564
0.658328115940094,0.37092333087368856,0.28740478506640543
0.5764681100845337,0.27588052666970425,0.30058758341482944
0.11058516055345535,0.29043871478159355,-0.1798535542281382
0.21469174325466156,0.29290630229849823,-0.07821455904383667
0.4613688588142395,0.3188499492086553,0.14251890960558422
0.0695088803768158,0.2339008856528634,-0.1643920052760476
0.2679101228713989,0.2536686030770416,0.014241519794357338
0.2822570502758026,0.24854803507923307,0.03370901519656955
0.1625705361366272,0.201344184229705,-0.03877364809307779
0.04373040795326233,0.15998853328683207,-0.11625812533356975
0.25443050265312195,0.2077784411662458,0.046652061486876145
0.2735632061958313,0.35454973437830956,-0.08098652818247826
0.11875653266906738,0.23086785696464887,-0.11211132429558149
0.21508881449699402,0.2691637813810452,-0.05407496688405117
0.07438871264457703,0.24227562789362217,-0.16788691524904514
0.4609404504299164,0.24605120013084242,0.21488925029907396
0.13961337506771088,0.3034126373406715,-0.1637992622729606
0.18141065537929535,0.35594005961299335,-0.174529404233698
0.24205851554870605,0.2610250914564522,-0.01896657590774614
0.6585893630981445,0.2594874157373879,0.3991019473607566
0.44809821248054504,0.3221628638984915,0.12593534858205352
0.6782758831977844,0.33673869505126525,0.3415371881465192
0.6557680368423462,0.3101142211417651,0.34565381570058107
0.3490073084831238,0.18611134803698268,0.1628959604461411
0.35955068469047546,0.22947335824597556,0.1300773264444999
0.4853500425815582,0.2486656544295492,0.23668438815200904
0.4553605020046234,0.28340979140253625,0.17195071060208716
0.06589341908693314,0.17182194901461925,-0.10592852992768612
0.7894148230552673,0.2537083230641222,0.5357064999911452
0.041546501219272614,0.24225463350844384,-0.20070813228917123
0.1792580932378769,0.3352745880963711,-0.15601649485849423
0.3289341628551483,0.20904127811506854,0.11989288474007978
0.4987669885158539,0.3203597181694764,0.1784072703463775
0.17426332831382751,0.29614182591349186,-0.12187849759966435
0.6640125513076782,0.3329873891418882,0.33102516216579003
0.5533751249313354,0.27716844512973915,0.2762066798015963
0.32289445400238037,0.23426471577752508,0.08862973822485529
0.32276907563209534,0.29797107912942855,0.024797996502666786
0.7260919809341431,0.22560624851850658,0.5004857324156364
0.4464472234249115,0.30386511653803483,0.14258210688687667
0.7167606949806213,0.15496789387360457,0.5617928011070168
0.327899694442749,0.1456606529843452,0.18223904145840383
0.46954023838043213,0.29541613588959736,0.17412410249083476
0.09403343498706818,0.24875600652080743,-0.15472257153373925
0.41463950276374817,0.2204738013645298,0.19416570139921838
0.24222570657730103,0.2575892107147397,-0.0153635041374387
0.18542319536209106,0.17603377053427902,0.009389424827812048
0.37017762660980225,0.242821875912888,0.12735575069691424
0.19104492664337158,0.25773679258645354,-0.06669186594308196
0.12597700953483582,0.3222327801340291,-0.1962557705991933
0.35978055000305176,0.22179040374384143,0.13799014625921033
0.3421003222465515,0.36134868208211823,-0.01924835983556672
0.03696969524025917,0.3232322136886025,-0.28626251844834333
0.32721003890037537,0.2653778708447553,0.061832168055620085
0.011452456004917622,0.2158565002207726,-0.20440404421585498
0.5872204899787903,0.2786310422616491,0.3085894477171412
0.17952978610992432,0.28900565408482154,-0.10947586797489722
0.19868338108062744,0.2772839041358101,-0.07860052305518267
0.27732497453689575,0.32128808426489175,-0.043963109727996
0.4543364644050598,0.35077075226363785,0.10356571214142196
0.06293626129627228,0.2273661155906277,-0.16442985429435542
0.532957136631012,0.2369606085710131,0.2959965280599989
0.010010449215769768,0.23293903443024794,-0.22292858521447817
0.48760709166526794,0.2802356422162418,0.20737144944902614
0.09473354369401932,0.20112882810857893,-0.10639528441455962
0.22006270289421082,0.20575429986696583,0.014308403027244981
0.47889238595962524,0.36094941844537376,0.11794296751425148
0.05542319640517235,0.23440730974363402,-0.17898411333846168
0.1780041754245758,0.2974552082472551,-0.11945103282267927
0.4342319667339325,0.22744356556497988,0.2067884011689526
0.6649425029754639,0.3249503125665768,0.33999219040888706
0.13049112260341644,0.2589777642809064,-0.12848664167748997
0.32384535670280457,0.28506624256830326,0.0387791141345013
0.02137931063771248,0.24713160493740888,-0.2257522942996964
0.5531243681907654,0.2558386834277063,0.29728568476305905
0.054649949073791504,0.3074290376385206,-0.2527790885647291
0.14365726709365845,0.3552002535935195,-0.21154298649986103
0.19267964363098145,0.25655516273057677,-0.06387551909959532
0.12483980506658554,0.18291384242272465,-0.05807403735613911
0.13510911166667938,0.16507963568847492,-0.029970524021795536
0.07981368899345398,0.3157979670563493,-0.23598427806289535
0.08962559700012207,0.2897714288493944,-0.20014583184927232
0.13616448640823364,0.18594933951844064,-0.049784853110207
0.10531525313854218,0.1892023115149872,-0.08388705837644503
0.0858742892742157,0.17850300427971627,-0.09262871500550057
0.11014284193515778,0.26239089091282625,-0.15224804897766847
0.12230062484741211,0.20728959362104832,-0.08498896877363621
0.13606759905815125,0.29626674579217177,-0.16019914673402053
0.15425749123096466,0.2665411277107022,-0.11228363647973755
0.15566815435886383,0.2798239766285683,-0.12415582226970445
0.12227972596883774,0.3753926563792743,-0.2531129304104366
0.13906417787075043,0.22490558229586474,-0.08584140442511431
0.09154827147722244,0.22912496485282022,-0.13757669337559778
0.1397068202495575,0.23120748283134726,-0.09150066258178977
0.06338735669851303,0.21423846499380214,-0.1508511082952891
0.13605192303657532,0.26196609080549865,-0.12591416776892334
0.06511671841144562,0.23865540977842278,-0.17353869136697717
0.09230584651231766,0.2952158646779206,-0.20291001816560295
0.1780216246843338,0.2405539022692933,-0.0625322775849595
0.15104147791862488,0.321455335571881,-0.17041385765325612
0.20293043553829193,0.26212307837145465,-0.05919264283316272
0.1367206871509552,0.26076886412943523,-0.12404817697848003
0.15756992995738983,0.1780257404348418,-0.020455810477451958
0.08675725758075714,0.18253812734250904,-0.0957808697617519
0.13326196372509003,0.17250157268878175,-0.03923960896369172
0.19961515069007874,0.31786063719053204,-0.1182454865004533
0.24073322117328644,0.27661907959217374,-0.035885858418887306
0.14317956566810608,0.28201663159822876,-0.13883706593012268
0.24391266703605652,0.29859161082996855,-0.05467894379391203
0.0896046981215477,0.21719008989869878,-0.12758539177715109
0.12332465499639511,0.2255791539104334,-0.10225449891403829
0.23546676337718964,0.2176588384200388,0.017807924957150834
0.23878204822540283,0.22471878963133468,0.014063258594068151
0.10131316632032394,0.31024154084603583,-0.2089283745257119
0.21977581083774567,0.22163169557258144,-0.0018558847348357776
0.20670370757579803,0.16898758938174938,0.03771611819404866
0.13149994611740112,0.1585098341088945,-0.02700988799149337
0.13390327990055084,0.24761525681908733,-0.11371197691853649
0.11270161718130112,0.2250591866539113,-0.11235756947261019
0.13126416504383087,0.19183467359743583,-0.06057050855360496
0.12051770836114883,0.19579355729559955,-0.07527584893445072
0.12838537991046906,0.31100612688480656,-0.1826207469743375
0.2558886706829071,0.1954605987653178,0.06042807191758931
0.11157242208719254,0.2844599103516173,-0.17288748826442474
0.11018332839012146,0.17725735172231447,-0.067074023332193
0.12912794947624207,0.1796929589669158,-0.050565009490673746
0.06518266350030899,0.17595894368718848,-0.11077628018687949
0.23544979095458984,0.17793493481580977,0.057514856138780074
0.186390221118927,0.24495307892364965,-0.058562857804722646
0.15550203621387482,0.17864976811090952,-0.0231477318970347
0.10951457172632217,0.19731215548940448,-0.0877975837630823
0.07578349858522415,0.17675599935884764,-0.10097250077362349
0.27070578932762146,0.16855031255502095,0.1021554767726005
0.10957726836204529,0.2529546405035674,-0.14337737214152213
0.2059931457042694,0.2968948937344411,-0.0909017480301717
0.17386148869991302,0.27883999000424115,-0.10497850130432812
0.12550659477710724,0.19129877311116839,-0.06579217833406115
0.2842899262905121,0.12714874305331927,0.1571411832371928
0.13113421201705933,0.3133337054450347,-0.18219949342797537
0.0794094130396843,0.22646084237249306,-0.14705142933280876
0.13974446058273315,0.1989807391225907,-0.05923627853985755
0.08658287674188614,0.1884971813572492,-0.10191430461536305
0.09232477843761444,0.16520657319238138,-0.07288179475476694
0.15116555988788605,0.2518609089565707,-0.10069534906868466
0.2351154088973999,0.2219638421744493,0.013151566722950592
0.17113421857357025,0.19341863809953716,-0.02228441952596691
0.13023558259010315,0.17254835872238158,-0.042312776132278435
0.0992683470249176,0.18287282300165417,-0.08360447597673656
0.1525866687297821,0.2007680306773834,-0.04818136194760131
0.08331223577260971,0.17302260968015817,-0.08971037390754846
0.18161489069461823,0.34512124765468755,-0.16350635696006932
0.10736200958490372,0.1970876052536142,-0.0897255956687105
0.10091934353113174,0.26464775445897426,-0.16372841092784252
0.14196427166461945,0.2481433212883108,-0.10617904962369135
0.1594623327255249,0.20625110177018258,-0.046788769044657674
0.11918019503355026,0.2455418618729759,-0.12636166683942562
0.13866817951202393,0.22874018140269034,-0.09007200189066641
0.13015198707580566,0.22995756248059707,-0.0998055754047914
0.2100265920162201,0.1555712115712104,0.05445538044500969
0.25746649503707886,0.1711658657901686,0.08630062924691026
0.14814570546150208,0.21371087180373913,-0.06556516634223705
0.2596295177936554,0.23394138724780641,0.02568813054584898
0.16039231419563293,0.20627890265551763,-0.04588658845988469
0.19094613194465637,0.22977528787139098,-0.03882915592673461
0.3112178146839142,0.1959048753039939,0.11531293937992029
0.12044455856084824,0.22256729078053156,-0.10212273221968332
0.12043411284685135,0.23028819966792027,-0.10985408682106892
0.1463693231344223,0.22079584947634873,-0.07442652634192642
0.18686044216156006,0.2097849200584553,-0.02292447789689525
0.17437350749969482,0.14757103375679476,0.026802473742900068
0.12333902716636658,0.25956288114759307,-0.1362238539812265
0.2764424681663513,0.24796926521923723,0.028473202947114085
0.19062219560146332,0.23484598945411336,-0.044223793852650045
0.16953547298908234,0.24453756106836355,-0.07500208807928122
0.16265392303466797,0.31689477421900414,-0.15424085118433617
0.1709611415863037,0.24900712598275224,-0.07804598439644853
0.14341217279434204,0.2507477930626112,-0.10733562026826915
0.1143944039940834,0.2776970417432822,-0.1633026377491988
0.23425856232643127,0.14062623901052856,0.09363232331590271
0.22146859765052795,0.22514549319205912,-0.0036768955415311666
0.190193772315979,0.22823446011324636,-0.03804068779726735
0.1416560262441635,0.275096593364618,-0.1334405671204545
0.11657831072807312,0.25782359291098594,-0.14124528218291282
0.18044456839561462,0.15402581990703343,0.026418748488581195
0.0912955179810524,0.28305633860769364,-0.19176082062664124
0.2362961769104004,0.2702853515512738,-0.03398917464087342
0.1501728743314743,0.2507219785348645,-0.1005491042033902
0.11651561409235,0.24811744076861328,-0.13160182667626327
0.127853125333786,0.2587605383037877,-0.1309074129700017
0.17741425335407257,0.2091608841380375,-0.03174663078396492
0.1511237621307373,0.23865710794977357,-0.08753334581903627
0.18546023964881897,0.21524532840809782,-0.02978508875927885
0.1940704733133316,0.21950124074866226,-0.025430767435330653
0.1104961410164833,0.20642120813260878,-0.09592506711612547
0.2695145606994629,0.18827968373236093,0.08123487696710197
0.2081875056028366,0.13358849659231356,0.07459900901052305
0.1147601306438446,0.15433321254684115,-0.03957308190299655
0.2234121710062027,0.19520511750589556,0.02820705350030714
0.3061080873012543,0.2332540980036777,0.07285398929757658
0.08851077407598495,0.11639597612704564,-0.02788520205106068
0.1699325442314148,0.2805695702950939,-0.11063702606367909
0.10250307619571686,0.1842706923830564,-0.08176761618733955
0.1559297889471054,0.22387362799702357,-0.06794383904991816
0.24137455224990845,0.2259234871020229,0.015451065147885551
0.20771728456020355,0.26445885479248066,-0.056741570232277105
0.18945187330245972,0.24389602378938707,-0.054444150486927356
0.14560653269290924,0.1437528304993752,0.0018537021935340348
0.11858458071947098,0.35443553797750615,-0.23585095725803518
0.15750829875469208,0.1796460150898722,-0.022137716335180135
0.12612898647785187,0.1616902880415802,-0.03556130156372833
0.12332857400178909,0.20411893970199957,-0.08079036570021048
0.21076849102973938,0.14596601562551575,0.06480247540422363
0.107957623898983,0.10800696873648596,-4.934483750296259e-05
0.10808301717042923,0.21556694511578667,-0.10748392794535744
0.1958991140127182,0.22638394907509843,-0.030484835062380228
0.10423766821622849,0.24911745320344236,-0.14487978498721388
0.17443619668483734,0.17112111600995655,0.003315080674880788
0.1462850719690323,0.24883660967957252,-0.10255153771054024
0.15099836885929108,0.27994175260991205,-0.12894338375062098
0.255130410194397,0.24693488906054092,0.008195521133856049
0.10807256400585175,0.274646155464814,-0.16657359145896228
0.1237093135714531,0.2835935266352351,-0.15988421306378203
0.24841739237308502,0.20525258254245318,0.04316480983063184
0.17589910328388214,0.20190916510009654,-0.026010061816214403
0.11482738703489304,0.1975318327212836,-0.08270444568639057
0.1716044396162033,0.18810521358598703,-0.016500773969783722
0.15531393885612488,0.17773255111962905,-0.022418612263504167
0.3018970191478729,0.21302576308576954,0.08887125606210339
0.1091279461979866,0.17866789720846082,-0.06953995101047422
0.21049681305885315,0.22922027775628445,-0.018723464697431302
0.10632752627134323,0.15024488657993337,-0.04391736030859014
0.1283755898475647,0.2568479962030309,-0.1284724063554662
0.16325542330741882,0.2500427398597943,-0.08678731655237548
0.14503180980682373,0.23445328156063502,-0.0894214717538113
0.17418542504310608,0.2775202452994538,-0.10333482025634771
0.12482282519340515,0.18836072966817688,-0.06353790447477173
0.16974446177482605,0.15200219478081645,0.017742266994009603
0.1691906452178955,0.19099053476367953,-0.021799889545784018
0.20157308876514435,0.17844627998518928,0.02312680877995507
0.07210534065961838,0.1430437138600475,-0.07093837320042912
0.3145197927951813,0.22046744731882345,0.09405234547635782
0.23004749417304993,0.27428416859071186,-0.044236674417661936
0.14461840689182281,0.19692975040448268,-0.05231134351265987
0.1480516642332077,0.19743247170758355,-0.04938080747437584
0.09551704674959183,0.266625362548475,-0.1711083157988832
0.10278976708650589,0.21855415075248072,-0.11576438366597483
0.13434672355651855,0.3407259222283856,-0.20637919867186705
0.1531091332435608,0.2352515895958932,-0.08214245635233242
0.20153585076332092,0.15853348664306188,0.04300236412025904
0.16484372317790985,0.17241792958324542,-0.007574206405335571
0.26301509141921997,0.19791473991030226,0.06510035150891771
0.16841739416122437,0.2430732034192664,-0.07465580925804202
0.1937883496284485,0.3144060314285141,-0.1206176818000656
0.1583174616098404,0.25996793919937483,-0.10165047758953444
0.1923770159482956,0.28287740595972644,-0.09050039001143084
0.2037256509065628,0.1477929356992421,0.05593271520732071
0.15978625416755676,0.3096754637096278,-0.14988920954207102
0.11325542628765106,0.14929189485812633,-0.036036468570475266
0.15035051107406616,0.1647082591450361,-0.014357748070969928
0.24584686756134033,0.2317537272133352,0.014093140348005129
0.36004748940467834,0.27042829702762744,0.0896191923770509
0.18048636615276337,0.20996595730042958,-0.029479591147666212
0.12188656628131866,0.2608799783905906,-0.1389934121092719
0.1462230384349823,0.21479363266087995,-0.06857059422589765
0.22252397239208221,0.20009049059901363,0.022433481793068588
0.1859513521194458,0.20945097696210563,-0.023499624842659828
0.12700673937797546,0.3751563996033267,-0.24814966022535123
0.13709032535552979,0.20750267325842695,-0.07041234790289716
0.11111331731081009,0.2791499283423271,-0.168036611031517
0.1903400719165802,0.21738140039542117,-0.02704132847884097
0.17974445223808289,0.23036618081800403,-0.050621728579921144
0.5146994590759277,0.33696687053275853,0.1777325885431692
0.6031317710876465,0.22808863870274715,0.37504313238489934
0.28282350301742554,0.24446660099088002,0.038356902026545514
0.33624565601348877,0.21489009624923075,0.12135555976425802
0.5489311218261719,0.2967213001493331,0.25220982167683875
0.5368360280990601,0.26034502392180375,0.2764910041772563
0.04874303936958313,0.19152578403093196,-0.14278274466134883
0.0699133649468422,0.2362278894086029,-0.1663145244617607
0.06548807770013809,0.20457576381698203,-0.13908768611684394
0.37359675765037537,0.21723398976939345,0.1563627678809819
0.28471481800079346,0.23956739323070347,0.04514742477008998
0.27484020590782166,0.26157607216107054,0.013264133746751117
0.4546416699886322,0.27284359765590677,0.18179807233272544
0.03212861716747284,0.21748773605647073,-0.1853591188889979
0.061470311135053635,0.19813278309860807,-0.13666247196355444
0.11963645368814468,0.27649657250774834,-0.15686011881960366
0.2772331237792969,0.23834408395137024,0.03888903982792663
0.3940199315547943,0.2688633782932464,0.1251565532615479
0.4846782386302948,0.30761219602078615,0.17706604260950864
0.27073362469673157,0.2547009609014387,0.01603266379529289
0.10929162800312042,0.25370002670570724,-0.14440839870258682
0.17184647917747498,0.2750332108068765,-0.1031867316294015
0.06493426114320755,0.2266028667487701,-0.16166860560556254
0.39994993805885315,0.23760204417035996,0.1623478938884932
0.46485066413879395,0.35976670881729145,0.1050839553215025
0.20717564225196838,0.32684849112641345,-0.11967284887444507
0.27091649174690247,0.16939851730463404,0.10151797444226843
0.24741074442863464,0.2806736067133426,-0.033262862284707984
0.4347722828388214,0.3254697398608475,0.10930254297797393
0.11515369266271591,0.17863058837012347,-0.06347689570740755
0.1704723984003067,0.23910720176317246,-0.06863480336286576
0.05196142941713333,0.2477053211478964,-0.19574389173076306
0.1984504610300064,0.29755889117763235,-0.09910843014762594
0.05941179394721985,0.24598718993539828,-0.18657539598817843
0.7095319628715515,0.2991872942443821,0.4103446686271694
0.03950061276555061,0.23782070166829308,-0.19832008890274247
0.05344000831246376,0.24832821292717194,-0.19488820461470818
0.38611504435539246,0.2878494264899949,0.09826561786539756
0.11346612870693207,0.27990639910406817,-0.1664402703971361
0.47340866923332214,0.2575808121940318,0.21582785703929036
0.6898715496063232,0.2419219926836487,0.4479495569226746
0.15996038913726807,0.2479064405963573,-0.08794605145908924
0.2886072099208832,0.2754075538928215,0.013199656028061668
0.09903562068939209,0.23125273436967247,-0.13221711368028038
0.32004398107528687,0.22150944246521154,0.09853453861007533
0.3055873513221741,0.2791763057073546,0.026411045614819495
0.5827764868736267,0.2775536302066834,0.3052228566669433
0.2825047969818115,0.3485108074202674,-0.06600601043845589
0.07891545444726944,0.2082805731122563,-0.12936511866498687
0.437865287065506,0.3317154556949133,0.1061498313705927
0.11307428032159805,0.2582552260370934,-0.14518094571549534
0.4314807653427124,0.2584650004105514,0.17301576493216098
0.373163104057312,0.3808767769853564,-0.007713672928044368
0.3748036324977875,0.27348331438387413,0.10132031811391334
0.5453522205352783,0.27211582611509855,0.2732363944201798
0.18030521273612976,0.1947948377150437,-0.014489624978913929
0.4000544250011444,0.3602000458833301,0.03985437911781431
0.4507075250148773,0.2324531166345866,0.21825440838029073
0.2438214123249054,0.26108108422992354,-0.017259671905018148
0.13856540620326996,0.1959650328256221,-0.05739962662235215
0.4235549569129944,0.20626683184498504,0.21728812506800935
0.07208681851625443,0.22083470734942606,-0.14874788883317164
0.680550754070282,0.2073479682895597,0.4732027857807223
0.023481804877519608,0.21564907523581492,-0.1921672703582953
0.20520594716072083,0.2490070510714817,-0.043801103910760864
0.23657479882240295,0.2712033540627364,-0.034628555240333425
0.4357493221759796,0.3102209708788086,0.125528351297171
0.5252372622489929,0.2800532207310356,0.2451840415179573
0.5280585885047913,0.24088323035780523,0.287175358146986
0.2747096121311188,0.2993095477116541,-0.024599935580535304
0.2225622683763504,0.2971266678651223,-0.07456439948877192
0.18807950615882874,0.3123920182253823,-0.12431251206655358
0.4684138894081116,0.33306353920303206,0.13535035020507952
0.31511190533638,0.2722368125298717,0.04287509280650831
0.5522905588150024,0.22721183886183446,0.32507871995316795
0.451663613319397,0.24837703412278234,0.20328657919661464
0.09040970355272293,0.18582147769131568,-0.09541177413859275
0.36675766110420227,0.3121836750820878,0.054573986022114496
0.37688305974006653,0.20446768348937164,0.1724153762506949
0.03371691331267357,0.20959194053679905,-0.17587502722412549
0.21467825770378113,0.280246067780593,-0.0655678100768119
0.06363854557275772,0.24405621896630764,-0.18041767339354992
0.07060302048921585,0.2792547195278322,-0.20865169903861636
0.28188827633857727,0.3067764231468894,-0.02488814680831214
0.20911921560764313,0.22960648694963975,-0.020487271341996627
0.17236372828483582,0.19873084281321277,-0.02636711452837695
0.4326876699924469,0.29846768334897333,0.13421998664347357
0.4994170069694519,0.3344905144292494,0.16492649254020253
0.12126132100820541,0.20588119034938837,-0.08461986934118296
0.5653887987136841,0.22911394072079685,0.33627485799288725
0.4154619574546814,0.2855272734340903,0.1299346840205911
0.2632623612880707,0.2584931735021786,0.004769187785892082
0.29939088225364685,0.16562611281239165,0.1337647694412552
0.41178378462791443,0.3441321667620939,0.06765161786582052
0.3937273621559143,0.21230806983589687,0.18141929232001744
0.1816374957561493,0.26046592280591474,-0.07882842704976545
0.5952529907226562,0.21935642100226968,0.37589656972038654
0.520247757434845,0.20453445849446578,0.3157132989403792
0.3783773183822632,0.2392761045075694,0.1391012138746938
0.756203830242157,0.3445768736740433,0.41162695656811366
0.200717955827713,0.3207064512758583,-0.11998849544814527
0.2224995642900467,0.3096271207060248,-0.08712755641597814
0.3302268385887146,0.2540929208597805,0.07613391772893408
0.4191087782382965,0.40241538776190466,0.016693390476391845
0.12016414850950241,0.21679406973659107,-0.09662992122708866
0.05151733383536339,0.3018330338640781,-0.2503157000287147
0.2470293492078781,0.33443465281003626,-0.08740530360215815
0.3327398896217346,0.4110772025332069,-0.07833731291147228
0.2429436594247818,0.3282909603068477,-0.08534730088206588
0.21194052696228027,0.2399529481580832,-0.02801242119580294
0.3947722911834717,0.372902028677531,0.021870262505940707
0.37296977639198303,0.20955100549950964,0.1634187708924734
0.16464167833328247,0.2137656733345887,-0.049123995001306237
0.09794366359710693,0.2861365739498805,-0.18819291035277358
0.243408665060997,0.1946838869397045,0.0487247781212925
0.5456709265708923,0.2928911121601178,0.2527798144107745
0.01650688424706459,0.35626876181214984,-0.33976187756508525
0.033345963805913925,0.20730118244182474,-0.17395521863591082
0.30667930841445923,0.27745799092971546,0.02922131748474377
0.28152257204055786,0.24662674439210985,0.03489582764844801
0.383450448513031,0.3791046056018518,0.004345842911179232
0.14487679302692413,0.277266435396495,-0.13238964236957085
0.21281827986240387,0.28437025692355916,-0.07155197706115529
0.38791754841804504,0.3133215974699167,0.07459595094812832
0.0787273645401001,0.22658710253184383,-0.14785973799174373
0.42630311846733093,0.2509998417942408,0.17530327667309015
0.3890460729598999,0.31755067185632,0.07149540110357988
0.4328444004058838,0.2429133709534786,0.1899310294524052
0.7093752026557922,0.27431440439445737,0.43506079826133487
0.1326563060283661,0.22041680753431456,-0.08776050150594847
0.4363919496536255,0.2358223759633206,0.2005695736903049
0.18512235581874847,0.17509700044372498,0.010025355375023498
0.40781304240226746,0.23882626221475775,0.1689867801875097
0.19745254516601562,0.22811444724655136,-0.030661902080535736
0.3232153356075287,0.2990816484740608,0.024133687133467863
0.1889520287513733,0.20640885864831765,-0.01745682989694436
0.3029070794582367,0.2807119533474087,0.022195126110827967
0.5594170093536377,0.28946464340723294,0.26995236594640476
0.2468099147081375,0.26053104830290286,-0.013721133594765345
0.14124564826488495,0.2614930017609415,-0.12024735349605653
0.44606801867485046,0.3606654249454805,0.08540259372936998
0.3896207809448242,0.24236998056233394,0.14725080038249028
0.47036269307136536,0.28107204130904223,0.18929065176232313
0.34426549077033997,0.34408156489441966,0.00018392587592030996
0.4162299633026123,0.23633844317235425,0.17989152013025805
0.07927072793245316,0.19841926475080177,-0.11914853681834861
0.19189873337745667,0.27483154638458074,-0.08293281300712407
0.4638684391975403,0.2156106055555431,0.2482578336419972
0.3421233892440796,0.2771538007541929,0.06496958848988671
0.4367733299732208,0.28850104963377404,0.14827228033944678
0.40686216950416565,0.1814536672736284,0.22540850223053724
0.17864899337291718,0.2646208052963266,-0.08597181192340941
0.1688997745513916,0.18046976676060933,-0.011569992209217728
0.32694053649902344,0.3744940957690269,-0.04755355927000349
0.024312525987625122,0.2537188249649254,-0.2294062989773003
0.22787052392959595,0.27169385666883905,-0.043823332739243104
0.26766154170036316,0.18715808644449985,0.0805034552558633
0.3209478557109833,0.22250148210325285,0.09844637360773043
0.06918713450431824,0.16604588779903764,-0.09685875329471941
0.155686616897583,0.24825288771561932,-0.09256627081803631
0.09907218813896179,0.20097699463290072,-0.10190480649393893
0.06758838891983032,0.21002982199562548,-0.14244143307579515
0.5602529644966125,0.24405023841293344,0.3162027260836791
0.17224878072738647,0.18565543583717334,-0.013406655109786864
0.3600910007953644,0.26921403332192084,0.09087696747344354
0.37761449813842773,0.24825681506404107,0.12935768307438666
0.5589938163757324,0.33917812286963955,0.21981569350609287
0.10743165016174316,0.36287168548789195,-0.2554400353261488
0.22133968770503998,0.3005342759440395,-0.0791945882389995
0.4071233868598938,0.27317307413254527,0.13395031272734853
0.06342433393001556,0.27060560768561115,-0.20718127375559559
0.05601054057478905,0.25928675963230624,-0.2032762190575172
0.42091649770736694,0.29944459640030807,0.12147190130705887
0.17176289856433868,0.38088595765250943,-0.20912305908817075
0.28426551818847656,0.3192295737104861,-0.03496405552200954
0.6246469020843506,0.34566413146341735,0.27898277062093324
0.21083290874958038,0.20464201236442767,0.0061908963851527166
0.1868673861026764,0.2340562805645757,-0.047188894461899306
0.33331984281539917,0.30372344160777764,0.029596401207621525
0.015388806350529194,0.1673960434391276,-0.1520072370885984
0.1808329075574875,0.1797096835821231,0.0011232239753643791
0.1490408480167389,0.20537941326903558,-0.05633856525229669
0.13501262664794922,0.3133711408360417,-0.17835851418809245
0.4906552731990814,0.35115703040016116,0.13949824279892026
0.5098820328712463,0.22979799548208912,0.2800840373891572
0.4425988495349884,0.2899676393468034,0.15263121018818498
0.4162822365760803,0.1940438296577971,0.22223840691828323
0.4894692599773407,0.24959318557682186,0.23987607440051884
0.18172632157802582,0.32618126473893544,-0.14445494316090962
0.1477242261171341,0.24831437176329732,-0.10059014564616323
0.1251954883337021,0.2440869824156596,-0.11889149408195751
0.0820188969373703,0.2413930756444269,-0.1593741787070566
0.17715473473072052,0.3055874173824208,-0.12843268265170027
0.0631004050374031,0.25369032315059714,-0.19058991811319403
0.07307950407266617,0.2797506197475903,-0.20667111567492413
0.32231149077415466,0.300020468046327,0.02229102272782768
0.26963645219802856,0.21162347897297226,0.0580129732250563
0.4123898446559906,0.22900784609490396,0.18338199856108664
0.22217564284801483,0.2581178641186326,-0.03594222127061775
0.03558211773633957,0.28712781073086285,-0.2515456929945233
0.46220698952674866,0.21729449414824034,0.24491249537850832
0.22606800496578217,0.23407367045608368,-0.008005665490301517
0.16786529123783112,0.3125259580244577,-0.1446606667866266
0.18692485988140106,0.2155706298187591,-0.02864576993735804
0.4670293629169464,0.30462399075928637,0.16240537215766004
0.2182571440935135,0.1925228528204974,0.025734291273016102
0.06034700945019722,0.26458582897774785,-0.20423881952755063
0.3201850354671478,0.2531111155741243,0.06707391989302353
0.19104188680648804,0.1856964838878268,0.0053454029186612295
0.33061346411705017,0.23492987668786539,0.09568358742918479
0.2946573495864868,0.28462833769645374,0.01002901189003308
0.28628745675086975,0.2701505144780958,0.016136942272773958
0.5159687399864197,0.3042493993684108,0.2117193406180089
0.286073237657547,0.29172289729449513,-0.0056496596369481344
0.30285266041755676,0.27900575070945854,0.02384690970809822
0.6836677193641663,0.30256671792347106,0.3811010014406952
0.46536049246788025,0.3222466578088343,0.14311383465904592
0.44120165705680847,0.23793059428866054,0.20327106276814794
0.06828631460666656,0.29563390105504933,-0.22734758644838277
0.11950888484716415,0.16526313826917977,-0.04575425342201561
0.08592476695775986,0.226885777224902,-0.14096101026714214
0.3888819217681885,0.2324422656332318,0.15643965613495667
0.6315464973449707,0.34886219932733864,0.28268429801763206
0.31376174092292786,0.2646345166633349,0.04912722425959298
0.060501568019390106,0.20518191543681366,-0.14468034741742355
0.6861441731452942,0.2503183405996445,0.4358258325456497
0.4670114815235138,0.31157664949687147,0.15543483202664232
0.14871473610401154,0.23605449178776072,-0.08733975568374919
0.47422152757644653,0.23577887269620734,0.2384426548802392
0.35357367992401123,0.26202105837034445,0.09155262155366678
0.3506792187690735,0.36280088394294785,-0.012121665173874363
0.1573040783405304,0.3330086789384761,-0.17570460059794568
0.620240330696106,0.2745989597045377,0.3456413709915683
0.05747126415371895,0.14653823921960155,-0.0890669750658826
0.060386624187231064,0.19770655645630253,-0.13731993226907147
0.07692790031433105,0.3585216195321086,-0.28159371921777754
0.2870115041732788,0.29918981037867926,-0.012178306205400447
0.23877742886543274,0.32423038308368307,-0.08545295421825033
0.006457680370658636,0.2123968706485329,-0.20593919027787427
0.5116405487060547,0.24494959716569625,0.26669095154035843
0.1791118085384369,0.21285034941408437,-0.03373854087564748
0.5179101228713989,0.3186960178083069,0.199214105063092
0.42840126156806946,0.26170126261873533,0.16669999894933413
0.12959247827529907,0.29701110242528406,-0.16741862414998498
0.6383281350135803,0.19873022148899702,0.43959791352458333
0.7721211910247803,0.1443541519867258,0.6277670390380545
0.18577846884727478,0.30229380075741313,-0.11651533191013835
0.485078364610672,0.3661075456020494,0.11897081900862261
0.0965726226568222,0.20853817450102424,-0.11196555184420204
0.49287354946136475,0.30093712646314885,0.1919364229982159
0.1104075238108635,0.15769602035327643,-0.04728849654241293
0.011556948535144329,0.18615756902981823,-0.1746006204946739
0.29905956983566284,0.2952338441329721,0.003825725702690741
0.3669905960559845,0.3199946672574685,0.046995928798515996
0.30893418192863464,0.29314987191981956,0.015784310008815083
0.321556955575943,0.21202439978021007,0.10953255579573293
0.14547544717788696,0.32356242077361863,-0.17808697359573167
0.6351932883262634,0.2421259806535418,0.39306730767272163
0.16958202421665192,0.30542835545543534,-0.13584633123878342
0.501274824142456,0.2771045106673935,0.22417031347506255
0.08559038490056992,0.2668558494457009,-0.18126546454513098
0.12821316719055176,0.2613135875025123,-0.13310042031196057
0.822319746017456,0.27503738011775647,0.5472823658996996
0.12383490055799484,0.27614274034442277,-0.15230783978642792
0.08869383484125137,0.19276914101393322,-0.10407530617268185
0.3680668771266937,0.21069792572658289,0.15736895140011084
0.2382131665945053,0.2278768013187773,0.01033636527572801
0.25092998147010803,0.28784096975535567,-0.03691098828524764
0.44112852215766907,0.2629665286689672,0.17816199348870188
0.08202716708183289,0.23718345867271678,-0.1551562915908839
0.21492162346839905,0.18678378428365633,0.02813783918474272
0.03721003234386444,0.19319641010050306,-0.15598637775663862
0.6609926819801331,0.2581098917874944,0.4028827901926387
0.45752352476119995,0.17868419686187575,0.2788393278993242
0.08661442250013351,0.15865515725905185,-0.07204073475891834
0.16844305396080017,0.2627626513802525,-0.09431959741945234
0.888505756855011,0.31952109085782987,0.5689846659971811
0.30797281861305237,0.22452403182952882,0.08344878678352355
0.6980146169662476,0.36585697490136315,0.3321576420648844
0.01933124288916588,0.14007523589850107,-0.1207439930093352
0.20350052416324615,0.3311148741955334,-0.12761435003228727
0.2794044017791748,0.2510060840778373,0.028398317701337494
0.25991639494895935,0.25798389375176817,0.0019325011971911832
0.0493103452026844,0.177175413031213,-0.1278650678285286
0.07246603816747665,0.21647263508254502,-0.14400659691506837
0.27916404604911804,0.20607754221052954,0.0730865038385885
0.06573667377233505,0.2710551695573002,-0.20531849578496514
0.15974920988082886,0.3418052247515161,-0.18205601487068723
0.474012553691864,0.19388860064563304,0.28012395304623094
0.1497596651315689,0.22228375123366995,-0.07252408610210104
0.24606060981750488,0.2852759139121312,-0.03921530409462631
0.36439916491508484,0.28575261024127907,0.07864655467380577
0.6437408328056335,0.24018737168630513,0.40355346111932844
0.16341692209243774,0.26036177618844764,-0.09694485409600989
0.3655276894569397,0.22511748333462758,0.14041020612231211
0.3214001953601837,0.24359589249367938,0.07780430286650433
0.5337513089179993,0.3154116303469149,0.21833967857108438
0.2936677038669586,0.2574744400749496,0.036193263792009045
0.02020898647606373,0.204408239899389,-0.18419925342332527
0.320407509803772,0.22472451164813304,0.09568299815563894
0.43666666746139526,0.19119129727713807,0.2454753701842572
0.41259142756462097,0.23665527330411296,0.17593615426050802
0.4146812856197357,0.2665704992809167,0.14811078633881902
0.6236363649368286,0.2534541565600727,0.3701822083767559
0.07687564939260483,0.1932197568933389,-0.11634410750073407
0.5028004050254822,0.31125224343346103,0.19154816159202115
0.5442319512367249,0.20692017791050998,0.33731177332621487
0.3718704283237457,0.26430009881888106,0.10757032950486467
0.08631139248609543,0.22906574833061305,-0.14275435584451762
0.1742737740278244,0.2638030944295805,-0.0895293204017561
0.08854754269123077,0.25069435190336253,-0.16214680921213176
0.1355067938566208,0.3144862376712273,-0.1789794438146065
0.5452873706817627,0.2423016410104638,0.3029857296712989
0.49264368414878845,0.29261377277238587,0.20002991137640258
0.46557992696762085,0.18725964471113843,0.2783202822564824
0.47053292393684387,0.2539155089301433,0.21661741500670056
0.6106478571891785,0.31241004296293745,0.298237814226241
0.4427899718284607,0.2534914073316993,0.1892985644967614
0.3565830588340759,0.24693816209904468,0.10964489673503125
0.2990386486053467,0.29566643929440467,0.0033722093109420093
0.540501594543457,0.23993749565449002,0.300564098888967
0.08642633259296417,0.25573819605800646,-0.1693118634650423
0.15589341521263123,0.22248278002233401,-0.06658936480970279
0.054137930274009705,0.17428222232419247,-0.12014429205018276
0.13642632961273193,0.23888978479166148,-0.10246345517892955
0.11637408286333084,0.2372478928780987,-0.12087381001476785
0.07059561461210251,0.3364863139619557,-0.2658906993498532
0.15951932966709137,0.20386702336161724,-0.044347693694525875
0.04838035628199577,0.22096492293872758,-0.1725845666567318
0.1521839052438736,0.30143667551591913,-0.14925277027204553
0.5520375967025757,0.35678919308569557,0.19524840361688012
0.01573667675256729,0.24942922707723025,-0.23369255032466296
0.370585173368454,0.31666164660034446,0.05392352676810952
0.4543364644050598,0.34444328861829776,0.10989317578676205
0.3658725321292877,0.28632820911772255,0.07954432301156517
0.7019122242927551,0.31689780140245916,0.38501442289029597
0.07768025249242783,0.24619724166285803,-0.1685169891704302
0.03938348963856697,0.18946240405172,-0.15007891441315302
0.1123824417591095,0.2561695496252356,-0.14378710786612608
0.7643051147460938,0.23379824939317578,0.5305068653529179
0.49507835507392883,0.3132228723644911,0.18185548270943774
0.6452351212501526,0.28319874269521134,0.36203637855494125
0.058066874742507935,0.2548067095842397,-0.19673983484173174
0.24096134305000305,0.17504017376195102,0.06592116928805203
0.06655172258615494,0.3577738449650358,-0.29122212237888084
0.43878787755966187,0.23140391073587527,0.2073839668237866
0.6458516120910645,0.21746386110408458,0.4283877509869799
0.19606061279773712,0.2639604975435769,-0.0678998847458398
0.07286311686038971,0.2729309148008889,-0.20006779794049917
0.12358411401510239,0.19483399424416023,-0.07124988022905784
0.6500731706619263,0.24818013211783616,0.4018930385440901
0.19515150785446167,0.2737001268433546,-0.07854861898889293
0.1273772269487381,0.2549650969133586,-0.12758786996462051
0.6303343772888184,0.2633344683032689,0.36699990898554946
0.07583072036504745,0.2730599929471436,-0.19722927258209616
0.1344723105430603,0.20963190578078508,-0.07515959523772478
0.7430093884468079,0.2654899554375205,0.47751943300928734
0.04050156846642494,0.17548329141880228,-0.13498172295237734
0.18750260770320892,0.2816645528082456,-0.09416194510503667
0.07552769035100937,0.1665518865938541,-0.09102419624284472
0.352152556180954,0.34722450941928096,0.004928046761673022
0.0365099273622036,0.19321623957175924,-0.15670631220955564
0.2434169352054596,0.30525759372054434,-0.061840658515084745
0.2306791990995407,0.3529321323350366,-0.12225293323549591
0.13216300308704376,0.2600160842629879,-0.12785308117594413
0.13588297367095947,0.23320451101077608,-0.0973215373398166
0.1565621793270111,0.22660311245594125,-0.07004093312893014
0.2473772168159485,0.3316899524249653,-0.08431273560901681
0.12001045048236847,0.21905867935460688,-0.09904822887223841
0.16307209432125092,0.2357711652384877,-0.07269907091723679
0.26496341824531555,0.3463166667391677,-0.08135324849385217
0.10318703949451447,0.2562033606203655,-0.153016321125851
0.1327272653579712,0.36229176784938744,-0.22956450249141624
0.2800627052783966,0.22435551529826422,0.05570718998013238
0.1389446258544922,0.22830279683387894,-0.08935817097938675
0.3616405427455902,0.2032315181214074,0.1584090246241828
0.3880668878555298,0.3135560984141188,0.07451078944141099
0.12596656382083893,0.2294782924311799,-0.10351172861034097
0.072727270424366,0.26359000403109617,-0.19086273360673017
0.5764158964157104,0.29840239903153104,0.2780134973841794
0.3583489954471588,0.1998324186760055,0.1585165767711533
0.02847439981997013,0.19356898659176086,-0.16509458677179073
0.039592474699020386,0.30130455487538843,-0.26171208017636804
0.19020898640155792,0.2550326483975306,-0.06482366199597267
0.39198535680770874,0.2594969278165881,0.13248842899112062
0.0787983313202858,0.16459799033355157,-0.08579965901326578
0.02821316570043564,0.1996700753464237,-0.17145690964598806
0.27096134424209595,0.23950061660209992,0.03146072763999602
0.041055381298065186,0.21458416437506395,-0.17352878307699876
0.17541274428367615,0.27001233637268995,-0.0945995920890138
0.04800418019294739,0.3511647150342092,-0.3031605348412618
0.47751307487487793,0.28349349325443657,0.19401958162044136
0.03323929011821747,0.2238488082522971,-0.19060951813407964
0.06690700352191925,0.34674955899280735,-0.2798425554708881
0.15800417959690094,0.2197508703640958,-0.061746690767194856
0.274890273809433,0.180023930480246,0.09486634332918698
0.07919540256261826,0.21645516782959182,-0.13725976526697356
0.467157781124115,0.23980334863549502,0.22735443248861997
0.26978057622909546,0.27576138514574805,-0.005980808916652591
0.0023093000054359436,0.19441545142241012,-0.19210615141697418
0.4071682393550873,0.275396671012386,0.13177156834270126
0.5749843120574951,0.18369357490444882,0.3912907371530463
0.46236154437065125,0.2687773886859212,0.19358415568473003
0.01737722009420395,0.24818924021854694,-0.230812020124343
0.07269592583179474,0.23415888120477088,-0.16146295537297614
0.14196446537971497,0.2505473595490404,-0.10858289416932543
0.027220480144023895,0.2116286057440924,-0.1844081256000685
0.42695924639701843,0.3135113809430784,0.11344786545394003
0.05660397186875343,0.2631451855909345,-0.2065412137221811
0.14381399750709534,0.28632182048021665,-0.1425078229731213
0.374973863363266,0.371966480606748,0.003007382756518018
0.005057471338659525,0.2553148853928415,-0.25025741405418195
0.28056424856185913,0.3019454401265419,-0.021381191564682767
0.04351097345352173,0.23314359367080506,-0.18963262021728333
0.013908046297729015,0.17434547863005348,-0.16043743233232446
0.11578892171382904,0.17782942303381497,-0.062040501319985925
0.14811912178993225,0.3082750389428018,-0.16015591715286953
0.3005015552043915,0.22988417288225244,0.07061738232213904
0.20978055894374847,0.2830418653971503,-0.07326130645340184
0.17153604328632355,0.2923494894501637,-0.12081344616384015
0.02457680180668831,0.2923795889579311,-0.2678027871512428
0.14115987718105316,0.2890311014680247,-0.14787122428697153
0.6194043755531311,0.29421383509699994,0.32519054045613116
0.24652037024497986,0.3164757550610891,-0.06995538481610925
0.4218808710575104,0.22569353557227584,0.19618733548523454
0.09563218057155609,0.19301131757384302,-0.09737913700228693
0.10818181931972504,0.2829951980026886,-0.17481337868296354
0.2619853615760803,0.2713645642345002,-0.009379202658419905
0.05847439914941788,0.21748798159990415,-0.15901358245048627
0.3006165027618408,0.26374009255915254,0.03687641020268828
0.605830729007721,0.26214069398400164,0.3436900350237193
0.2003866285085678,0.3329257066785761,-0.13253907817000832
0.36949843168258667,0.25751587048283026,0.11198256119975641
0.3749007284641266,0.3394269637082715,0.035473764755855064
0.3699686527252197,0.27061360016676733,0.0993550525584524
0.19532915949821472,0.268979741764274,-0.0736505822660593
0.086698018014431,0.21167852638703852,-0.12498050837260752
0.9366039633750916,0.2759026803043805,0.6607012830707111
0.09820272028446198,0.18232167805631694,-0.08411895777185496
0.347084641456604,0.25920665233135076,0.08787798912525324
0.4243364632129669,0.27687132083948884,0.14746514237347808
0.10752350836992264,0.3413704592915218,-0.23384695092159918
0.6350365877151489,0.20470669082756926,0.43032989688757967
0.4643051326274872,0.2320164099090758,0.2322887227184114
0.5629571676254272,0.30370018580632707,0.2592569818191002
0.655966579914093,0.3285686244033448,0.32739795551074824
0.2846603989601135,0.19482586573947813,0.08983453322063539
0.48152559995651245,0.28835034894849515,0.1931752510080173
0.43944618105888367,0.32974854873627424,0.10969763232260943
0.26108673214912415,0.2291463518490415,0.031940380300082644
0.1524033397436142,0.1583219130319977,-0.005918573288383494
0.4938453435897827,0.26705608605055847,0.22678925753922424
0.23992685973644257,0.33617021791236024,-0.09624335817591767
0.04121212288737297,0.20515836646839689,-0.16394624358102391
0.13885056972503662,0.33328357888967275,-0.19443300916463613
0.06029257923364639,0.17304193261258674,-0.11274935337894035
0.060334376990795135,0.25879181798638706,-0.19845744099559193
0.007419017609208822,0.1745195904681554,-0.16710057285894658
0.020125390961766243,0.30982302053920296,-0.2896976295774367
0.13583071529865265,0.23939091209788524,-0.10356019679923259
0.28748172521591187,0.19204345803540565,0.09543826718050621
0.0940125361084938,0.20474128281808093,-0.11072874670958713
0.11310344934463501,0.2580989906395338,-0.14499554129489878
0.09356322139501572,0.26592126141489875,-0.17235804001988303
0.022748172283172607,0.22743126291860183,-0.20468309063542922
0.5949843525886536,0.24496466302326217,0.3500196895653914
0.19143155217170715,0.19951614018712743,-0.00808458801542028
0.060626957565546036,0.18075659595374335,-0.12012963838819732
0.6513375043869019,0.3612201562363345,0.29011734815056733
0.414326012134552,0.29630170229801683,0.11802430983653517
0.0763113871216774,0.35240647904700384,-0.27609509192532644
0.06922674924135208,0.23711640318133287,-0.1678896539399808
0.2892058491706848,0.27527145007236614,0.013934399098318673
0.24328108131885529,0.308201755154105,-0.06492067383524969
0.5193939208984375,0.33056807221019596,0.18882584868824154
0.23366771638393402,0.34501002796986247,-0.11134231158592844
0.4547857940196991,0.28568383089541477,0.16910196312428433
0.0192789975553751,0.2759686581513846,-0.2566896605960095
0.028787879273295403,0.266905196162632,-0.23811731688933657
0.12297805398702621,0.2220055400835353,-0.09902748609650908
0.03141065686941147,0.2675530649520501,-0.23614240808263864
0.022361546754837036,0.2679132037756881,-0.24555165702085108
0.35861024260520935,0.2525390482459232,0.10607119435928614
0.6706165075302124,0.2995507690710637,0.3710657384591487
0.9279937148094177,0.21705578468897432,0.7109379301204434
0.18593521416187286,0.28349252186368484,-0.09755730770181198
0.5407000780105591,0.3202757826822671,0.220424295328292
0.13409613072872162,0.3506334098174779,-0.2165372790887563
0.17028212547302246,0.19431087416835208,-0.024028748695329616
0.20897597074508667,0.2765508063227469,-0.06757483557766025
0.48414838314056396,0.3562862294009618,0.1278621537396022
0.6035945415496826,0.26213474646623447,0.34145979508344815
0.2678578794002533,0.2283233488774537,0.039534530522799594
0.21637408435344696,0.2139104713560275,0.0024636129974194565
0.2760501503944397,0.20102165448702045,0.07502849590741925
0.7304911017417908,0.28202767540847823,0.44846342633331254
0.6577116250991821,0.2614141070840943,0.39629751801508784
0.6459143161773682,0.26593308814441835,0.3799812280329498
0.5288819074630737,0.3187767984102052,0.21010510905286855
0.2475757598876953,0.2775424843755549,-0.029966724487859586
0.02044932171702385,0.2226023033648329,-0.20215298164780904
0.2925914227962494,0.23502885508515825,0.05756256771109114
0.2102716863155365,0.2953749799454702,-0.08510329362993369
0.20615464448928833,0.3509078368448197,-0.14475319235553136
0.22705328464508057,0.23859474978748405,-0.011541465142403479
0.0418495312333107,0.2264604558243235,-0.1846109245910128
0.1415673941373825,0.24834131184510277,-0.10677391770772027
0.16378265619277954,0.31260679822645515,-0.1488241420336756
0.2932497262954712,0.3097837915229349,-0.0165340652274637
0.7419226765632629,0.35919835905441083,0.3827243175088521
0.005506792105734348,0.1822052757575893,-0.17669848365185495
0.2664054334163666,0.2508350922843305,0.015570341132036092
0.37427377700805664,0.24676006168770184,0.1275137153203548
0.0648275837302208,0.24317893771574853,-0.17835135398552773
0.3767920732498169,0.17715663876287094,0.19963543448694596
0.11323928833007812,0.24817264011020437,-0.13493335178012625
0.636562168598175,0.3791480342929937,0.25741413430518134
0.4071368873119354,0.2364290701930301,0.17070781711890531
0.23029257357120514,0.20210054478784534,0.0281920287833598
0.12338557839393616,0.29891262560594967,-0.1755270472120135
0.07728317379951477,0.30958180502536703,-0.23229863122585226
0.2343469113111496,0.22843832763751876,0.005908583673630841
0.04102403298020363,0.2822365015877888,-0.24121246860758516
0.1413584053516388,0.2932617869518919,-0.15190338160025313
0.40608149766921997,0.30504388346955813,0.10103761419966184
0.49821317195892334,0.2675188070663736,0.23069436489254974
0.11155694723129272,0.18383082290613656,-0.07227387567484383
0.5834691524505615,0.31049638895263765,0.2729727634979239
0.20330198109149933,0.23634168729623875,-0.03303970620473942
0.03631138801574707,0.20016859981863294,-0.16385721180288587
0.6564890146255493,0.26684541386652144,0.3896436007590279
0.5078056454658508,0.2635319528524558,0.24427369261339504
0.3733646869659424,0.2181910195532193,0.1551736674127231
0.4580773115158081,0.23903760230332977,0.21903970921247834
0.5520585179328918,0.23854589477287563,0.3135126231600162
0.6018913388252258,0.2766463050415849,0.32524503378364095
0.5985370874404907,0.3262435522987611,0.2722935351417296
0.48950886726379395,0.27496410111448916,0.2145447661493048
0.3566562235355377,0.22556961427400324,0.13108660926153448
0.46404388546943665,0.27570122544896664,0.18834266002047
0.1254754513502121,0.2332300992740185,-0.1077546479238064
0.35296761989593506,0.32335275955103915,0.02961486034489591
0.03157784789800644,0.2787024851971607,-0.24712463729915424
0.5099477767944336,0.2112782328305857,0.2986695439638479
0.4785057604312897,0.29600696390343306,0.1824987965278566
0.0054231975227594376,0.2427894473473558,-0.23736624982459636
0.6335422992706299,0.2533401948543885,0.38020210441624136
0.330720990896225,0.24607665719084273,0.08464433370538224
0.13523511588573456,0.278014531760788,-0.14277941587505344
0.711327075958252,0.2084721213703246,0.5028549545879274
0.4517345726490021,0.29526229132166304,0.15647228132733904
0.12497387826442719,0.3084461591515002,-0.183472280887073
0.06010449305176735,0.32883713899380507,-0.2687326459420377
0.09256008267402649,0.3147715289338171,-0.2222114462597906
0.3882654011249542,0.32285777722960374,0.06540762389535049
0.1540125459432602,0.22438774455579744,-0.07037519861253724
0.030344827100634575,0.1915436338746997,-0.16119880677406512
0.13793103396892548,0.2739005798803689,-0.13596954591144345
0.3667502701282501,0.29252860260622515,0.07422166752202497
0.13772204518318176,0.2883273962616312,-0.1506053510784494
0.22874608635902405,0.21416084001435826,0.014585246344665792
0.14495298266410828,0.21712257646796898,-0.0721695938038607
0.3248589336872101,0.2687830935872504,0.056075840099959695
0.32526645064353943,0.23996661255338161,0.08529983809015781
0.3012016713619232,0.22690497373185442,0.0742966976300688
0.01178683340549469,0.23234262562200653,-0.22055579221651184
0.19280041754245758,0.20008307696995284,-0.007282659427495258
0.008808777667582035,0.14713616967801804,-0.138327392010436
0.21073144674301147,0.20497036921566067,0.005761077527350805
0.4615151584148407,0.2943898869632779,0.1671252714515628
0.10041797161102295,0.352850373135006,-0.25243240152398305
0.29020899534225464,0.303256325555828,-0.01304733021357335
0.05802507698535919,0.20410138736622901,-0.14607631038086982
0.11463949829339981,0.20487545409312524,-0.09023595579972543
0.40251827239990234,0.23754191604165079,0.16497635635825156
0.055820271372795105,0.26666320538113725,-0.21084293400834214
0.5975235104560852,0.2464239793370555,0.3510995311190297
0.7577115893363953,0.2015977999719806,0.5561137893644147
0.0869905948638916,0.2568150397346383,-0.16982444487074672
0.07151515036821365,0.20345611668228425,-0.1319409663140706
0.3130511939525604,0.36704497025937566,-0.05399377630681523
0.10753396153450012,0.24020205132255518,-0.13266808978805505
0.08971786499023438,0.20624772437086183,-0.11652985938062746
0.16735632717609406,0.21522315072390827,-0.04786682354781421
0.1751619577407837,0.22176425009616782,-0.04660229235538413
0.6343991756439209,0.23397742899553742,0.4004217466483835
0.7360501289367676,0.2597915197498928,0.4762586091868748
0.4742319881916046,0.24727948308529057,0.22695250510631404
0.5717659592628479,0.27276937208484153,0.29899658717800637
0.09212121367454529,0.19505530661608989,-0.1029340929415446
0.20600835978984833,0.2380625491601928,-0.03205418937034446
0.19924764335155487,0.26180578622840595,-0.06255814287685107
0.14490072429180145,0.22354640244659094,-0.07864567815478948
0.07714733481407166,0.19651189347690928,-0.11936455866283763
0.3431974947452545,0.3063614257172015,0.03683606902805303
0.057115986943244934,0.22892143613080834,-0.1718054491875634
0.02064785733819008,0.22405536713860633,-0.20340750980041625
0.7260083556175232,0.3416288353487838,0.3843795202687394
0.10636363923549652,0.2343029555771918,-0.12793931634169528
0.5341170430183411,0.25763246625889835,0.2764845767594427
0.1227690726518631,0.2692696357726628,-0.14650056312079968
0.18138976395130157,0.19202355480824881,-0.01063379085694724
0.2929989695549011,0.25275998732789984,0.040238982227001285
0.6995924711227417,0.3562235805716252,0.3433688905511165
0.7546708583831787,0.2166021055020391,0.5380687528811396
0.5575653314590454,0.2710694980941965,0.2864958333648489
0.516990602016449,0.3111210416964394,0.20586956032000958
0.40220481157302856,0.2527777043555092,0.14942710721751934
0.006154649890959263,0.14644747936884628,-0.14029282947788702
0.09972831606864929,0.2532653832586221,-0.1535370671899728
0.47911182045936584,0.27246919707464035,0.2066426233847255
0.1698954999446869,0.14088550522761573,0.029009994717071164
0.2612643539905548,0.2798139791102194,-0.01854962511966457
0.20738767087459564,0.2526347629787565,-0.045247092104160835
0.7316405177116394,0.35413348666444755,0.37750703104719185
0.1362382471561432,0.28708472912039146,-0.15084648196424827
0.6354649662971497,0.2947124285795165,0.34075253771763314
0.27045977115631104,0.27595693350920114,-0.005497162352890106
0.2734691798686981,0.24533368551721169,0.028135494351486434
0.23892371356487274,0.2074999446780388,0.03142376888683393
0.400041788816452,0.20189206791304573,0.1981497209034063
0.1263636350631714,0.2574692852857815,-0.13110565022261012
0.6644514203071594,0.3085952986500635,0.3558561216570959
0.06571577489376068,0.19626781515659844,-0.13055204026283776
0.22620689868927002,0.2040125771465043,0.02219432154276571
0.44290491938591003,0.2785686176311562,0.16433630175475383
0.4336467981338501,0.29316109995028206,0.14048569818356804
0.2921316623687744,0.3007157364890847,-0.008584074120310259
0.17300941050052643,0.2601739610371922,-0.08716455053666577
0.28172412514686584,0.2898962451696152,-0.008172120022749363
0.19832810759544373,0.23343643320431412,-0.035108325608870394
0.41641587018966675,0.3126089750217042,0.10380689516796254
0.16274817287921906,0.27499409614050746,-0.1122459232612884
0.3400000035762787,0.2468604257326441,0.09313957784363458
0.2583281099796295,0.2096454354290553,0.048682674550574206
0.297126442193985,0.3413577169208394,-0.0442312747268544
0.20909090340137482,0.2791014999986834,-0.07001059659730857
0.4237826466560364,0.2677795411429284,0.15600310551310798
0.09530825167894363,0.26889324278709087,-0.17358499110814724
0.16482758522033691,0.264292093119247,-0.09946450789891009
0.2118913233280182,0.28515620935254427,-0.07326488602452608
0.12937304377555847,0.26683473286649523,-0.13746168909093676
0.32028213143348694,0.2033862839170202,0.11689584751646673
0.35056427121162415,0.2094809703518347,0.14108330085978946
0.06005224585533142,0.2643332751868894,-0.204281029331558
0.1818077266216278,0.2329535517811381,-0.0511458251595103
0.32853710651397705,0.3033999277616851,0.025137178752291933
0.544587254524231,0.1941289018897507,0.3504583526344802
0.048986416310071945,0.2530267445212562,-0.20404032821118423
0.09888192266225815,0.19665221863424043,-0.09777029597198228
0.47926855087280273,0.16254671519274222,0.3167218356800605
0.09845349937677383,0.21867716329466583,-0.12022366391789199
0.22632184624671936,0.1898060638472066,0.03651578239951275
0.20001044869422913,0.32825546875301714,-0.12824502005878802
0.0027795194182544947,0.19195381233727923,-0.18917429291902474
0.10414838045835495,0.24213979165002314,-0.1379914111916682
0.2524033486843109,0.25346367316732715,-0.0010603244830162395
0.10779519379138947,0.3090489521332571,-0.20125375834186765
0.050741903483867645,0.29284095908410995,-0.2420990556002423
0.2055172473192215,0.31452182442550236,-0.10900457710628086
0.5965830683708191,0.25547877560860566,0.34110429276221343
0.5100626945495605,0.2269961586907351,0.28306653585882546
0.345475435256958,0.26792881137683383,0.07754662388012418
0.16259142756462097,0.25540202710056753,-0.09281059953594656
0.4473876655101776,0.18310630204936973,0.2642813634608079
0.19961337745189667,0.2878923028274662,-0.08827892537556953
0.5043782591819763,0.2724837375967977,0.2318945215851786
0.4342110753059387,0.2855926588927822,0.14861841641315654
0.22990596294403076,0.25380376894067624,-0.023897805996645483
0.006206896621733904,0.17602358970923485,-0.16981669308750094
0.10036572813987732,0.27051052230224903,-0.17014479416237172
0.22705328464508057,0.27168292910996705,-0.044629644464886487
0.12962383031845093,0.3616392586566989,-0.23201542833824795
0.2036154717206955,0.26209440536598,-0.0584789336452845
0.13284221291542053,0.25310971240650665,-0.12026749949108612
0.18650992214679718,0.19843219388460948,-0.011922271737812296
0.08249738812446594,0.20391370449232793,-0.12141631636786199
0.19355276226997375,0.18992236805665122,0.0036303942133225353
0.1699582040309906,0.2957311166570134,-0.1257729126260228
0.23008359968662262,0.24127128811103757,-0.011187688424414949
0.21902821958065033,0.2710976315531852,-0.052069411972534896
0.49793103337287903,0.306929234535788,0.191001798837091
0.3953813910484314,0.32945702277919464,0.06592436826923675
0.019749216735363007,0.2701783663683214,-0.25042914963295837
0.03818181902170181,0.23558521656295853,-0.19740339754125671
0.16010449826717377,0.23102404244996308,-0.07091954418278931
0.8363741040229797,0.33448358992360416,0.5018905140993756
0.0929153636097908,0.27828366582525843,-0.18536830221546763
0.1272309273481369,0.1717560445817321,-0.0445251172335952
0.2336154580116272,0.34524266775481105,-0.11162720974318385
0.7386834025382996,0.37938761603746973,0.35929578650082983
0.4471891224384308,0.2777579057170777,0.16943121672135308
0.03137930855154991,0.27035588090331014,-0.23897657235176023
0.9206269383430481,0.3420722637540322,0.5785546745890159
0.19982236623764038,0.2305924453737624,-0.03077007913612201
0.5909822583198547,0.22193902161667778,0.36904323670317696
0.6819958090782166,0.32641617434199227,0.3555796347362243
0.3005015552043915,0.25788950798189414,0.04261204722249734
0.18045976758003235,0.25822168871117834,-0.077761921131146
0.0202298853546381,0.24203541679492066,-0.22180553144028256
0.5741901993751526,0.2928650043010536,0.281325195074099
0.45584118366241455,0.3073431920910352,0.14849799157137933
0.06615465134382248,0.19730199380278615,-0.13114734245896367
0.30316615104675293,0.2544888676201703,0.04867728342658262
0.1414211094379425,0.22422869674393325,-0.08280758730599075
0.07668756693601608,0.2251819571303305,-0.14849439019431443
0.5495924949645996,0.23168056362553052,0.3179119313390691
0.584817111492157,0.3506257274579264,0.23419138403423057
0.11810867488384247,0.3163910816076149,-0.19828240672377245
0.7573458552360535,0.2649579858040398,0.4923878694320137
0.2920898497104645,0.20640083779575358,0.0856890119147109
0.6150888204574585,0.31023627269602494,0.30485254776143356
0.10574712604284286,0.19483454253949176,-0.08908741649664889
0.11949843168258667,0.21475541873192497,-0.0952569870493383
0.22211076319217682,0.20946066839383856,0.012650094798338257
0.7630720734596252,0.28574854386590703,0.4773235295937182
0.6927168369293213,0.35382827669495254,0.33888856023436875
0.5061546564102173,0.24510305003913038,0.26105160637108693
0.02366771176457405,0.16545849549717648,-0.14179078373260243
0.22012539207935333,0.31443589843568087,-0.09431050635632754
0.06785789132118225,0.1643088643220434,-0.09645097300086114
0.5157262086868286,0.28750041555550593,0.22822579313132269
0.4308463931083679,0.2619774087016821,0.1688689844066858
0.25384536385536194,0.26275131815624125,-0.008905954300879315
0.37823405861854553,0.2950794364649382,0.0831546221536073
0.36490073800086975,0.2747507009588862,0.09015003704198354
0.13036572933197021,0.20126318213589617,-0.07089745280392595
0.21544410288333893,0.2531249020120345,-0.0376807991286956
0.06233019754290581,0.20072376918168616,-0.13839357163878035
0.12699060142040253,0.3109374225547609,-0.1839468211343584
0.766133725643158,0.32825107269172293,0.437882652951435
0.09106583148241043,0.2990015858432219,-0.20793575436081146
0.025882966816425323,0.2067487879819775,-0.18086582116555217
0.29780563712120056,0.2582116852011487,0.039593951920051884
0.5275862216949463,0.32195403371952014,0.20563218797542615
0.7289655208587646,0.35219474995958633,0.3767707708991783
0.13773249089717865,0.17902851746373524,-0.04129602656655659
0.568160891532898,0.22435043460695817,0.3438104569259398
0.08644723147153854,0.24752322803033705,-0.1610759965587985
0.026050155982375145,0.22179525528928057,-0.19574509930690542
0.017680250108242035,0.24718599040240277,-0.22950574029416074
0.06344827264547348,0.19655432763681033,-0.13310605499133685
0.30878788232803345,0.2743735916696253,0.03441429065840812
0.2052142173051834,0.33704747650753997,-0.13183325920235656
0.5489237308502197,0.25023831927978757,0.29868541157043216
0.6629049181938171,0.27305917700975624,0.3898457411840609
0.5673563480377197,0.30438524612969714,0.2629711019080226
0.6498537063598633,0.22965534563346937,0.42019836072639394
0.5845767855644226,0.33139574950868156,0.25318103605574105
0.3463740944862366,0.24739151727042819,0.09898257721580839
0.6280355453491211,0.2443918253654561,0.383643719983665
0.013740857131779194,0.24083519521035937,-0.22709433807858018
0.16086728870868683,0.270611981117638,-0.10974469240895118
0.382800430059433,0.23551036713506623,0.14729006292436675
0.21230930089950562,0.21418603615081636,-0.0018767352513107405
0.5700209140777588,0.2252758026030693,0.3447451114746895
0.47656217217445374,0.1907735613499189,0.28578861082453483
0.020386625081300735,0.2368466509447199,-0.21646002586341917
0.03894461691379547,0.36455378369312275,-0.3256091667793273
0.5729989409446716,0.3726403378347207,0.2003586031099509
0.356760710477829,0.25895335938239217,0.09780735109543681
0.0412643663585186,0.2316141663727459,-0.1903498000142273
0.36499476432800293,0.2894611764772531,0.07553358785074982
0.5277220606803894,0.2943095450445073,0.2334125156358821
0.2824764847755432,0.31568770264040363,-0.03321121786486042
0.4634064733982086,0.28684832632356955,0.17655814707463907
0.6523929238319397,0.22444813820066523,0.42794478563127447
0.07403343915939331,0.23519980656388836,-0.16116636740449505
0.006175548769533634,0.27973235711170585,-0.2735568083421722
0.37718912959098816,0.23920170155304393,0.13798742803794423
0.10215256363153458,0.2477639305470931,-0.1456113669155585
0.170689657330513,0.25099238633987114,-0.08030272900935814
0.3672204911708832,0.2536873849684814,0.11353310620240176
0.7315883040428162,0.2877413397202494,0.44384696432256676
0.07383490353822708,0.20884869361299324,-0.13501379007476616
0.03818181902170181,0.1794574818049746,-0.14127566278327278
0.769404411315918,0.27011272915860973,0.49929168215730824
0.13490073382854462,0.2043219402313323,-0.06942120640278768
0.1769070029258728,0.1750308457073773,0.0018761572184954889
0.06740856915712357,0.2491569917487913,-0.18174842259166774
0.5482653975486755,0.2809365110358644,0.2673288865128111
0.44493207335472107,0.24111618301952206,0.203815890335199
0.41427376866340637,0.2023911884694862,0.21188258019392017
0.4064994752407074,0.2629684975056614,0.14353097773504597
0.08798328042030334,0.24330036649349115,-0.1553170860731878
0.10895507037639618,0.19165866534192622,-0.08270359496553004
0.40227794647216797,0.31780082488324174,0.08447712158892623
0.1904701590538025,0.2634650472856777,-0.07299488823187522
0.2355363667011261,0.21076490126511924,0.024771465436006862
0.3159278333187103,0.2581098917874944,0.057817941531215944
0.22579805552959442,0.2549731996813622,-0.02917514415176775
0.23235203325748444,0.2721813580182173,-0.039829324760732865
0.1948269009590149,0.2714521106692588,-0.07662520971024389
0.21870426833629608,0.23877846734985916,-0.020074199013563082
0.37235894799232483,0.24359300980943108,0.12876593818289375
0.16654865443706512,0.2084189860015708,-0.041870331564505675
0.29711291193962097,0.2667098067696366,0.030403105169984346
0.26823920011520386,0.2906670805298177,-0.022427880414613854
0.054101381450891495,0.13583807452417326,-0.08173669307328177
0.049893856048583984,0.30029067919669067,-0.2503968231481067
0.3052375614643097,0.32194781864307653,-0.01671025717876684
0.38987141847610474,0.288174497627094,0.10169692084901072
0.18392382562160492,0.2634893651760193,-0.07956553955441437
0.2482862025499344,0.23134334826663114,0.01694285428330325
0.2583555579185486,0.2764102696602997,-0.018054711741751106
0.03420846536755562,0.12585460541311838,-0.09164614004556276
0.15521761775016785,0.28918948749500223,-0.13397186974483438
0.03069385699927807,0.214410273181921,-0.18371641618264292
0.3379111588001251,0.17023959378287154,0.16767156501725358
0.28575992584228516,0.27536409144952323,0.010395834392761927
0.1767791211605072,0.24231288550288466,-0.06553376434237745
0.21126864850521088,0.281872328572137,-0.07060368006692613
0.17798952758312225,0.25147404715948485,-0.0734845195763626
0.24934501945972443,0.2938164949607158,-0.0444714755009914
0.2948164939880371,0.22655581903189112,0.06826067495614599
0.04197849705815315,0.2199810313566263,-0.17800253429847315
0.17786401510238647,0.2750364304991055,-0.097172415396719
0.21168294548988342,0.22615898126167458,-0.014476035771791157
0.04552394896745682,0.2632695535956868,-0.21774560462823
0.2661114037036896,0.3718055499506431,-0.1056941462469535
0.07872044295072556,0.28017092462779886,-0.2014504816770733
0.5343535542488098,0.36536862636498035,0.16898492788382946
0.3019798696041107,0.2962313962085598,0.0057484733955509015
0.46929022669792175,0.33480628153802805,0.1344839451598937
0.20031115412712097,0.2409739912619465,-0.04066283713482552
0.1714107245206833,0.2661356523751512,-0.0947249278544679
0.17084671556949615,0.23892912904178784,-0.06808241347229169
0.17764495313167572,0.22817266083236826,-0.05052770770069254
0.1942819505929947,0.24595317437300857,-0.051671223780013875
0.3754766881465912,0.285749935344805,0.08972675280178621
0.26276445388793945,0.2476860930047194,0.015078360883220066
0.2715308368206024,0.32558157749747507,-0.054050740676872655
0.2900448143482208,0.27958323324894213,0.010461581099278694
0.39889422059059143,0.2042881979558487,0.19460602263474272
0.3782636523246765,0.1695791843200032,0.2086844680046733
0.2326291799545288,0.1761359064154089,0.0564932735391199
0.14354979991912842,0.2141631274154175,-0.07061332749628907
0.12645700573921204,0.16851862571686085,-0.04206161997764882
0.18986427783966064,0.16386567455202228,0.025998603287638367
0.15386967360973358,0.2550115552139081,-0.10114188160417453
0.10545450448989868,0.1703882117946429,-0.06493370730474421
0.31063857674598694,0.2504500163086208,0.060188560437366145
0.2085019052028656,0.11739601708147146,0.09110588812139414
0.23577839136123657,0.1435554300181009,0.09222296134313568
0.256594181060791,0.22256078176587313,0.03403339929491789
0.16111443936824799,0.23822757288333055,-0.07711313351508256
0.1531076729297638,0.28499756501073537,-0.13188989208097157
0.177384153008461,0.1481414626456673,0.0292426903627937
0.1865793913602829,0.13482417438265873,0.05175521697762417
0.21751131117343903,0.2332713162672267,-0.015760005093787666
0.14317956566810608,0.28201663159822876,-0.13883706593012268
0.249912291765213,0.24610879465665628,0.003803497108556736
0.2086404412984848,0.23500997589006303,-0.02636953459157823
0.219786137342453,0.23307461523595516,-0.013288477893502154
0.31006714701652527,0.27621045911289843,0.033856687903626836
0.2921611964702606,0.3472325503188386,-0.055071353848577975
0.22393448650836945,0.2317201466274886,-0.007785660119119159
0.22520947456359863,0.2290439141714466,-0.0038344396078479615
0.30977848172187805,0.25834856408959106,0.05142991763228699
0.030476301908493042,0.24174674889924128,-0.21127044699074823
0.15775743126869202,0.2908340015654969,-0.13307657029680486
0.536530613899231,0.2777721792476419,0.25875843465158904
0.22297297418117523,0.3273524888843182,-0.104379514703143
0.2039852738380432,0.19553286857999633,0.008452405258046886
0.048256613314151764,0.12907586526590728,-0.08081925195175552
0.15465937554836273,0.2348566031335589,-0.08019722758519618
0.04073260352015495,0.11993892938656386,-0.07920632586640891
0.42767366766929626,0.28575261024127907,0.1419210574280172
0.240941122174263,0.23693808252421383,0.004003039650049167
0.4213695824146271,0.28120375192914876,0.14016583048547832
0.17675216495990753,0.21666475897866713,-0.0399125940187596
0.08768131583929062,0.26246367924497077,-0.17478236340568015
0.49222174286842346,0.2440296796251561,0.24819206324326737
0.28955328464508057,0.33678147638780787,-0.0472281917427273
0.1822686493396759,0.27742386978327505,-0.09515522044359914
0.046941254287958145,0.19875893879626275,-0.1518176845083046
0.19715029001235962,0.2956876132991141,-0.09853732328675446
0.405330091714859,0.2860341777957634,0.11929591391909561
0.06420131772756577,0.13313829503299868,-0.06893697730543291
0.1617288440465927,0.35084708809792164,-0.18911824405132893
0.22646664083003998,0.3414620977131819,-0.11499545688314194
0.5194820761680603,0.24414138479702865,0.2753406913710317
0.3093244433403015,0.18674670570923507,0.12257773763106644
0.22970226407051086,0.28202768343942664,-0.05232541936891577
0.32875052094459534,0.3748018889238197,-0.04605136797922438
0.07339053601026535,0.2989987993121699,-0.22560826330190453
0.06451642513275146,0.26126081073277635,-0.19674438560002488
0.32541975378990173,0.29487608331425785,0.03054367047564388
0.3260194957256317,0.2666419917307116,0.05937750399492009
0.04144921526312828,0.18841150415502997,-0.1469622888919017
0.18577171862125397,0.3260260392676855,-0.1402543206464315
0.17064645886421204,0.2990567049316076,-0.12841024606739554
0.23171116411685944,0.27143636350153527,-0.039725199384675836
0.25049373507499695,0.2902336212442389,-0.039739886169241956
0.3324846923351288,0.3576936944088831,-0.025209002073754316
0.0714508444070816,0.2995496067657142,-0.22809876235863258
0.32681986689567566,0.231790819197839,0.09502904769783665
0.24686488509178162,0.3050622651804593,-0.0581973800886777
0.4060942232608795,0.2679874167494697,0.13810680651140983
0.2632894814014435,0.16377373892974129,0.0995157424717022
0.08661047369241714,0.2751055317320189,-0.18849505803960176
0.23742714524269104,0.23613225429459328,0.00129489094809776
0.2134511023759842,0.3112019972058717,-0.09775089482988752
0.18589134514331818,0.20303989748084875,-0.01714855233753057
0.34076908230781555,0.2247433435977959,0.11602573871001964
0.3277551829814911,0.24805177952754429,0.0797034034539468
0.033634670078754425,0.2136726956052498,-0.18003802552649537
0.20910577476024628,0.29172956687939433,-0.08262379211914805
0.08592219650745392,0.26542073635498936,-0.17949853984753544
0.1905263364315033,0.1992219207483752,-0.008695584316871896
0.5727818608283997,0.23092208287443702,0.3418597779539626
0.18788056075572968,0.23191466032231456,-0.04403409956658488
0.5273129343986511,0.20652135485711492,0.3207915795415362
0.42182037234306335,0.22125478434400245,0.2005655879990609
0.16578514873981476,0.25349263714036907,-0.08770748840055431
0.4626384377479553,0.30584779901339954,0.1567906387345558
0.3074977397918701,0.25099368709915015,0.056504052692719964
0.38431039452552795,0.21924566111599111,0.16506473340953684
0.2161400020122528,0.2789058242162384,-0.06276582220398558
0.15617147088050842,0.3493653770407248,-0.19319390616021637
0.1595648229122162,0.2292826747895069,-0.06971785187729071
0.17110225558280945,0.3149555302709005,-0.14385327468809106
0.3714706599712372,0.2718663406723101,0.0996043192989271
0.3551035225391388,0.30462095788093035,0.05048256465820844
0.40082037448883057,0.22393894992616037,0.1768814245626702
0.24783667922019958,0.32097620275712035,-0.07313952353692077
0.030876802280545235,0.2146453333522361,-0.18376853107169086
0.15549448132514954,0.18948772126378377,-0.033993239938634234
0.2930923402309418,0.27618401403541354,0.016908326195528234
0.30019015073776245,0.1906483935234965,0.10954175721426596
0.33869674801826477,0.24258431326577198,0.09611243475249279
0.17882977426052094,0.24642635740068725,-0.06759658314016631
0.20677585899829865,0.2002708484268001,0.0065050105714985484
0.19455015659332275,0.23364273346559997,-0.03909257687227721
0.33072182536125183,0.32947138545505467,0.001250439906197165
0.3980238735675812,0.2802061753337168,0.1178176982338644
0.4167391359806061,0.35777267412453595,0.05896646185607013
0.17298652231693268,0.28787098332532574,-0.11488446100839306
0.18177348375320435,0.31698525921401327,-0.13521177546080893
0.34985047578811646,0.28770623229439013,0.062144243493726326
0.3138289153575897,0.31553243294715183,-0.001703517589562109
0.3119491636753082,0.24846116874792207,0.06348799492738616
0.05524307116866112,0.26140794017703356,-0.20616486900837244
0.18235129117965698,0.19416659273932663,-0.011815301559669644
0.2723196744918823,0.23348197741369267,0.038837697078189654
0.285786896944046,0.26028367503407807,0.025503221909967955
0.24667178094387054,0.3217143132733516,-0.07504253232948105
0.3332512378692627,0.2502893775933436,0.08296186027591912
0.07744457572698593,0.20278638630088358,-0.12534181057389765
0.2630438208580017,0.20206138779342173,0.06098243306457998
0.03730978071689606,0.2702421213421992,-0.23293234062530316
0.028914043679833412,0.19480962669721918,-0.16589558301738577
0.18041573464870453,0.18059978392534998,-0.00018404927664544823
0.05361147224903107,0.18411027481280867,-0.1304988025637776
0.31633636355400085,0.2468294082983115,0.06950695525568937
0.2198542356491089,0.2027492170305976,0.017105018618511297
0.07318025082349777,0.15485484244660563,-0.08167459162310786
0.1535033881664276,0.30256638400060315,-0.14906299583417554
0.2055119127035141,0.2253557835378195,-0.019843870834305388
0.2823137938976288,0.3411500708068104,-0.05883627690918164
0.21218514442443848,0.30349777962596713,-0.09131263520152866
0.22729021310806274,0.2502009000627058,-0.022910686954643045
0.28170615434646606,0.36459274199949654,-0.08288658765303047
0.24289372563362122,0.29347750137462675,-0.05058377574100553
0.15525411069393158,0.34710712567609037,-0.1918530149821588
0.2608088552951813,0.15844340525580697,0.1023654500393743
0.20225360989570618,0.33222316014377073,-0.12996955024806456
0.1889621913433075,0.20301463159753141,-0.014052440254223919
0.5146994590759277,0.33696687053275853,0.1777325885431692
0.21858251094818115,0.33719043059032483,-0.11860791964214368
0.16998952627182007,0.26027931098224383,-0.09028978471042376
0.1583525389432907,0.19974298406140736,-0.04139044511811665
0.2665875256061554,0.2820200170351266,-0.015432491428971185
0.397646963596344,0.24754154082541457,0.15010542277092942
0.21456144750118256,0.2567239442437239,-0.042162496742541355
0.3313586711883545,0.2403467257968151,0.0910119453915394
0.26093655824661255,0.2798163180382348,-0.018879759791622264
0.3341640830039978,0.21618248736085735,0.11798159564314045
0.45741158723831177,0.18523649869594352,0.27217508854236827
0.3351164162158966,0.2844001285204642,0.050716287695432405
0.4532785713672638,0.34811725045500264,0.10516132091226116
0.2464139759540558,0.1772657086597874,0.06914826729426837
0.6042279005050659,0.2695444185002067,0.3346834820048592
0.16747717559337616,0.25890169078430714,-0.09142451519093098
0.18304245173931122,0.2732930230853864,-0.09025057134607517
0.39141523838043213,0.22051028621896304,0.1709049521614691
0.366038054227829,0.3301755341342767,0.035862520093552286
0.21397598087787628,0.2367604034633971,-0.022784422585520825
0.5150430798530579,0.30322535270178286,0.211817727151275
0.21968871355056763,0.2283973563925487,-0.008708642841981085
0.3325902819633484,0.22121237820460918,0.11137790375873921
0.33591052889823914,0.2521966337144522,0.08371389518378691
0.5418646335601807,0.3101961826311036,0.23166845092907706
0.07207893580198288,0.18206600883715127,-0.10998707303516839
0.25426438450813293,0.2598746477237304,-0.0056102632155974885
0.06076858937740326,0.24655372871375894,-0.18578513933635568
0.16813912987709045,0.23539131312523254,-0.06725218324814208
0.23151467740535736,0.24814226541683176,-0.016627588011474403
0.22521774470806122,0.23092026580598407,-0.0057025210979228524
0.3761315941810608,0.26273083770772554,0.11340075647333525
0.045202694833278656,0.27919382993052166,-0.233991135097243
0.16126589477062225,0.20194540536537925,-0.040679510594756996
0.45931655168533325,0.1873896745274913,0.2719268771578419
0.26787054538726807,0.1933376656144428,0.07453287977282527
0.555778980255127,0.31612163213556255,0.2396573481195644
0.43759629130363464,0.23889105785918507,0.19870523344444957
0.26537248492240906,0.3027279812683563,-0.03735549634594726
0.4369303584098816,0.24386137177986572,0.19306898663001587
0.1848490983247757,0.19459034619100107,-0.009741247866225378
0.18497297167778015,0.319542549218262,-0.13456957754048182
0.3333515226840973,0.3102537740905255,0.023097748593571776
0.08579366654157639,0.19283430934668216,-0.10704064280510578
0.2247273325920105,0.22984648283416068,-0.005119150242150178
0.29166024923324585,0.30746436523308374,-0.015804115999837887
0.16880470514297485,0.20575429986696583,-0.03694959472399098
0.4893539249897003,0.2780318866815346,0.2113220383081657
0.33091065287590027,0.2328592771306808,0.09805137574521947
0.15436846017837524,0.24959318557682186,-0.09522472539844662
0.3968300223350525,0.24562182342843308,0.1512081989066194
0.25643405318260193,0.2434891328511669,0.012944920331435017
0.17635592818260193,0.2440869824156596,-0.06773105423305767
0.26344817876815796,0.3087151385301856,-0.04526695976202766
0.27188006043434143,0.18364178154852065,0.08823827888582078
0.17636220157146454,0.29441586524864877,-0.11805366367718423
0.07586953043937683,0.23544190235484186,-0.15957237191546503
0.3376113474369049,0.28737014207732225,0.05024120535958265
0.22251178324222565,0.3344772035123429,-0.11196542027011724
0.33985260128974915,0.3111299208620999,0.02872268042764925
0.25629109144210815,0.2380603614961317,0.018230729945976465
0.21437247097492218,0.24862848317656402,-0.034256012201641844
0.4693865180015564,0.3202074132485546,0.14917910475300178
0.2738608717918396,0.24912339315493168,0.024737478636907922
0.30942589044570923,0.29360207460188575,0.015823815843823474
0.2813552916049957,0.2706733734533609,0.010681918151634828
0.4798632562160492,0.32442059979351817,0.15544265642253102
0.22139041125774384,0.2668944700119396,-0.045504058754195775
0.24363216757774353,0.22370349062486633,0.0199286769528772
0.08872871845960617,0.14759965718788223,-0.05887093872827606
0.04578514024615288,0.22738742653081312,-0.18160228628466024
0.3162077069282532,0.3341661309744871,-0.017958424046233934
0.38375353813171387,0.36826674645918855,0.015486791672525313
0.21424470841884613,0.25731519107409095,-0.043070482655244824
0.28111129999160767,0.24185278811986585,0.039258511871741814
0.15894263982772827,0.1876921304034845,-0.028749490575756237
0.32140985131263733,0.20976672534834076,0.11164312596429657
0.30783918499946594,0.27504493301093624,0.0327942519885297
0.19691993296146393,0.24814979096395684,-0.05122985800249291
0.20495906472206116,0.2822130302219326,-0.07725396549987146
0.24294163286685944,0.26576751359312323,-0.022825880726263792
0.04023793339729309,0.17371610601181459,-0.1334781726145215
0.29597198963165283,0.2608262395947108,0.035145750036942036
0.42536431550979614,0.24231472059566697,0.18304959491412917
0.20358553528785706,0.17647200904625623,0.02711352624160082
0.2360275387763977,0.26805390006932905,-0.03202636129293135
0.134780153632164,0.20480602962639327,-0.07002587599422927
0.2620045840740204,0.23218351359024228,0.029821070483778106
0.1700039654970169,0.20020632129708743,-0.030202355800070524
0.19118578732013702,0.24709795928261438,-0.05591217196247736
0.2287783920764923,0.1641289824231887,0.0646494096533036
0.11039293557405472,0.20935565200172687,-0.09896271642767215
0.1909572035074234,0.18976218635078668,0.001195017156636724
0.27103331685066223,0.1976349253717106,0.07339839147895164
0.13892033696174622,0.21000424817589142,-0.0710839112141452
0.10942979902029037,0.23113201603219855,-0.12170221701190817
0.11365726590156555,0.13372815051586567,-0.020070884614300122
0.17843694984912872,0.16568307130821702,0.0127538785409117
0.20333124697208405,0.1678654386441968,0.03546580832788723
0.16924698650836945,0.13599756844640695,0.033249418061962493
0.14554353058338165,0.15070092634399615,-0.005157395760614497
0.1493370085954666,0.18763062925158266,-0.03829362065611605
0.28734615445137024,0.17090167870127385,0.1164444757500964
0.18584346771240234,0.22333215260290576,-0.037488684890503415
0.2489292323589325,0.27401647301521564,-0.02508724065628315
0.19826415181159973,0.24458708058674788,-0.04632292877514815
0.17858941853046417,0.16585321382669385,0.01273620470377032
0.1756960153579712,0.20206375832399207,-0.026367742966020874
0.18334390223026276,0.16505419237483532,0.01828970985542744
0.11909350007772446,0.2537524598865942,-0.13465895980886972
0.17197513580322266,0.2077190207236975,-0.03574388492047484
0.18726816773414612,0.3096118469839019,-0.12234367924975575
0.1672939956188202,0.29273247052650775,-0.12543847490768756
0.13587795197963715,0.2615746293737367,-0.12569667739409957
0.198746919631958,0.29548758743745973,-0.09674066780550172
0.15156471729278564,0.31801823026447673,-0.1664535129716911
0.19334453344345093,0.189638468894406,0.0037060645490449295
0.15584233403205872,0.19194530505733026,-0.036102971025271546
0.20074240863323212,0.1870946776140903,0.013647731019141823
0.14625726640224457,0.17834140881358884,-0.032084142411344274
0.2280144989490509,0.22387733187951464,0.004137167069536263
0.3055918216705322,0.2583742255062195,0.0472175961643127
0.1015210896730423,0.24279010670116818,-0.1412690170281259
0.1553293615579605,0.24697944639306668,-0.09165008483510617
0.14914943277835846,0.24813637361205523,-0.09898694083369677
