sgRNA_number,KO_reporter_assay,CRISPRater_score,sgRNA_Designer_rsI_score,SSC_Score,sgRNA_Scorer_score,sgRNA_Designer_rsII_score,CrispRGold_FoldEnergy,CRISPRscan_score,sgRNA_sequence,extended_spacer,strand,origin,nt_count_spacer,nt_count_extended_spacer,N_position_nt20,N_of_PAM,GC_content(all),GC_content(11-20),GC_content(1-10),GC_content(2-10),GC_content(14-20),GC_content(7-14),GC_content(1-7),GC_content(2-11),GC_content(3-12),GC_content(4-13),GC_content(5-14),GC_content(6-15),GC_content(7-16),GC_content(8-17),GC_content(9-18),GC_content(10-19),GC_content(11-20),GC_content(1-5),GC_content(2-6),GC_content(3-7),GC_content(4-8),GC_content(5-9),GC_content(6-10),GC_content(7-11),GC_content(8-12),GC_content(9-13),GC_content(10-14),GC_content(11-15),GC_content(12-16),GC_content(13-17),GC_content(14-18),GC_content(15-19),GC_content(16-20)
1,0.0000,0.5710,0.0180,-0.4850,30.6600,0.5710,14.7000,n/a,GAGTCGGGGTTTCGTCATGT,AGTAGAGTCGGGGTTTCGTCATGTTGGTCA,sense,intron,20,30,T,T,0.55,0.40,0.70,0.67,0.43,0.63,0.71,0.60,0.60,0.60,0.70,0.60,0.60,0.50,0.40,0.40,0.40,0.60,0.60,0.80,0.80,1.00,0.80,0.60,0.40,0.40,0.40,0.40,0.60,0.60,0.40,0.40,0.40
2,0.0000,0.6998,0.0240,-0.2660,54.9600,0.5330,18.5000,n/a,CGCCGCCGCTTTCGGTGATG,CTGCCGCCGCCGCTTTCGGTGATGAGGAAA,sense,exon,20,30,G,A,0.70,0.50,0.90,0.89,0.57,0.63,1.00,0.80,0.70,0.70,0.70,0.70,0.60,0.60,0.50,0.40,0.50,1.00,1.00,1.00,1.00,1.00,0.80,0.60,0.40,0.40,0.40,0.60,0.60,0.80,0.60,0.40,0.40
3,0.0000,0.6865,0.0520,-0.4480,25.7900,0.4100,18.0600,74.0,GGCAGCGTCGTGCACGGGTC,CCCGGGCAGCGTCGTGCACGGGTCGGGTGA,antisense,exon,20,30,C,G,0.75,0.70,0.80,0.78,0.71,0.63,0.86,0.70,0.70,0.70,0.70,0.70,0.70,0.70,0.80,0.70,0.70,0.80,0.80,0.80,0.60,0.80,0.80,0.60,0.60,0.80,0.60,0.60,0.80,0.80,0.80,0.80,0.80
4,0.0000,0.6405,0.0630,-0.0460,53.8100,0.4910,14.6000,n/a,TGGGCGGATCACTTGACGTC,GAGGTGGGCGGATCACTTGACGTCAGGAGT,antisense,intron,20,30,C,A,0.60,0.50,0.70,0.78,0.57,0.38,0.86,0.70,0.70,0.60,0.50,0.50,0.40,0.40,0.50,0.50,0.50,0.80,1.00,1.00,0.80,0.60,0.60,0.40,0.40,0.40,0.40,0.40,0.40,0.40,0.60,0.60,0.60
5,0.0000,0.6796,0.1290,0.0670,12.4400,0.4850,11.7000,n/a,TTACCATAGTGTACGGGTGC,CTTTTTACCATAGTGTACGGGTGCAGGCAT,sense,intron,20,30,C,A,0.50,0.70,0.30,0.33,0.86,0.38,0.29,0.40,0.40,0.40,0.40,0.40,0.50,0.60,0.60,0.60,0.70,0.40,0.40,0.40,0.40,0.40,0.20,0.40,0.40,0.40,0.40,0.60,0.60,0.80,0.80,0.80,0.80
6,0.0000,0.5489,0.2760,0.0850,64.7500,0.4890,16.4000,n/a,TCTACTGAAGTGGTAGCAAC,TTCTTCTACTGAAGTGGTAGCAACAGGTAC,antisense,exon,20,30,C,A,0.45,0.50,0.40,0.44,0.43,0.50,0.43,0.40,0.40,0.50,0.50,0.40,0.50,0.50,0.50,0.50,0.50,0.40,0.40,0.40,0.40,0.40,0.40,0.40,0.40,0.60,0.60,0.40,0.60,0.60,0.40,0.40,0.60
7,0.0000,0.6207,0.3480,0.1070,24.0100,0.5540,12.1000,n/a,TAGAGATCCGCCCTATCTCA,CAGATAGAGATCCGCCCTATCTCAAGGGAC,antisense,intron,20,30,A,A,0.50,0.50,0.50,0.56,0.29,0.75,0.29,0.60,0.70,0.70,0.70,0.60,0.60,0.70,0.60,0.60,0.50,0.40,0.40,0.40,0.40,0.60,0.60,0.80,1.00,1.00,0.80,0.60,0.40,0.40,0.20,0.40,0.40
8,0.0000,0.6916,0.5860,0.9100,73.0000,0.4480,18.1000,n/a,CTCATCACCGAAAGCGGCGG,TTTCCTCATCACCGAAAGCGGCGGCGGCAG,antisense,exon,20,30,G,C,0.65,0.70,0.60,0.56,1.00,0.50,0.43,0.50,0.50,0.40,0.50,0.60,0.60,0.70,0.70,0.70,0.70,0.40,0.40,0.40,0.40,0.60,0.80,0.60,0.60,0.40,0.40,0.40,0.60,0.80,1.00,1.00,1.00
9,0.0280,0.5259,0.0130,-0.5780,9.7300,0.4410,17.6000,n/a,TTCTGAATTATCGGCTAGCC,AGATTTCTGAATTATCGGCTAGCCTGGTCT,antisense,intron,20,30,C,T,0.45,0.70,0.20,0.22,0.71,0.38,0.29,0.20,0.30,0.30,0.40,0.40,0.40,0.40,0.50,0.60,0.70,0.40,0.40,0.40,0.20,0.20,0.00,0.00,0.20,0.40,0.60,0.80,0.80,0.60,0.60,0.60,0.60
10,0.0360,0.4501,0.1240,-0.3290,52.9000,0.4120,11.8600,n/a,GCCTCAGCCTCACGAATAGC,GCCTGCCTCAGCCTCACGAATAGCTGGGAT,antisense,intron,20,30,C,T,0.60,0.50,0.70,0.67,0.43,0.75,0.71,0.70,0.60,0.60,0.70,0.60,0.60,0.50,0.40,0.40,0.50,0.80,0.60,0.60,0.60,0.80,0.60,0.80,0.60,0.60,0.60,0.60,0.40,0.40,0.20,0.20,0.40
11,0.0370,0.5663,0.1120,-0.3640,10.5700,0.5210,13.5000,n/a,AAGTACTCCTGGAGTACTGC,CCCAAAGTACTCCTGGAGTACTGCAGGAGG,sense,intron,20,30,C,A,0.50,0.60,0.40,0.44,0.57,0.63,0.29,0.50,0.60,0.50,0.60,0.60,0.50,0.60,0.50,0.50,0.60,0.20,0.40,0.40,0.40,0.60,0.60,0.60,0.80,0.60,0.60,0.60,0.40,0.40,0.40,0.40,0.60
12,0.0560,0.7611,0.0870,0.0190,83.1700,0.6240,9.0000,n/a,CACCGTAGTCAATCTCAATG,AGATCACCGTAGTCAATCTCAATGAGGGCC,antisense,exon,20,30,G,A,0.45,0.30,0.60,0.56,0.43,0.38,0.57,0.50,0.50,0.40,0.40,0.30,0.40,0.40,0.30,0.30,0.30,0.80,0.60,0.60,0.60,0.40,0.40,0.40,0.40,0.20,0.40,0.20,0.40,0.40,0.40,0.20,0.40
13,0.0640,0.6184,0.0520,0.3180,15.7900,0.5040,15.6000,n/a,ACGGAGTCTCGCTGTCGCCC,TGAGACGGAGTCTCGCTGTCGCCCAGGCTG,antisense,intron,20,30,C,A,0.70,0.80,0.60,0.67,0.86,0.63,0.57,0.70,0.70,0.60,0.60,0.60,0.60,0.70,0.70,0.80,0.80,0.60,0.80,0.60,0.60,0.40,0.60,0.60,0.80,0.60,0.80,0.60,0.60,0.60,0.80,0.80,1.00
14,0.0660,0.6311,0.1120,0.0020,51.4200,0.3950,11.5000,n/a,TGGGATGCCGTCCCGCAAAA,GTAGTGGGATGCCGTCCCGCAAAATGGCCC,sense,intron,20,30,A,T,0.60,0.50,0.70,0.78,0.43,0.88,0.57,0.70,0.70,0.70,0.70,0.80,0.90,0.80,0.70,0.60,0.50,0.60,0.60,0.60,0.60,0.60,0.80,0.80,0.80,0.80,0.80,0.80,1.00,0.80,0.60,0.40,0.20
15,0.0720,0.6751,0.7910,0.5870,79.2100,0.5990,9.0000,n/a,TCCGAGAGAAACCTTCGCAA,CAGATCCGAGAGAAACCTTCGCAAGGGATT,sense,exon,20,30,A,G,0.50,0.50,0.50,0.56,0.43,0.38,0.57,0.50,0.50,0.50,0.40,0.40,0.40,0.50,0.50,0.50,0.50,0.60,0.80,0.60,0.60,0.40,0.40,0.20,0.40,0.40,0.40,0.40,0.60,0.60,0.60,0.60,0.60
16,0.1090,0.5128,0.0120,-0.3270,55.6000,0.2740,17.5600,n/a,CCGTCCAGCCACGGCAAGCC,GCCCCCGTCCAGCCACGGCAAGCCTGGGCT,antisense,exon,20,30,C,T,0.75,0.70,0.80,0.78,0.71,0.75,0.71,0.70,0.70,0.70,0.80,0.80,0.70,0.70,0.70,0.70,0.70,0.80,0.80,0.60,0.60,0.80,0.80,0.60,0.80,0.80,0.80,0.80,0.80,0.60,0.60,0.60,0.60
17,0.1110,0.8201,0.0310,-0.2490,22.9900,0.5050,8.7000,n/a,CTAGTGGAAGTGAACGCTCC,TGGACTAGTGGAAGTGAACGCTCCTGGCAT,sense,intron,20,30,C,T,0.55,0.60,0.50,0.44,0.71,0.38,0.57,0.40,0.50,0.50,0.40,0.50,0.50,0.50,0.50,0.60,0.60,0.40,0.40,0.60,0.60,0.40,0.60,0.40,0.40,0.40,0.40,0.40,0.60,0.60,0.60,0.80,0.80
18,0.1130,0.5886,0.1020,-0.1020,43.1200,0.5610,17.6500,63.0,GGGCATATGGACTAGGCACT,TGTGGGGCATATGGACTAGGCACTGGGCTA,antisense,exon,20,30,T,G,0.55,0.50,0.60,0.56,0.57,0.38,0.57,0.50,0.50,0.40,0.30,0.40,0.50,0.60,0.60,0.60,0.50,0.80,0.60,0.40,0.20,0.20,0.40,0.40,0.60,0.60,0.40,0.40,0.60,0.60,0.60,0.80,0.60
19,0.1250,0.6024,0.0590,-0.2780,3.8900,0.4380,7.8000,n/a,TGACATTTCAATTCCGTAGC,ACACTGACATTTCAATTCCGTAGCTGGACA,antisense,intron,20,30,C,T,0.40,0.50,0.30,0.33,0.71,0.25,0.29,0.30,0.20,0.20,0.20,0.30,0.40,0.40,0.40,0.40,0.50,0.40,0.40,0.20,0.20,0.20,0.20,0.20,0.20,0.20,0.20,0.40,0.60,0.60,0.60,0.60,0.60
20,0.1370,0.6321,0.2630,0.3740,78.2100,0.6610,9.9000,n/a,GCTTACCAGTATGACGACGA,GTGTGCTTACCAGTATGACGACGATGGGTA,sense,exon,20,30,A,T,0.50,0.50,0.50,0.44,0.57,0.38,0.57,0.40,0.30,0.40,0.40,0.50,0.50,0.40,0.50,0.50,0.50,0.40,0.40,0.40,0.40,0.60,0.60,0.40,0.20,0.40,0.20,0.40,0.60,0.60,0.60,0.80,0.60
21,0.1400,0.7384,0.7870,1.4400,97.2500,0.7180,9.2000,n/a,GTTCAGGAATCGTCACCCGG,CGCGGTTCAGGAATCGTCACCCGGCGGCCT,sense,exon,20,30,G,C,0.60,0.80,0.40,0.33,0.86,0.50,0.57,0.40,0.50,0.50,0.50,0.50,0.50,0.50,0.60,0.70,0.80,0.40,0.40,0.60,0.60,0.40,0.40,0.40,0.40,0.40,0.60,0.60,0.60,0.60,0.80,0.80,1.00
22,0.1560,0.6321,0.3590,0.0130,45.9100,0.5210,13.5700,n/a,GCTAACGATCTCTTTGATGA,TTCTGCTAACGATCTCTTTGATGATGGCTG,antisense,exon,20,30,A,T,0.40,0.30,0.50,0.44,0.29,0.38,0.57,0.40,0.40,0.40,0.40,0.40,0.40,0.30,0.30,0.40,0.30,0.40,0.40,0.40,0.40,0.40,0.60,0.40,0.40,0.40,0.40,0.20,0.40,0.20,0.20,0.40,0.40
23,0.1610,0.6786,0.1400,0.1550,24.1700,0.4250,12.6000,n/a,ACCAGTTCACAAACGGGCCT,TCCCACCAGTTCACAAACGGGCCTCGGGCT,antisense,intron,20,30,T,C,0.55,0.60,0.50,0.56,0.86,0.38,0.43,0.50,0.40,0.30,0.40,0.40,0.50,0.60,0.60,0.70,0.60,0.60,0.60,0.40,0.40,0.40,0.40,0.40,0.40,0.20,0.40,0.40,0.60,0.80,1.00,1.00,0.80
24,0.1620,0.4028,0.0160,-0.5120,30.0100,0.3930,21.0000,n/a,AGCTACCAGGCTAGAGTGCC,AAGCAGCTACCAGGCTAGAGTGCCAGGCAT,antisense,intron,20,30,C,A,0.60,0.60,0.60,0.67,0.71,0.63,0.57,0.70,0.60,0.50,0.60,0.60,0.60,0.50,0.60,0.60,0.60,0.40,0.60,0.60,0.40,0.60,0.80,0.80,0.60,0.60,0.60,0.40,0.40,0.40,0.60,0.60,0.80
25,0.1790,0.6374,0.0910,-0.2410,49.3600,0.2150,10.7000,n/a,TCGGCTGGAAATATGTTTAA,TCTATCGGCTGGAAATATGTTTAAAGGATT,sense,intron,20,30,A,A,0.35,0.10,0.60,0.67,0.14,0.25,0.71,0.60,0.50,0.40,0.30,0.30,0.30,0.20,0.10,0.10,0.10,0.80,0.80,0.80,0.80,0.60,0.40,0.40,0.20,0.00,0.00,0.20,0.20,0.20,0.20,0.20,0.00
26,0.1800,0.6388,0.4160,0.8690,96.6000,0.7010,14.0000,n/a,GATTATAAGACTGTGCGACG,GGAGGATTATAAGACTGTGCGACGAGGCTT,sense,intron,20,30,G,A,0.45,0.70,0.20,0.11,0.71,0.38,0.14,0.20,0.20,0.30,0.30,0.40,0.50,0.60,0.60,0.60,0.70,0.20,0.00,0.00,0.00,0.20,0.20,0.40,0.40,0.60,0.40,0.60,0.60,0.80,0.60,0.80,0.80
27,0.1830,0.5550,0.0880,-0.7870,52.9100,0.4020,13.9600,n/a,TTAACCTGCTGCGGCATGAC,ATAATTAACCTGCTGCGGCATGACTGGAGG,antisense,exon,20,30,C,T,0.55,0.70,0.40,0.44,0.57,0.75,0.29,0.50,0.60,0.70,0.80,0.80,0.70,0.70,0.70,0.60,0.70,0.20,0.40,0.40,0.60,0.80,0.60,0.60,0.80,0.80,0.80,1.00,0.80,0.60,0.60,0.40,0.40
28,0.1880,0.5920,0.1310,0.0830,30.2400,0.4910,17.5300,44.0,GGCTGGTCATGCCGCTGGCA,GAGAGGCTGGTCATGCCGCTGGCACGGCCG,antisense,exon,20,30,A,C,0.70,0.80,0.60,0.56,0.71,0.63,0.71,0.60,0.60,0.60,0.70,0.70,0.60,0.70,0.70,0.80,0.80,0.80,0.80,0.60,0.60,0.60,0.40,0.40,0.60,0.60,0.80,1.00,0.80,0.80,0.80,0.80,0.60
29,0.1880,0.5587,0.1770,0.0280,29.4700,0.4420,14.3000,n/a,CTCAAGCCACCGGCAACAAT,GTTTCTCAAGCCACCGGCAACAATAGGACT,antisense,exon,20,30,T,A,0.55,0.50,0.60,0.56,0.29,0.88,0.57,0.60,0.70,0.70,0.80,0.80,0.70,0.70,0.60,0.60,0.50,0.40,0.40,0.60,0.60,0.60,0.80,0.80,0.80,0.80,1.00,0.80,0.60,0.60,0.40,0.20,0.20
30,0.1920,0.5742,0.1820,-0.0790,45.9700,0.2980,9.9000,n/a,TTGAAAACCGGAATCGAAAA,ATGATTGGAAAACGAGCTAACGAAAGGCTA,sense,exon,20,30,A,A,0.35,0.30,0.40,0.44,0.29,0.50,0.14,0.50,0.50,0.40,0.40,0.50,0.60,0.60,0.50,0.40,0.30,0.20,0.20,0.20,0.20,0.40,0.60,0.80,0.80,0.60,0.40,0.40,0.40,0.40,0.40,0.40,0.20
31,0.1920,0.6541,0.4230,0.0650,37.3700,0.5130,17.6000,n/a,ATAAAGATGGCGTTTCGGCC,TAAAATAAAGATGGCGTTTCGGCCAGGTAG,sense,exon,20,30,C,A,0.50,0.70,0.30,0.33,0.71,0.50,0.14,0.40,0.50,0.50,0.50,0.50,0.50,0.60,0.70,0.70,0.70,0.00,0.20,0.20,0.20,0.40,0.60,0.60,0.80,0.80,0.60,0.40,0.40,0.40,0.60,0.80,1.00
32,0.1940,0.4727,0.1610,-0.4570,51.2900,0.5570,14.2000,n/a,CCCATCGGTAGTGGACTGAA,CCGTCCCATCGGTAGTGGACTGAATGGTGT,antisense,intron,20,30,A,T,0.55,0.50,0.60,0.56,0.43,0.63,0.71,0.60,0.50,0.50,0.60,0.60,0.60,0.50,0.50,0.50,0.50,0.60,0.60,0.60,0.60,0.60,0.60,0.60,0.40,0.40,0.60,0.60,0.60,0.60,0.60,0.40,0.40
33,0.1960,0.6502,0.0250,0.6450,17.0600,0.2700,16.6100,n/a,CGCGCGGCAGCCGTAGGCCT,AGCCCGCGCGGCAGCCGTAGGCCTTGGCCC,sense,intron,20,30,T,T,0.80,0.70,0.90,0.89,0.57,0.75,1.00,0.90,0.90,0.90,0.80,0.70,0.70,0.70,0.70,0.80,0.70,1.00,1.00,1.00,1.00,0.80,0.80,0.80,0.80,0.80,0.80,0.60,0.60,0.60,0.60,0.80,0.80
34,0.1980,0.6296,0.0410,-0.2830,59.9100,0.4960,13.9600,n/a,CCTCACCATTTTGGCTAGTG,TGGACCTCACCATTTTGGCTAGTGTGGCTA,antisense,intron,20,30,G,T,0.50,0.50,0.50,0.44,0.57,0.38,0.71,0.40,0.30,0.40,0.40,0.50,0.40,0.30,0.40,0.40,0.50,0.60,0.60,0.60,0.60,0.40,0.40,0.20,0.00,0.20,0.40,0.60,0.60,0.60,0.60,0.40,0.40
35,0.2030,0.5975,0.1080,-0.1690,54.1400,0.5630,14.2000,n/a,AGTTCAGTTCACGACCAGCC,CCTGAGTTCAGTTCACGACCAGCCTGGTCA,sense,intron,20,30,C,T,0.55,0.70,0.40,0.44,0.71,0.50,0.43,0.40,0.40,0.50,0.50,0.50,0.60,0.50,0.60,0.70,0.70,0.40,0.40,0.40,0.40,0.40,0.40,0.40,0.40,0.60,0.60,0.60,0.80,0.60,0.60,0.80,0.80
36,0.2060,0.5599,0.1530,-0.4830,42.8800,0.4720,8.2000,n/a,TCAGAAACAGATCGCCCATC,TGACTCAGAAACAGATCGCCCATCAGGTCT,antisense,exon,20,30,C,A,0.50,0.60,0.40,0.44,0.71,0.50,0.29,0.40,0.30,0.40,0.40,0.50,0.60,0.70,0.60,0.60,0.60,0.40,0.40,0.20,0.40,0.20,0.40,0.40,0.40,0.40,0.60,0.60,0.80,1.00,0.80,0.60,0.60
37,0.2100,0.5964,0.0770,0.1750,54.4800,0.5340,10.6000,n/a,CGATTCCTGAACCGCGGGGA,GTGACGATTCCTGAACCGCGGGGAAGGAAG,antisense,exon,20,30,A,A,0.65,0.80,0.50,0.44,0.86,0.63,0.57,0.40,0.40,0.50,0.60,0.70,0.70,0.70,0.80,0.80,0.80,0.40,0.40,0.40,0.40,0.60,0.60,0.40,0.40,0.60,0.60,0.80,1.00,1.00,1.00,1.00,0.80
38,0.2200,0.6305,0.3760,0.0230,17.0000,0.4940,10.3000,n/a,TTAAACTCTAGGCTTCGAAC,CTATTTAAACTCTAGGCTTCGAACAGGAAA,antisense,intron,20,30,C,A,0.40,0.60,0.20,0.22,0.43,0.50,0.14,0.30,0.40,0.50,0.50,0.50,0.50,0.60,0.50,0.50,0.60,0.00,0.20,0.20,0.40,0.40,0.40,0.40,0.60,0.60,0.60,0.60,0.60,0.60,0.40,0.40,0.60
39,0.2240,0.5489,0.0560,-0.4230,56.9600,0.4920,10.5000,n/a,CTAACAAAAGCGGCAATGTC,AGACCTAACAAAAGCGGCAATGTCAGGTAA,antisense,intron,20,30,C,A,0.45,0.60,0.30,0.22,0.43,0.63,0.29,0.30,0.40,0.50,0.60,0.50,0.50,0.50,0.60,0.60,0.60,0.40,0.20,0.20,0.20,0.20,0.20,0.40,0.60,0.80,1.00,0.80,0.60,0.40,0.40,0.20,0.40
40,0.2310,0.4167,0.1430,-0.0710,49.5700,0.5180,9.4000,n/a,CTAAATTACACTCGAACACA,CTCTCTAAATTACACTCGAACACATGGGCT,antisense,exon,20,30,A,T,0.35,0.50,0.20,0.11,0.43,0.50,0.14,0.20,0.20,0.30,0.40,0.40,0.40,0.50,0.50,0.50,0.50,0.20,0.00,0.00,0.00,0.20,0.20,0.40,0.40,0.60,0.60,0.60,0.40,0.60,0.40,0.40,0.40
41,0.2420,0.6604,0.2100,-1.0510,27.6000,0.2580,11.5000,n/a,TCTTCAGGCCGTAACCTTTT,GCTATCTTCAGGCCGTAACCTTTTCGGTTC,antisense,exon,20,30,T,C,0.45,0.30,0.60,0.67,0.29,0.63,0.43,0.70,0.60,0.60,0.60,0.60,0.70,0.60,0.50,0.40,0.30,0.40,0.40,0.40,0.60,0.80,0.80,1.00,0.80,0.60,0.40,0.40,0.40,0.40,0.40,0.40,0.20
42,0.2530,0.5964,0.0380,-0.5030,38.6200,0.4700,18.1000,n/a,AGATGCGAAGTTCGGGTGCC,CAACAGATGCGAAGTTCGGGTGCCCGGCCT,antisense,intron,20,30,C,C,0.60,0.70,0.50,0.56,0.86,0.50,0.57,0.50,0.40,0.50,0.60,0.60,0.60,0.50,0.60,0.70,0.70,0.40,0.60,0.60,0.60,0.60,0.60,0.40,0.20,0.40,0.60,0.60,0.80,0.80,0.80,0.80,0.80
43,0.2580,0.6862,0.2550,-0.4000,61.2300,0.4160,11.7000,n/a,AGTAGAAGATCGATGCTAAC,ATAAAGTAGAAGATCGATGCTAACTGGCAG,antisense,intron,20,30,C,T,0.40,0.50,0.30,0.33,0.43,0.38,0.29,0.40,0.40,0.40,0.40,0.40,0.50,0.50,0.40,0.40,0.50,0.40,0.40,0.20,0.40,0.40,0.20,0.40,0.60,0.40,0.40,0.60,0.60,0.40,0.40,0.40,0.40
44,0.2630,0.5401,0.0580,-0.4030,0.8400,0.4320,11.1000,n/a,CAGTTCACTCTTCGTTGGAC,GTTGCAGTTCACTCTTCGTTGGACAGGAGA,sense,exon,20,30,C,A,0.50,0.50,0.50,0.44,0.57,0.50,0.43,0.40,0.40,0.40,0.50,0.50,0.40,0.50,0.50,0.50,0.50,0.40,0.40,0.40,0.40,0.40,0.60,0.40,0.40,0.40,0.60,0.40,0.40,0.60,0.60,0.40,0.60
45,0.2650,0.6786,0.1400,0.1550,24.1700,0.4250,12.6000,n/a,ACCAGTTCACAAACGGGCCT,TCCCACCAGTTCACAAACGGGCCTCGGGCT,antisense,intron,20,30,T,C,0.55,0.60,0.50,0.56,0.86,0.38,0.43,0.50,0.40,0.30,0.40,0.40,0.50,0.60,0.60,0.70,0.60,0.60,0.60,0.40,0.40,0.40,0.40,0.40,0.40,0.20,0.40,0.40,0.60,0.80,1.00,1.00,0.80
46,0.2700,0.6984,0.5780,0.5500,38.1600,0.6650,7.4000,n/a,TTACATTACACATCCAGCGT,GTGTTTACATTACACATCCAGCGTGGGAAG,sense,exon,20,30,T,G,0.40,0.60,0.20,0.22,0.71,0.38,0.14,0.30,0.30,0.30,0.30,0.40,0.40,0.50,0.60,0.60,0.60,0.20,0.20,0.20,0.20,0.20,0.20,0.40,0.40,0.40,0.40,0.60,0.40,0.60,0.80,0.80,0.60
47,0.2750,0.5574,0.1280,-0.1460,28.0900,0.5140,18.8500,n/a,AGATGCGCGTGCGGAGTAGC,GGGGAGATGCGCGTGCGGAGTAGCGGGAAG,sense,exon,20,30,C,G,0.65,0.70,0.60,0.67,0.57,0.88,0.57,0.70,0.70,0.80,0.90,0.80,0.80,0.70,0.60,0.60,0.70,0.40,0.60,0.60,0.80,1.00,0.80,0.80,0.80,0.80,0.80,0.80,0.80,0.60,0.40,0.40,0.60
48,0.2830,0.7361,0.1650,0.1800,75.3200,0.4870,7.5000,n/a,CTTCCGCAATAATCCTACTA,TAGACTTCCGCAATAATCCTACTAAGGAAG,sense,exon,20,30,A,A,0.40,0.30,0.50,0.44,0.43,0.25,0.71,0.40,0.40,0.40,0.40,0.40,0.30,0.20,0.30,0.30,0.30,0.60,0.60,0.80,0.80,0.60,0.40,0.20,0.00,0.00,0.20,0.40,0.40,0.40,0.60,0.40,0.20
49,0.2850,0.4419,0.0040,-1.3400,13.6800,0.3090,16.9000,n/a,CTGTATTAATTCCGGGTGTC,GATCCTGTATTAATTCCGGGTGTCTGGGAA,antisense,intron,20,30,C,T,0.45,0.70,0.20,0.11,0.71,0.38,0.29,0.10,0.20,0.20,0.30,0.40,0.50,0.50,0.60,0.60,0.70,0.40,0.20,0.20,0.00,0.00,0.00,0.00,0.20,0.40,0.60,0.80,1.00,0.80,0.80,0.60,0.60
50,0.2850,0.5036,0.0080,-0.3130,13.1300,0.4530,18.5000,n/a,TGCCCTTATAGTTGGTAAGC,AGTTTGCCCTTATAGTTGGTAAGCTGGAAA,sense,intron,20,30,C,T,0.45,0.50,0.40,0.44,0.57,0.25,0.57,0.50,0.40,0.30,0.30,0.30,0.30,0.30,0.30,0.40,0.50,0.80,0.80,0.60,0.40,0.20,0.00,0.20,0.20,0.20,0.40,0.60,0.40,0.40,0.40,0.40,0.40
51,0.2960,0.5744,0.1590,0.0750,48.2900,0.3060,16.6900,n/a,GCCTCGGTCTCCCAACGTGC,TCCCGCCTCGGTCTCCCAACGTGCTGGGAT,sense,intron,20,30,C,T,0.70,0.70,0.70,0.67,0.57,0.63,0.86,0.70,0.70,0.70,0.70,0.60,0.60,0.60,0.60,0.60,0.70,0.80,0.80,0.80,0.60,0.80,0.60,0.60,0.60,0.80,0.60,0.60,0.60,0.60,0.40,0.60,0.80
52,0.2980,0.7636,0.6690,0.9950,96.5300,0.6620,15.0000,n/a,GCGGAGGTTGTAATGAGCCG,GGAGGCGGAGGTTGTAATGAGCCGAGGTCA,antisense,intron,20,30,G,A,0.60,0.50,0.70,0.67,0.71,0.25,0.86,0.60,0.50,0.40,0.30,0.40,0.30,0.30,0.40,0.50,0.50,0.80,0.80,0.80,0.60,0.40,0.60,0.40,0.20,0.20,0.20,0.20,0.20,0.40,0.60,0.80,0.80
53,0.3030,0.5073,0.0480,-0.1260,3.4100,0.4220,14.1000,n/a,TTGATACCTGGTTGAGGCTA,TCTGTTGATACCTGGTTGAGGCTATGGACA,antisense,exon,20,30,A,T,0.45,0.50,0.40,0.44,0.57,0.63,0.29,0.50,0.50,0.40,0.50,0.50,0.60,0.60,0.60,0.60,0.50,0.20,0.20,0.40,0.40,0.40,0.60,0.80,0.60,0.40,0.60,0.40,0.40,0.60,0.80,0.60,0.60
54,0.3060,0.6653,0.0140,-0.1760,49.5500,0.4640,13.7000,n/a,CCTCAGTAAACGAGGGCCTC,TTGTCCTCAGTAAACGAGGGCCTCTGGCCA,sense,exon,20,30,C,T,0.60,0.80,0.40,0.33,0.86,0.38,0.57,0.40,0.40,0.40,0.40,0.50,0.50,0.60,0.70,0.70,0.80,0.60,0.60,0.40,0.40,0.20,0.20,0.20,0.40,0.40,0.60,0.80,0.80,0.80,1.00,0.80,0.80
55,0.3080,0.6153,0.1640,0.1880,37.6200,0.5480,9.5000,n/a,GCAGAGACCCCTGAATCGAT,CGGTGCAGAGACCCCTGAATCGATGGGGCT,antisense,intron,20,30,T,G,0.55,0.40,0.70,0.67,0.29,0.63,0.57,0.70,0.60,0.70,0.60,0.60,0.50,0.60,0.60,0.50,0.40,0.60,0.60,0.40,0.60,0.60,0.80,0.80,0.80,0.80,0.60,0.40,0.20,0.40,0.40,0.40,0.40
56,0.3130,0.6500,0.1850,-0.5820,28.0800,0.4890,17.5000,n/a,TCGGCTGTAGTGCCGTTGTC,GTGTTCGGCTGTAGTGCCGTTGTCCGGCTT,sense,exon,20,30,C,C,0.60,0.60,0.60,0.67,0.57,0.63,0.71,0.60,0.60,0.60,0.60,0.60,0.60,0.50,0.60,0.60,0.60,0.80,0.80,0.80,0.60,0.40,0.40,0.40,0.40,0.60,0.80,0.80,0.80,0.60,0.60,0.40,0.40
57,0.3150,0.6172,0.0180,0.1140,0.0900,0.4320,12.4000,n/a,TACTTATTTAATGCGTGTGC,TAAGTACTTATTTAATGCGTGTGCTGGCTC,sense,promotor,20,30,C,T,0.35,0.60,0.10,0.11,0.71,0.25,0.14,0.10,0.10,0.10,0.20,0.30,0.30,0.40,0.40,0.50,0.60,0.20,0.20,0.20,0.00,0.00,0.00,0.00,0.00,0.20,0.40,0.60,0.60,0.80,0.60,0.60,0.60
58,0.3230,0.4844,0.1660,-0.3230,27.0700,0.4590,12.9000,n/a,GAGACCTCAGATGGTAAGCC,CCAGGAGACCTCAGATGGTAAGCCTGGCAT,sense,exon/intron,20,30,C,T,0.55,0.50,0.60,0.56,0.57,0.50,0.57,0.50,0.50,0.50,0.60,0.50,0.40,0.40,0.40,0.50,0.50,0.60,0.60,0.60,0.60,0.60,0.60,0.40,0.40,0.40,0.60,0.40,0.40,0.40,0.40,0.40,0.60
59,0.3360,0.5017,0.0670,-0.0740,58.4500,0.5190,9.6000,n/a,GAATAAGAACTCCCATTAGC,GAATGAATAAGAACTCCCATTAGCAGGTGG,sense,intron,20,30,C,A,0.40,0.50,0.30,0.22,0.43,0.63,0.29,0.20,0.30,0.40,0.50,0.50,0.50,0.40,0.40,0.50,0.50,0.20,0.00,0.20,0.20,0.20,0.40,0.40,0.40,0.60,0.80,0.60,0.60,0.40,0.20,0.20,0.40
60,0.3410,0.7627,0.0250,-0.6050,66.8000,0.4820,17.6000,n/a,TGCGGCCGTGGCTGCATTTG,ATGCTGCGGCCGTGGCTGCATTTGGGGAAG,antisense,exon,20,30,G,G,0.65,0.50,0.80,0.89,0.43,0.75,0.86,0.90,0.90,0.80,0.80,0.80,0.70,0.60,0.50,0.50,0.50,0.80,1.00,1.00,1.00,0.80,0.80,0.80,0.80,0.60,0.80,0.80,0.60,0.40,0.40,0.20,0.20
61,0.3410,0.6163,0.8360,-0.2450,74.7200,0.6120,15.2000,n/a,AATACTATCCTAGTTCCGAC,GAAGAATACTATCCTAGTTCCGACCGGAAT,sense,exon,20,30,C,C,0.40,0.50,0.30,0.33,0.57,0.38,0.14,0.30,0.30,0.40,0.40,0.30,0.40,0.50,0.60,0.50,0.50,0.20,0.20,0.20,0.20,0.40,0.40,0.40,0.40,0.60,0.40,0.20,0.40,0.60,0.60,0.60,0.80
62,0.3460,0.6310,0.1010,-0.3040,53.5900,0.3800,10.3400,n/a,GCATTAGACACCTGTCATAA,ACATGCATTAGACACCTGTCATAATGGAAA,antisense,intron,20,30,A,T,0.40,0.40,0.40,0.33,0.29,0.63,0.43,0.40,0.40,0.40,0.50,0.50,0.60,0.50,0.50,0.40,0.40,0.40,0.20,0.20,0.20,0.40,0.40,0.60,0.60,0.60,0.60,0.60,0.60,0.40,0.40,0.20,0.20
63,0.3480,0.7477,0.3020,0.5000,95.3100,0.6650,9.4000,n/a,CATGCTAAGTGACCTAAGAG,AGAACATGCTAAGTGACCTAAGAGTGGTAT,antisense,intron,20,30,G,T,0.45,0.50,0.40,0.33,0.43,0.50,0.43,0.40,0.40,0.50,0.50,0.40,0.40,0.40,0.50,0.40,0.50,0.60,0.40,0.40,0.40,0.40,0.20,0.40,0.40,0.60,0.60,0.60,0.40,0.40,0.40,0.20,0.40
64,0.3540,0.6877,0.1710,-0.4300,71.6900,0.4050,16.4000,n/a,GACCCGTGCACGACGCTGCC,ACCCGACCCGTGCACGACGCTGCCCGGGAG,sense,exon,20,30,C,C,0.75,0.80,0.70,0.67,0.86,0.63,0.71,0.70,0.80,0.70,0.70,0.70,0.70,0.70,0.70,0.70,0.80,0.80,0.80,0.80,0.80,0.80,0.60,0.60,0.80,0.60,0.60,0.80,0.80,0.60,0.80,0.80,0.80
65,0.3600,0.6064,0.0050,-0.7650,56.6500,0.3600,11.6000,n/a,GCCCTCCAATAATGGGAGTC,CTGAGCCCTCCAATAATGGGAGTCTGGGCT,antisense,intron,20,30,C,T,0.55,0.50,0.60,0.56,0.71,0.25,0.86,0.50,0.40,0.30,0.30,0.40,0.40,0.30,0.40,0.40,0.50,0.80,0.80,0.80,0.60,0.40,0.40,0.20,0.00,0.00,0.20,0.40,0.60,0.60,0.80,0.60,0.60
66,0.3600,0.7444,0.2140,0.5410,93.5200,0.6000,11.0000,n/a,TAATGTGGAGGCGCGAACAA,ATACTAATGTGGAGGCGCGAACAAAGGTCA,sense,exon,20,30,A,A,0.50,0.60,0.40,0.44,0.43,0.88,0.29,0.50,0.60,0.70,0.80,0.80,0.80,0.70,0.70,0.70,0.60,0.20,0.20,0.40,0.60,0.60,0.60,0.80,0.80,0.80,1.00,1.00,0.80,0.60,0.60,0.40,0.20
67,0.3700,0.5801,0.0210,-0.2700,49.2900,0.4410,14.8000,n/a,GCTACAGATAAGTGGACTAC,AAAAGCTACAGATAAGTGGACTACTGGGCC,antisense,intron,20,30,C,T,0.45,0.50,0.40,0.33,0.57,0.38,0.57,0.30,0.30,0.30,0.40,0.40,0.40,0.40,0.40,0.40,0.50,0.60,0.40,0.40,0.40,0.40,0.20,0.20,0.20,0.20,0.40,0.60,0.60,0.60,0.60,0.40,0.40
68,0.3720,0.6540,0.0610,-0.4520,3.7100,0.4100,13.9300,30.0,GGCCTCTCGTGCATAGATAC,TGAGGGCCTCTCGTGCATAGATACTGGAAA,antisense,exon,20,30,C,T,0.55,0.40,0.70,0.67,0.29,0.50,0.71,0.70,0.70,0.60,0.50,0.50,0.50,0.50,0.40,0.30,0.40,0.80,0.80,0.60,0.60,0.60,0.60,0.60,0.80,0.60,0.40,0.40,0.40,0.20,0.20,0.20,0.40
69,0.3740,0.6216,0.1170,-0.3170,37.2400,0.4790,14.1000,n/a,CACCATGGATGATATTAGTC,AAGGCACCATGGATGATATTAGTCAGGAAG,sense,exon,20,30,C,A,0.40,0.30,0.50,0.44,0.29,0.38,0.57,0.50,0.50,0.40,0.30,0.30,0.30,0.20,0.20,0.20,0.30,0.60,0.40,0.60,0.60,0.40,0.40,0.60,0.40,0.20,0.20,0.20,0.00,0.00,0.20,0.20,0.40
70,0.3830,0.6583,0.2120,0.0080,81.6700,0.6110,11.7000,n/a,GACGCAAACCTTTACTTGGG,TGCTGACGCAAACCTTTACTTGGGAGGTGG,antisense,intron,20,30,G,A,0.50,0.40,0.60,0.56,0.57,0.25,0.57,0.50,0.50,0.40,0.30,0.30,0.30,0.30,0.40,0.40,0.40,0.80,0.60,0.60,0.40,0.40,0.40,0.40,0.40,0.40,0.20,0.20,0.20,0.20,0.40,0.60,0.60
71,0.4030,0.5693,0.3260,0.2860,3.4400,0.5440,10.3000,n/a,CTATAAGTGATGAAAGGTAC,AATTCTATAAGTGATGAAAGGTACAGGCAT,sense,intron,20,30,C,A,0.35,0.40,0.30,0.22,0.43,0.38,0.29,0.20,0.30,0.30,0.30,0.30,0.40,0.40,0.40,0.30,0.40,0.20,0.00,0.20,0.20,0.40,0.40,0.40,0.40,0.40,0.20,0.20,0.40,0.40,0.40,0.40,0.60
72,0.4060,0.4705,0.1840,0.4000,52.7500,0.5850,10.8000,n/a,TCGTCACACTTGAGAGGCGA,TTAATCGTCACACTTGAGAGGCGAAGGTAA,sense,intron,20,30,A,A,0.55,0.60,0.50,0.56,0.71,0.50,0.57,0.50,0.50,0.40,0.50,0.40,0.50,0.50,0.60,0.60,0.60,0.60,0.60,0.60,0.40,0.60,0.40,0.40,0.40,0.40,0.40,0.40,0.60,0.60,0.80,0.80,0.80
73,0.4060,0.7447,0.2330,0.6340,35.8200,0.4680,13.2000,n/a,TTCTGGATCCGGATTACCGC,TGATTTCTGGATCCGGATTACCGCTGGCTG,antisense,exon,20,30,C,T,0.55,0.60,0.50,0.56,0.57,0.50,0.43,0.60,0.70,0.60,0.60,0.50,0.40,0.50,0.60,0.60,0.60,0.40,0.60,0.60,0.40,0.60,0.60,0.60,0.80,0.80,0.60,0.40,0.20,0.20,0.40,0.60,0.80
74,0.4070,0.5356,0.0350,0.0110,57.1900,0.4730,10.4000,n/a,TGCAGAGACCCCTGAATCGA,CCGGTGCAGAGACCCCTGAATCGATGGGGC,antisense,intron,20,30,A,T,0.55,0.50,0.60,0.67,0.43,0.75,0.57,0.70,0.70,0.60,0.70,0.60,0.60,0.50,0.60,0.60,0.50,0.60,0.60,0.60,0.40,0.60,0.60,0.80,0.80,0.80,0.80,0.60,0.40,0.20,0.40,0.40,0.40
75,0.4080,0.6642,0.0290,-0.8540,69.2600,0.2800,10.5000,n/a,TAGCACAGCGCAGACCTATC,CAGTTAGCACAGCGCAGACCTATCTGGGTG,sense,intron,20,30,C,T,0.55,0.50,0.60,0.67,0.43,0.63,0.43,0.70,0.70,0.70,0.60,0.70,0.70,0.70,0.60,0.50,0.50,0.40,0.60,0.60,0.60,0.60,0.80,0.80,0.80,0.80,0.60,0.60,0.60,0.60,0.40,0.40,0.40
76,0.4100,0.6596,0.6200,0.8980,73.2600,0.6750,13.4000,n/a,ACGAAAACCCTCACTCGCGG,AACCACGAAAACCCTCACTCGCGGCGGGCC,sense,exon,20,30,G,C,0.60,0.70,0.50,0.56,0.86,0.63,0.29,0.50,0.50,0.40,0.50,0.50,0.60,0.70,0.70,0.70,0.70,0.40,0.40,0.20,0.20,0.40,0.60,0.60,0.80,0.60,0.60,0.40,0.60,0.60,0.80,0.80,1.00
77,0.4100,0.5542,0.8950,0.4010,91.4600,0.7410,9.4000,n/a,GTGGCAGTAGAACAACTAGA,TTATGTGGCAGTAGAACAACTAGACGGTGA,sense,exon,20,30,A,C,0.45,0.30,0.60,0.56,0.29,0.38,0.71,0.50,0.50,0.50,0.40,0.30,0.40,0.30,0.30,0.40,0.30,0.80,0.60,0.80,0.60,0.40,0.40,0.40,0.20,0.40,0.40,0.20,0.40,0.40,0.20,0.40,0.40
78,0.4190,0.6230,0.1130,-0.1470,11.2600,0.5970,10.4000,n/a,TACAAATCCCGATACTGTGA,GGACTACAAATCCCGATACTGTGATGGATG,antisense,intron,20,30,A,T,0.40,0.40,0.40,0.44,0.43,0.50,0.14,0.50,0.50,0.40,0.40,0.50,0.50,0.60,0.50,0.50,0.40,0.20,0.20,0.20,0.20,0.40,0.60,0.80,0.80,0.60,0.40,0.40,0.20,0.40,0.40,0.60,0.40
79,0.4200,0.8205,0.1090,0.3810,14.3600,0.4740,15.9600,n/a,TCCCGGGCAGCGTCGTGCAC,GCCCTCCCGGGCAGCGTCGTGCACGGGTCG,antisense,exon,20,30,C,G,0.75,0.70,0.80,0.89,0.71,0.75,0.86,0.90,0.90,0.80,0.80,0.80,0.70,0.70,0.70,0.70,0.70,0.80,1.00,1.00,1.00,0.80,0.80,0.80,0.80,0.60,0.80,0.80,0.60,0.60,0.80,0.60,0.60
80,0.4290,0.6170,0.0080,-0.7740,2.8000,0.3460,12.8100,n/a,CTCGCTCCAGTTCCCGGATC,AACTCTCGCTCCAGTTCCCGGATCTGGAAT,sense,promotor,20,30,C,T,0.65,0.60,0.70,0.67,0.71,0.63,0.71,0.60,0.60,0.60,0.60,0.60,0.70,0.70,0.60,0.60,0.60,0.80,0.60,0.80,0.80,0.60,0.60,0.60,0.40,0.40,0.60,0.60,0.80,1.00,0.80,0.60,0.60
81,0.4300,0.5133,0.3040,0.2090,42.9700,0.6130,15.3100,n/a,TGCCACGTCTGTGGACGCAA,ATTCTGCCACGTCTGTGGACGCAAAGGTCG,sense,exon,20,30,A,A,0.60,0.60,0.60,0.67,0.57,0.63,0.71,0.70,0.60,0.60,0.60,0.60,0.60,0.60,0.70,0.60,0.60,0.60,0.80,0.80,0.60,0.60,0.60,0.60,0.40,0.60,0.60,0.60,0.60,0.80,0.80,0.60,0.60
82,0.4500,0.4264,0.0070,-0.0590,15.1800,0.3630,15.5000,n/a,CTGAAGAAGGGTCGATGGCC,TCATCTGAAGAAGGGTCGATGGCCTGGGGT,antisense,intron,20,30,C,T,0.60,0.70,0.50,0.44,0.71,0.63,0.43,0.50,0.50,0.50,0.60,0.60,0.50,0.60,0.70,0.70,0.70,0.40,0.40,0.40,0.20,0.40,0.60,0.60,0.60,0.80,0.80,0.60,0.40,0.60,0.60,0.60,0.80
83,0.4540,0.5744,0.0160,-0.3230,27.3500,0.3420,18.3000,n/a,ACGGCTTCGGGCGGCAAATC,GGCGACGGCTTCGGGCGGCAAATCCGGCGG,sense,exon,20,30,C,C,0.65,0.60,0.70,0.78,0.43,0.88,0.57,0.80,0.80,0.80,0.80,0.80,0.80,0.80,0.70,0.60,0.60,0.80,0.80,0.60,0.60,0.60,0.60,0.80,1.00,1.00,1.00,1.00,0.80,0.60,0.40,0.20,0.20
84,0.4600,0.6395,0.0680,-0.1230,25.2300,0.5150,12.5000,n/a,GACTGAGAGCGGAAAGATCT,TTTAGACTGAGAGCGGAAAGATCTGGGTGT,antisense,intron,20,30,T,G,0.50,0.40,0.60,0.56,0.29,0.63,0.57,0.60,0.70,0.60,0.60,0.50,0.60,0.50,0.50,0.50,0.40,0.60,0.40,0.60,0.40,0.60,0.60,0.80,0.80,0.80,0.60,0.40,0.40,0.20,0.20,0.40,0.40
85,0.4700,0.6199,0.2910,0.3760,34.0600,0.3860,9.3000,n/a,ACAGAGGGTTTGACATCAAC,AGGAACAGAGGGTTTGACATCAACAGGCTT,antisense,intron,20,30,C,A,0.45,0.40,0.50,0.56,0.43,0.50,0.57,0.50,0.50,0.50,0.50,0.50,0.40,0.40,0.30,0.30,0.40,0.40,0.60,0.60,0.80,0.60,0.60,0.40,0.40,0.20,0.40,0.40,0.40,0.40,0.40,0.20,0.40
86,0.4740,0.7105,0.1340,0.4270,29.3400,0.6150,10.8000,n/a,TGCGGGCCCATATCAATCGT,CAACTGCGGGCCCATATCAATCGTAGGGAA,antisense,exon,20,30,T,A,0.55,0.30,0.80,0.89,0.43,0.50,0.86,0.80,0.70,0.60,0.60,0.50,0.40,0.30,0.30,0.30,0.30,0.80,1.00,1.00,1.00,1.00,0.80,0.60,0.40,0.20,0.20,0.20,0.20,0.20,0.40,0.40,0.40
87,0.4740,0.5934,0.5150,-0.4560,57.0000,0.6740,11.7000,n/a,TTGTCATTACTAAGTATTCG,AACTTTGTCATTACTAAGTATTCGGGGTTG,sense,intron,20,30,G,G,0.30,0.30,0.30,0.33,0.43,0.25,0.29,0.30,0.30,0.20,0.30,0.20,0.20,0.20,0.20,0.30,0.30,0.40,0.40,0.40,0.20,0.20,0.20,0.20,0.20,0.20,0.40,0.20,0.20,0.20,0.20,0.20,0.40
88,0.4770,0.6368,0.1460,-0.2740,80.1000,0.4010,15.9000,n/a,AAATCTGGCTGGCGGCCCAT,GCCAAAATCTGGCTGGCGGCCCATTGGGAC,sense,exon,20,30,T,T,0.60,0.80,0.40,0.44,0.71,0.88,0.29,0.50,0.60,0.70,0.80,0.80,0.90,0.90,0.90,0.80,0.80,0.20,0.20,0.40,0.60,0.80,0.60,0.80,0.80,0.80,0.80,1.00,1.00,1.00,1.00,0.80,0.60
89,0.4780,0.5775,0.1430,-0.6030,71.0500,0.4560,9.4000,n/a,GTACCCATTGCTCAACTGTA,AGGTGTACCCATTGCTCAACTGTATGGAGG,sense,exon,20,30,A,T,0.45,0.40,0.50,0.44,0.29,0.38,0.57,0.50,0.50,0.60,0.50,0.40,0.40,0.40,0.50,0.50,0.40,0.60,0.60,0.60,0.60,0.40,0.40,0.40,0.40,0.60,0.60,0.40,0.40,0.40,0.40,0.40,0.40
90,0.4790,0.5435,0.1160,0.3970,33.4000,0.5350,12.1000,n/a,CAGATTCAGCTCGTAAGGAC,CTGCCAGATTCAGCTCGTAAGGACAGGCAC,sense,exon,20,30,C,A,0.50,0.50,0.50,0.44,0.43,0.63,0.43,0.40,0.50,0.50,0.50,0.50,0.50,0.50,0.60,0.50,0.50,0.40,0.20,0.40,0.20,0.40,0.60,0.60,0.60,0.80,0.60,0.40,0.40,0.40,0.40,0.40,0.60
91,0.4850,0.7964,0.7730,0.6520,99.7800,0.7150,8.6500,n/a,TCACCTGGATTACAGACCCG,AAAATCACCTGGATTACAGACCCGTGGCAC,sense,exon,20,30,G,T,0.55,0.60,0.50,0.56,0.71,0.38,0.57,0.50,0.40,0.50,0.40,0.40,0.40,0.40,0.40,0.50,0.60,0.60,0.60,0.60,0.80,0.60,0.40,0.40,0.20,0.20,0.20,0.40,0.40,0.60,0.60,0.80,0.80
92,0.4910,0.6407,0.0660,0.5410,49.0400,0.3560,17.7500,52.0,GGGGCGTATGGACTAGGCAC,TTGTGGGGCGTATGGACTAGGCACTGGGCT,antisense,exon,20,30,C,T,0.65,0.60,0.70,0.67,0.57,0.38,0.86,0.70,0.60,0.60,0.50,0.40,0.40,0.50,0.60,0.60,0.60,1.00,1.00,0.80,0.60,0.40,0.40,0.40,0.40,0.60,0.60,0.40,0.40,0.60,0.60,0.60,0.80
93,0.4940,0.6580,0.2350,0.1210,91.6600,0.5980,11.5000,n/a,AGCTATCTCGCACACTCATG,GTATAGCTATCTCGCACACTCATGAGGCAG,antisense,exon,20,30,G,A,0.50,0.50,0.50,0.56,0.43,0.63,0.43,0.60,0.50,0.50,0.50,0.60,0.60,0.60,0.60,0.50,0.50,0.40,0.40,0.40,0.20,0.40,0.60,0.80,0.60,0.80,0.60,0.60,0.40,0.60,0.40,0.40,0.40
94,0.4980,0.4703,0.0740,-0.3210,41.9900,0.4620,13.1000,n/a,ACCAATCGCCTTAGGAGGGC,TTCTACCAATCGCCTTAGGAGGGCTGGTTA,sense,promotor,20,30,C,T,0.60,0.60,0.60,0.67,0.86,0.63,0.43,0.60,0.50,0.40,0.50,0.60,0.60,0.60,0.60,0.60,0.60,0.40,0.40,0.40,0.40,0.60,0.80,0.80,0.60,0.40,0.40,0.40,0.40,0.60,0.80,0.80,0.80
95,0.5000,0.7064,0.0890,0.1210,97.9700,0.5780,16.7000,n/a,AGAACCGACGGAGGGCGTAG,TGGCAGAACCGACGGAGGGCGTAGTGGGGA,antisense,exon,20,30,G,T,0.65,0.70,0.60,0.67,0.71,0.75,0.57,0.70,0.60,0.70,0.80,0.80,0.80,0.80,0.80,0.70,0.70,0.40,0.60,0.60,0.60,0.80,0.80,0.80,0.60,0.80,0.80,0.80,0.80,1.00,0.80,0.60,0.60
96,0.5000,0.6530,0.4590,0.3240,83.9500,0.6370,7.6000,n/a,GGTAATCCCAACACTTAGTG,CGCTGGTAATCCCAACACTTAGTGAGGCTG,sense,intron,20,30,C,A,0.45,0.40,0.50,0.44,0.43,0.63,0.43,0.40,0.40,0.40,0.50,0.50,0.50,0.40,0.40,0.30,0.40,0.40,0.20,0.20,0.40,0.60,0.60,0.60,0.60,0.40,0.40,0.40,0.40,0.20,0.40,0.20,0.40
97,0.5030,0.7984,0.2670,0.5930,97.3300,0.6040,12.6100,n/a,GCATGATGCGCGGCCCAAGG,TCCTGCATGATGCGCGGCCCAAGGAGGGAG,sense,exon,20,30,G,A,0.70,0.80,0.60,0.56,0.71,0.88,0.43,0.60,0.60,0.70,0.80,0.80,0.90,0.90,0.80,0.80,0.80,0.60,0.40,0.20,0.40,0.60,0.60,0.80,1.00,1.00,1.00,1.00,1.00,0.80,0.60,0.60,0.60
98,0.5090,0.5259,0.0160,0.1220,6.3600,0.2810,12.2000,n/a,TTGGAACTTTGATTAGGGTT,GTTTTTGGAACTTTGATTAGGGTTAGGGTT,sense,intron,20,30,T,A,0.35,0.40,0.30,0.33,0.43,0.25,0.43,0.40,0.40,0.30,0.20,0.20,0.30,0.30,0.40,0.40,0.40,0.40,0.40,0.60,0.40,0.20,0.20,0.40,0.20,0.20,0.20,0.20,0.20,0.40,0.60,0.60,0.60
99,0.5090,0.6361,0.0510,0.0060,26.1700,0.4880,18.8000,n/a,CAGAGAGCACAACGCCGTGC,GTTACAGAGAGCACAACGCCGTGCTGGACC,antisense,exon,20,30,C,T,0.65,0.70,0.60,0.56,0.86,0.63,0.57,0.50,0.50,0.50,0.60,0.60,0.70,0.70,0.60,0.70,0.70,0.60,0.40,0.60,0.60,0.60,0.60,0.60,0.40,0.40,0.60,0.60,0.80,1.00,0.80,0.80,0.80
100,0.5180,0.6226,0.5020,0.0580,53.8400,0.4970,13.7000,n/a,ATATCAATCGCGGGCTCTGA,ATTTATATCAATCGCGGGCTCTGAGGGCGC,sense,promotor,20,30,A,G,0.50,0.70,0.30,0.33,0.57,0.75,0.14,0.40,0.50,0.60,0.70,0.70,0.70,0.80,0.80,0.80,0.70,0.20,0.20,0.20,0.20,0.40,0.40,0.60,0.80,1.00,1.00,1.00,0.80,0.80,0.60,0.60,0.40
101,0.5200,0.6024,0.0310,-0.4870,57.1500,0.3520,12.1600,n/a,GATGCTTGTGCCCGTGCACC,TTACGATGCTTGTGCCCGTGCACCTGGGAG,sense,intron,20,30,C,T,0.65,0.80,0.50,0.44,0.71,0.75,0.43,0.50,0.60,0.70,0.70,0.60,0.70,0.80,0.70,0.80,0.80,0.60,0.40,0.40,0.60,0.40,0.40,0.60,0.80,0.80,1.00,0.80,0.80,0.80,0.60,0.60,0.80
102,0.5200,0.6647,0.0350,-0.6570,10.0500,0.2710,12.8000,n/a,TTGGTCCTTGCTCGCCCTAT,TAGTTTGGTCCTTGCTCGCCCTATTGGATG,sense,intron,20,30,T,T,0.55,0.60,0.50,0.56,0.57,0.63,0.57,0.60,0.60,0.60,0.60,0.70,0.70,0.70,0.70,0.70,0.60,0.40,0.60,0.80,0.60,0.40,0.60,0.60,0.40,0.60,0.80,0.80,0.80,1.00,0.80,0.60,0.40
103,0.5200,0.6926,0.1120,-0.2210,27.3600,0.5120,14.7000,n/a,CCCTCCAATTAGCCTTGTTG,CCCACCCTCCAATTAGCCTTGTTGTGGAAG,sense,intron,20,30,G,T,0.50,0.50,0.50,0.44,0.43,0.38,0.71,0.40,0.40,0.40,0.50,0.40,0.30,0.40,0.40,0.40,0.50,0.80,0.80,0.60,0.40,0.40,0.20,0.00,0.20,0.40,0.60,0.60,0.60,0.60,0.40,0.20,0.40
104,0.5200,0.5920,0.1350,0.2080,49.6200,0.3880,10.4000,n/a,AAGGAGGACGCATCACAAAT,GCCCAAGGAGGACGCATCACAAATTGGTTT,sense,exon,20,30,T,T,0.45,0.30,0.60,0.67,0.29,0.63,0.57,0.70,0.70,0.60,0.60,0.60,0.60,0.50,0.50,0.40,0.30,0.40,0.60,0.80,0.60,0.60,0.80,0.80,0.60,0.60,0.60,0.40,0.40,0.40,0.40,0.20,0.20
105,0.5230,0.7006,0.4710,0.6990,83.8800,0.6640,12.1000,49.0,GGAGATTCGTAAGAAACTCG,TGGAGGAGATTCGTAAGAAACTCGGGGGCG,sense,exon,20,30,G,G,0.45,0.40,0.50,0.44,0.43,0.38,0.43,0.40,0.30,0.40,0.30,0.30,0.30,0.40,0.30,0.30,0.40,0.60,0.40,0.20,0.40,0.40,0.40,0.40,0.40,0.40,0.20,0.20,0.20,0.40,0.20,0.40,0.60
106,0.5250,0.8096,0.6900,0.8370,92.3700,0.5830,16.4000,n/a,TTAGGCTTGGCAAGGCGCAG,AAATTTAGGCTTGGCAAGGCGCAGCGGCTC,sense,intron,20,30,G,C,0.60,0.70,0.50,0.56,0.86,0.50,0.43,0.60,0.60,0.60,0.60,0.60,0.60,0.70,0.80,0.70,0.70,0.40,0.60,0.60,0.60,0.60,0.60,0.60,0.60,0.60,0.60,0.60,0.60,0.80,1.00,0.80,0.80
107,0.5280,0.6190,0.3510,0.3580,43.9400,0.6280,12.9000,n/a,AGAGGTTGTTCTAAACGGGA,CTACAGAGGTTGTTCTAAACGGGATGGTTA,antisense,intron,20,30,A,T,0.45,0.50,0.40,0.44,0.57,0.25,0.43,0.50,0.40,0.40,0.30,0.20,0.30,0.40,0.40,0.50,0.50,0.60,0.60,0.40,0.60,0.40,0.20,0.40,0.40,0.20,0.20,0.20,0.20,0.40,0.60,0.80,0.80
108,0.5290,0.5494,0.0930,-0.1680,22.7500,0.5170,13.3000,n/a,ACAAGATAGTACGGAGATGC,CTTGACAAGATAGTACGGAGATGCTGGTAG,antisense,exon,20,30,C,T,0.45,0.60,0.30,0.33,0.57,0.50,0.29,0.30,0.30,0.40,0.50,0.40,0.50,0.50,0.50,0.50,0.60,0.40,0.40,0.20,0.20,0.40,0.20,0.20,0.40,0.60,0.60,0.60,0.80,0.60,0.40,0.40,0.60
109,0.5320,0.7205,0.1820,0.1470,91.0600,0.5020,13.2500,n/a,CCTCCCCGCCAAGACACGCC,CCGCCCTCCCCGCCAAGACACGCCAGGAAA,antisense,intron,20,30,C,A,0.75,0.60,0.90,0.89,0.71,0.63,0.86,0.80,0.70,0.80,0.70,0.70,0.60,0.60,0.60,0.60,0.60,0.80,0.80,0.80,1.00,1.00,1.00,0.80,0.60,0.60,0.40,0.40,0.40,0.60,0.60,0.80,0.80
110,0.5340,0.6167,0.1950,0.7910,91.7700,0.6140,13.7000,n/a,AAATATATAGCCAGGTGCGG,AAAAAAATATATAGCCAGGTGCGGTGGCTC,antisense,intron,20,30,G,T,0.45,0.80,0.10,0.11,0.86,0.50,0.00,0.20,0.30,0.30,0.40,0.50,0.50,0.60,0.70,0.80,0.80,0.00,0.00,0.00,0.00,0.00,0.20,0.40,0.60,0.60,0.80,0.80,0.60,0.60,0.80,0.80,0.80
111,0.5360,0.6584,0.0890,-0.2800,36.1000,0.6050,19.5000,n/a,TAGCTCAAAGACTCGGTAGT,AGACTAGCTCAAAGACTCGGTAGTGGGAAT,sense,exon,20,30,T,G,0.45,0.50,0.40,0.44,0.57,0.38,0.43,0.40,0.50,0.40,0.40,0.50,0.50,0.50,0.50,0.60,0.50,0.40,0.60,0.60,0.40,0.20,0.40,0.20,0.40,0.40,0.60,0.60,0.80,0.60,0.60,0.60,0.40
112,0.5370,0.6581,0.0350,0.1730,12.3900,0.3550,10.0000,n/a,GCAGTCGCGCATTGCAGAGC,AGCAGCAGTCGCGCATTGCAGAGCTGGAGA,sense,exon,20,30,C,T,0.65,0.50,0.80,0.78,0.71,0.63,0.71,0.70,0.60,0.60,0.60,0.70,0.60,0.60,0.50,0.50,0.50,0.60,0.60,0.60,0.80,0.80,1.00,0.80,0.60,0.40,0.40,0.40,0.40,0.60,0.60,0.60,0.60
113,0.5370,0.4639,0.3420,-0.7590,66.3100,0.4690,9.8000,43.0,GGTACACCTGAAAGACTGTT,AATGGGTACACCTGAAAGACTGTTGGGGGC,antisense,exon/intron,20,30,T,G,0.45,0.30,0.60,0.56,0.43,0.50,0.57,0.50,0.40,0.40,0.50,0.40,0.50,0.40,0.40,0.40,0.30,0.60,0.40,0.40,0.60,0.60,0.60,0.60,0.40,0.20,0.40,0.20,0.40,0.40,0.60,0.40,0.40
114,0.5400,0.8296,0.0640,0.3020,48.9700,0.5480,15.7000,n/a,GAAGGGCCAGGTCTCGACAC,AAAAGAAGGGCCAGGTCTCGACACTGGAGA,sense,intron,20,30,C,T,0.65,0.60,0.70,0.67,0.57,0.63,0.71,0.70,0.70,0.80,0.70,0.70,0.70,0.60,0.60,0.60,0.60,0.60,0.60,0.80,1.00,0.80,0.80,0.80,0.60,0.60,0.60,0.60,0.60,0.60,0.60,0.60,0.60
115,0.5500,0.4220,0.2550,-0.2790,42.4300,0.5640,8.6000,n/a,GTCCACCATATTAGACCAGT,ACTGGTCCACCATATTAGACCAGTTGGTTA,sense,intron,20,30,T,T,0.45,0.40,0.50,0.44,0.57,0.25,0.71,0.40,0.40,0.30,0.30,0.30,0.30,0.30,0.30,0.40,0.40,0.60,0.60,0.80,0.60,0.40,0.40,0.20,0.00,0.00,0.20,0.20,0.40,0.60,0.60,0.60,0.60
116,0.5550,0.6230,0.0430,-0.4250,64.6000,0.2850,19.5600,65.0,GGCTCACTTGGAACGGCCTT,CTTGGGCTCACTTGGAACGGCCTTGGGAGC,antisense,exon,20,30,T,G,0.60,0.60,0.60,0.56,0.71,0.50,0.71,0.60,0.50,0.40,0.50,0.50,0.60,0.60,0.70,0.70,0.60,0.80,0.60,0.60,0.40,0.40,0.40,0.60,0.40,0.40,0.60,0.60,0.60,0.80,1.00,0.80,0.60
117,0.5550,0.6343,0.6510,1.2410,97.5000,0.5650,12.1000,n/a,GTTACAGGATGCACAGGCGG,TGGGGTTACAGGATGCACAGGCGGAGGAAG,sense,exon/intron,20,30,G,A,0.60,0.80,0.40,0.33,0.86,0.63,0.43,0.40,0.50,0.50,0.60,0.50,0.60,0.60,0.60,0.70,0.80,0.40,0.20,0.40,0.60,0.60,0.40,0.60,0.60,0.40,0.60,0.60,0.60,0.60,0.80,0.80,1.00
118,0.5610,0.7119,0.4320,0.0040,84.5700,0.5630,19.3000,n/a,GTGGGCATGGTGCGGCACCA,CACGGTGGGCATGGTGCGGCACCAGGGAAA,sense,exon,20,30,A,G,0.70,0.70,0.70,0.67,0.71,0.63,0.71,0.60,0.70,0.70,0.70,0.70,0.70,0.70,0.80,0.80,0.70,0.80,0.80,0.80,0.60,0.60,0.60,0.40,0.60,0.80,0.80,0.80,1.00,0.80,0.80,0.80,0.60
119,0.5730,0.5553,0.3480,-0.1440,67.0800,0.5800,13.1000,n/a,TTCAACCATCTCGACTCGCA,CTTCTTCAACCATCTCGACTCGCAGGGCAA,sense,exon,20,30,A,G,0.50,0.60,0.40,0.44,0.57,0.50,0.43,0.40,0.50,0.50,0.50,0.60,0.50,0.50,0.60,0.70,0.60,0.20,0.40,0.60,0.40,0.40,0.60,0.40,0.40,0.60,0.60,0.60,0.60,0.60,0.60,0.80,0.60
120,0.5740,0.7056,0.1110,0.2740,67.5100,0.6010,9.1000,n/a,ATCCGAGAGAAACCTTCGCA,TCAGATCCGAGAGAAACCTTCGCAAGGGAT,sense,exon,20,30,A,A,0.50,0.50,0.50,0.56,0.57,0.50,0.57,0.50,0.50,0.50,0.50,0.40,0.40,0.40,0.50,0.50,0.50,0.60,0.60,0.80,0.60,0.60,0.40,0.40,0.20,0.40,0.40,0.40,0.40,0.60,0.60,0.60,0.60
121,0.5790,0.7594,0.8840,0.8320,81.0800,0.7280,9.7700,45.0,GGTCTGTCTGGATAAAAGCG,GTGTGGTCTGTCTGGATAAAAGCGTGGCAT,antisense,exon,20,30,G,T,0.50,0.40,0.60,0.56,0.43,0.38,0.57,0.60,0.50,0.50,0.40,0.40,0.30,0.30,0.30,0.40,0.40,0.60,0.60,0.40,0.60,0.40,0.60,0.60,0.60,0.40,0.40,0.20,0.00,0.00,0.20,0.40,0.60
122,0.5820,0.6595,0.0030,-0.0030,60.0800,0.4580,11.4500,n/a,GTCCCCAGGGCCCCTAGACC,TGAGGTCCCCAGGGCCCCTAGACCAGGAAA,antisense,exon,20,30,C,A,0.75,0.70,0.80,0.78,0.57,0.88,0.71,0.80,0.90,0.90,0.90,0.80,0.70,0.80,0.70,0.70,0.70,0.80,0.80,0.80,0.80,0.80,0.80,0.80,1.00,1.00,1.00,0.80,0.60,0.60,0.40,0.40,0.60
123,0.5820,0.5128,0.0460,-0.8540,20.0500,0.3600,13.8000,n/a,AGGTCAGCCTGCCGTCAGTT,CAGAAGGTCAGCCTGCCGTCAGTTTGGGCC,antisense,intron,20,30,T,T,0.60,0.60,0.60,0.67,0.43,0.88,0.57,0.70,0.70,0.70,0.80,0.70,0.80,0.70,0.70,0.60,0.60,0.60,0.60,0.60,0.60,0.80,0.60,0.80,0.80,0.80,0.80,0.80,0.80,0.60,0.60,0.40,0.40
124,0.5850,0.7287,0.4420,-0.1160,85.8200,0.4610,15.6000,37.0,GGTTGCCTCGGAGCGCCAAC,GAAAGGTTGCCTCGGAGCGCCAACTGGTGT,antisense,exon,20,30,C,T,0.70,0.70,0.70,0.67,0.71,0.75,0.71,0.70,0.60,0.70,0.80,0.80,0.80,0.80,0.80,0.70,0.70,0.60,0.60,0.60,0.60,0.80,0.80,0.80,0.60,0.80,0.80,0.80,0.80,1.00,0.80,0.60,0.60
125,0.5900,0.5332,0.0950,0.1600,41.7000,0.5020,12.5000,n/a,ATCTCACGCAGTAGCCGCGT,GCAGATCTCACGCAGTAGCCGCGTCGGGTC,sense,intron,20,30,T,C,0.60,0.70,0.50,0.56,0.86,0.63,0.43,0.60,0.60,0.50,0.60,0.60,0.70,0.70,0.70,0.70,0.70,0.40,0.40,0.60,0.60,0.80,0.60,0.80,0.60,0.40,0.40,0.60,0.60,0.80,1.00,1.00,0.80
126,0.5940,0.6509,0.5540,0.1650,38.1300,0.6130,10.5000,n/a,TTAAATATCTAGCATGACAC,TTCCTTAAATATCTAGCATGACACAGGACA,antisense,intron,20,30,C,A,0.30,0.50,0.10,0.11,0.43,0.38,0.00,0.10,0.20,0.30,0.30,0.30,0.40,0.40,0.50,0.40,0.50,0.00,0.00,0.00,0.00,0.20,0.20,0.20,0.40,0.60,0.40,0.40,0.60,0.40,0.40,0.40,0.60
127,0.5970,0.5553,0.0620,-0.1340,42.8400,0.5710,n/a,n/a,CGGACAACTGTCCCCCGGCA,GGTCCGGACAACTGTCCCCCGGCAGGGAGG,antisense,promotor,20,30,A,G,0.70,0.80,0.60,0.56,0.86,0.63,0.57,0.50,0.50,0.50,0.60,0.60,0.70,0.80,0.80,0.90,0.80,0.80,0.60,0.40,0.40,0.40,0.40,0.40,0.60,0.60,0.80,0.80,1.00,1.00,1.00,1.00,0.80
128,0.6030,0.7895,0.1990,0.3930,68.4800,0.5320,10.9000,n/a,TTCCGTAGTAGGGCGGGACG,GAGTTTCCGTAGTAGGGCGGGACGTGGTTG,antisense,exon,20,30,G,T,0.65,0.90,0.40,0.44,0.86,0.63,0.43,0.50,0.60,0.60,0.60,0.60,0.70,0.80,0.70,0.80,0.90,0.60,0.60,0.60,0.60,0.40,0.20,0.40,0.60,0.60,0.80,1.00,1.00,1.00,0.80,0.80,0.80
129,0.6030,0.6503,n/a,n/a,n/a,n/a,n/a,n/a,CGCATTTCAAAATTCCACGA,n/a,n/a,n/a,20,n/a,A,n/a,0.40,0.40,0.40,0.33,0.57,0.13,0.43,0.30,0.20,0.10,0.10,0.20,0.30,0.30,0.30,0.40,0.40,0.60,0.40,0.20,0.20,0.20,0.20,0.20,0.20,0.00,0.00,0.20,0.40,0.40,0.60,0.80,0.60
130,0.6100,0.8002,0.5280,1.1610,94.9100,0.5570,13.8400,n/a,GCGATGCAACAGCTTGGCGG,ATTTGCGATGCAACAGCTTGGCGGAGGATT,sense,intron,20,30,G,A,0.65,0.70,0.60,0.56,0.71,0.50,0.71,0.50,0.50,0.50,0.50,0.50,0.50,0.50,0.60,0.70,0.70,0.60,0.60,0.60,0.40,0.40,0.60,0.40,0.40,0.60,0.60,0.40,0.60,0.60,0.60,0.80,1.00
131,0.6180,0.7760,0.2700,0.4010,59.6400,0.5200,15.7900,n/a,TTTCCTGGCGTGTCTTGGCG,TGTGTTTCCTGGCGTGTCTTGGCGGGGAGG,sense,intron,20,30,G,G,0.60,0.60,0.60,0.67,0.71,0.75,0.43,0.60,0.70,0.70,0.70,0.60,0.60,0.60,0.60,0.60,0.60,0.40,0.40,0.60,0.80,0.80,0.80,0.80,0.80,0.60,0.60,0.40,0.40,0.40,0.60,0.60,0.80
132,0.6180,0.7681,0.6670,0.6370,93.5700,0.7100,6.8000,n/a,GCACATTGTCAAATTAACTG,TTGTGCACATTGTCAAATTAACTGTGGCTT,sense,intron,20,30,G,T,0.35,0.20,0.50,0.44,0.29,0.25,0.43,0.40,0.30,0.30,0.20,0.20,0.20,0.20,0.20,0.20,0.20,0.60,0.40,0.20,0.40,0.20,0.40,0.40,0.40,0.20,0.20,0.00,0.00,0.00,0.20,0.20,0.40
133,0.6190,0.6158,0.0260,-0.1320,88.6400,0.5010,15.4100,n/a,CAGCCTCGTGACTGGGCGTG,CGAGCAGCCTCGTGACTGGGCGTGGGGGAG,sense,intron,20,30,G,G,0.70,0.70,0.70,0.67,0.86,0.63,0.71,0.60,0.70,0.60,0.60,0.60,0.70,0.70,0.70,0.70,0.70,0.80,0.60,0.80,0.80,0.60,0.60,0.60,0.60,0.40,0.60,0.60,0.80,0.80,1.00,0.80,0.80
134,0.6200,0.6718,0.4120,0.8950,97.5200,0.6690,8.9000,n/a,CTTTATGACAAAGAGGAGCG,CTGTCTTTATGACAAAGAGGAGCGAGGCCT,antisense,intron,20,30,G,A,0.45,0.60,0.30,0.22,0.71,0.38,0.29,0.20,0.20,0.30,0.30,0.40,0.50,0.40,0.50,0.50,0.60,0.20,0.00,0.20,0.20,0.40,0.40,0.40,0.20,0.40,0.20,0.40,0.60,0.60,0.60,0.80,0.80
135,0.6230,0.6842,0.0210,0.1710,46.1100,0.5280,7.0000,16.0,GGTGACAATAAATACGATGC,AGACGGTGACAATAAATACGATGCTGGGGA,sense,exon,20,30,C,T,0.40,0.40,0.40,0.33,0.57,0.00,0.57,0.30,0.20,0.20,0.10,0.20,0.20,0.20,0.20,0.30,0.40,0.60,0.60,0.40,0.40,0.20,0.20,0.00,0.00,0.00,0.00,0.20,0.40,0.40,0.40,0.60,0.60
136,0.6240,0.7370,0.2240,1.1520,78.6500,0.5340,18.8000,n/a,GCTTGCGCTAACATCGGGGG,CGTGGCTTGCGCTAACATCGGGGGCGGGGC,antisense,promotor,20,30,G,C,0.65,0.70,0.60,0.56,0.86,0.38,0.71,0.50,0.50,0.50,0.50,0.50,0.50,0.50,0.50,0.60,0.70,0.60,0.60,0.60,0.80,0.80,0.60,0.40,0.40,0.20,0.20,0.40,0.60,0.60,0.80,1.00,1.00
137,0.6330,0.7645,0.0520,-0.1010,25.0100,0.3620,16.2000,55.0,GGTCAGTACAGGCCGGGTTC,TACAGGTCAGTACAGGCCGGGTTCGGGCTG,antisense,exon,20,30,C,G,0.65,0.80,0.50,0.44,0.71,0.63,0.57,0.50,0.50,0.60,0.60,0.70,0.70,0.80,0.80,0.70,0.80,0.60,0.60,0.40,0.40,0.40,0.40,0.40,0.60,0.80,0.80,1.00,1.00,1.00,0.80,0.60,0.60
138,0.6330,0.8423,0.4500,0.1620,68.1500,0.4880,9.2200,n/a,AGAATGCCTAGGTTCCTTAG,AACTAGAATGCCTAGGTTCCTTAGAGGTAT,sense,intron,20,30,G,A,0.45,0.50,0.40,0.44,0.43,0.50,0.43,0.50,0.50,0.50,0.50,0.60,0.60,0.50,0.40,0.40,0.50,0.20,0.40,0.40,0.60,0.60,0.60,0.60,0.60,0.40,0.40,0.60,0.60,0.40,0.40,0.40,0.40
139,0.6360,0.7028,0.4800,0.8580,91.4500,0.6610,9.4000,n/a,TCTGTTCAGACTCTAATAGG,GTGCTCTGTTCAGACTCTAATAGGAGGTTA,antisense,exon,20,30,G,A,0.40,0.40,0.40,0.44,0.29,0.50,0.43,0.50,0.40,0.50,0.40,0.40,0.40,0.30,0.30,0.30,0.40,0.40,0.40,0.40,0.40,0.40,0.40,0.60,0.40,0.60,0.40,0.40,0.20,0.20,0.00,0.20,0.40
140,0.6380,0.5536,0.2520,0.1480,79.0700,0.5410,12.9000,n/a,GAATAGCGCTGCAAATTGGC,AAGGGAATAGCGCTGCAAATTGGCAGGACA,sense,intron,20,30,C,A,0.50,0.50,0.50,0.44,0.43,0.63,0.43,0.50,0.60,0.60,0.60,0.60,0.50,0.40,0.40,0.40,0.50,0.20,0.20,0.40,0.60,0.80,0.80,0.80,0.80,0.60,0.40,0.40,0.20,0.00,0.20,0.40,0.60
141,0.6400,0.6170,0.0410,-0.1380,81.7100,0.3550,19.2000,n/a,GACGCTCAAGCCACGTCAAC,GTAAGACGCTCAAGCCACGTCAACGGGAGG,antisense,intron,20,30,C,G,0.60,0.60,0.60,0.56,0.57,0.63,0.71,0.60,0.70,0.60,0.60,0.60,0.60,0.60,0.60,0.60,0.60,0.80,0.60,0.80,0.60,0.40,0.40,0.60,0.60,0.60,0.80,0.80,0.60,0.60,0.60,0.40,0.40
142,0.6400,0.7160,0.0820,0.3700,60.9600,0.4230,17.6000,n/a,TTTCCCGGGCGGGCACGTGA,TGGTTTTCCCGGGCGGGCACGTGACGGGGT,sense,promotor,20,30,A,C,0.70,0.70,0.70,0.78,0.57,1.00,0.57,0.80,0.90,1.00,1.00,0.90,0.90,0.90,0.80,0.80,0.70,0.40,0.60,0.80,1.00,1.00,1.00,1.00,1.00,1.00,1.00,0.80,0.80,0.80,0.60,0.60,0.60
143,0.6470,0.7236,0.7470,1.4610,80.8200,0.6420,15.6000,n/a,TTCCTCATCACCGAAAGCGG,TCTTTTCCTCATCACCGAAAGCGGCGGCGG,antisense,exon,20,30,G,C,0.55,0.70,0.40,0.44,0.57,0.50,0.43,0.50,0.60,0.60,0.50,0.50,0.40,0.50,0.60,0.60,0.70,0.40,0.60,0.60,0.40,0.40,0.40,0.40,0.60,0.80,0.60,0.60,0.40,0.40,0.40,0.60,0.80
144,0.6500,0.6285,0.1990,0.3100,66.2000,0.4680,13.7000,n/a,TGGAGGCGCGAACAAAGGTC,AATGTGGAGGCGCGAACAAAGGTCAGGGTG,sense,exon,20,30,C,A,0.60,0.40,0.80,0.89,0.43,0.63,0.71,0.80,0.70,0.70,0.70,0.60,0.50,0.50,0.50,0.40,0.40,0.60,0.80,0.80,0.80,1.00,1.00,0.80,0.60,0.60,0.40,0.20,0.20,0.40,0.40,0.40,0.60
145,0.6500,0.6593,0.4900,0.4160,66.0600,0.5730,10.3400,n/a,TCTGACAGCCGAACATACCT,TAGATCTGACAGCCGAACATACCTGGGGAA,sense,intron,20,30,T,G,0.50,0.40,0.60,0.67,0.43,0.63,0.43,0.70,0.60,0.60,0.60,0.60,0.50,0.50,0.50,0.50,0.40,0.40,0.60,0.40,0.60,0.60,0.80,0.80,0.80,0.60,0.60,0.40,0.20,0.20,0.40,0.40,0.40
146,0.6570,0.6621,0.4400,1.0910,79.2600,0.6610,11.5000,n/a,TACCTGCATGCTAGAAGCCG,CATCTACCTGCATGCTAGAAGCCGAGGCAG,antisense,intron,20,30,G,A,0.55,0.60,0.50,0.56,0.71,0.50,0.57,0.60,0.60,0.50,0.50,0.50,0.40,0.40,0.50,0.60,0.60,0.40,0.60,0.80,0.60,0.40,0.60,0.60,0.40,0.40,0.60,0.40,0.20,0.40,0.60,0.60,0.80
147,0.6570,0.6462,0.7980,0.0380,38.0000,0.6980,13.2000,n/a,TTGTGCTCTCTGTAACTGCG,GGCGTTGTGCTCTCTGTAACTGCGGGGAGC,sense,exon,20,30,G,G,0.50,0.50,0.50,0.56,0.57,0.38,0.43,0.50,0.60,0.50,0.50,0.40,0.40,0.40,0.40,0.50,0.50,0.40,0.60,0.60,0.60,0.60,0.60,0.40,0.60,0.40,0.40,0.20,0.40,0.20,0.40,0.60,0.80
148,0.6600,0.6601,0.1620,0.4970,95.5900,0.4750,12.6000,n/a,AAAAGCGAGCGGCGAGAGCG,CGGGAAAAGCGAGCGGCGAGAGCGAGGAGG,sense,exon,20,30,G,A,0.65,0.80,0.50,0.56,0.71,0.88,0.43,0.60,0.70,0.80,0.90,0.80,0.80,0.70,0.80,0.80,0.80,0.20,0.40,0.60,0.60,0.80,0.80,0.80,0.80,1.00,1.00,0.80,0.80,0.60,0.60,0.60,0.80
149,0.6670,0.6578,0.0370,-0.1270,82.9500,0.4160,17.4000,61.0,GGAATCAGGGCGCGGACGCT,TTCGGGAATCAGGGCGCGGACGCTGGGCGT,sense,promotor,20,30,T,G,0.70,0.80,0.60,0.56,0.71,0.88,0.43,0.60,0.60,0.70,0.80,0.90,0.80,0.90,0.90,0.90,0.80,0.40,0.40,0.20,0.40,0.60,0.80,0.80,1.00,1.00,1.00,1.00,0.80,0.80,0.80,0.80,0.60
150,0.6700,0.4844,0.0240,-0.3260,16.1700,0.4920,21.1000,n/a,GACTACGAGAGCTGCTGATT,CAGCGACTACGAGAGCTGCTGATTCGGCAG,sense,exon,20,30,T,C,0.50,0.50,0.50,0.44,0.43,0.63,0.57,0.50,0.60,0.50,0.60,0.70,0.60,0.60,0.60,0.50,0.50,0.40,0.40,0.60,0.40,0.60,0.60,0.60,0.60,0.60,0.60,0.80,0.60,0.60,0.60,0.40,0.20
151,0.6700,0.6862,0.8220,0.1600,98.0200,0.6260,14.0000,n/a,GCTAGTATCGAACTCCTGGA,TCTTGCTAGTATCGAACTCCTGGAAGGAAT,sense,intron,20,30,A,A,0.50,0.50,0.50,0.44,0.57,0.38,0.43,0.40,0.30,0.40,0.40,0.40,0.50,0.50,0.60,0.60,0.50,0.60,0.40,0.20,0.20,0.40,0.40,0.40,0.40,0.60,0.40,0.40,0.60,0.60,0.60,0.80,0.60
152,0.6790,0.6876,0.0670,-0.4150,25.0900,0.3540,19.1000,n/a,AATTGGGCTTTATGGCTTGC,AAGAAATTGGGCTTTATGGCTTGCTGGCTT,sense,intron,20,30,C,T,0.45,0.50,0.40,0.44,0.71,0.38,0.43,0.40,0.40,0.40,0.50,0.50,0.50,0.40,0.30,0.40,0.50,0.20,0.40,0.60,0.80,0.80,0.60,0.40,0.20,0.00,0.20,0.40,0.60,0.60,0.60,0.60,0.60
153,0.6810,0.6560,0.0220,-0.6320,20.6400,0.2010,14.6000,n/a,CACTCGCTACCCCCTTATTC,TGCTCACTCGCTACCCCCTTATTCAGGGCC,sense,intron,20,30,C,A,0.55,0.50,0.60,0.56,0.29,0.75,0.71,0.60,0.70,0.70,0.80,0.70,0.60,0.50,0.50,0.50,0.50,0.60,0.60,0.80,0.60,0.60,0.60,0.60,0.60,0.80,1.00,0.80,0.60,0.40,0.20,0.00,0.20
154,0.6820,0.6722,0.7150,0.4080,69.3600,0.5960,14.0000,n/a,TCTAGGGAGTGCTAACCCCT,ATTGTCTAGGGAGTGCTAACCCCTCGGTGA,antisense,intron,20,30,T,C,0.55,0.60,0.50,0.56,0.57,0.50,0.57,0.60,0.60,0.60,0.60,0.50,0.50,0.50,0.60,0.60,0.60,0.40,0.60,0.60,0.60,0.80,0.60,0.60,0.60,0.60,0.40,0.40,0.40,0.40,0.60,0.80,0.80
155,0.6830,0.5492,0.3520,0.1180,36.2600,0.5260,11.1000,n/a,GCTGATGACTACTTATCGAT,AGATGCTGATGACTACTTATCGATTGGAGT,sense,intron,20,30,T,T,0.40,0.30,0.50,0.44,0.29,0.38,0.57,0.40,0.40,0.40,0.30,0.30,0.30,0.30,0.40,0.30,0.30,0.60,0.40,0.40,0.40,0.40,0.40,0.40,0.40,0.40,0.20,0.20,0.20,0.20,0.40,0.40,0.40
156,0.6870,0.6928,0.1790,0.5210,59.7900,0.6110,15.3000,82.0,GGGAGAAGCTAGACCACCAC,GCTAGGGAGAAGCTAGACCACCACAGGCAC,sense,intron,20,30,C,A,0.60,0.60,0.60,0.56,0.71,0.50,0.57,0.50,0.50,0.40,0.50,0.50,0.50,0.60,0.60,0.50,0.60,0.80,0.60,0.40,0.40,0.60,0.40,0.40,0.60,0.40,0.40,0.60,0.60,0.60,0.80,0.60,0.60
157,0.6920,0.6927,0.0820,-0.5810,32.5100,0.4320,18.9000,17.0,GGAGGCTTGCTTTGGCTCGC,AATGGGAGGCTTGCTTTGGCTCGCTGGAAG,sense,promotor,20,30,C,T,0.65,0.60,0.70,0.67,0.86,0.38,0.71,0.60,0.50,0.50,0.50,0.50,0.50,0.50,0.60,0.60,0.60,0.80,0.80,0.60,0.60,0.60,0.60,0.40,0.40,0.40,0.40,0.40,0.60,0.60,0.80,0.80,0.80
158,0.6930,0.8248,0.3480,1.4110,91.4100,0.6710,17.6000,n/a,ATTGACGCCACGTTGACCGG,TGTGATTGACGCCACGTTGACCGGAGGCCC,sense,exon,20,30,G,A,0.60,0.70,0.50,0.56,0.71,0.63,0.43,0.60,0.70,0.70,0.60,0.70,0.60,0.60,0.60,0.60,0.70,0.20,0.40,0.60,0.80,0.80,0.80,0.80,0.80,0.60,0.40,0.60,0.40,0.40,0.60,0.80,0.80
159,0.6940,0.6457,0.1030,-0.0920,1.7800,0.4650,12.6600,n/a,CCCGGGTTAATTTGTAGCAC,TCCTCCCGGGTTAATTTGTAGCACTGGACT,sense,promotor,20,30,C,T,0.50,0.40,0.60,0.56,0.57,0.13,0.86,0.50,0.40,0.30,0.30,0.20,0.10,0.20,0.30,0.30,0.40,1.00,1.00,0.80,0.60,0.40,0.20,0.00,0.00,0.00,0.20,0.20,0.20,0.40,0.60,0.40,0.60
160,0.6940,0.7198,0.2650,0.2060,3.6700,0.5520,12.9000,n/a,TTCCGCTCTCAGTCTAAAGC,ATCTTTCCGCTCTCAGTCTAAAGCAGGTGT,sense,intron,20,30,C,A,0.50,0.40,0.60,0.67,0.43,0.50,0.57,0.60,0.70,0.60,0.60,0.50,0.40,0.40,0.30,0.40,0.40,0.60,0.80,0.80,0.80,0.60,0.60,0.40,0.60,0.40,0.60,0.40,0.40,0.20,0.20,0.20,0.40
161,0.6940,0.9040,0.3550,0.3410,72.1900,0.7250,13.7200,51.0,GGAGTGCAGTGGATTGATTG,GGCTGGAGTGCAGTGGATTGATTGCGGCTC,sense,intron,20,30,G,C,0.50,0.40,0.60,0.56,0.29,0.50,0.71,0.60,0.60,0.60,0.50,0.50,0.50,0.40,0.40,0.30,0.40,0.60,0.60,0.60,0.60,0.60,0.60,0.60,0.60,0.60,0.40,0.40,0.40,0.20,0.20,0.20,0.40
162,0.6970,0.7003,0.1020,-0.4290,66.2600,0.4760,10.4600,n/a,GATAGTAATCCGGACATGAC,TGGGGATAGTAATCCGGACATGACTGGAAT,antisense,exon,20,30,C,T,0.45,0.60,0.30,0.22,0.43,0.50,0.29,0.30,0.40,0.50,0.50,0.50,0.50,0.50,0.60,0.60,0.60,0.40,0.20,0.20,0.20,0.20,0.20,0.40,0.60,0.80,0.80,0.80,0.60,0.40,0.40,0.40,0.40
163,0.6990,0.6060,0.7510,0.6330,87.6600,0.7200,8.4000,n/a,CGATCCAAATTTGAACGCCG,GTGACGATCCAAATTTGAACGCCGGGGACA,antisense,exon,20,30,G,G,0.50,0.60,0.40,0.33,0.71,0.13,0.57,0.30,0.20,0.30,0.30,0.20,0.20,0.30,0.40,0.50,0.60,0.60,0.60,0.40,0.40,0.40,0.20,0.00,0.00,0.20,0.20,0.20,0.40,0.60,0.60,0.80,1.00
164,0.7000,0.7130,0.0010,-0.4570,59.6700,0.2460,14.0000,26.0,GGGGCTCCGTCACCGCATCC,GGAGGGGGCTCCGTCACCGCATCCTGGGCT,antisense,intron,20,30,C,T,0.75,0.70,0.80,0.78,0.71,0.75,0.86,0.80,0.70,0.70,0.70,0.70,0.80,0.70,0.60,0.60,0.70,1.00,0.80,0.80,0.80,0.80,0.60,0.80,0.60,0.60,0.60,0.80,0.80,0.80,0.60,0.60,0.60
165,0.7000,0.8249,0.0180,-0.3670,14.0100,0.3900,16.5000,n/a,ACTGGTTTGGGGCTCGCTCT,ACAAACTGGTTTGGGGCTCGCTCTTGGTCC,sense,intron,20,30,T,T,0.60,0.70,0.50,0.56,0.57,0.63,0.43,0.60,0.60,0.70,0.60,0.60,0.70,0.80,0.80,0.80,0.70,0.60,0.60,0.40,0.40,0.40,0.40,0.60,0.80,1.00,0.80,0.80,0.80,0.80,0.60,0.80,0.60
166,0.7060,0.6443,0.0090,-0.1530,50.9500,0.3950,22.9400,n/a,GAGGGAGGCGCTCGGCGGAC,AGGAGAGGGAGGCGCTCGGCGGACTGGACA,sense,exon,20,30,C,T,0.80,0.80,0.80,0.78,0.86,0.88,0.71,0.80,0.80,0.80,0.80,0.80,0.90,0.90,0.90,0.80,0.80,0.80,0.60,0.80,0.80,0.80,0.80,1.00,0.80,0.80,0.80,0.80,0.80,1.00,1.00,0.80,0.80
167,0.7090,0.6325,0.0990,-0.6050,28.3800,0.3100,10.5400,n/a,ATCACTCCGCACGCTATTAA,GTAAATCACTCCGCACGCTATTAATGGTCC,antisense,promotor,20,30,A,T,0.45,0.30,0.60,0.67,0.14,0.88,0.43,0.60,0.70,0.70,0.80,0.70,0.70,0.60,0.50,0.40,0.30,0.40,0.40,0.60,0.60,0.80,0.80,0.80,0.80,0.80,0.80,0.60,0.60,0.40,0.20,0.00,0.00
168,0.7100,0.6720,0.3780,0.1070,61.6600,0.5570,14.2000,n/a,GATTTCATGAAGATGGCGCC,GTGAGATTTCATGAAGATGGCGCCAGGACG,sense,exon,20,30,C,A,0.50,0.70,0.30,0.22,0.86,0.25,0.29,0.20,0.30,0.30,0.30,0.40,0.40,0.50,0.60,0.60,0.70,0.20,0.20,0.20,0.20,0.40,0.40,0.20,0.40,0.40,0.20,0.40,0.60,0.60,0.80,1.00,1.00
169,0.7100,0.7287,0.4420,-0.1160,85.8200,0.4600,15.6000,37.0,GGTTGCCTCGGAGCGCCAAC,GAAAGGTTGCCTCGGAGCGCCAACTGGTGT,antisense,exon,20,30,C,T,0.70,0.70,0.70,0.67,0.71,0.75,0.71,0.70,0.60,0.70,0.80,0.80,0.80,0.80,0.80,0.70,0.70,0.60,0.60,0.60,0.60,0.80,0.80,0.80,0.60,0.80,0.80,0.80,0.80,1.00,0.80,0.60,0.60
170,0.7100,0.6837,0.6930,0.4450,83.6900,0.5960,12.6000,n/a,ACAAGTGCCCCCAAATTAGG,CTTGACAAGTGCCCCCAAATTAGGTGGTTT,sense,intron,20,30,G,T,0.50,0.40,0.60,0.67,0.29,0.75,0.43,0.70,0.70,0.70,0.70,0.60,0.60,0.50,0.40,0.40,0.40,0.40,0.40,0.40,0.60,0.80,0.80,1.00,1.00,0.80,0.60,0.40,0.20,0.00,0.00,0.20,0.40
171,0.7110,0.6473,0.4710,0.0700,77.2200,0.6840,18.2000,n/a,GCTGTCGGTGTCAAACAACC,TGAGGCTGTCGGTGTCAAACAACCAGGTAC,sense,exon,20,30,C,A,0.55,0.40,0.70,0.67,0.43,0.50,0.71,0.60,0.60,0.60,0.50,0.50,0.50,0.40,0.30,0.40,0.40,0.60,0.60,0.60,0.80,0.60,0.80,0.60,0.60,0.40,0.40,0.20,0.40,0.20,0.20,0.40,0.60
172,0.7110,0.6298,0.7180,0.0510,37.0700,0.5360,10.7000,n/a,GTGATATTAACGCTTCCGCC,ACAGGTGATATTAACGCTTCCGCCTGGCAT,antisense,exon,20,30,C,T,0.50,0.80,0.20,0.11,0.71,0.38,0.29,0.20,0.30,0.30,0.30,0.30,0.40,0.50,0.60,0.70,0.80,0.40,0.20,0.20,0.00,0.00,0.00,0.20,0.40,0.60,0.60,0.60,0.60,0.60,0.60,0.80,1.00
173,0.7120,0.6442,0.0060,-0.0170,15.1000,0.3950,15.3000,n/a,CTGAGGCGGGGTACATCTTC,GGCACTGAGGCGGGGTACATCTTCAGGCAC,antisense,exon,20,30,C,A,0.60,0.40,0.80,0.78,0.43,0.75,0.71,0.80,0.80,0.70,0.80,0.70,0.60,0.60,0.50,0.40,0.40,0.60,0.60,0.80,0.80,1.00,1.00,1.00,0.80,0.60,0.60,0.40,0.20,0.40,0.40,0.20,0.40
174,0.7130,0.6371,0.0100,-0.4590,35.0100,0.4690,12.5500,n/a,GAGTCTACCTGGAAGGCTCT,GCTGGAGTCTACCTGGAAGGCTCTAGGGGA,sense,intron,20,30,T,A,0.55,0.60,0.50,0.44,0.57,0.50,0.43,0.50,0.60,0.50,0.50,0.50,0.60,0.70,0.60,0.60,0.60,0.60,0.40,0.40,0.40,0.60,0.40,0.60,0.80,0.60,0.40,0.60,0.60,0.60,0.60,0.80,0.60
175,0.7160,0.7290,0.0550,0.2490,46.0100,0.5640,15.6000,n/a,GATGGCGCTATCACGGCACC,CGTTGATGGCGCTATCACGGCACCGGGCTC,sense,intron,20,30,C,G,0.65,0.70,0.60,0.56,0.86,0.50,0.71,0.50,0.60,0.60,0.60,0.60,0.60,0.60,0.50,0.60,0.70,0.60,0.60,0.80,1.00,0.80,0.60,0.40,0.40,0.20,0.40,0.60,0.80,0.80,0.80,0.80,0.80
176,0.7170,0.6025,0.0270,-0.6920,27.4900,0.4770,14.1000,n/a,CTCTCAGCAGCAGACGTGTC,GGTTCTCTCAGCAGCAGACGTGTCCGGTAG,sense,exon,20,30,C,C,0.60,0.60,0.60,0.56,0.57,0.63,0.57,0.60,0.60,0.60,0.60,0.60,0.70,0.60,0.60,0.60,0.60,0.60,0.40,0.60,0.60,0.60,0.60,0.80,0.60,0.60,0.60,0.60,0.60,0.60,0.60,0.60,0.60
177,0.7170,0.6135,0.1590,0.5530,51.9400,0.4290,17.4000,n/a,AGGAAGAAGCACAACGGCCC,AAGGAGGAAGAAGCACAACGGCCCAGGCAG,sense,intron,20,30,C,A,0.60,0.70,0.50,0.56,0.86,0.38,0.43,0.50,0.50,0.40,0.40,0.50,0.50,0.60,0.70,0.70,0.70,0.40,0.60,0.40,0.20,0.40,0.60,0.40,0.60,0.60,0.40,0.40,0.60,0.60,0.80,1.00,1.00
178,0.7190,0.7537,0.7260,0.5010,97.9100,0.6650,13.3000,n/a,AATTCGTGCTGCAAGTCCAG,ACTTAATTCGTGCTGCAAGTCCAGAGGTAT,antisense,exon,20,30,G,A,0.50,0.60,0.40,0.44,0.57,0.50,0.29,0.50,0.60,0.60,0.60,0.60,0.50,0.60,0.60,0.50,0.60,0.20,0.40,0.40,0.60,0.80,0.60,0.60,0.80,0.60,0.40,0.60,0.40,0.40,0.60,0.60,0.60
179,0.7200,0.6275,0.0840,0.0090,33.2500,0.5440,8.9000,n/a,ATACATAGGATAAGTAGTAC,CTATATACATAGGATAAGTAGTACAGGCAG,antisense,intron,20,30,C,A,0.30,0.30,0.30,0.33,0.43,0.38,0.14,0.30,0.30,0.30,0.30,0.30,0.30,0.40,0.30,0.20,0.30,0.20,0.20,0.20,0.40,0.40,0.40,0.40,0.40,0.20,0.20,0.20,0.20,0.40,0.40,0.20,0.40
180,0.7200,0.6046,0.2720,0.1930,73.3800,0.5210,9.5000,n/a,GATATATAAGGGCTATCAGA,CCCAGATATATAAGGGCTATCAGATGGGTT,sense,intron,20,30,A,T,0.35,0.50,0.20,0.11,0.29,0.50,0.14,0.20,0.30,0.40,0.40,0.40,0.40,0.50,0.50,0.60,0.50,0.20,0.00,0.00,0.00,0.00,0.20,0.40,0.60,0.80,0.80,0.60,0.40,0.40,0.20,0.40,0.40
181,0.7210,0.6954,0.3800,0.3240,87.6700,0.4850,n/a,n/a,TCTTCGGCCCCGTGCCCGCG,AGCCCGCGCGGGCACGGGGCCGAAGAGCAC,antisense,intron,20,30,G,G,0.80,0.90,0.70,0.78,1.00,0.88,0.57,0.80,0.80,0.80,0.90,0.90,0.90,0.90,0.90,0.90,0.90,0.40,0.60,0.60,0.80,1.00,1.00,1.00,1.00,0.80,0.80,0.80,0.80,0.80,1.00,1.00,1.00
182,0.7230,0.8521,0.0570,0.2080,67.5400,0.6540,7.2000,n/a,CCACGATGGAAAAATTATCG,TGTACCACGATGGAAAAATTATCGTGGATT,sense,promotor,20,30,G,T,0.40,0.20,0.60,0.56,0.29,0.25,0.57,0.50,0.40,0.40,0.30,0.20,0.20,0.20,0.10,0.10,0.20,0.80,0.60,0.40,0.60,0.60,0.40,0.40,0.40,0.20,0.00,0.00,0.00,0.00,0.00,0.20,0.40
183,0.7230,0.7354,0.3640,0.8580,84.0400,0.7390,14.9000,n/a,TGGGATGGCAGTGACCGCCG,ATGGTGGGATGGCAGTGACCGCCGTGGTGT,antisense,exon,20,30,G,T,0.70,0.80,0.60,0.67,0.86,0.63,0.57,0.70,0.60,0.60,0.50,0.60,0.70,0.70,0.70,0.70,0.80,0.60,0.60,0.60,0.60,0.60,0.60,0.80,0.60,0.60,0.40,0.60,0.60,0.80,0.80,1.00,1.00
184,0.7260,0.7197,0.3500,0.6540,56.8700,0.5350,16.4300,n/a,AGCGACACCAGGTCCGCGCG,CTGCAGCGACACCAGGTCCGCGCGCGGCGG,antisense,exon,20,30,G,C,0.75,0.90,0.60,0.67,1.00,0.63,0.57,0.70,0.70,0.60,0.60,0.70,0.70,0.80,0.80,0.80,0.90,0.60,0.80,0.60,0.60,0.60,0.60,0.60,0.80,0.60,0.60,0.80,0.80,0.80,1.00,1.00,1.00
185,0.7270,0.6531,0.3970,0.1630,54.4000,0.5940,13.1000,n/a,CATTGAAGCTCTATGCCAGT,TGCACATTGAAGCTCTATGCCAGTGGGGAC,antisense,intron,20,30,T,G,0.45,0.50,0.40,0.33,0.57,0.38,0.29,0.40,0.40,0.40,0.40,0.40,0.50,0.60,0.50,0.50,0.50,0.40,0.20,0.20,0.40,0.60,0.40,0.60,0.60,0.40,0.20,0.40,0.40,0.60,0.60,0.80,0.60
186,0.7290,0.5758,0.0150,-0.1510,15.2200,0.5150,8.4000,n/a,TTGACACAAATTCCCAGTAC,TATATTGACACAAATTCCCAGTACAGGGGG,sense,intron,20,30,C,A,0.40,0.50,0.30,0.33,0.57,0.38,0.43,0.30,0.30,0.30,0.40,0.40,0.40,0.40,0.40,0.40,0.50,0.40,0.40,0.60,0.40,0.40,0.20,0.20,0.00,0.20,0.40,0.60,0.60,0.80,0.60,0.40,0.40
187,0.7300,0.7236,0.7470,1.4610,80.8200,0.6420,15.6000,n/a,TTCCTCATCACCGAAAGCGG,TCTTTTCCTCATCACCGAAAGCGGCGGCGG,antisense,exon,20,30,G,C,0.55,0.70,0.40,0.44,0.57,0.50,0.43,0.50,0.60,0.60,0.50,0.50,0.40,0.50,0.60,0.60,0.70,0.40,0.60,0.60,0.40,0.40,0.40,0.40,0.60,0.80,0.60,0.60,0.40,0.40,0.40,0.60,0.80
188,0.7320,0.5553,0.0650,0.0720,66.9100,0.4380,11.6000,n/a,GACAAAGACCGTGTGAAGAC,GAGGGACAAAGACCGTGTGAAGACAGGGCA,antisense,intron,20,30,C,A,0.50,0.50,0.50,0.44,0.43,0.63,0.43,0.50,0.50,0.50,0.50,0.60,0.60,0.50,0.60,0.50,0.50,0.40,0.20,0.40,0.20,0.40,0.60,0.80,0.60,0.80,0.60,0.60,0.40,0.40,0.40,0.40,0.40
189,0.7320,0.7729,0.1000,0.3300,33.8000,0.5460,11.2400,n/a,ATTGGGTATGTTACTGCCGA,GGCTATTGGGTATGTTACTGCCGATGGGAA,sense,exon,20,30,A,T,0.45,0.50,0.40,0.44,0.71,0.25,0.43,0.40,0.40,0.40,0.40,0.30,0.30,0.40,0.50,0.60,0.50,0.40,0.60,0.60,0.60,0.40,0.40,0.20,0.20,0.20,0.40,0.20,0.40,0.60,0.80,0.80,0.80
190,0.7390,0.7997,0.1170,0.1940,6.0300,0.4810,13.2000,n/a,CGTGTGTCGCAGCCCGAACC,GGCACGTGTGTCGCAGCCCGAACCCGGCCT,sense,exon,20,30,C,C,0.70,0.70,0.70,0.67,0.71,0.75,0.57,0.60,0.60,0.70,0.70,0.80,0.80,0.80,0.70,0.70,0.70,0.60,0.60,0.40,0.60,0.60,0.80,0.60,0.80,0.80,0.80,0.80,1.00,0.80,0.60,0.60,0.60
191,0.7400,0.7922,0.0730,0.4280,20.4500,0.3780,17.0600,70.0,GGGGTGTCTGGGTCTGCCGA,ATGGGGGGTGTCTGGGTCTGCCGATGGGGC,sense,intron,20,30,A,T,0.70,0.70,0.70,0.67,0.71,0.63,0.71,0.70,0.70,0.60,0.60,0.60,0.60,0.70,0.70,0.80,0.70,0.80,0.80,0.60,0.60,0.40,0.60,0.60,0.80,0.60,0.80,0.60,0.60,0.60,0.80,0.80,0.80
192,0.7420,0.5080,0.0430,0.6740,90.1300,0.4850,12.9000,n/a,ACAACCGACAGCTGAGACGA,ACACACAACCGACAGCTGAGACGAAGGGCT,antisense,intron,20,30,A,A,0.55,0.60,0.50,0.56,0.57,0.63,0.57,0.60,0.60,0.60,0.70,0.60,0.60,0.50,0.60,0.60,0.60,0.40,0.60,0.60,0.60,0.80,0.60,0.60,0.60,0.60,0.60,0.60,0.60,0.40,0.60,0.60,0.60
193,0.7420,0.6834,0.1990,0.3990,69.7600,0.6100,14.6000,n/a,TGCCCCTAACTGTGTAGCGG,CCTGTGCCCCTAACTGTGTAGCGGAGGTCG,sense,exon,20,30,G,A,0.60,0.60,0.60,0.67,0.71,0.38,0.71,0.60,0.60,0.50,0.50,0.40,0.30,0.40,0.50,0.60,0.60,0.80,1.00,0.80,0.60,0.40,0.40,0.20,0.40,0.40,0.60,0.40,0.40,0.40,0.60,0.60,0.80
194,0.7430,0.6478,0.2160,0.3880,44.0200,0.6040,13.3000,n/a,CTCAGTGGTACTTAACGTTG,GCTGCTCAGTGGTACTTAACGTTGAGGTTA,sense,intron,20,30,G,A,0.45,0.40,0.50,0.44,0.43,0.38,0.57,0.50,0.50,0.40,0.40,0.30,0.40,0.40,0.30,0.30,0.40,0.60,0.40,0.60,0.60,0.60,0.40,0.60,0.40,0.20,0.20,0.20,0.20,0.40,0.40,0.40,0.60
195,0.7440,0.6405,0.0210,0.2780,31.9300,0.3410,11.2000,n/a,TCCGAGCTTCGCTTGAGAAC,GGATTCCGAGCTTCGCTTGAGAACAGGGCA,antisense,exon,20,30,C,A,0.55,0.50,0.60,0.67,0.43,0.50,0.71,0.70,0.70,0.60,0.50,0.60,0.50,0.50,0.50,0.50,0.50,0.60,0.80,0.80,0.60,0.40,0.60,0.60,0.60,0.60,0.60,0.60,0.40,0.40,0.40,0.40,0.40
196,0.7450,0.7019,0.3610,-0.0220,27.0000,0.5120,10.2000,n/a,TGATGTTTTGGTCCGTCTGA,ATCTTGATGTTTTGGTCCGTCTGAGGGTCA,antisense,exon,20,30,A,G,0.45,0.60,0.30,0.33,0.57,0.50,0.29,0.40,0.30,0.40,0.50,0.50,0.50,0.60,0.60,0.70,0.60,0.40,0.40,0.20,0.20,0.20,0.20,0.40,0.40,0.60,0.80,0.80,0.60,0.80,0.60,0.60,0.40
197,0.7460,0.6371,0.0210,-0.1840,67.5400,0.3620,13.7100,53.0,GGGAATGGGAGGACGCTTGC,GGGAGGGAATGGGAGGACGCTTGCGGGATA,sense,promotor,20,30,C,G,0.65,0.70,0.60,0.56,0.71,0.75,0.57,0.60,0.60,0.50,0.60,0.70,0.80,0.70,0.60,0.60,0.70,0.60,0.40,0.40,0.40,0.60,0.60,0.80,0.80,0.60,0.60,0.80,0.80,0.60,0.60,0.60,0.60
198,0.7470,0.7325,0.4810,0.2450,91.1000,0.5130,13.6000,n/a,GCCAGGTTCGTCGTGTCAAG,GCCGGCCAGGTTCGTCGTGTCAAGAGGGGC,antisense,exon,20,30,G,A,0.60,0.50,0.70,0.67,0.43,0.50,0.71,0.60,0.60,0.60,0.60,0.60,0.50,0.60,0.60,0.50,0.50,0.80,0.80,0.60,0.40,0.60,0.60,0.40,0.60,0.80,0.60,0.60,0.60,0.60,0.40,0.40,0.40
199,0.7480,0.6157,0.1330,-0.2700,83.3000,0.2850,13.7000,n/a,ACGTGACGCGCACGGCCAAT,GGGCACGTGACGCGCACGGCCAATGGGGGC,sense,promotor,20,30,T,G,0.65,0.60,0.70,0.78,0.57,0.88,0.57,0.80,0.70,0.70,0.80,0.80,0.90,0.90,0.80,0.70,0.60,0.60,0.60,0.60,0.60,0.80,0.80,1.00,0.80,0.80,0.80,0.80,0.80,1.00,0.80,0.60,0.40
200,0.7500,0.5461,0.0660,-0.6150,19.5900,0.2800,12.8000,n/a,CTCGAACTTCGCCGGTTAAT,TAAACTCGAACTTCGCCGGTTAATGGGCTT,antisense,intron,20,30,T,G,0.50,0.50,0.50,0.44,0.29,0.75,0.57,0.50,0.60,0.60,0.60,0.70,0.70,0.60,0.60,0.60,0.50,0.60,0.40,0.60,0.40,0.20,0.40,0.60,0.60,0.80,1.00,1.00,0.80,0.60,0.40,0.20,0.00
201,0.7500,0.6630,0.0890,0.0930,88.7700,0.3340,13.8900,n/a,GCGCACACAGGGCGGGAAAG,GGGGGCGCACACAGGGCGGGAAAGTGGCGG,antisense,promotor,20,30,G,T,0.70,0.70,0.70,0.67,0.57,0.75,0.71,0.70,0.70,0.70,0.70,0.80,0.80,0.80,0.70,0.70,0.70,0.80,0.80,0.60,0.60,0.40,0.60,0.60,0.80,0.80,1.00,1.00,1.00,0.80,0.60,0.40,0.40
202,0.7500,0.6465,0.1210,0.2160,55.5000,0.5510,7.4400,n/a,AGCAAGGAGTGAATTTCCCC,CAACAGCAAGGAGTGAATTTCCCCTGGAAT,antisense,intron,20,30,C,T,0.50,0.50,0.50,0.56,0.57,0.38,0.57,0.60,0.50,0.40,0.40,0.40,0.30,0.30,0.40,0.40,0.50,0.40,0.60,0.60,0.40,0.60,0.60,0.60,0.40,0.40,0.20,0.20,0.00,0.20,0.40,0.60,0.80
203,0.7510,0.6784,0.0500,0.2340,77.1900,0.5380,18.6000,n/a,ACCGCACGGGAGCCGAGGCA,TGGGACCGCACGGGAGCCGAGGCAGGGGAT,antisense,intron,20,30,A,G,0.75,0.70,0.80,0.89,0.71,0.88,0.71,0.80,0.80,0.80,0.80,0.80,0.80,0.80,0.80,0.80,0.70,0.80,0.80,0.80,0.80,0.80,0.80,0.80,0.80,0.80,0.80,0.80,0.80,0.80,0.80,0.80,0.60
204,0.7520,0.7618,0.4660,0.4390,86.2200,0.5180,14.1700,n/a,AGTCCACTACCGATGGGACG,ATTCAGTCCACTACCGATGGGACGGGGGGC,sense,intron,20,30,G,G,0.60,0.70,0.50,0.56,0.71,0.50,0.57,0.60,0.60,0.60,0.50,0.50,0.60,0.60,0.60,0.70,0.70,0.60,0.60,0.60,0.60,0.40,0.40,0.60,0.60,0.60,0.60,0.60,0.60,0.60,0.60,0.80,0.80
205,0.7520,0.6674,0.6640,0.4700,91.9700,0.6490,12.4000,n/a,ATATCTGGTGGAACATCTCG,CAAGATATCTGGTGGAACATCTCGAGGTGA,antisense,exon,20,30,G,A,0.45,0.50,0.40,0.44,0.57,0.63,0.29,0.50,0.50,0.50,0.60,0.50,0.50,0.50,0.40,0.50,0.50,0.20,0.20,0.40,0.60,0.60,0.60,0.80,0.60,0.40,0.60,0.40,0.20,0.40,0.40,0.40,0.60
206,0.7550,0.6688,0.0410,-0.1970,40.3600,0.5420,15.5000,n/a,AGTTGGAAAGCTCGGCGTGT,AGAAAGTTGGAAAGCTCGGCGTGTTGGATA,sense,exon,20,30,T,T,0.55,0.70,0.40,0.44,0.71,0.50,0.43,0.50,0.40,0.50,0.60,0.60,0.60,0.70,0.70,0.80,0.70,0.40,0.60,0.40,0.40,0.40,0.40,0.40,0.40,0.60,0.80,0.80,0.80,1.00,0.80,0.80,0.60
207,0.7550,0.6248,0.0830,-0.4200,26.6000,0.5670,8.3000,n/a,CAATTCCATATTACGATGCT,CTCACAATTCCATATTACGATGCTGGGCTG,antisense,intron,20,30,T,G,0.35,0.40,0.30,0.22,0.57,0.25,0.43,0.20,0.20,0.20,0.30,0.40,0.30,0.20,0.30,0.40,0.40,0.20,0.20,0.40,0.40,0.40,0.40,0.20,0.00,0.00,0.20,0.40,0.40,0.40,0.60,0.60,0.40
208,0.7570,0.6803,0.3200,0.4020,77.0000,0.5190,12.1900,n/a,TCAATTGCAGCCCGTGGACG,TTTATCAATTGCAGCCCGTGGACGGGGAGC,antisense,intron,20,30,G,G,0.60,0.80,0.40,0.44,0.71,0.88,0.29,0.50,0.50,0.60,0.70,0.70,0.80,0.80,0.70,0.80,0.80,0.20,0.20,0.20,0.40,0.40,0.60,0.80,0.80,0.80,1.00,0.80,0.80,0.80,0.60,0.60,0.80
209,0.7570,0.6204,0.3540,-0.4500,88.1100,0.6340,9.6000,n/a,TCCCCATAACTACGCTTGCG,CATGTCCCCATAACTACGCTTGCGGGGATT,sense,exon,20,30,G,G,0.55,0.60,0.50,0.56,0.71,0.38,0.57,0.50,0.40,0.40,0.40,0.40,0.40,0.40,0.50,0.60,0.60,0.80,0.80,0.60,0.40,0.20,0.20,0.20,0.20,0.40,0.60,0.60,0.60,0.60,0.60,0.60,0.60
210,0.7570,0.7288,0.5760,0.2200,90.4800,0.4960,14.2600,n/a,GCACGGCTGGAACGTCCGGC,GAAGGCACGGCTGGAACGTCCGGCTGGCTA,antisense,exon,20,30,C,T,0.75,0.70,0.80,0.78,0.86,0.63,0.86,0.70,0.60,0.70,0.70,0.60,0.60,0.60,0.70,0.70,0.70,0.80,0.80,0.80,0.80,0.80,0.80,0.60,0.40,0.60,0.60,0.40,0.60,0.80,0.80,0.80,1.00
211,0.7580,0.7431,0.2710,-0.5620,27.6100,0.4690,8.0000,n/a,GAAGTCTCCCCTGATCTGAT,TGCTGAAGTCTCCCCTGATCTGATAGGACA,antisense,exon,20,30,T,A,0.50,0.40,0.60,0.56,0.29,0.63,0.43,0.60,0.60,0.70,0.60,0.60,0.60,0.60,0.60,0.50,0.40,0.40,0.40,0.40,0.60,0.60,0.80,0.80,0.80,0.80,0.60,0.40,0.40,0.40,0.40,0.40,0.40
212,0.7580,0.8224,0.4380,0.5540,56.6900,0.6980,14.1100,n/a,CTAGTGGCATAGCCAACTTG,ACAGCTAGTGGCATAGCCAACTTGAGGTGC,sense,exon,20,30,G,A,0.50,0.50,0.50,0.44,0.43,0.63,0.57,0.40,0.50,0.60,0.60,0.60,0.50,0.50,0.40,0.40,0.50,0.40,0.40,0.60,0.80,0.60,0.60,0.40,0.40,0.40,0.60,0.60,0.60,0.60,0.40,0.20,0.40
213,0.7580,0.6254,0.9390,0.6870,91.6400,0.7110,9.7000,n/a,GCCATCCTCGAAGAAGACGA,GGCCGCCATCCTCGAAGAAGACGAGGGTCT,sense,exon,20,30,A,G,0.55,0.40,0.70,0.67,0.43,0.50,0.71,0.60,0.50,0.50,0.50,0.50,0.50,0.40,0.50,0.50,0.40,0.60,0.60,0.60,0.40,0.60,0.80,0.60,0.40,0.60,0.40,0.20,0.40,0.40,0.40,0.60,0.60
214,0.7600,0.6310,0.0060,-0.1230,63.2500,0.3460,24.2500,n/a,GTGGAGCACCCGGGCCGGCT,CTGTGTGGAGCACCCGGGCCGGCTAGGGGA,sense,intron,20,30,T,A,0.80,0.90,0.70,0.67,0.86,0.88,0.71,0.70,0.80,0.80,0.80,0.90,0.90,0.90,1.00,1.00,0.90,0.60,0.60,0.80,0.60,0.60,0.80,0.80,0.80,1.00,1.00,1.00,1.00,1.00,1.00,1.00,0.80
215,0.7600,0.6546,0.1450,-0.1670,41.6700,0.5120,13.2000,n/a,AGTTGGATACTCAGCGTCGC,GAAGAGTTGGATACTCAGCGTCGCTGGCAG,sense,exon,20,30,C,T,0.55,0.70,0.40,0.44,0.86,0.38,0.43,0.40,0.40,0.40,0.50,0.50,0.50,0.50,0.60,0.70,0.70,0.40,0.60,0.40,0.40,0.40,0.40,0.20,0.40,0.40,0.60,0.60,0.80,0.60,0.80,0.80,0.80
216,0.7620,0.7193,0.5640,0.6690,73.2600,0.6160,11.5000,n/a,CCACCTTCTTAAACTGCGGG,CTCCCCACCTTCTTAAACTGCGGGTGGCAA,antisense,intron,20,30,G,T,0.55,0.60,0.50,0.44,0.86,0.25,0.57,0.40,0.30,0.30,0.30,0.20,0.30,0.40,0.40,0.50,0.60,0.80,0.60,0.40,0.60,0.40,0.20,0.20,0.20,0.00,0.20,0.20,0.40,0.60,0.80,0.80,1.00
217,0.7630,0.6716,0.3700,0.5010,85.2400,0.6540,13.6000,39.0,GGCCTACTACAGGGACGCTG,CACTGGCCTACTACAGGGACGCTGAGGCCT,sense,exon,20,30,G,A,0.65,0.70,0.60,0.56,0.71,0.63,0.71,0.50,0.50,0.50,0.50,0.50,0.60,0.60,0.70,0.70,0.70,0.80,0.60,0.60,0.40,0.20,0.40,0.40,0.40,0.60,0.80,0.60,0.80,0.80,0.80,0.60,0.80
218,0.7630,0.6166,0.8030,0.0720,55.2800,0.6590,10.7000,n/a,CCAGAAGATGATATGCCGAT,GACACCAGAAGATGATATGCCGATAGGACG,sense,exon,20,30,T,A,0.45,0.40,0.50,0.44,0.57,0.25,0.57,0.40,0.30,0.30,0.20,0.30,0.40,0.40,0.50,0.50,0.40,0.60,0.40,0.40,0.40,0.20,0.40,0.40,0.20,0.20,0.20,0.20,0.40,0.60,0.80,0.80,0.60
219,0.7650,0.6370,0.1140,-0.8540,53.3100,0.3140,15.0000,n/a,TCTGCAATGGACCGGGTTAA,ATTATCTGCAATGGACCGGGTTAATGGGAG,sense,promotor,20,30,A,T,0.50,0.50,0.50,0.56,0.43,0.63,0.43,0.50,0.50,0.60,0.60,0.60,0.70,0.70,0.70,0.60,0.50,0.60,0.60,0.40,0.40,0.40,0.40,0.40,0.60,0.80,0.80,0.80,1.00,0.80,0.60,0.40,0.20
220,0.7650,0.6404,0.1930,0.1270,49.3000,0.5730,7.9000,42.0,GGTGAGATGATATCAACCTC,CAAAGGTGAGATGATATCAACCTCTGGTTC,sense,intron,20,30,C,T,0.45,0.40,0.50,0.44,0.57,0.25,0.57,0.40,0.30,0.30,0.30,0.30,0.20,0.30,0.40,0.30,0.40,0.60,0.60,0.40,0.40,0.40,0.40,0.20,0.20,0.20,0.20,0.20,0.20,0.40,0.60,0.40,0.60
221,0.7660,0.7775,0.1270,0.4800,93.7900,0.5760,14.4000,47.0,GGTAGCGAGCGACACTCCGC,CGGCGGTAGCGAGCGACACTCCGCAGGATT,antisense,exon,20,30,C,A,0.70,0.70,0.70,0.67,0.71,0.63,0.71,0.70,0.60,0.70,0.70,0.70,0.60,0.60,0.70,0.70,0.70,0.60,0.60,0.60,0.60,0.80,0.80,0.80,0.60,0.80,0.60,0.60,0.40,0.60,0.60,0.80,0.80
222,0.7670,0.8205,0.0200,0.0310,24.2700,0.3920,19.2000,n/a,CTGCGGCACTGGCCTACTAC,GCAGCTGCGGCACTGGCCTACTACAGGGAC,sense,exon,20,30,C,A,0.65,0.60,0.70,0.67,0.43,0.75,0.86,0.70,0.80,0.80,0.80,0.70,0.60,0.60,0.60,0.50,0.60,0.80,0.80,1.00,0.80,0.80,0.60,0.60,0.60,0.80,0.80,0.80,0.60,0.60,0.40,0.20,0.40
223,0.7670,0.6114,0.0610,0.3310,67.5400,0.4410,19.9300,71.0,GGGGGCTACGGCGGACGCTA,CGGCGGGGGCTACGGCGGACGCTACGGCGG,sense,exon,20,30,A,C,0.75,0.70,0.80,0.78,0.57,0.75,0.86,0.80,0.80,0.80,0.80,0.70,0.70,0.80,0.90,0.80,0.70,1.00,1.00,0.80,0.60,0.60,0.60,0.60,0.80,1.00,1.00,0.80,0.80,0.80,0.80,0.60,0.60
224,0.7680,0.7340,0.2640,0.3770,36.0100,0.5510,14.1000,n/a,TAGGGCGCCTGATTTAAGAA,ATGCTAGGGCGCCTGATTTAAGAATGGGTG,sense,intron,20,30,A,T,0.45,0.20,0.70,0.78,0.14,0.50,0.71,0.80,0.80,0.70,0.60,0.50,0.40,0.30,0.30,0.20,0.20,0.60,0.80,1.00,1.00,1.00,0.80,0.80,0.60,0.40,0.20,0.20,0.00,0.00,0.20,0.20,0.20
225,0.7690,0.6308,0.5120,-0.3330,34.4900,0.5210,12.7000,n/a,ATAGATTTTCTCCCGCCGAT,CCTCATAGATTTTCTCCCGCCGATTGGCCA,antisense,exon,20,30,T,T,0.45,0.70,0.20,0.22,0.71,0.50,0.14,0.20,0.30,0.40,0.40,0.50,0.60,0.70,0.80,0.80,0.70,0.20,0.20,0.20,0.20,0.00,0.20,0.20,0.40,0.60,0.80,0.80,1.00,1.00,1.00,0.80,0.60
226,0.7700,0.7826,0.1430,0.3560,56.8200,0.5430,14.1000,n/a,TTCGAACTCCCGCTCGATGG,ACTCTTCGAACTCCCGCTCGATGGTGGTGG,antisense,exon,20,30,G,T,0.60,0.70,0.50,0.56,0.57,0.75,0.43,0.60,0.70,0.70,0.60,0.70,0.80,0.70,0.70,0.70,0.70,0.40,0.40,0.60,0.40,0.40,0.60,0.80,0.80,1.00,0.80,0.80,0.80,0.60,0.40,0.60,0.60
227,0.7730,0.6500,0.1220,-0.2620,32.5600,0.4380,12.2000,n/a,AACCCTACCGAACTCAGATC,GCCAAACCCTACCGAACTCAGATCTGGATT,sense,exon,20,30,C,T,0.50,0.40,0.60,0.67,0.43,0.50,0.43,0.60,0.60,0.60,0.50,0.50,0.50,0.60,0.50,0.40,0.40,0.60,0.60,0.60,0.60,0.60,0.60,0.60,0.60,0.60,0.40,0.40,0.40,0.60,0.40,0.40,0.40
228,0.7750,0.6597,0.0670,0.3870,77.0100,0.5740,13.1000,n/a,ACCATTCAGTCCACTACCGA,GGACACCATTCAGTCCACTACCGATGGGAC,sense,intron,20,30,A,T,0.50,0.60,0.40,0.44,0.57,0.63,0.43,0.50,0.50,0.40,0.50,0.50,0.50,0.50,0.60,0.60,0.60,0.40,0.40,0.40,0.20,0.40,0.40,0.60,0.60,0.60,0.60,0.60,0.40,0.40,0.60,0.60,0.60
229,0.7750,0.5242,0.0940,0.1270,43.2600,0.5810,8.1000,n/a,ACATGGTAAGTCAGAAGACC,AAATACATGGTAAGTCAGAAGACCAGGAAA,sense,intron,20,30,C,A,0.45,0.50,0.40,0.44,0.57,0.38,0.43,0.40,0.40,0.40,0.50,0.40,0.30,0.40,0.40,0.50,0.50,0.40,0.60,0.40,0.40,0.40,0.40,0.20,0.40,0.40,0.60,0.40,0.40,0.40,0.40,0.40,0.60
230,0.7760,0.6563,0.1090,0.1930,49.2100,0.6210,10.3000,n/a,GTGGAATAACAGACTACTGA,CTTTGTGGAATAACAGACTACTGAAGGTAA,sense,exon/intron,20,30,A,A,0.40,0.40,0.40,0.33,0.43,0.38,0.43,0.30,0.40,0.30,0.30,0.30,0.30,0.40,0.40,0.50,0.40,0.60,0.40,0.40,0.20,0.00,0.20,0.20,0.40,0.40,0.60,0.40,0.40,0.40,0.40,0.40,0.40
231,0.7760,0.7303,0.4580,0.2670,79.1500,0.6680,14.6000,n/a,AGTTTCGGACTCCTCCACAA,TAAAAGTTTCGGACTCCTCCACAATGGCTT,antisense,exon,20,30,A,T,0.50,0.50,0.50,0.56,0.43,0.63,0.43,0.50,0.50,0.60,0.60,0.70,0.70,0.60,0.60,0.60,0.50,0.20,0.40,0.40,0.60,0.60,0.80,0.60,0.60,0.60,0.60,0.60,0.80,0.60,0.60,0.60,0.40
232,0.7770,0.7402,n/a,n/a,n/a,n/a,n/a,n/a,GGGGTTTCACCATATTACTC,n/a,n/a,n/a,20,n/a,C,n/a,0.45,0.30,0.60,0.56,0.29,0.38,0.57,0.60,0.50,0.40,0.30,0.30,0.30,0.30,0.30,0.30,0.30,0.80,0.60,0.40,0.40,0.20,0.40,0.60,0.60,0.40,0.40,0.20,0.00,0.00,0.20,0.20,0.40
233,0.7780,0.5804,n/a,n/a,n/a,n/a,n/a,n/a,GTCTCTTAAATAAACGTTGC,n/a,n/a,n/a,20,n/a,C,n/a,0.35,0.40,0.30,0.22,0.57,0.00,0.43,0.20,0.20,0.10,0.10,0.10,0.20,0.20,0.20,0.30,0.40,0.60,0.40,0.40,0.20,0.20,0.00,0.00,0.00,0.00,0.00,0.20,0.40,0.40,0.40,0.60,0.60
234,0.7800,0.6589,0.6620,0.4280,62.3800,0.5400,11.4300,n/a,ATATCCCTCTGGGCTAAAGA,AAGAATATCCCTCTGGGCTAAAGATGGCTC,antisense,intron,20,30,A,T,0.45,0.50,0.40,0.44,0.29,0.75,0.43,0.50,0.60,0.70,0.80,0.70,0.60,0.50,0.50,0.50,0.50,0.20,0.40,0.60,0.60,0.80,0.60,0.60,0.60,0.80,0.80,0.80,0.60,0.40,0.20,0.20,0.20
235,0.7840,0.7794,0.6240,0.7160,76.0700,0.6390,10.4000,n/a,AGTTTGGTTTCGTAGGCGCG,TCCCAGTTTGGTTTCGTAGGCGCGGGGCCG,antisense,promotor,20,30,G,G,0.55,0.80,0.30,0.33,0.86,0.38,0.43,0.40,0.40,0.40,0.40,0.50,0.50,0.50,0.60,0.70,0.80,0.20,0.40,0.40,0.40,0.40,0.40,0.40,0.40,0.40,0.40,0.60,0.60,0.60,0.80,1.00,1.00
236,0.7850,0.8130,0.0760,0.2340,92.3700,0.3810,14.5000,75.0,GGCGGGAAAGTGGCGGTAGG,ACAGGGCGGGAAAGTGGCGGTAGGCGGGAG,antisense,promotor,20,30,G,C,0.70,0.70,0.70,0.67,0.71,0.50,0.86,0.60,0.60,0.60,0.60,0.60,0.60,0.60,0.60,0.70,0.70,1.00,1.00,0.80,0.60,0.40,0.40,0.20,0.40,0.60,0.80,0.80,1.00,0.80,0.60,0.60,0.60
237,0.7860,0.6899,0.2990,1.3430,96.1200,0.6550,10.0000,59.0,GGTAGGGATCCATGAAGCAG,CCAGGGTAGGGATCCATGAAGCAGAGGCGG,antisense,exon,20,30,G,A,0.55,0.50,0.60,0.56,0.57,0.50,0.71,0.60,0.50,0.50,0.60,0.50,0.40,0.40,0.50,0.50,0.50,0.60,0.60,0.60,0.60,0.60,0.60,0.60,0.40,0.40,0.60,0.40,0.20,0.40,0.60,0.40,0.60
238,0.7870,0.7539,0.3480,0.3940,80.4500,0.7090,9.9000,n/a,TGTGCATATTTATTGCATCG,GATTTGTGCATATTTATTGCATCGGGGCAA,sense,exon,20,30,G,G,0.35,0.40,0.30,0.33,0.57,0.00,0.43,0.30,0.20,0.20,0.10,0.10,0.20,0.20,0.20,0.30,0.40,0.60,0.60,0.40,0.40,0.20,0.00,0.00,0.00,0.00,0.00,0.20,0.40,0.40,0.40,0.60,0.60
239,0.7900,0.5546,0.0110,0.2240,54.4700,0.5990,15.2000,n/a,AGCCATTGGTGTTGACGCTG,GAGAAGCCATTGGTGTTGACGCTGAGGGCT,sense,promotor,20,30,G,A,0.55,0.60,0.50,0.56,0.71,0.50,0.43,0.60,0.50,0.40,0.40,0.40,0.50,0.60,0.60,0.50,0.60,0.60,0.60,0.40,0.40,0.40,0.40,0.60,0.60,0.40,0.40,0.40,0.40,0.60,0.80,0.60,0.80
240,0.7900,0.6025,0.0710,0.5210,43.0100,0.5420,12.8000,n/a,TGGTACCAAGCGCTTAGAGC,TCCCTGGTACCAAGCGCTTAGAGCAGGTGG,antisense,promotor,20,30,C,A,0.55,0.60,0.50,0.56,0.43,0.63,0.57,0.60,0.60,0.60,0.60,0.60,0.50,0.50,0.50,0.60,0.60,0.40,0.60,0.60,0.40,0.40,0.60,0.60,0.60,0.80,0.80,0.60,0.40,0.40,0.20,0.40,0.60
241,0.7900,0.6305,0.2860,0.5050,54.2100,0.4950,13.3000,n/a,CGAAAACCCTCACTCGCGGC,ACCACGAAAACCCTCACTCGCGGCGGGCCG,sense,exon,20,30,C,G,0.65,0.80,0.50,0.44,0.86,0.63,0.43,0.50,0.40,0.50,0.50,0.60,0.70,0.70,0.70,0.70,0.80,0.40,0.20,0.20,0.40,0.60,0.60,0.80,0.60,0.60,0.40,0.60,0.60,0.80,0.80,1.00,1.00
242,0.7900,0.6486,0.5660,-0.1740,78.7100,0.5460,12.7000,n/a,AGACTTTGATGAAGTCCGGC,TTACAGACTTTGATGAAGTCCGGCAGGAGA,sense,exon,20,30,C,A,0.50,0.70,0.30,0.33,0.86,0.38,0.29,0.40,0.30,0.30,0.30,0.30,0.40,0.50,0.50,0.60,0.70,0.40,0.40,0.20,0.40,0.20,0.20,0.40,0.40,0.20,0.40,0.40,0.40,0.60,0.80,0.80,1.00
243,0.7900,0.7966,0.6430,0.0770,88.2200,0.6020,5.6000,n/a,GATCTTCGTCAACATCCCCC,ATAAGATCTTCGTCAACATCCCCCTGGAAA,antisense,exon,20,30,C,T,0.55,0.60,0.50,0.44,0.71,0.50,0.43,0.40,0.40,0.50,0.40,0.40,0.50,0.50,0.50,0.60,0.60,0.40,0.20,0.40,0.60,0.40,0.60,0.60,0.40,0.40,0.40,0.20,0.40,0.60,0.60,0.80,1.00
244,0.7910,0.7503,0.1190,0.0890,20.6800,0.3200,11.7000,n/a,CTTGAGCTGTAGTTTGACTA,TGGACTTGAGCTGTAGTTTGACTATGGGAT,sense,promotor,20,30,A,T,0.40,0.30,0.50,0.44,0.29,0.38,0.57,0.40,0.50,0.50,0.40,0.40,0.40,0.30,0.40,0.30,0.30,0.40,0.40,0.60,0.60,0.60,0.60,0.40,0.40,0.40,0.20,0.20,0.40,0.20,0.40,0.40,0.40
245,0.7910,0.6799,0.1600,-0.0250,75.0100,0.4330,12.2000,n/a,GAGCCTGCCTTCGTCCTCGA,TCTGGAGCCTGCCTTCGTCCTCGATGGGTG,sense,intron,20,30,A,T,0.65,0.60,0.70,0.67,0.57,0.63,0.71,0.60,0.70,0.70,0.60,0.60,0.70,0.60,0.60,0.60,0.60,0.80,0.60,0.80,0.80,0.80,0.60,0.60,0.60,0.60,0.40,0.60,0.80,0.60,0.60,0.80,0.60
246,0.7920,0.5765,0.1190,0.4120,60.3400,0.5840,12.2900,n/a,TCAGTCCACTACCGATGGGA,CCATTCAGTCCACTACCGATGGGACGGGGG,sense,intron,20,30,A,C,0.55,0.60,0.50,0.56,0.57,0.63,0.57,0.50,0.50,0.60,0.60,0.60,0.50,0.50,0.60,0.60,0.60,0.40,0.60,0.60,0.60,0.60,0.60,0.40,0.40,0.60,0.60,0.60,0.60,0.60,0.60,0.60,0.60
247,0.7930,0.6250,0.0570,-0.3670,59.4500,0.5010,12.0000,n/a,CTGTGGCAGCAACGTCAGTC,CAAACTGTGGCAGCAACGTCAGTCGGGCAA,sense,intron,20,30,C,G,0.60,0.50,0.70,0.67,0.57,0.63,0.71,0.60,0.60,0.60,0.70,0.60,0.60,0.50,0.60,0.50,0.50,0.60,0.60,0.80,0.60,0.80,0.80,0.60,0.40,0.60,0.60,0.40,0.60,0.60,0.60,0.40,0.60
248,0.7940,0.7583,0.0330,-0.5850,24.8700,0.2720,15.2000,n/a,GCTGCGGCCGTGGCTGCATT,TGATGCTGCGGCCGTGGCTGCATTTGGGGA,antisense,exon,20,30,T,T,0.70,0.50,0.90,0.89,0.43,0.88,0.86,0.80,0.80,0.90,0.90,0.80,0.80,0.80,0.70,0.60,0.50,0.80,0.80,0.80,1.00,1.00,1.00,0.80,0.80,0.80,0.80,0.60,0.80,0.80,0.60,0.40,0.40
249,0.7940,0.7551,0.5450,0.6650,28.0100,0.4560,13.3000,n/a,TTAGCAGGTGGGTTTAGCGC,CCCATTAGCAGGTGGGTTTAGCGCTGGGAG,sense,intron,20,30,C,T,0.55,0.60,0.50,0.56,0.57,0.63,0.43,0.60,0.70,0.70,0.60,0.50,0.50,0.50,0.50,0.60,0.60,0.40,0.40,0.60,0.80,0.60,0.60,0.80,0.80,0.60,0.60,0.40,0.20,0.20,0.40,0.60,0.80
250,0.7950,0.6835,0.0140,-0.1550,28.5100,0.3040,17.2000,n/a,CCGGGTGAAATGGGTGTCGC,ACGGCCGGGTGAAATGGGTGTCGCTGGGTG,antisense,exon,20,30,C,T,0.65,0.70,0.60,0.56,0.71,0.50,0.86,0.50,0.50,0.50,0.50,0.40,0.50,0.40,0.50,0.60,0.70,1.00,0.80,0.80,0.60,0.40,0.20,0.20,0.20,0.40,0.60,0.60,0.80,0.60,0.60,0.60,0.80
251,0.7950,0.6799,0.0420,-0.4310,8.8300,0.3830,9.6000,n/a,GTGGACCCCGTCATTGTTCC,GGGCGTGGACCCCGTCATTGTTCCCGGCTA,sense,promotor,20,30,C,C,0.60,0.40,0.80,0.78,0.43,0.63,0.71,0.70,0.80,0.70,0.60,0.60,0.60,0.50,0.40,0.40,0.40,0.60,0.60,0.80,0.80,0.80,1.00,0.80,0.80,0.60,0.40,0.20,0.40,0.20,0.20,0.40,0.60
252,0.7960,0.7161,0.0150,-0.0790,71.0600,0.3950,18.2000,n/a,GTGGCGGGGTCGGCGCAGTT,GAGAGTGGCGGGGTCGGCGCAGTTGGGCTC,antisense,exon,20,30,T,G,0.75,0.70,0.80,0.78,0.57,0.88,0.86,0.80,0.90,0.90,0.90,0.90,0.90,0.80,0.80,0.70,0.70,0.80,0.80,1.00,1.00,1.00,0.80,0.80,0.80,0.80,0.80,1.00,1.00,0.80,0.80,0.60,0.40
253,0.7960,0.5875,0.0890,0.0520,28.9200,0.4290,12.1000,n/a,GAGTGGTCGCGCGGAAACTC,CTGGGAGTGGTCGCGCGGAAACTCTGGCTC,sense,promotor,20,30,C,T,0.65,0.60,0.70,0.67,0.43,0.88,0.57,0.70,0.80,0.80,0.90,0.80,0.70,0.70,0.70,0.60,0.60,0.60,0.60,0.60,0.60,0.80,0.80,0.80,1.00,1.00,1.00,0.80,0.60,0.40,0.40,0.20,0.40
254,0.7960,0.6355,0.2650,-0.7280,59.4300,0.2900,n/a,n/a,GCAGCTTGTGCGCGGTAATT,TATTGCAGCTTGTGCGCGGTAATTAGGTTG,sense,promotor,20,30,T,A,0.55,0.50,0.60,0.56,0.29,0.75,0.57,0.60,0.60,0.70,0.70,0.70,0.70,0.70,0.60,0.60,0.50,0.80,0.60,0.40,0.60,0.40,0.40,0.60,0.80,0.80,1.00,1.00,0.80,0.60,0.40,0.20,0.00
255,0.7990,0.7023,0.0240,0.1570,82.6100,0.5280,n/a,n/a,GACAGACACCCCGTCCTCGC,AGGAGACAGACACCCCGTCCTCGCTGGCCA,antisense,promotor,20,30,C,T,0.70,0.80,0.60,0.56,0.71,0.75,0.57,0.60,0.70,0.70,0.70,0.70,0.80,0.70,0.80,0.80,0.80,0.60,0.40,0.60,0.40,0.60,0.60,0.80,0.80,1.00,0.80,0.80,0.80,0.60,0.60,0.80,0.80
256,0.8000,0.6862,0.8180,0.7760,91.4600,0.7010,12.3000,n/a,GATTTCGCACAAAACACGGA,GGCAGATTTCGCACAAAACACGGAGGGCTA,antisense,exon,20,30,A,G,0.45,0.40,0.50,0.44,0.57,0.38,0.43,0.40,0.40,0.40,0.40,0.50,0.40,0.40,0.40,0.50,0.40,0.20,0.20,0.40,0.60,0.60,0.80,0.60,0.40,0.20,0.20,0.20,0.20,0.40,0.60,0.80,0.60
257,0.8010,0.5754,0.0440,0.0160,86.4000,0.4370,13.5000,n/a,GATAACCAAGGCAGGGGCGC,CAAGGATAACCAAGGCAGGGGCGCTGGAGA,sense,promotor,20,30,C,T,0.65,0.90,0.40,0.33,1.00,0.63,0.43,0.40,0.50,0.50,0.60,0.70,0.70,0.70,0.80,0.90,0.90,0.20,0.20,0.40,0.40,0.40,0.60,0.60,0.60,0.60,0.80,0.80,0.80,0.80,1.00,1.00,1.00
258,0.8010,0.7591,0.1060,0.2050,28.6600,0.5000,15.2000,48.0,GGGCGGTGTAACCTGTGCTC,GGGAGGGCGGTGTAACCTGTGCTCTGGCTG,sense,intron,20,30,C,T,0.65,0.60,0.70,0.67,0.57,0.38,0.86,0.60,0.60,0.60,0.50,0.50,0.40,0.50,0.50,0.50,0.60,1.00,1.00,0.80,0.80,0.60,0.40,0.20,0.40,0.40,0.40,0.60,0.60,0.60,0.60,0.60,0.60
259,0.8050,0.5997,0.2150,1.0050,84.0300,0.6830,12.9000,n/a,TTTTAACGGACCCAATGGAG,ATCCTTTTAACGGACCCAATGGAGAGGCAG,antisense,intron,20,30,G,A,0.45,0.60,0.30,0.33,0.43,0.75,0.14,0.40,0.50,0.60,0.60,0.60,0.60,0.60,0.60,0.50,0.60,0.00,0.00,0.20,0.40,0.60,0.60,0.80,0.80,0.80,0.60,0.60,0.40,0.40,0.40,0.40,0.60
260,0.8060,0.6087,0.1930,0.0220,20.6200,0.5630,14.2000,n/a,TGTGCTGATTGTAGTAGCAC,CAGATGTGCTGATTGTAGTAGCACTGGAAG,antisense,exon,20,30,C,T,0.45,0.50,0.40,0.44,0.57,0.38,0.57,0.50,0.40,0.40,0.40,0.30,0.30,0.30,0.40,0.40,0.50,0.60,0.60,0.60,0.60,0.40,0.20,0.40,0.20,0.20,0.40,0.40,0.20,0.40,0.60,0.40,0.60
261,0.8070,0.5124,0.0740,-0.2350,29.6300,0.4450,18.3000,n/a,CCTTCCATTGATGGCCGACT,CTCTCCTTCCATTGATGGCCGACTAGGCCC,sense,intron,20,30,T,A,0.55,0.60,0.50,0.44,0.71,0.38,0.57,0.40,0.30,0.40,0.50,0.50,0.50,0.60,0.60,0.70,0.60,0.60,0.60,0.40,0.40,0.40,0.40,0.20,0.20,0.40,0.60,0.60,0.80,1.00,0.80,0.80,0.60
262,0.8070,0.6896,0.8410,1.0280,98.7700,0.6510,11.2000,n/a,GCTGCGCATTCAATACGGCG,GGGTGCTGCGCATTCAATACGGCGGGGTGC,antisense,exon,20,30,G,G,0.60,0.60,0.60,0.56,0.71,0.25,0.86,0.60,0.50,0.50,0.40,0.30,0.30,0.30,0.40,0.50,0.60,0.80,0.80,0.80,0.80,0.60,0.40,0.40,0.20,0.20,0.20,0.20,0.20,0.40,0.60,0.80,1.00
263,0.8100,0.8178,0.0220,0.1400,87.1400,0.6550,17.5600,n/a,AACCGACGGAGGGCGTAGTG,GCAGAACCGACGGAGGGCGTAGTGGGGACA,antisense,exon,20,30,G,G,0.65,0.70,0.60,0.67,0.57,0.88,0.57,0.70,0.80,0.80,0.80,0.80,0.80,0.70,0.70,0.60,0.70,0.60,0.60,0.80,0.80,0.80,0.60,0.80,0.80,0.80,0.80,1.00,0.80,0.60,0.60,0.40,0.40
264,0.8100,0.7485,0.0670,0.5870,66.6100,0.5790,15.2000,n/a,ATGGGATCTGCCCGGCGCAG,AGAAATGGGATCTGCCCGGCGCAGTGGCTC,sense,intron,20,30,G,T,0.70,0.90,0.50,0.56,0.86,0.75,0.43,0.60,0.70,0.70,0.70,0.70,0.80,0.90,0.90,0.90,0.90,0.60,0.60,0.60,0.60,0.40,0.40,0.60,0.80,0.80,1.00,1.00,1.00,1.00,1.00,0.80,0.80
265,0.8100,0.7809,0.3240,0.4570,66.2300,0.5480,15.5000,64.0,GGACGGGCACGTGACGCGCA,TGCTGGACGGGCACGTGACGCGCACGGCCA,sense,promotor,20,30,A,C,0.75,0.70,0.80,0.78,0.71,0.63,0.86,0.80,0.70,0.80,0.70,0.70,0.70,0.70,0.70,0.80,0.70,0.80,0.80,0.80,1.00,0.80,0.80,0.80,0.60,0.60,0.60,0.60,0.60,0.80,0.80,1.00,0.80
266,0.8100,0.8423,0.4420,1.2530,97.8400,0.7190,10.9000,n/a,TGATGGACACAACACCGCGG,TGAGTGATGGACACAACACCGCGGAGGAGG,sense,exon,20,30,G,A,0.60,0.70,0.50,0.56,0.86,0.38,0.43,0.50,0.40,0.50,0.50,0.50,0.50,0.60,0.60,0.70,0.70,0.40,0.60,0.40,0.60,0.60,0.60,0.40,0.40,0.40,0.40,0.40,0.60,0.80,0.80,1.00,1.00
267,0.8130,0.7844,0.1810,0.2140,67.1100,0.5340,9.0000,n/a,CTTCTACCAATCGCCTTAGG,CACACTTCTACCAATCGCCTTAGGAGGGCT,sense,promotor,20,30,G,A,0.50,0.60,0.40,0.33,0.57,0.63,0.43,0.30,0.40,0.50,0.50,0.60,0.60,0.50,0.40,0.50,0.60,0.40,0.20,0.40,0.60,0.40,0.40,0.40,0.40,0.40,0.60,0.80,0.80,0.60,0.40,0.40,0.40
268,0.8150,0.6912,0.0630,0.4120,40.1900,0.4560,14.1500,46.0,GGGTGGGGACCCGCTAGACC,GGGGGGGTGGGGACCCGCTAGACCTGGCAG,antisense,promotor,20,30,C,T,0.75,0.70,0.80,0.78,0.57,0.88,0.86,0.80,0.80,0.80,0.90,0.80,0.70,0.70,0.60,0.70,0.70,0.80,0.80,0.80,0.80,0.80,0.80,0.80,0.80,0.80,1.00,0.80,0.60,0.60,0.40,0.40,0.60
269,0.8150,0.5558,0.1210,0.2460,41.2400,0.5310,12.9000,n/a,CTCCACAAATTCGCACGCCC,GACACTCCACAAATTCGCACGCCCAGGCAC,antisense,promotor,20,30,C,A,0.60,0.80,0.40,0.33,0.86,0.38,0.57,0.30,0.40,0.40,0.40,0.40,0.40,0.50,0.60,0.70,0.80,0.60,0.60,0.60,0.40,0.20,0.20,0.00,0.20,0.40,0.60,0.60,0.80,0.80,0.80,0.80,1.00
270,0.8170,0.6722,0.1370,0.1210,87.3200,0.6310,10.5000,n/a,AGCTATCCCGCACACTCATG,GTATAGCTATCCCGCACACTCATGAGGCAG,antisense,exon,20,30,G,A,0.55,0.50,0.60,0.67,0.43,0.75,0.43,0.70,0.60,0.60,0.60,0.70,0.70,0.70,0.60,0.50,0.50,0.40,0.40,0.40,0.40,0.60,0.80,1.00,0.80,0.80,0.60,0.60,0.40,0.60,0.40,0.40,0.40
271,0.8170,0.6530,0.4590,0.4170,83.9500,0.6370,7.6000,37.0,GGTAATCCCAACACTTAGTG,CGCTGGTAATCCCAACACTTAGTGAGGCTG,sense,intron,20,30,G,A,0.45,0.40,0.50,0.44,0.43,0.63,0.43,0.40,0.40,0.40,0.50,0.50,0.50,0.40,0.40,0.30,0.40,0.40,0.20,0.20,0.40,0.60,0.60,0.60,0.60,0.40,0.40,0.40,0.40,0.20,0.40,0.20,0.40
272,0.8190,0.6370,0.0180,0.0410,66.5200,0.4370,23.9000,n/a,TGAGCTGAGATCCGGGCCAC,GCAGTGAGCTGAGATCCGGGCCACTGGCCT,antisense,intron,20,30,C,T,0.65,0.80,0.50,0.56,0.86,0.63,0.57,0.50,0.50,0.60,0.60,0.60,0.70,0.70,0.80,0.70,0.80,0.60,0.60,0.60,0.60,0.60,0.40,0.40,0.40,0.60,0.60,0.80,1.00,1.00,1.00,0.80,0.80
273,0.8200,0.5825,0.2020,-0.2410,70.3600,0.4900,12.0000,n/a,TTCACATCCCGCGGCTCACG,GTGGTTCACATCCCGCGGCTCACGGGGGAG,antisense,exon,20,30,G,G,0.65,0.80,0.50,0.56,0.71,0.88,0.29,0.60,0.70,0.70,0.80,0.80,0.80,0.90,0.80,0.80,0.80,0.40,0.40,0.40,0.40,0.60,0.60,0.80,1.00,1.00,1.00,1.00,0.80,0.80,0.60,0.60,0.60
274,0.8200,0.5975,0.3680,0.2170,70.2700,0.5680,11.5000,n/a,TCAAACGGATCCACCACGAT,GGGGTCAAACGGATCCACCACGATGGGCTC,antisense,exon,20,30,T,G,0.50,0.60,0.40,0.44,0.57,0.63,0.43,0.50,0.50,0.50,0.60,0.70,0.60,0.60,0.60,0.60,0.60,0.20,0.40,0.40,0.60,0.60,0.60,0.60,0.60,0.40,0.60,0.80,0.60,0.60,0.80,0.60,0.40
275,0.8220,0.6722,0.0140,-0.1700,4.6400,0.4320,8.9300,n/a,TCTCTACAATATTTCGGATC,TGCTTCTCTACAATATTTCGGATCTGGCGC,antisense,exon,20,30,C,T,0.35,0.40,0.30,0.33,0.57,0.13,0.43,0.30,0.20,0.20,0.10,0.20,0.30,0.30,0.30,0.30,0.40,0.40,0.40,0.40,0.40,0.20,0.20,0.20,0.00,0.00,0.00,0.20,0.40,0.60,0.60,0.60,0.60
276,0.8250,0.6440,0.2510,-0.2240,57.3900,0.5640,11.1000,n/a,GACTTCAACAGGTATCTAGC,CAGAGACTTCAACAGGTATCTAGCAGGTGA,sense,intron,20,30,C,A,0.45,0.50,0.40,0.33,0.43,0.38,0.43,0.40,0.50,0.40,0.40,0.40,0.40,0.40,0.40,0.40,0.50,0.40,0.40,0.40,0.20,0.40,0.40,0.40,0.60,0.60,0.40,0.40,0.40,0.20,0.20,0.40,0.60
277,0.8270,0.6441,0.0910,0.7080,56.9700,0.5300,9.6500,n/a,ATCGGGAATAAACGTAGGGC,ATAAATCGGGAATAAACGTAGGGCAGGCAG,antisense,promotor,20,30,C,A,0.50,0.60,0.40,0.44,0.71,0.25,0.57,0.40,0.40,0.40,0.40,0.30,0.20,0.30,0.40,0.50,0.60,0.60,0.80,0.80,0.60,0.40,0.20,0.00,0.00,0.20,0.40,0.40,0.40,0.60,0.60,0.60,0.80
278,0.8280,0.7809,0.1590,0.4330,96.2400,0.5200,11.6900,n/a,GCACTGGGGGACGTCCCGGA,GGTGGCACTGGGGGACGTCCCGGATGGCAC,sense,exon,20,30,A,T,0.75,0.70,0.80,0.78,0.71,0.75,0.71,0.70,0.70,0.80,0.70,0.80,0.80,0.80,0.80,0.80,0.70,0.60,0.60,0.60,0.80,0.80,1.00,0.80,0.80,0.80,0.60,0.60,0.80,0.80,0.80,1.00,0.80
279,0.8300,0.6326,0.0160,-0.3870,62.4300,0.5280,n/a,n/a,CAGCAGCAGCTCCGCCACTC,GGAGCAGCAGCAGCTCCGCCACTCGGGCGC,antisense,exon,20,30,C,G,0.70,0.70,0.70,0.67,0.71,0.75,0.71,0.60,0.70,0.70,0.70,0.80,0.80,0.70,0.80,0.70,0.70,0.60,0.60,0.80,0.60,0.60,0.80,0.60,0.60,0.80,0.80,0.80,1.00,0.80,0.80,0.60,0.60
280,0.8300,0.7563,0.0420,0.1420,66.9900,0.5510,18.2300,n/a,CTCCGGATTCGGCGCGCGTG,GACCCTCCGGATTCGGCGCGCGTGCGGCCC,antisense,exon,20,30,G,C,0.75,0.90,0.60,0.56,0.86,0.63,0.71,0.60,0.70,0.70,0.70,0.70,0.70,0.80,0.90,0.90,0.90,0.80,0.80,0.80,0.60,0.40,0.40,0.40,0.60,0.80,1.00,1.00,1.00,1.00,1.00,0.80,0.80
281,0.8300,0.7966,0.0480,-0.2490,38.5600,0.4760,18.0400,n/a,CGAGTAGACTCGAAGGTTGA,GTGGCGAGTAGACTCGAAGGTTGATGGGCA,antisense,exon,20,30,A,T,0.50,0.50,0.50,0.44,0.43,0.50,0.57,0.50,0.50,0.50,0.40,0.50,0.60,0.50,0.50,0.50,0.50,0.60,0.40,0.40,0.40,0.40,0.40,0.60,0.60,0.60,0.40,0.60,0.60,0.40,0.40,0.60,0.40
282,0.8300,0.7721,0.1670,0.3260,56.9000,0.6050,17.9000,35.0,GGCCTGTGTCCCGGTAGTCG,CCACGGCCTGTGTCCCGGTAGTCGCGGCCC,antisense,exon,20,30,G,C,0.70,0.70,0.70,0.67,0.57,0.75,0.71,0.70,0.70,0.70,0.70,0.70,0.60,0.70,0.60,0.70,0.70,0.80,0.80,0.60,0.60,0.40,0.60,0.60,0.80,0.80,1.00,0.80,0.60,0.60,0.40,0.40,0.60
283,0.8300,0.7478,0.3510,0.2920,74.1100,0.7280,6.5000,n/a,ATACGAGAGAAACCTTCACA,TCAAATACGAGAGAAACCTTCACAAGGAAT,sense,exon,20,30,A,A,0.40,0.40,0.40,0.44,0.43,0.50,0.43,0.40,0.40,0.50,0.50,0.40,0.40,0.40,0.40,0.40,0.40,0.40,0.40,0.60,0.60,0.60,0.40,0.40,0.20,0.40,0.40,0.40,0.40,0.60,0.40,0.40,0.40
284,0.8300,0.5828,0.5120,0.5700,72.1900,0.6980,9.2000,n/a,GCCAGTGTTTAAACAGACGA,CTGAGCCAGTGTTTAAACAGACGATGGTAT,antisense,exon,20,30,A,T,0.45,0.40,0.50,0.44,0.57,0.25,0.71,0.40,0.30,0.20,0.30,0.20,0.30,0.20,0.30,0.40,0.40,0.80,0.60,0.60,0.40,0.40,0.20,0.20,0.00,0.00,0.20,0.20,0.40,0.40,0.60,0.60,0.60
285,0.8310,0.5876,0.5280,0.7410,97.8100,0.6900,11.6000,n/a,GCCGCAGACAAAAGACCTCG,CGCAGCCGCAGACAAAAGACCTCGGGGCCG,sense,exon,20,30,G,G,0.60,0.50,0.70,0.67,0.71,0.38,0.86,0.60,0.50,0.40,0.40,0.30,0.40,0.40,0.40,0.40,0.50,1.00,0.80,0.80,0.60,0.60,0.40,0.40,0.20,0.20,0.20,0.20,0.40,0.60,0.60,0.60,0.80
286,0.8330,0.7610,0.2130,0.7700,96.9500,0.6010,15.0000,n/a,TCTCGGGGGGTCCGACGCCG,ATTTTCTCGGGGGGTCCGACGCCGAGGAGC,antisense,exon,20,30,G,A,0.80,0.80,0.80,0.89,0.86,0.88,0.71,0.80,0.80,0.90,0.90,0.80,0.80,0.80,0.80,0.80,0.80,0.60,0.80,0.80,1.00,1.00,1.00,0.80,0.80,0.80,0.80,0.60,0.80,0.80,0.80,0.80,1.00
287,0.8340,0.7576,0.0330,-0.2250,37.4300,0.4630,11.3000,n/a,GCGGTGGCCCCATCCCAATC,AGGGGCGGTGGCCCCATCCCAATCTGGAAC,antisense,promotor,20,30,C,T,0.70,0.50,0.90,0.89,0.57,0.75,0.86,0.90,0.80,0.70,0.70,0.80,0.80,0.70,0.60,0.50,0.50,0.80,0.80,0.80,0.80,0.80,1.00,1.00,0.80,0.60,0.60,0.60,0.60,0.60,0.60,0.40,0.40
288,0.8340,0.7929,0.1750,0.1650,55.2100,0.5430,14.7500,n/a,AGACCGTCCCTGCCGGCCAA,GCGCAGACCGTCCCTGCCGGCCAAGGGGAA,sense,intron,20,30,A,G,0.70,0.70,0.70,0.78,0.71,0.75,0.57,0.70,0.70,0.80,0.80,0.80,0.80,0.90,0.90,0.80,0.70,0.60,0.80,0.60,0.80,0.80,0.80,0.60,0.80,0.80,0.80,0.80,1.00,1.00,1.00,0.80,0.60
289,0.8340,0.7480,0.3670,0.5110,96.0100,0.5880,18.6000,58.0,GGCGCTCGCTCGGCTCAGAG,GGCAGGCGCTCGCTCGGCTCAGAGAGGCAG,sense,exon,20,30,G,A,0.75,0.70,0.80,0.78,0.57,0.88,0.86,0.80,0.80,0.80,0.80,0.70,0.80,0.70,0.70,0.60,0.70,1.00,0.80,0.80,0.80,0.80,0.60,0.80,0.80,0.80,0.80,0.80,0.80,0.60,0.60,0.40,0.60
290,0.8340,0.6674,0.6640,0.4920,95.5300,0.6480,10.3000,n/a,ATATCTGGAGGAACATCTCG,TAAGATATCTGGAGGAACATCTCGAGGTGA,antisense,exon,20,30,G,A,0.45,0.50,0.40,0.44,0.57,0.63,0.29,0.50,0.50,0.50,0.60,0.50,0.50,0.50,0.40,0.50,0.50,0.20,0.20,0.40,0.60,0.60,0.60,0.80,0.60,0.40,0.60,0.40,0.20,0.40,0.40,0.40,0.60
291,0.8350,0.7431,0.1340,0.2840,78.3100,0.5170,11.0900,n/a,GTACTTGGCCCTCCGGAAGA,AGAAGTACTTGGCCCTCCGGAAGAAGGAGA,sense,exon,20,30,A,A,0.60,0.60,0.60,0.56,0.57,0.88,0.43,0.60,0.60,0.70,0.70,0.80,0.90,0.80,0.70,0.70,0.60,0.40,0.20,0.40,0.60,0.60,0.80,1.00,0.80,0.80,0.80,0.80,0.80,0.80,0.60,0.60,0.40
292,0.8350,0.6305,0.1420,-0.5030,73.2600,0.3350,12.7000,n/a,GCTAACCAACTGGTCTAATA,ATTGGCTAACCAACTGGTCTAATATGGTGG,antisense,intron,20,30,A,T,0.40,0.30,0.50,0.44,0.14,0.50,0.57,0.40,0.40,0.50,0.50,0.60,0.50,0.40,0.40,0.40,0.30,0.40,0.40,0.40,0.40,0.40,0.60,0.40,0.40,0.60,0.60,0.60,0.60,0.40,0.20,0.20,0.00
293,0.8360,0.7157,0.3620,-0.5190,19.1100,0.4450,19.7100,n/a,CCACAGCCACTGTTGTTAAT,AAGGCCACAGCCACTGTTGTTAATGGGAGG,antisense,promotor,20,30,T,G,0.45,0.20,0.70,0.67,0.14,0.50,0.71,0.60,0.60,0.60,0.50,0.60,0.50,0.40,0.30,0.30,0.20,0.60,0.60,0.60,0.80,0.60,0.80,0.60,0.60,0.40,0.40,0.40,0.40,0.20,0.20,0.20,0.00
294,0.8370,0.6405,0.0250,0.4410,35.7300,0.4120,16.5000,n/a,CGGGCGGCAAATCCGGCGGC,GCTTCGGGCGGCAAATCCGGCGGCGGGAGC,sense,exon,20,30,C,G,0.80,0.80,0.80,0.78,1.00,0.50,1.00,0.70,0.60,0.60,0.60,0.60,0.60,0.60,0.60,0.70,0.80,1.00,1.00,1.00,1.00,0.80,0.60,0.40,0.20,0.20,0.40,0.60,0.80,1.00,1.00,1.00,1.00
295,0.8380,0.6108,0.7270,0.4350,92.3900,0.6580,9.0000,n/a,GCGTCAGATCTCATTACGGG,GAGGGCGTCAGATCTCATTACGGGTGGTTG,sense,intron,20,30,G,T,0.55,0.50,0.60,0.56,0.57,0.38,0.71,0.50,0.50,0.40,0.40,0.30,0.30,0.30,0.40,0.50,0.50,0.80,0.60,0.60,0.40,0.40,0.40,0.40,0.40,0.40,0.40,0.20,0.20,0.20,0.40,0.60,0.80
296,0.8390,0.7645,0.0190,-0.2880,28.4400,0.4060,10.2200,n/a,TGACAGCTTGCGAACAATCC,CCCATGACAGCTTGCGAACAATCCTGGGTG,antisense,exon,20,30,C,T,0.50,0.50,0.50,0.56,0.43,0.50,0.57,0.60,0.60,0.60,0.50,0.60,0.50,0.40,0.40,0.50,0.50,0.40,0.60,0.60,0.60,0.40,0.60,0.60,0.60,0.60,0.60,0.60,0.40,0.20,0.20,0.40,0.40
297,0.8390,0.7177,0.0580,0.4810,68.0100,0.5350,17.5000,n/a,CACGCGCAGACCGTCCCTGC,GCGCCACGCGCAGACCGTCCCTGCCGGCCA,sense,intron,20,30,C,C,0.75,0.80,0.70,0.67,0.71,0.63,0.86,0.70,0.80,0.80,0.70,0.70,0.70,0.70,0.70,0.70,0.80,0.80,0.80,1.00,0.80,0.80,0.60,0.60,0.60,0.80,0.60,0.80,0.80,0.80,0.60,0.80,0.80
298,0.8400,0.6797,0.0390,-0.2530,21.8300,0.2280,12.0000,n/a,TCGTCCGTGGCGCAGAGTTC,CATCTCGTCCGTGGCGCAGAGTTCCGGGTC,antisense,exon,20,30,C,C,0.65,0.60,0.70,0.78,0.43,0.75,0.71,0.80,0.80,0.80,0.80,0.80,0.70,0.70,0.70,0.60,0.60,0.60,0.80,0.80,0.60,0.80,0.80,0.80,0.80,1.00,0.80,0.80,0.60,0.60,0.40,0.40,0.40
299,0.8400,0.6739,0.0770,-0.3280,74.1500,0.5510,11.5000,n/a,CTCTTCGAACTCCCGCTCGA,CCAACTCTTCGAACTCCCGCTCGATGGTGG,antisense,exon,20,30,A,T,0.60,0.70,0.50,0.44,0.71,0.63,0.57,0.40,0.50,0.50,0.60,0.70,0.70,0.60,0.70,0.80,0.70,0.40,0.40,0.60,0.40,0.40,0.60,0.40,0.40,0.60,0.80,0.80,1.00,0.80,0.80,0.80,0.60
300,0.8400,0.6846,0.0910,-0.0880,25.7800,0.6580,11.3000,n/a,AGGGATGTGGAACACTATGT,TGTGAGGGATGTGGAACACTATGTTGGTAA,sense,exon,20,30,T,T,0.45,0.30,0.60,0.67,0.29,0.50,0.57,0.60,0.50,0.50,0.40,0.50,0.50,0.40,0.40,0.40,0.30,0.60,0.60,0.60,0.40,0.40,0.60,0.60,0.40,0.60,0.40,0.40,0.40,0.40,0.20,0.40,0.20
301,0.8400,0.5688,0.1350,0.4710,78.8200,0.6050,9.8000,n/a,ACCGAATACACCCGAGACAG,TCAAACCGAATACACCCGAGACAGTGGAGG,sense,exon,20,30,G,T,0.55,0.70,0.40,0.44,0.57,0.63,0.43,0.50,0.50,0.50,0.50,0.50,0.60,0.60,0.70,0.60,0.70,0.60,0.60,0.40,0.20,0.20,0.20,0.40,0.60,0.80,0.80,0.80,0.80,0.60,0.60,0.40,0.60
302,0.8400,0.6240,0.1930,0.6140,52.6000,0.5730,6.6000,n/a,TAGCGTTACACAGTAGAAGC,GAGCTAGCGTTACACAGTAGAAGCAGGTGC,sense,intron,20,30,C,A,0.45,0.50,0.40,0.44,0.43,0.38,0.43,0.50,0.50,0.50,0.40,0.30,0.40,0.40,0.40,0.40,0.50,0.60,0.60,0.60,0.40,0.40,0.20,0.40,0.40,0.60,0.40,0.40,0.40,0.40,0.20,0.40,0.60
303,0.8400,0.6513,0.4620,-0.1930,15.0000,0.5620,n/a,n/a,CCCAACGCACCGAATAGTTA,GCTGCCCAACGCACCGAATAGTTACGGTCG,sense,exon,20,30,A,C,0.50,0.30,0.70,0.67,0.14,0.63,0.71,0.70,0.70,0.60,0.60,0.60,0.50,0.50,0.40,0.40,0.30,0.60,0.60,0.60,0.60,0.60,0.80,0.80,0.80,0.60,0.60,0.40,0.20,0.20,0.20,0.20,0.20
304,0.8420,0.6487,0.0570,0.1040,4.2900,0.5660,9.3000,n/a,AACTTGCCTTCCTCCTGAGT,CTTGAACTTGCCTTCCTCCTGAGTAGGAGG,sense,intron,20,30,T,A,0.50,0.60,0.40,0.44,0.57,0.63,0.43,0.50,0.60,0.50,0.60,0.70,0.60,0.60,0.50,0.60,0.60,0.20,0.40,0.60,0.60,0.60,0.60,0.60,0.60,0.40,0.60,0.80,0.60,0.60,0.60,0.60,0.40
305,0.8420,0.7538,0.1610,0.5700,33.4100,0.3990,21.7000,51.0,GGTTGGCAGCGTTCGGGCCC,ACGGGGTTGGCAGCGTTCGGGCCCCGGCTG,sense,promotor,20,30,C,C,0.75,0.80,0.70,0.67,1.00,0.63,0.71,0.70,0.60,0.60,0.70,0.70,0.70,0.70,0.80,0.80,0.80,0.60,0.60,0.60,0.60,0.80,0.80,0.80,0.60,0.60,0.60,0.60,0.60,0.80,1.00,1.00,1.00
306,0.8420,0.6903,0.3010,0.3350,96.0300,0.6940,7.9000,51.0,GGCGGAGGAATATGTCCGAG,GGGAGGCGGAGGAATATGTCCGAGAGGGAA,sense,exon,20,30,G,A,0.60,0.50,0.70,0.67,0.71,0.38,0.86,0.60,0.50,0.40,0.40,0.30,0.40,0.40,0.40,0.40,0.50,1.00,0.80,0.80,0.80,0.60,0.40,0.40,0.20,0.00,0.20,0.20,0.40,0.60,0.80,0.60,0.80
307,0.8430,0.6937,0.1210,-0.1380,41.0300,0.5660,13.2000,n/a,GTAGCAACAGGTACCGTCAC,AGTAGTAGCAACAGGTACCGTCACAGGAAC,antisense,exon,20,30,C,A,0.55,0.60,0.50,0.44,0.71,0.50,0.43,0.50,0.50,0.50,0.50,0.50,0.60,0.60,0.60,0.60,0.60,0.60,0.40,0.40,0.60,0.40,0.40,0.60,0.60,0.40,0.60,0.60,0.60,0.60,0.80,0.60,0.60
308,0.8440,0.7029,0.6820,0.0960,69.6500,0.6220,12.6000,42.0,GGTAAGGTGTGACATATCAT,CAAAGGTAAGGTGTGACATATCATCGGTTC,antisense,exon,20,30,T,C,0.40,0.30,0.50,0.44,0.14,0.50,0.57,0.50,0.40,0.50,0.50,0.50,0.40,0.30,0.40,0.30,0.30,0.40,0.40,0.40,0.40,0.60,0.60,0.60,0.40,0.60,0.40,0.40,0.20,0.20,0.20,0.20,0.20
309,0.8450,0.5775,0.1410,-0.6140,71.2400,0.4620,9.4000,n/a,GTACCCATTGCTCAACTGTA,AGGTGTACCCATTGCTCAACTGTATGGAGG,sense,exon,20,30,A,T,0.45,0.40,0.50,0.44,0.29,0.38,0.57,0.50,0.50,0.60,0.50,0.40,0.40,0.40,0.50,0.50,0.40,0.60,0.60,0.60,0.60,0.40,0.40,0.40,0.40,0.60,0.60,0.40,0.40,0.40,0.40,0.40,0.40
310,0.8470,0.5401,0.0110,-0.7900,25.0200,0.3230,12.5200,n/a,AGGTTCAGACTTCGGGAATC,GGGGAGGTTCAGACTTCGGGAATCAGGGCG,sense,promotor,20,30,C,A,0.50,0.50,0.50,0.56,0.57,0.50,0.43,0.50,0.40,0.40,0.50,0.60,0.60,0.60,0.50,0.50,0.50,0.40,0.60,0.40,0.40,0.40,0.60,0.40,0.40,0.40,0.60,0.60,0.80,0.80,0.60,0.40,0.40
311,0.8470,0.6946,0.2330,0.1120,43.3200,0.4500,16.5000,n/a,TCACTTGCTGCGCTACCGTC,CCAGTCACTTGCTGCGCTACCGTCAGGTGG,sense,exon,20,30,C,A,0.60,0.70,0.50,0.56,0.57,0.75,0.43,0.60,0.60,0.70,0.60,0.60,0.70,0.70,0.70,0.70,0.70,0.40,0.40,0.40,0.60,0.40,0.60,0.80,0.80,0.80,0.80,0.60,0.60,0.60,0.60,0.60,0.80
312,0.8490,0.6584,0.0100,0.2240,55.6700,0.4410,15.1000,n/a,CGGGGCCGGCCTCGCAAAGA,ACCTCGGGGCCGGCCTCGCAAAGATGGCGC,sense,exon,20,30,A,T,0.75,0.50,1.00,1.00,0.43,0.88,1.00,1.00,0.90,0.90,0.90,0.90,0.80,0.70,0.60,0.60,0.50,1.00,1.00,1.00,1.00,1.00,1.00,1.00,0.80,0.80,0.80,0.80,0.60,0.60,0.40,0.40,0.20
313,0.8500,0.5983,0.0140,0.2950,53.0900,0.5100,10.1000,n/a,GACGCCTGGAACGCAACTCC,GCCGGACGCCTGGAACGCAACTCCAGGCAG,sense,promotor,20,30,C,A,0.65,0.60,0.70,0.67,0.57,0.63,0.71,0.60,0.70,0.70,0.70,0.60,0.50,0.60,0.50,0.50,0.60,0.80,0.80,0.80,0.80,0.80,0.60,0.40,0.60,0.60,0.60,0.60,0.60,0.60,0.40,0.40,0.60
314,0.8510,0.6701,0.1120,-0.7540,83.1200,0.4430,16.6000,n/a,GTTGCACAGGTACGGCCTAC,AGGAGTTGCACAGGTACGGCCTACTGGAAT,sense,exon,20,30,C,T,0.60,0.60,0.60,0.56,0.71,0.63,0.57,0.50,0.50,0.60,0.60,0.60,0.70,0.70,0.70,0.60,0.60,0.60,0.40,0.60,0.60,0.60,0.60,0.60,0.40,0.60,0.60,0.60,0.80,1.00,0.80,0.60,0.60
315,0.8520,0.7403,0.4210,1.0010,79.0500,0.6370,14.4900,n/a,CAATGGACCGGGTTAATGGG,TCTGCAATGGACCGGGTTAATGGGAGGCTT,sense,promotor,20,30,G,A,0.55,0.50,0.60,0.56,0.43,0.63,0.43,0.60,0.70,0.70,0.70,0.60,0.50,0.50,0.50,0.50,0.50,0.40,0.40,0.40,0.60,0.80,0.80,0.80,1.00,0.80,0.60,0.40,0.20,0.00,0.20,0.40,0.60
316,0.8530,0.6973,0.0700,0.1910,79.0400,0.4370,11.9000,n/a,ACGTAGCATCGCACCAATAG,GTTTACGTAGCATCGCACCAATAGTGGGCT,sense,intron,20,30,G,T,0.50,0.50,0.50,0.56,0.43,0.63,0.57,0.60,0.60,0.50,0.60,0.70,0.60,0.50,0.50,0.50,0.50,0.40,0.60,0.60,0.40,0.40,0.60,0.60,0.60,0.60,0.80,0.80,0.60,0.40,0.40,0.20,0.20
317,0.8540,0.6110,0.4180,1.1100,45.8300,0.6750,11.9100,n/a,CTGAAAGCCTAGTCAGCCCG,GTACCTGAAAGCCTAGTCAGCCCGAGGCCC,sense,intron,20,30,G,A,0.60,0.70,0.50,0.44,0.86,0.63,0.43,0.40,0.50,0.40,0.50,0.50,0.60,0.60,0.60,0.60,0.70,0.40,0.20,0.40,0.40,0.60,0.60,0.60,0.60,0.40,0.40,0.40,0.60,0.60,0.80,0.80,1.00
318,0.8550,0.6297,0.6840,0.1180,89.5100,0.6210,9.6000,n/a,GCCTATTTAGGGATGACAAG,ACGAGCCTATTTAGGGATGACAAGTGGACA,antisense,intron,20,30,G,T,0.45,0.50,0.40,0.33,0.43,0.38,0.43,0.40,0.40,0.30,0.30,0.40,0.40,0.50,0.50,0.50,0.50,0.60,0.40,0.20,0.00,0.00,0.20,0.40,0.60,0.60,0.60,0.60,0.40,0.40,0.40,0.40,0.40
319,0.8560,0.6916,0.1250,-0.0410,89.2300,0.6900,12.9000,n/a,TGCAGAGATCTAGGCCCTAG,GCACTGCAGAGATCTAGGCCCTAGAGGAAT,sense,intron,20,30,G,A,0.55,0.60,0.50,0.56,0.71,0.50,0.57,0.50,0.40,0.40,0.50,0.50,0.60,0.60,0.60,0.60,0.60,0.60,0.60,0.60,0.40,0.40,0.40,0.40,0.20,0.40,0.60,0.60,0.80,1.00,0.80,0.60,0.60
320,0.8570,0.6651,0.2130,-0.0860,44.9000,0.6290,16.1300,n/a,AGTACAGTATTGGACACTGC,AAAAAGTACAGTATTGGACACTGCGGGAGA,antisense,intron,20,30,C,G,0.45,0.60,0.30,0.33,0.57,0.38,0.43,0.30,0.30,0.40,0.40,0.40,0.40,0.40,0.40,0.50,0.60,0.40,0.40,0.40,0.40,0.40,0.20,0.20,0.20,0.40,0.40,0.60,0.60,0.60,0.40,0.60,0.60
321,0.8570,0.7634,0.2880,0.6210,89.2400,0.6510,15.0700,78.0,GGTGACTAGGATGTCGTCGG,TCCTGGTGACTAGGATGTCGTCGGAGGAGG,sense,exon,20,30,G,A,0.60,0.60,0.60,0.56,0.71,0.38,0.57,0.50,0.40,0.50,0.40,0.50,0.50,0.50,0.60,0.60,0.60,0.60,0.60,0.40,0.40,0.40,0.60,0.40,0.40,0.60,0.40,0.40,0.60,0.60,0.60,0.80,0.80
322,0.8570,0.6733,0.3430,0.4590,47.3300,0.6480,13.1000,65.0,GGTCCTGCCGATCCCGGAGA,GCGAGGTCCTGCCGATCCCGGAGAGGGAGG,antisense,exon,20,30,A,G,0.70,0.60,0.80,0.78,0.71,0.75,0.71,0.70,0.60,0.70,0.70,0.70,0.80,0.80,0.70,0.70,0.60,0.80,0.60,0.60,0.80,0.80,0.80,0.80,0.60,0.60,0.60,0.60,0.80,1.00,0.80,0.80,0.60
323,0.8580,0.6799,0.0130,-0.1290,29.1300,0.3880,13.4000,n/a,CAGGAACCACGCGCTGTTGA,GCAGCAGGAACCACGCGCTGTTGAAGGGCT,antisense,exon,20,30,A,A,0.60,0.60,0.60,0.56,0.43,0.88,0.57,0.60,0.70,0.70,0.70,0.70,0.80,0.70,0.60,0.70,0.60,0.60,0.40,0.60,0.60,0.40,0.60,0.80,0.80,0.80,1.00,0.80,0.80,0.60,0.40,0.40,0.40
324,0.8590,0.8013,0.0110,-0.2370,33.4100,0.2950,10.0000,n/a,GAAGTGCATCCCATCAGTTC,ACATGAAGTGCATCCCATCAGTTCTGGGCT,sense,exon,20,30,C,T,0.50,0.50,0.50,0.44,0.43,0.50,0.57,0.50,0.60,0.60,0.50,0.60,0.50,0.50,0.50,0.50,0.50,0.40,0.40,0.60,0.60,0.40,0.60,0.60,0.60,0.60,0.60,0.60,0.40,0.40,0.40,0.40,0.40
325,0.8590,0.6793,0.0300,0.0770,29.4600,0.4850,10.4000,n/a,CAATACGAGCCATCCTCTGC,ATAGCAATACGAGCCATCCTCTGCTGGCTG,sense,exon,20,30,C,T,0.55,0.60,0.50,0.44,0.71,0.63,0.43,0.50,0.50,0.50,0.60,0.70,0.60,0.60,0.60,0.60,0.60,0.20,0.20,0.40,0.40,0.60,0.80,0.80,0.60,0.60,0.60,0.60,0.40,0.60,0.60,0.60,0.60
326,0.8600,0.5899,0.0480,0.1890,75.0400,0.6710,13.0000,n/a,ATCAAACGGATCTACCACGA,TAGGATCAAACGGATCTACCACGATGGGTT,antisense,exon,20,30,A,T,0.45,0.50,0.40,0.44,0.57,0.50,0.29,0.40,0.50,0.40,0.40,0.50,0.60,0.50,0.50,0.50,0.50,0.20,0.20,0.40,0.40,0.60,0.60,0.60,0.60,0.40,0.20,0.40,0.60,0.40,0.60,0.80,0.60
327,0.8600,0.8438,0.3130,0.0460,77.4500,0.5660,15.1000,n/a,GTACTGCGCCGCGTCCATGT,GCGGGTACTGCGCCGCGTCCATGTAGGAGT,antisense,exon,20,30,T,A,0.65,0.60,0.70,0.67,0.43,0.88,0.57,0.70,0.80,0.90,0.80,0.90,0.90,0.80,0.70,0.70,0.60,0.40,0.40,0.60,0.80,0.80,1.00,1.00,1.00,1.00,0.80,0.80,0.80,0.60,0.40,0.60,0.40
328,0.8630,0.7515,0.0490,0.6970,87.0100,0.3600,15.3600,n/a,CTCAGCGCGGCCCACGCGGG,CCTGCTCAGCGCGGCCCACGCGGGGGGGAG,sense,intron,20,30,G,G,0.85,0.90,0.80,0.78,0.86,0.88,0.71,0.80,0.90,0.90,0.90,0.90,0.90,0.90,0.90,0.90,0.90,0.60,0.60,0.80,0.80,1.00,1.00,1.00,1.00,1.00,0.80,0.80,0.80,0.80,0.80,1.00,1.00
329,0.8650,0.6352,0.0170,-0.1480,65.0400,0.4740,14.5000,n/a,TGAAAGAGGAGCCCGTCGTC,TTACTGAAAGAGGAGCCCGTCGTCTGGCTT,sense,promotor,20,30,C,T,0.60,0.80,0.40,0.44,0.71,0.75,0.29,0.50,0.50,0.60,0.70,0.80,0.70,0.80,0.80,0.70,0.80,0.20,0.40,0.20,0.40,0.60,0.60,0.60,0.80,0.80,0.80,1.00,0.80,0.80,0.80,0.60,0.60
330,0.8650,0.5801,0.1690,0.0950,4.4600,0.5310,8.3000,n/a,CTTTATCCTAAGAGTTGCCC,ATCTCTTTATCCTAAGAGTTGCCCTGGCCC,sense,promotor,20,30,C,T,0.45,0.60,0.30,0.22,0.71,0.50,0.29,0.20,0.30,0.30,0.40,0.40,0.40,0.40,0.40,0.50,0.60,0.20,0.00,0.20,0.40,0.40,0.40,0.40,0.40,0.20,0.40,0.40,0.40,0.40,0.60,0.60,0.80
331,0.8670,0.7356,0.1300,0.6180,42.2500,0.5420,21.1000,n/a,GAGGGAAGTGTCGACTGCGC,CCGAGAGGGAAGTGTCGACTGCGCCGGCGG,sense,exon,20,30,C,C,0.65,0.70,0.60,0.56,0.71,0.50,0.57,0.50,0.60,0.60,0.50,0.50,0.50,0.60,0.60,0.70,0.70,0.80,0.60,0.60,0.60,0.40,0.40,0.40,0.60,0.60,0.60,0.60,0.60,0.60,0.60,0.80,0.80
332,0.8670,0.7777,0.7150,0.7540,64.5800,0.5330,11.8000,n/a,GCAGGCATGTCTGTTCCCGC,GGCCGCAGGCATGTCTGTTCCCGCCGGCGC,antisense,exon,20,30,C,C,0.65,0.70,0.60,0.56,0.71,0.38,0.71,0.60,0.50,0.60,0.50,0.40,0.40,0.50,0.60,0.60,0.70,0.80,0.80,0.60,0.60,0.60,0.40,0.40,0.40,0.60,0.40,0.40,0.40,0.60,0.60,0.80,1.00
333,0.8680,0.7447,0.2640,0.3950,27.0200,0.5030,13.5000,n/a,TTCTGGATCCGGATTACCAC,TGATTTCTGGATCCGGATTACCACTGGCTG,antisense,exon,20,30,C,T,0.50,0.50,0.50,0.56,0.43,0.50,0.43,0.60,0.70,0.60,0.60,0.50,0.40,0.50,0.60,0.50,0.50,0.40,0.60,0.60,0.40,0.60,0.60,0.60,0.80,0.80,0.60,0.40,0.20,0.20,0.40,0.40,0.60
334,0.8680,0.6701,0.3480,-0.1370,90.7200,0.5250,8.2000,n/a,GGTCCTCGTCAACGTCCCCC,ATAAGGTCCTCGTCAACGTCCCCCTGGAAA,antisense,exon,20,30,C,T,0.70,0.70,0.70,0.67,0.86,0.63,0.71,0.60,0.50,0.60,0.60,0.50,0.60,0.60,0.60,0.70,0.70,0.80,0.60,0.60,0.80,0.60,0.60,0.60,0.40,0.40,0.60,0.40,0.60,0.80,0.80,0.80,1.00
335,0.8680,0.7605,0.7300,0.6870,98.0100,0.7140,16.7000,n/a,AAAATGAGCAACGTGCCACG,GAAGAAAATGAGCAACGTGCCACGAGGATC,sense,promotor,20,30,G,A,0.50,0.70,0.30,0.33,0.71,0.50,0.14,0.30,0.40,0.50,0.50,0.60,0.60,0.70,0.60,0.60,0.70,0.00,0.20,0.20,0.40,0.60,0.60,0.40,0.60,0.60,0.40,0.60,0.80,0.80,0.60,0.80,0.80
336,0.8690,0.7110,0.0560,-0.4440,63.7300,0.3970,16.3100,n/a,AGACCGAGCAGCCTCGTGAC,GCTGAGACCGAGCAGCCTCGTGACTGGGCG,sense,intron,20,30,C,T,0.65,0.70,0.60,0.67,0.57,0.63,0.57,0.70,0.70,0.80,0.70,0.70,0.70,0.70,0.70,0.60,0.70,0.60,0.80,0.60,0.80,0.80,0.60,0.60,0.80,0.80,0.60,0.80,0.80,0.60,0.60,0.60,0.60
337,0.8700,0.7051,0.1070,0.3820,98.2800,0.6040,n/a,n/a,GATGATGGGCAGCGCCCGAG,TCATGATGATGGGCAGCGCCCGAGTGGCGG,sense,exon,20,30,G,T,0.70,0.80,0.60,0.56,0.86,0.88,0.43,0.50,0.60,0.70,0.70,0.80,0.90,0.90,0.90,0.80,0.80,0.40,0.20,0.40,0.60,0.60,0.80,0.80,0.80,0.80,0.80,0.80,1.00,1.00,1.00,0.80,0.80
338,0.8710,0.6877,0.0550,-0.1150,13.8900,0.5200,12.7000,n/a,GCTGACGCGCTGGTAGATCC,GAAAGCTGACGCGCTGGTAGATCCTGGTGG,antisense,intron,20,30,C,T,0.65,0.50,0.80,0.78,0.43,0.75,0.71,0.70,0.70,0.80,0.70,0.70,0.70,0.60,0.50,0.50,0.50,0.60,0.60,0.60,0.80,0.80,1.00,0.80,0.80,0.80,0.60,0.40,0.60,0.40,0.20,0.40,0.60
339,0.8710,0.6977,0.0560,-0.0300,37.2900,0.5090,17.6000,n/a,GACGTCGATCGAGGCGGTGT,AAAGGACGTCGATCGAGGCGGTGTGGGCAG,sense,exon,20,30,T,G,0.65,0.70,0.60,0.56,0.71,0.63,0.71,0.60,0.60,0.60,0.60,0.70,0.70,0.70,0.70,0.80,0.70,0.60,0.60,0.80,0.60,0.40,0.60,0.60,0.40,0.60,0.80,0.80,0.80,1.00,0.80,0.80,0.60
340,0.8720,0.7605,0.1110,0.5620,55.2400,0.6120,11.3000,n/a,CGATGGTTGTGTCCCGAACG,AGACCGATGGTTGTGTCCCGAACGAGGGCA,antisense,exon,20,30,G,A,0.60,0.70,0.50,0.44,0.71,0.50,0.57,0.50,0.40,0.50,0.60,0.60,0.60,0.60,0.60,0.60,0.70,0.60,0.60,0.40,0.40,0.60,0.40,0.40,0.40,0.60,0.60,0.80,0.80,0.80,0.60,0.60,0.60
341,0.8720,0.8804,0.3370,1.0400,92.5000,0.5940,16.4300,n/a,ACACGACATGTGCTCAGCGG,TCAGACACGACATGTGCTCAGCGGAGGGAG,sense,intron,20,30,G,A,0.60,0.70,0.50,0.56,0.71,0.50,0.57,0.50,0.50,0.60,0.50,0.50,0.50,0.50,0.60,0.70,0.70,0.60,0.60,0.60,0.60,0.40,0.40,0.40,0.40,0.60,0.60,0.60,0.60,0.60,0.60,0.80,0.80
342,0.8730,0.8295,0.2620,0.7720,98.9500,0.6440,11.4000,n/a,AATCCGGGGTCCTCGCACAG,GTTTAATCCGGGGTCCTCGCACAGAGGTCT,antisense,exon,20,30,G,A,0.65,0.70,0.60,0.67,0.71,0.75,0.57,0.70,0.80,0.80,0.80,0.80,0.80,0.70,0.70,0.60,0.70,0.40,0.60,0.80,1.00,1.00,0.80,0.80,0.80,0.60,0.60,0.80,0.80,0.60,0.80,0.60,0.60
343,0.8730,0.6969,0.3940,0.4310,81.2800,0.6000,12.9000,n/a,CAACCGACAGCTGAGACGAA,CACACAACCGACAGCTGAGACGAAGGGCTC,antisense,intron,20,30,A,G,0.55,0.50,0.60,0.56,0.43,0.50,0.57,0.60,0.60,0.70,0.60,0.60,0.50,0.60,0.60,0.60,0.50,0.60,0.60,0.60,0.80,0.60,0.60,0.60,0.60,0.60,0.60,0.60,0.40,0.60,0.60,0.60,0.40
344,0.8730,0.6108,0.6460,0.2520,81.5400,0.7110,8.8000,n/a,CACAACGATGTTCTTCAGCG,GCCTCACAACGATGTTCTTCAGCGGGGAAA,sense,intron,20,30,G,G,0.50,0.50,0.50,0.44,0.57,0.38,0.57,0.40,0.40,0.40,0.40,0.40,0.40,0.30,0.40,0.50,0.50,0.40,0.40,0.60,0.40,0.40,0.60,0.40,0.20,0.40,0.40,0.20,0.40,0.40,0.40,0.60,0.80
345,0.8740,0.7824,0.2020,-0.0050,28.5700,0.5270,10.4000,n/a,CCAGTATCATAGCACTACTA,ATTGCCAGTATCATAGCACTACTAAGGAAC,antisense,intron,20,30,A,A,0.40,0.40,0.40,0.33,0.29,0.38,0.43,0.30,0.30,0.40,0.30,0.40,0.40,0.40,0.40,0.40,0.40,0.60,0.40,0.20,0.40,0.20,0.20,0.20,0.40,0.40,0.40,0.60,0.60,0.40,0.40,0.40,0.20
346,0.8750,0.7422,0.1660,0.2340,98.6100,0.6490,21.1000,71.0,GGGCGGCGATCAAGGCGGTG,GAAAGGGCGGCGATCAAGGCGGTGCGGACA,sense,exon,20,30,G,C,0.75,0.70,0.80,0.78,0.86,0.50,1.00,0.80,0.70,0.60,0.60,0.60,0.60,0.60,0.60,0.60,0.70,1.00,1.00,1.00,1.00,0.80,0.60,0.60,0.40,0.20,0.40,0.60,0.60,0.80,1.00,0.80,0.80
347,0.8760,0.6232,0.1870,0.1250,76.3500,0.6520,9.5500,n/a,GACGATTAATGCAAGAACCT,AGAAGACGATTAATGCAAGAACCTAGGTTA,sense,intron,20,30,T,A,0.40,0.50,0.30,0.22,0.43,0.25,0.43,0.30,0.40,0.30,0.20,0.30,0.30,0.30,0.40,0.50,0.50,0.60,0.40,0.40,0.20,0.00,0.00,0.20,0.40,0.40,0.40,0.60,0.40,0.20,0.40,0.60,0.40
348,0.8770,0.6540,0.1780,0.3330,35.0400,0.5630,13.4000,n/a,CTCGTTCGGGACACAACCAT,TGCCCTCGTTCGGGACACAACCATCGGTCT,sense,exon,20,30,T,C,0.55,0.40,0.70,0.67,0.43,0.75,0.57,0.60,0.70,0.60,0.60,0.60,0.60,0.60,0.60,0.50,0.40,0.60,0.40,0.60,0.60,0.60,0.80,0.80,0.80,0.60,0.60,0.40,0.40,0.40,0.60,0.40,0.40
349,0.8770,0.7674,0.2120,0.2240,89.7200,0.5920,13.4000,n/a,TCGCTCGACCTAGGCTCCCG,GACCTCGCTCGACCTAGGCTCCCGTGGACT,antisense,exon,20,30,G,T,0.70,0.70,0.70,0.78,0.86,0.63,0.71,0.70,0.60,0.60,0.60,0.70,0.60,0.60,0.70,0.70,0.70,0.60,0.80,0.80,0.60,0.60,0.80,0.60,0.40,0.60,0.60,0.60,0.60,0.80,0.80,0.80,0.80
350,0.8770,0.8106,0.2830,0.3320,73.0700,0.4950,6.6000,n/a,ATTGCAGGTCAGATCAATAG,AATCATTGCAGGTCAGATCAATAGTGGATT,antisense,exon,20,30,G,T,0.40,0.30,0.50,0.56,0.29,0.50,0.43,0.50,0.60,0.60,0.50,0.50,0.50,0.40,0.30,0.30,0.30,0.40,0.40,0.60,0.80,0.60,0.60,0.60,0.60,0.40,0.40,0.40,0.40,0.20,0.20,0.20,0.20
351,0.8780,0.7335,0.2940,0.6600,89.2800,0.6300,8.2000,n/a,CGAGATCAGTCATCCCGAAG,TCGCCGAGATCAGTCATCCCGAAGAGGAAG,sense,exon,20,30,G,A,0.55,0.60,0.50,0.44,0.71,0.50,0.57,0.50,0.40,0.40,0.40,0.50,0.60,0.60,0.60,0.50,0.60,0.60,0.40,0.40,0.40,0.40,0.40,0.60,0.40,0.40,0.40,0.60,0.60,0.80,0.80,0.60,0.60
352,0.8800,0.5933,0.1070,0.0420,72.5500,0.5210,14.2000,n/a,ACCCCACTGTGGCGGCGAGA,CTCGACCCCACTGTGGCGGCGAGATGGCAC,sense,exon,20,30,A,T,0.70,0.80,0.60,0.67,0.71,0.75,0.71,0.70,0.70,0.70,0.70,0.70,0.80,0.80,0.80,0.80,0.80,0.80,0.80,0.80,0.60,0.60,0.40,0.60,0.60,0.80,0.80,1.00,1.00,1.00,0.80,0.80,0.60
353,0.8800,0.7824,0.2350,0.2380,19.1900,0.4680,12.4000,n/a,CCAGTTTGTGGATTCTGCCC,TGCCCCAGTTTGTGGATTCTGCCCTGGTGT,sense,exon,20,30,C,T,0.55,0.60,0.50,0.44,0.71,0.38,0.43,0.50,0.40,0.40,0.30,0.40,0.40,0.50,0.50,0.60,0.60,0.60,0.40,0.20,0.40,0.20,0.40,0.60,0.60,0.40,0.40,0.40,0.20,0.40,0.60,0.80,0.80
354,0.8800,0.5620,0.6610,0.1030,74.4600,0.5440,10.7000,n/a,GCTATATACAAAACACCGCC,CAGTGCTATATACAAAACACCGCCTGGAAT,sense,exon,20,30,C,T,0.45,0.60,0.30,0.22,0.86,0.25,0.29,0.20,0.10,0.10,0.20,0.20,0.30,0.40,0.50,0.50,0.60,0.40,0.20,0.00,0.00,0.20,0.20,0.20,0.20,0.20,0.20,0.20,0.40,0.60,0.80,0.80,1.00
355,0.8830,0.7068,0.1650,0.4550,81.8900,0.6600,14.8000,n/a,TCCTCCACGAAAGCCCGTCG,AGCCTCCTCCACGAAAGCCCGTCGAGGAAA,sense,exon,20,30,G,A,0.65,0.70,0.60,0.67,0.86,0.50,0.57,0.60,0.50,0.50,0.60,0.60,0.60,0.70,0.60,0.60,0.70,0.60,0.80,0.60,0.60,0.80,0.60,0.40,0.40,0.40,0.40,0.60,0.80,1.00,0.80,0.80,0.80
356,0.8840,0.7638,0.1650,0.2920,40.6400,0.6050,12.9400,n/a,TGCCGGAGTTAATTCGCTCA,CAGATGCCGGAGTTAATTCGCTCAGGGCTC,antisense,promotor,20,30,A,G,0.50,0.40,0.60,0.67,0.57,0.13,0.71,0.60,0.50,0.40,0.30,0.30,0.30,0.40,0.30,0.40,0.40,0.80,1.00,0.80,0.80,0.60,0.40,0.20,0.20,0.00,0.00,0.20,0.40,0.60,0.60,0.80,0.60
357,0.8840,0.8194,0.3310,1.0900,67.2300,0.5730,15.7100,n/a,GCGGGTTGCCCTGTTTGCGG,TGCTGCGGGTTGCCCTGTTTGCGGCGGGAC,antisense,exon,20,30,G,C,0.70,0.60,0.80,0.78,0.57,0.63,0.71,0.80,0.70,0.70,0.60,0.50,0.50,0.60,0.60,0.60,0.60,1.00,0.80,0.60,0.60,0.60,0.60,0.80,0.80,0.80,0.60,0.40,0.20,0.40,0.40,0.60,0.80
358,0.8860,0.6629,0.0350,-0.2450,24.8700,0.4210,13.9100,74.0,GGGAGGACGCTTGCGGGATA,GAATGGGAGGACGCTTGCGGGATAGGGAGG,sense,promotor,20,30,A,G,0.65,0.50,0.80,0.78,0.57,0.63,0.71,0.70,0.60,0.60,0.70,0.70,0.70,0.80,0.70,0.60,0.50,0.80,0.80,0.60,0.60,0.80,0.80,0.60,0.60,0.60,0.60,0.60,0.80,1.00,0.80,0.60,0.40
359,0.8860,0.7776,0.5010,0.4120,32.5400,0.6040,n/a,44.0,GGAGACGTCCTTCCTTGTCG,TCCTGGAGACGTCCTTCCTTGTCGTGGCAG,antisense,promotor,20,30,G,T,0.60,0.50,0.70,0.67,0.57,0.63,0.71,0.60,0.50,0.60,0.60,0.60,0.50,0.50,0.50,0.50,0.50,0.60,0.60,0.60,0.60,0.60,0.80,0.60,0.40,0.60,0.60,0.40,0.40,0.60,0.40,0.40,0.60
360,0.8860,0.6566,n/a,n/a,n/a,n/a,n/a,n/a,GTATTTATTTCAGGCCGGCG,n/a,n/a,n/a,20,n/a,G,n/a,0.50,0.90,0.10,0.00,1.00,0.38,0.14,0.10,0.10,0.20,0.30,0.40,0.50,0.60,0.70,0.80,0.90,0.20,0.00,0.00,0.00,0.00,0.00,0.20,0.20,0.40,0.60,0.80,0.80,1.00,1.00,1.00,1.00
361,0.8870,0.6796,0.0490,-0.1910,9.7900,0.5530,10.6000,n/a,TCACAACCAATTGTTGCTCC,CACATCACAACCAATTGTTGCTCCAGGACA,antisense,exon,20,30,C,A,0.45,0.50,0.40,0.44,0.57,0.38,0.43,0.40,0.30,0.40,0.30,0.30,0.40,0.40,0.30,0.40,0.50,0.40,0.40,0.40,0.60,0.40,0.40,0.40,0.20,0.20,0.20,0.20,0.40,0.60,0.40,0.60,0.80
362,0.8890,0.5596,0.0300,0.3800,96.3500,0.6380,12.7000,n/a,ACTTACCAGAGACGCCGGGA,AAAGACTTACCAGAGACGCCGGGAAGGGGG,sense,exon,20,30,A,A,0.60,0.80,0.40,0.44,0.86,0.63,0.43,0.50,0.40,0.50,0.60,0.70,0.70,0.70,0.80,0.80,0.80,0.20,0.40,0.40,0.40,0.60,0.60,0.60,0.40,0.60,0.60,0.80,0.80,1.00,1.00,1.00,0.80
363,0.8900,0.5710,0.1190,0.1630,61.6700,0.5780,12.6200,n/a,AGCACGGCCCATAGGATCGA,TGCGAGCACGGCCCATAGGATCGATGGCCT,sense,exon,20,30,A,T,0.60,0.40,0.80,0.89,0.57,0.63,0.71,0.80,0.70,0.60,0.70,0.70,0.60,0.50,0.50,0.50,0.40,0.60,0.80,0.80,0.80,1.00,1.00,0.80,0.60,0.40,0.40,0.40,0.40,0.40,0.60,0.60,0.40
364,0.8900,0.6748,0.2330,0.2250,39.6800,0.5270,12.4000,n/a,CTTGCGGGTTTCCGTAGCAC,ATTCCTTGCGGGTTTCCGTAGCACAGGTAT,sense,intron,20,30,C,A,0.60,0.60,0.60,0.56,0.57,0.63,0.71,0.50,0.60,0.70,0.70,0.60,0.50,0.50,0.50,0.50,0.60,0.60,0.60,0.80,1.00,0.80,0.60,0.40,0.40,0.40,0.60,0.60,0.60,0.60,0.60,0.40,0.60
365,0.8900,0.6594,0.5930,-0.0130,62.1300,0.5540,11.9000,n/a,ATCCAGATCTGAGTTCGGTA,CCCAATCCAGATCTGAGTTCGGTAGGGTTT,antisense,exon,20,30,A,G,0.45,0.50,0.40,0.44,0.43,0.38,0.43,0.50,0.50,0.50,0.40,0.40,0.40,0.50,0.60,0.50,0.50,0.40,0.60,0.60,0.40,0.40,0.40,0.40,0.40,0.60,0.40,0.40,0.40,0.60,0.60,0.60,0.60
366,0.8930,0.6541,0.0860,-0.2150,87.3000,0.5960,14.0000,n/a,TATTAGAGGGTACTGCAGCT,AGGATATTAGAGGGTACTGCAGCTAGGTCC,antisense,intron,20,30,T,A,0.45,0.50,0.40,0.44,0.57,0.50,0.14,0.40,0.40,0.50,0.50,0.60,0.60,0.60,0.60,0.60,0.50,0.00,0.20,0.20,0.40,0.60,0.80,0.60,0.60,0.60,0.40,0.40,0.60,0.60,0.60,0.80,0.60
367,0.8930,0.8709,0.2280,0.7030,88.2300,0.6130,13.0000,n/a,GAAGGGGATCATCTCGTCCG,CCTTGAAGGGGATCATCTCGTCCGTGGCGC,antisense,exon,20,30,G,T,0.60,0.60,0.60,0.56,0.71,0.38,0.71,0.50,0.50,0.60,0.50,0.50,0.50,0.40,0.50,0.60,0.60,0.60,0.60,0.80,0.80,0.60,0.60,0.40,0.20,0.40,0.40,0.40,0.60,0.60,0.60,0.80,0.80
368,0.8930,0.6015,0.4510,-0.1300,57.2100,0.5250,6.3000,n/a,GCCTGTATATTATCCGAGGA,TTGTGCCTGTATATTATCCGAGGATGGTTT,sense,intron,20,30,A,T,0.45,0.50,0.40,0.33,0.71,0.13,0.57,0.30,0.20,0.10,0.20,0.20,0.30,0.30,0.40,0.50,0.50,0.80,0.60,0.40,0.20,0.20,0.00,0.00,0.00,0.00,0.20,0.40,0.60,0.60,0.80,0.80,0.60
369,0.8930,0.6251,0.5210,-0.2850,39.0800,0.6240,12.9000,n/a,ATGAGATGCGGTACTCTGCA,TTACATGAGATGCGGTACTCTGCACGGCAA,antisense,exon,20,30,A,C,0.50,0.50,0.50,0.56,0.57,0.63,0.29,0.60,0.60,0.50,0.60,0.50,0.60,0.60,0.60,0.60,0.50,0.40,0.40,0.40,0.40,0.60,0.60,0.80,0.80,0.60,0.60,0.40,0.40,0.40,0.60,0.60,0.60
370,0.8930,0.6708,0.5500,0.3350,99.6600,0.6850,10.2000,n/a,TTAAGTAGTAGAAGCCTGGG,ATGGTTAAGTAGTAGAAGCCTGGGGGGTCA,sense,intron,20,30,G,G,0.45,0.70,0.20,0.22,0.86,0.38,0.14,0.30,0.30,0.30,0.40,0.40,0.50,0.50,0.50,0.60,0.70,0.20,0.20,0.20,0.40,0.40,0.20,0.40,0.40,0.20,0.40,0.60,0.60,0.60,0.80,0.80,0.80
371,0.8940,0.7907,0.6070,1.2130,80.4000,0.5830,14.7300,n/a,TGAGTTGCACGCCGTAGCGG,TCTGTGAGTTGCACGCCGTAGCGGCGGCCC,sense,exon,20,30,G,C,0.65,0.80,0.50,0.56,0.71,0.88,0.43,0.60,0.60,0.70,0.70,0.70,0.70,0.70,0.70,0.80,0.80,0.40,0.40,0.40,0.60,0.40,0.60,0.80,0.80,0.80,1.00,0.80,0.60,0.60,0.60,0.60,0.80
372,0.8950,0.7918,0.7830,0.6830,90.3400,0.5880,13.5000,n/a,GCACCACTGGACGTTTGCAG,CTCTGCACCACTGGACGTTTGCAGGGGAGG,antisense,exon,20,30,G,G,0.60,0.50,0.70,0.67,0.43,0.63,0.71,0.60,0.60,0.70,0.60,0.50,0.50,0.50,0.60,0.50,0.50,0.80,0.60,0.60,0.60,0.60,0.60,0.60,0.60,0.80,0.60,0.40,0.40,0.40,0.40,0.40,0.60
373,0.8960,0.6462,0.5810,0.4530,77.1700,0.5620,8.5000,n/a,AGCAGCCCTTCAACAGCGCG,TGCAAGCAGCCCTTCAACAGCGCGTGGTTC,sense,exon,20,30,G,T,0.65,0.70,0.60,0.67,0.86,0.50,0.71,0.70,0.60,0.50,0.60,0.50,0.50,0.50,0.50,0.60,0.70,0.60,0.80,0.80,0.80,0.80,0.60,0.60,0.40,0.20,0.40,0.40,0.40,0.60,0.80,0.80,1.00
374,0.8970,0.7909,0.0700,-0.0810,84.1400,0.5320,18.1000,n/a,TGCGGGAAGCTAGGCATTGG,GAGTTGCGGGAAGCTAGGCATTGGTGGTAC,antisense,intron,20,30,G,T,0.60,0.50,0.70,0.78,0.57,0.50,0.71,0.70,0.60,0.60,0.60,0.60,0.50,0.50,0.50,0.50,0.50,0.80,1.00,0.80,0.60,0.60,0.60,0.40,0.40,0.60,0.60,0.60,0.60,0.60,0.40,0.40,0.40
375,0.8970,0.7029,0.0910,0.1830,54.0500,0.5400,10.8000,n/a,AAATCGCAGCTAACGTGTGT,TTAGAAATCGCAGCTAACGTGTGTAGGCGT,sense,intron,20,30,T,A,0.45,0.40,0.50,0.56,0.57,0.50,0.43,0.50,0.50,0.50,0.60,0.60,0.50,0.50,0.50,0.50,0.40,0.20,0.40,0.60,0.60,0.80,0.80,0.60,0.40,0.40,0.40,0.40,0.40,0.60,0.60,0.60,0.40
376,0.8970,0.8010,0.1720,0.4400,32.1100,0.5170,12.6600,n/a,TCTTGGACCTCGCTCGACCT,GGATTCTTGGACCTCGCTCGACCTAGGCTC,antisense,exon,20,30,T,A,0.60,0.70,0.50,0.56,0.57,0.63,0.43,0.60,0.60,0.70,0.70,0.70,0.70,0.70,0.70,0.70,0.70,0.40,0.60,0.40,0.60,0.80,0.60,0.60,0.80,0.80,0.60,0.80,0.80,0.60,0.60,0.80,0.60
377,0.8970,0.8139,0.2080,-0.4580,62.7400,0.4630,12.6500,n/a,GCACGGCTTCCGCATCTACC,ACACGCACGGCTTCCGCATCTACCTGGAGC,sense,exon,20,30,C,T,0.65,0.60,0.70,0.67,0.43,0.63,0.86,0.70,0.70,0.80,0.70,0.60,0.60,0.50,0.50,0.60,0.60,0.80,0.80,0.80,0.80,0.60,0.60,0.60,0.60,0.80,0.80,0.60,0.60,0.40,0.20,0.40,0.60
378,0.8970,0.6735,0.3540,0.4570,12.2800,0.4320,10.0100,n/a,CTAGAAGCCGAGGCAGACCC,CATGCTAGAAGCCGAGGCAGACCCTGGGGT,antisense,intron,20,30,C,T,0.65,0.70,0.60,0.56,0.71,0.88,0.43,0.50,0.60,0.70,0.70,0.70,0.80,0.70,0.70,0.70,0.70,0.40,0.20,0.40,0.60,0.60,0.80,0.80,0.80,0.80,0.80,0.60,0.80,0.60,0.60,0.60,0.80
379,0.8980,0.6948,0.1380,0.0670,49.6900,0.6050,10.1000,n/a,ATGATAGCCATCCCTAAGTG,GAAAATGATAGCCATCCCTAAGTGTGGAAA,sense,intron,20,30,G,T,0.45,0.50,0.40,0.44,0.43,0.75,0.29,0.40,0.50,0.50,0.60,0.60,0.60,0.50,0.50,0.40,0.50,0.20,0.20,0.40,0.40,0.60,0.60,0.60,0.60,0.60,0.60,0.60,0.60,0.40,0.40,0.20,0.40
380,0.8980,0.7824,0.3640,0.9890,94.3300,0.6050,9.8000,n/a,TTTGGCAATAAGATGACCGA,AAATTTTGGCAATAAGATGACCGAGGGGCA,antisense,promotor,20,30,A,G,0.40,0.50,0.30,0.33,0.57,0.13,0.43,0.30,0.40,0.40,0.30,0.30,0.20,0.30,0.40,0.50,0.50,0.40,0.60,0.60,0.60,0.40,0.20,0.00,0.20,0.20,0.20,0.40,0.40,0.40,0.60,0.80,0.60
381,0.8990,0.6293,0.1280,-0.0740,92.5100,0.5740,14.3000,n/a,CCTACAAGACAGCGCAAATG,AGGGCCTACAAGACAGCGCAAATGTGGCTT,sense,exon,20,30,G,T,0.50,0.50,0.50,0.44,0.43,0.63,0.43,0.40,0.40,0.50,0.60,0.60,0.60,0.60,0.50,0.50,0.50,0.60,0.40,0.20,0.40,0.40,0.40,0.40,0.60,0.60,0.80,0.80,0.80,0.60,0.40,0.20,0.20
382,0.8990,0.7620,0.3880,0.2830,64.2300,0.5570,13.7000,66.0,GGTGGTTGAGCGTACTCGCA,TGAAGGTGGTTGAGCGTACTCGCACGGCCA,sense,exon,20,30,A,C,0.60,0.60,0.60,0.56,0.57,0.50,0.57,0.60,0.60,0.60,0.50,0.50,0.50,0.60,0.60,0.70,0.60,0.80,0.60,0.40,0.60,0.40,0.40,0.60,0.80,0.60,0.60,0.60,0.40,0.40,0.60,0.80,0.60
383,0.9000,0.6124,0.1320,-0.3890,50.1500,0.4620,11.0000,51.0,GGCAGGTTATCTGGGCACAT,AGTGGGCAGGTTATCTGGGCACATGGGGTC,sense,intron,20,30,T,G,0.55,0.60,0.50,0.44,0.57,0.38,0.71,0.50,0.40,0.40,0.50,0.50,0.50,0.50,0.60,0.60,0.60,0.80,0.80,0.60,0.40,0.40,0.20,0.20,0.20,0.40,0.60,0.80,0.80,0.80,0.80,0.60,0.40
384,0.9010,0.8946,0.5960,0.3170,75.2500,0.5560,16.1000,n/a,GCTCGTTGTGGGCACTGTCG,AATGGCTCGTTGTGGGCACTGTCGGGGTTG,sense,exon,20,30,G,G,0.65,0.70,0.60,0.56,0.57,0.63,0.57,0.60,0.60,0.70,0.60,0.60,0.60,0.70,0.60,0.70,0.70,0.80,0.60,0.40,0.60,0.40,0.40,0.60,0.80,0.80,0.80,0.80,0.60,0.60,0.40,0.60,0.60
385,0.9020,0.7277,0.5700,0.6060,93.2400,0.5750,11.6000,80.0,GGTGGTGGAGACTGCTCACG,GGGAGGTGGTGGAGACTGCTCACGGGGCAG,antisense,exon,20,30,G,G,0.65,0.60,0.70,0.67,0.71,0.63,0.71,0.60,0.60,0.60,0.60,0.60,0.60,0.60,0.50,0.60,0.60,0.80,0.60,0.60,0.80,0.60,0.60,0.60,0.60,0.40,0.60,0.60,0.60,0.60,0.60,0.60,0.60
386,0.9030,0.6607,0.2310,0.0380,30.6000,0.5830,8.4000,n/a,GAGTAGTCCGCATCTATCAC,CTGGGAGTAGTCCGCATCTATCACAGGAAA,sense,exon,20,30,C,A,0.50,0.40,0.60,0.56,0.43,0.63,0.43,0.60,0.60,0.50,0.60,0.60,0.50,0.50,0.50,0.40,0.40,0.40,0.40,0.40,0.40,0.60,0.80,0.80,0.80,0.60,0.60,0.40,0.20,0.20,0.40,0.20,0.40
387,0.9030,0.7268,0.7870,0.1680,75.7300,0.6830,10.0000,n/a,GAACAAGCTCTACATCCCGT,GCGGGAACAAGCTCTACATCCCGTAGGAAG,sense,exon,20,30,T,A,0.50,0.50,0.50,0.44,0.57,0.50,0.43,0.40,0.40,0.50,0.40,0.40,0.50,0.50,0.50,0.60,0.50,0.40,0.20,0.40,0.60,0.40,0.60,0.60,0.40,0.40,0.40,0.20,0.40,0.60,0.60,0.80,0.80
388,0.9040,0.7636,0.1290,0.4230,38.3500,0.5890,13.0000,n/a,CCTGTCGAAAGCTCTTCCAC,AGGGCCTGTCGAAAGCTCTTCCACGGGACT,antisense,exon,20,30,C,G,0.55,0.60,0.50,0.44,0.57,0.50,0.71,0.50,0.50,0.50,0.50,0.50,0.40,0.40,0.50,0.50,0.60,0.60,0.60,0.60,0.60,0.40,0.40,0.40,0.40,0.40,0.60,0.60,0.40,0.40,0.60,0.40,0.60
389,0.9060,0.6041,0.2510,-0.1490,42.8600,0.6380,9.1000,n/a,TGCTACAGTCTCCCGTACCC,TACCTGCTACAGTCTCCCGTACCCAGGTGT,antisense,promotor,20,30,C,A,0.60,0.70,0.50,0.56,0.71,0.63,0.43,0.50,0.50,0.50,0.60,0.70,0.60,0.60,0.60,0.70,0.70,0.40,0.60,0.40,0.40,0.40,0.60,0.40,0.60,0.60,0.80,0.80,0.80,0.60,0.60,0.60,0.60
390,0.9070,0.7349,0.3620,0.2050,33.6200,0.6000,11.7700,n/a,ACAAGCACTTAAGTTTACAC,ACATACAAGCACTTAAGTTTACACTGGTTC,sense,intron,20,30,C,T,0.35,0.30,0.40,0.44,0.29,0.25,0.43,0.40,0.30,0.40,0.40,0.30,0.20,0.20,0.20,0.20,0.30,0.40,0.60,0.40,0.60,0.60,0.40,0.20,0.20,0.20,0.20,0.20,0.20,0.20,0.20,0.20,0.40
391,0.9080,0.7400,0.1010,-0.2710,51.3500,0.4670,15.5000,48.0,GGCTGGCGCGCTGTGTACTT,GGGCGGCTGGCGCGCTGTGTACTTAGGTCG,sense,promotor,20,30,T,A,0.65,0.40,0.90,0.89,0.29,0.75,0.86,0.90,0.80,0.80,0.80,0.80,0.70,0.60,0.60,0.50,0.40,0.80,0.80,0.80,0.80,1.00,1.00,1.00,0.80,0.80,0.60,0.60,0.40,0.40,0.40,0.40,0.20
392,0.9080,0.7656,0.1110,0.0640,73.3400,0.6580,19.1000,n/a,AAGATGCGCATGGCTCGATG,CAAGAAGATGCGCATGGCTCGATGTGGACA,sense,exon,20,30,G,T,0.55,0.60,0.50,0.56,0.57,0.75,0.43,0.50,0.60,0.60,0.70,0.70,0.70,0.70,0.60,0.50,0.60,0.20,0.40,0.60,0.60,0.80,0.80,0.60,0.60,0.60,0.60,0.60,0.80,0.80,0.60,0.40,0.60
393,0.9080,0.6675,0.5700,0.4040,46.9300,0.6480,9.1000,n/a,CCTAGACCAGGAAAATCCAT,GGCCCCTAGACCAGGAAAATCCATGGGAAC,antisense,exon,20,30,T,G,0.45,0.30,0.60,0.56,0.29,0.50,0.57,0.60,0.50,0.50,0.50,0.40,0.40,0.40,0.40,0.40,0.30,0.60,0.40,0.40,0.60,0.60,0.60,0.80,0.60,0.40,0.40,0.20,0.00,0.20,0.40,0.40,0.40
394,0.9080,0.7149,0.5850,0.3660,81.4500,0.6580,11.7000,38.0,GGTTGTGCTCACAGTCGCTG,TTCGGGTTGTGCTCACAGTCGCTGAGGTGA,antisense,exon,20,30,G,A,0.60,0.60,0.60,0.56,0.71,0.63,0.57,0.50,0.50,0.50,0.60,0.50,0.60,0.60,0.60,0.60,0.60,0.60,0.40,0.40,0.60,0.60,0.60,0.60,0.60,0.40,0.60,0.40,0.60,0.60,0.80,0.60,0.80
395,0.9090,0.6310,0.1110,-0.1780,58.8700,0.5020,10.7000,n/a,TCAGATGAAGGATCAATCTC,ACCATCAGATGAAGGATCAATCTCTGGAGC,antisense,exon,20,30,C,T,0.40,0.40,0.40,0.44,0.43,0.50,0.43,0.50,0.40,0.40,0.40,0.40,0.40,0.30,0.40,0.40,0.40,0.40,0.40,0.40,0.40,0.20,0.40,0.60,0.40,0.40,0.60,0.40,0.20,0.20,0.40,0.20,0.40
396,0.9100,0.5946,0.0420,-0.2690,26.1200,0.3670,10.3600,n/a,TCGACAACTTAAACGGCTTC,GACTTCGACAACTTAAACGGCTTCAGGCAA,sense,exon,20,30,C,A,0.45,0.50,0.40,0.44,0.71,0.25,0.43,0.40,0.30,0.20,0.30,0.30,0.40,0.50,0.40,0.40,0.50,0.60,0.60,0.40,0.40,0.40,0.20,0.20,0.20,0.00,0.20,0.40,0.60,0.80,0.80,0.60,0.60
397,0.9100,0.7221,0.1680,-0.5010,35.6700,0.2840,16.0000,n/a,GTAGCCCAGACTCCCATTAT,CTCTGTAGCCCAGACTCCCATTATTGGAGG,sense,intron,20,30,T,T,0.50,0.40,0.60,0.56,0.29,0.63,0.71,0.60,0.60,0.70,0.70,0.70,0.60,0.50,0.50,0.40,0.40,0.60,0.60,0.80,0.80,0.80,0.60,0.60,0.40,0.60,0.60,0.80,0.60,0.60,0.40,0.20,0.00
398,0.9110,0.6170,0.0720,-0.4740,3.3300,0.5640,12.9400,n/a,TCCGCATGATCCGAGGTACT,ATGTTCCGCATGATCCGAGGTACTGGGCGC,antisense,exon,20,30,T,G,0.55,0.60,0.50,0.56,0.43,0.50,0.57,0.60,0.60,0.60,0.50,0.50,0.60,0.60,0.50,0.60,0.60,0.80,0.80,0.60,0.60,0.40,0.20,0.40,0.60,0.60,0.60,0.80,0.80,0.60,0.40,0.60,0.40
399,0.9140,0.6881,0.0520,-0.2170,7.2700,0.5860,13.9000,n/a,TCGTGCACGGATGTGAATCT,TAATTCGTGCACGGATGTGAATCTTGGTGG,sense,promotor,20,30,T,T,0.50,0.30,0.70,0.78,0.29,0.50,0.57,0.70,0.60,0.60,0.60,0.60,0.50,0.50,0.40,0.40,0.30,0.60,0.80,0.60,0.60,0.80,0.80,0.60,0.60,0.60,0.40,0.40,0.40,0.40,0.20,0.40,0.20
400,0.9140,0.5855,n/a,n/a,n/a,n/a,n/a,n/a,GCTTATAGAGCCCCATAGGG,n/a,n/a,n/a,20,n/a,G,n/a,0.55,0.70,0.40,0.33,0.57,0.75,0.29,0.40,0.40,0.50,0.60,0.60,0.60,0.60,0.60,0.70,0.70,0.40,0.20,0.00,0.20,0.20,0.40,0.60,0.80,0.80,1.00,0.80,0.60,0.40,0.40,0.40,0.60
401,0.9150,0.6818,0.3700,0.2170,92.9500,0.7590,11.9900,n/a,CTGCCGATAAACAACCAATG,ATTTCTGCCGATAAACAACCAATGGGGAAA,antisense,promotor,20,30,G,G,0.45,0.40,0.50,0.44,0.43,0.13,0.71,0.40,0.50,0.40,0.30,0.30,0.30,0.30,0.30,0.30,0.40,0.80,0.80,0.80,0.60,0.40,0.20,0.00,0.20,0.20,0.20,0.40,0.60,0.40,0.40,0.40,0.40
402,0.9170,0.6657,0.1040,-0.4470,15.6600,0.4010,16.7000,n/a,TAGGCAATCTGCCCTCGTTC,GCTCTAGGCAATCTGCCCTCGTTCGGGACA,sense,exon,20,30,C,G,0.55,0.70,0.40,0.44,0.57,0.63,0.43,0.50,0.60,0.60,0.60,0.50,0.60,0.70,0.70,0.60,0.70,0.60,0.60,0.60,0.40,0.40,0.20,0.40,0.60,0.80,0.80,0.80,0.80,0.80,0.60,0.40,0.60
403,0.9180,0.7148,0.2030,0.0230,9.3300,0.4310,9.1000,n/a,ACAGGCTTCATTGACTGAAC,ACTCACAGGCTTCATTGACTGAACAGGTTG,antisense,exon,20,30,C,A,0.45,0.40,0.50,0.56,0.43,0.25,0.57,0.50,0.40,0.50,0.40,0.40,0.30,0.40,0.40,0.30,0.40,0.60,0.80,0.60,0.60,0.60,0.40,0.20,0.20,0.40,0.20,0.40,0.40,0.60,0.40,0.40,0.40
404,0.9180,0.7390,0.2060,0.2470,96.4800,0.6660,13.8500,40.0,GGGCTCAAGTAAGGGACTCG,ATTGGGGCTCAAGTAAGGGACTCGAGGTCC,sense,intron,20,30,G,A,0.60,0.60,0.60,0.56,0.71,0.38,0.71,0.50,0.40,0.40,0.40,0.50,0.40,0.50,0.50,0.50,0.60,0.80,0.80,0.60,0.40,0.40,0.40,0.20,0.20,0.40,0.40,0.60,0.60,0.80,0.60,0.60,0.60
405,0.9220,0.6924,0.1110,-0.4520,34.3000,0.3970,14.6000,n/a,GATAGAGCAACGGGTCATAC,CGAAGATAGAGCAACGGGTCATACTGGATA,antisense,exon,20,30,C,T,0.50,0.60,0.40,0.33,0.43,0.75,0.43,0.40,0.50,0.60,0.70,0.60,0.70,0.60,0.50,0.50,0.60,0.40,0.20,0.40,0.60,0.60,0.40,0.60,0.60,0.60,0.80,0.80,0.80,0.60,0.40,0.20,0.40
406,0.9230,0.7503,0.1510,0.2000,31.7400,0.5700,14.0600,n/a,GCTCAGTACAGGACGTGTCC,TACAGCTCAGTACAGGACGTGTCCGGGCTG,antisense,exon,20,30,C,G,0.60,0.70,0.50,0.44,0.71,0.50,0.57,0.50,0.50,0.50,0.50,0.60,0.50,0.60,0.60,0.60,0.70,0.60,0.60,0.40,0.40,0.40,0.40,0.40,0.60,0.60,0.60,0.80,0.60,0.60,0.60,0.60,0.60
407,0.9230,0.6075,0.4930,-0.1880,62.3700,0.6210,16.3000,n/a,GGGGCACATTAATTCGTGCA,TTCAGGGGCACATTAATTCGTGCACGGATG,sense,promotor,20,30,A,C,0.50,0.40,0.60,0.56,0.57,0.13,0.86,0.50,0.40,0.30,0.20,0.20,0.30,0.20,0.30,0.40,0.40,1.00,0.80,0.80,0.60,0.40,0.20,0.20,0.00,0.00,0.00,0.20,0.40,0.40,0.60,0.80,0.60
408,0.9240,0.7682,0.0310,-0.0490,45.2600,0.4440,13.7000,n/a,TCACTAATCAGAACGGATCC,AGCATCACTAATCAGAACGGATCCAGGGAT,antisense,exon,20,30,C,A,0.45,0.60,0.30,0.33,0.71,0.38,0.29,0.40,0.30,0.30,0.30,0.40,0.50,0.50,0.50,0.50,0.60,0.40,0.40,0.20,0.20,0.20,0.20,0.40,0.40,0.40,0.40,0.60,0.60,0.60,0.60,0.60,0.60
409,0.9250,0.6229,0.0820,-0.6740,17.2100,0.3300,14.3000,n/a,CCACATTTGCGCTGTCTTGT,AAAGCCACATTTGCGCTGTCTTGTAGGCCC,antisense,exon,20,30,T,A,0.50,0.50,0.50,0.44,0.43,0.63,0.43,0.50,0.50,0.50,0.50,0.50,0.60,0.60,0.60,0.60,0.50,0.60,0.40,0.20,0.20,0.20,0.40,0.60,0.80,0.80,0.80,0.60,0.60,0.40,0.40,0.40,0.40
410,0.9290,0.5542,0.3800,0.7220,65.8800,0.6370,8.8000,n/a,TTGGAAAACGAGCTAACGAA,ACTCTTGAAAACCGGAATCGAAAATGGAGA,sense,exon,20,30,A,T,0.40,0.40,0.40,0.44,0.29,0.50,0.29,0.40,0.50,0.50,0.40,0.40,0.40,0.50,0.60,0.50,0.40,0.40,0.40,0.40,0.20,0.20,0.40,0.40,0.60,0.80,0.60,0.40,0.40,0.40,0.40,0.40,0.40
411,0.9300,0.6137,0.0320,-0.1740,67.2100,0.5860,11.2000,n/a,ACGCAAAGGTCGTGGATCCA,GTGGACGCAAAGGTCGTGGATCCAAGGTTT,sense,exon/intron,20,30,A,A,0.55,0.60,0.50,0.56,0.57,0.63,0.43,0.60,0.60,0.50,0.50,0.60,0.60,0.60,0.60,0.60,0.60,0.60,0.60,0.40,0.40,0.40,0.40,0.60,0.80,0.60,0.60,0.80,0.60,0.40,0.60,0.60,0.40
412,0.9310,0.8190,0.3960,0.4660,77.2200,0.5840,4.5000,n/a,GCTCTTCAAACCTCCTGTAG,ATTTGCTCTTCAAACCTCCTGTAGAGGTAA,sense,exon/intron,20,30,G,A,0.50,0.60,0.40,0.33,0.57,0.50,0.57,0.40,0.40,0.40,0.40,0.50,0.50,0.50,0.50,0.50,0.60,0.60,0.40,0.40,0.40,0.20,0.20,0.40,0.40,0.40,0.60,0.80,0.60,0.60,0.60,0.40,0.40
413,0.9310,0.8044,0.8550,0.1490,98.6100,0.6850,18.0000,n/a,TATCCCGGCGTGCAGCCACG,TCTTTATCCCGGCGTGCAGCCACGAGGTCC,sense,promotor,20,30,G,A,0.70,0.70,0.70,0.78,0.71,0.75,0.57,0.70,0.80,0.90,0.80,0.80,0.80,0.80,0.70,0.70,0.70,0.40,0.60,0.80,1.00,1.00,1.00,0.80,0.80,0.80,0.60,0.60,0.80,0.80,0.60,0.80,0.80
414,0.9320,0.7097,0.4490,-0.0170,53.4600,0.6720,13.6000,n/a,GTTATGGTACTGATGTAACC,GGAAGTTATGGTACTGATGTAACCAGGTGC,sense,exon,20,30,C,A,0.40,0.40,0.40,0.33,0.43,0.38,0.43,0.30,0.40,0.40,0.40,0.50,0.40,0.30,0.30,0.40,0.40,0.20,0.20,0.40,0.40,0.40,0.60,0.40,0.40,0.40,0.40,0.40,0.40,0.20,0.20,0.40,0.40
415,0.9330,0.5458,0.1850,-0.4170,50.6700,0.4520,8.7000,n/a,GACACTTGAAAATCTTTGAC,ATCTGACACTTGAAAATCTTTGACAGGAAC,antisense,intron,20,30,C,A,0.35,0.30,0.40,0.33,0.43,0.25,0.43,0.30,0.30,0.20,0.30,0.20,0.20,0.20,0.20,0.20,0.30,0.60,0.40,0.40,0.40,0.40,0.20,0.20,0.20,0.00,0.20,0.20,0.20,0.20,0.40,0.20,0.40
416,0.9330,0.7514,0.4730,0.1880,97.9100,0.6660,12.1000,n/a,GCCTGGAGGTAAGCTCTGCG,CCCTGCCTGGAGGTAAGCTCTGCGGGGATT,antisense,exon,20,30,G,G,0.65,0.60,0.70,0.67,0.71,0.50,0.71,0.60,0.50,0.50,0.60,0.50,0.50,0.50,0.50,0.50,0.60,0.80,0.80,0.60,0.60,0.80,0.60,0.40,0.40,0.40,0.40,0.40,0.60,0.60,0.60,0.60,0.80
417,0.9340,0.6824,0.3680,-0.2490,44.2600,0.5120,10.9000,45.0,GGATCGCCCTCGTCCTTGAA,CTGAGGATCGCCCTCGTCCTTGAAGGGGAT,antisense,exon,20,30,A,G,0.60,0.50,0.70,0.67,0.43,0.75,0.71,0.70,0.70,0.70,0.80,0.80,0.70,0.60,0.60,0.50,0.50,0.60,0.60,0.60,0.80,1.00,0.80,0.80,0.80,0.60,0.60,0.80,0.60,0.40,0.60,0.40,0.20
418,0.9340,0.6028,0.7050,-0.2180,27.4800,0.3610,11.5200,n/a,TGCGACTTCGACAACTTAAA,TACATGCGACTTCGACAACTTAAACGGCTT,sense,exon,20,30,A,C,0.40,0.20,0.60,0.67,0.14,0.38,0.57,0.60,0.60,0.50,0.40,0.50,0.40,0.40,0.40,0.30,0.20,0.60,0.80,0.60,0.40,0.40,0.60,0.40,0.60,0.60,0.40,0.40,0.40,0.20,0.20,0.20,0.00
419,0.9370,0.8063,0.1030,0.3740,52.9600,0.4390,16.5600,n/a,TGGGTGCGCGAAGCGAGCTC,GGGGTGGGTGCGCGAAGCGAGCTCTGGCCG,antisense,promotor,20,30,C,T,0.70,0.60,0.80,0.89,0.71,0.75,0.71,0.80,0.70,0.70,0.70,0.80,0.70,0.70,0.70,0.60,0.60,0.60,0.80,0.80,0.80,0.80,1.00,0.80,0.60,0.60,0.60,0.60,0.60,0.80,0.80,0.60,0.60
420,0.9370,0.7268,0.4450,-0.5030,48.1500,0.6370,8.8000,n/a,CATCACACTGTAGATCTCCT,GATGCATCACACTGTAGATCTCCTGGGAGA,sense,exon,20,30,T,G,0.45,0.40,0.50,0.44,0.43,0.38,0.43,0.40,0.40,0.50,0.40,0.40,0.40,0.40,0.40,0.50,0.40,0.40,0.40,0.40,0.60,0.40,0.60,0.40,0.40,0.40,0.40,0.20,0.40,0.40,0.40,0.60,0.60
421,0.9370,0.8175,0.9240,0.5860,94.2100,0.7350,8.6000,n/a,GTACTTCAGGAGATTAAACG,AACTGTACTTCAGGAGATTAAACGAGGAAA,sense,exon,20,30,G,A,0.40,0.30,0.50,0.44,0.29,0.50,0.43,0.40,0.50,0.50,0.40,0.40,0.40,0.30,0.30,0.30,0.30,0.40,0.20,0.40,0.40,0.40,0.60,0.60,0.60,0.60,0.40,0.20,0.20,0.00,0.00,0.20,0.40
422,0.9410,0.5553,0.0520,-0.2350,36.6700,0.4450,9.0600,n/a,CCCTCTTGACACGACGAACC,CCGCCCCTCTTGACACGACGAACCTGGCCG,sense,exon,20,30,C,T,0.60,0.60,0.60,0.56,0.57,0.50,0.57,0.50,0.50,0.50,0.50,0.50,0.60,0.60,0.50,0.60,0.60,0.80,0.60,0.40,0.40,0.40,0.40,0.40,0.60,0.60,0.60,0.60,0.80,0.60,0.40,0.60,0.60
423,0.9450,0.7620,0.1270,-0.3300,69.8000,0.4330,13.6000,n/a,TCAGGCATTCCACTCTTGTA,TCCTTCAGGCATTCCACTCTTGTAAGGAAA,antisense,promotor,20,30,A,A,0.45,0.40,0.50,0.56,0.29,0.38,0.57,0.60,0.50,0.60,0.50,0.50,0.40,0.40,0.50,0.50,0.40,0.60,0.80,0.60,0.60,0.40,0.40,0.40,0.40,0.60,0.60,0.60,0.40,0.40,0.40,0.40,0.20
424,0.9460,0.8155,0.0770,-0.2810,31.2100,0.5580,14.8000,n/a,CGTCTGGCTTCCGACCACTC,CCGTCGTCTGGCTTCCGACCACTCTGGAGA,sense,promotor,20,30,C,T,0.65,0.70,0.60,0.56,0.57,0.63,0.71,0.60,0.60,0.70,0.60,0.70,0.70,0.60,0.60,0.60,0.70,0.60,0.60,0.60,0.80,0.60,0.60,0.60,0.60,0.60,0.60,0.80,0.80,0.60,0.60,0.60,0.60
425,0.9500,0.7056,0.1020,0.1120,73.3100,0.3170,11.7100,n/a,ACCGGTGAAGAAGCCGAAAA,TGTTACCGGTGAAGAAGCCGAAAATGGAGC,sense,exon,20,30,A,T,0.50,0.40,0.60,0.67,0.43,0.50,0.71,0.60,0.50,0.50,0.50,0.50,0.60,0.50,0.50,0.50,0.40,0.80,0.80,0.80,0.60,0.40,0.40,0.40,0.20,0.40,0.60,0.60,0.80,0.80,0.60,0.40,0.20
426,0.9530,0.7671,0.5120,0.8790,69.6100,0.6700,18.0000,n/a,GCGTTGGGTGGTACTTGCAG,TTGAGCGTTGGGTGGTACTTGCAGAGGTGG,sense,intron,20,30,G,A,0.60,0.50,0.70,0.67,0.57,0.63,0.71,0.70,0.60,0.50,0.60,0.60,0.50,0.50,0.50,0.50,0.50,0.60,0.60,0.60,0.60,0.60,0.80,0.80,0.60,0.40,0.60,0.40,0.20,0.40,0.60,0.40,0.60
427,0.9550,0.6749,0.0300,-0.1540,13.2800,0.5550,13.7700,n/a,ATGTAGGGCTTGGCGAGTCT,GGATATGTAGGGCTTGGCGAGTCTAGGTCA,sense,intron,20,30,T,A,0.55,0.60,0.50,0.56,0.57,0.75,0.43,0.50,0.60,0.60,0.70,0.80,0.70,0.70,0.60,0.60,0.60,0.20,0.40,0.60,0.60,0.80,0.80,0.60,0.60,0.60,0.60,0.80,0.80,0.80,0.60,0.60,0.40
428,0.9550,0.7716,0.1190,0.7430,93.3300,0.6040,16.0000,58.0,GGTAGAAGGTGTAACTCCGG,TCGTGGTAGAAGGTGTAACTCCGGTGGGAG,antisense,exon,20,30,G,T,0.55,0.60,0.50,0.44,0.71,0.38,0.43,0.50,0.40,0.40,0.40,0.40,0.40,0.50,0.50,0.50,0.60,0.60,0.40,0.20,0.40,0.60,0.40,0.60,0.60,0.40,0.20,0.40,0.20,0.40,0.60,0.80,0.80
429,0.9630,0.6069,0.4050,-0.0250,60.3600,0.6090,10.0000,n/a,GTTTAGCCAAGTATCATGCA,AACAGTTTAGCCAAGTATCATGCATGGTTC,sense,intron,20,30,A,T,0.40,0.40,0.40,0.33,0.43,0.38,0.43,0.40,0.40,0.40,0.40,0.50,0.40,0.30,0.30,0.40,0.40,0.20,0.20,0.40,0.60,0.60,0.60,0.60,0.40,0.20,0.20,0.40,0.20,0.20,0.40,0.60,0.40
430,0.9730,0.7093,0.2930,0.8010,92.1700,0.7320,13.5000,n/a,GCGCGGTAGTCGTGACCCGG,AGTGGCGCGGTAGTCGTGACCCGGCGGTCC,antisense,exon,20,30,G,C,0.75,0.80,0.70,0.67,0.86,0.50,0.86,0.70,0.70,0.60,0.60,0.50,0.50,0.60,0.70,0.70,0.80,1.00,1.00,0.80,0.60,0.60,0.40,0.40,0.60,0.60,0.60,0.60,0.60,0.60,0.80,0.80,1.00
